accession	gene	tryptic_peptides
A0A087WPF7	Auts2	45
A0A088MLT8	Iqcj-Schip1	32
A0A0B4J1F4	Arrdc4	20
A0A0B4J1G0	Fcgr4	13
A0A0B4J1N3	Gpr15lg	4
A0A0G2JDV3	Gbp6	28
A0A0U1RPR8	Gucy2d	42
A0A140LI88	Ankrd31	89
A0A140LIF8	Irgm2	19
A0A1B0GQX2	Tunar	2
A0A1B0GR13	Cylc1	30
A0A1D9BZF0	Gcna	31
A0A1W2P872	Nova2	19
A0A2R8VJU7	Septin12	19
A0A494BA31	Slc4a9	35
A0A571BEE2	Cylc2	13
A0A5F8MPU3	Catspert	125
A0A5K7RLP0	Meiosin	21
A0A7N9VSG0	Afg2b	40
A0AAQ4VMX2	C4a	79
A0JNT9	Bicdl1	29
A0JNU3	Aspg	21
A1A546	Isx	10
A1A547	Pglyrp3	17
A1E960	Odam	1
A1KXC4	Fcmr	17
A1L314	Mpeg1	26
A1L3C1	Garin5a	9
A1L3P4	Slc9a6	18
A1Y9I9	Tomt	11
A1Z198	Nlrp1b	60
A2A259	Pkd2l1	31
A2A432	Cul4b	58
A2A4P0	Dhx8	64
A2A5K6	Znf335	36
A2A5N3	Pabpc1l	31
A2A5N8	L3mbtl1	38
A2A5R2	Arfgef2	102
A2A5Z6	Smurf2	40
A2A6C4	Sppl2c	21
A2A6M5	Calcoco2	26
A2A6Q5	Cdc27	39
A2A7Q9	Rnf19b	28
A2A825	Cplane2	12
A2A863	Itgb4	98
A2A884	Hivep3	101
A2A891	Camta1	50
A2A8L1	Chd5	90
A2A8L5	Ptprf	95
A2A8U2	Tmem201	19
A2A8Z1	Osbpl9	29
A2A935	Prdm16	47
A2A974	Cyp4a12b	29
A2A9A2	Dmrta2	15
A2A9C3	Szt2	129
A2A9F4	Kdf1	16
A2AA28	Mettl23	12
A2AAE1	Bltp1	222
A2AAJ9	Obscn	421
A2AAY5	Sh3pxd2b	44
A2ABV5	Med14	63
A2AC93	Dnai2	28
A2AD83	Frmd7	32
A2AF47	Dock11	116
A2AFS3	Elapor1	45
A2AG06	Meioc	59
A2AG50	Map7d2	34
A2AG58	Bclaf3	41
A2AGH6	Med12	102
A2AGL3	Ryr3	243
A2AGT5	Ckap5	109
A2AH22	Ambra1	59
A2AHC3	Camsap1	82
A2AHL1	Ano3	44
A2AI05	Ndor1	22
A2AI08	Tprn	28
A2AIP0	Cimip2b	15
A2AIR5	Grin3a	49
A2AIV2	Virma	96
A2AIV8	Card9	27
A2AIW0	Entr1	15
A2AJ15	Man1b1	33
A2AJ76	Hmcn2	212
A2AJ77	Prdm12	17
A2AJ88	Pnpla7	66
A2AJB7	Lcn5	10
A2AJI0	Map7d1	31
A2AJK6	Chd7	129
A2AJN7	Slc4a11	33
A2AJX4	Malrd1	86
A2AKK5	Acnat1	21
A2AKQ0	Slc35d1	10
A2AKX3	Setx	136
A2AL36	Cntrl	121
A2ALS5	Rap1gap	33
A2ALU4	Shroom2	81
A2ALV5	Shoc1	81
A2AM05	Cntln	82
A2AM29	Mllt3	21
A2AMM0	Cavin4	14
A2AMT1	Bfsp1	30
A2AN08	Ubr4	230
A2ANU3	Syndig1	12
A2AP18	Plch2	66
A2APB8	Tpx2	40
A2APC3	Ttll9	19
A2APF3	Ctcfl	31
A2APV2	Fmnl2	54
A2APX8	Scn1a	69
A2AQ07	Tubb1	20
A2AQ19	Rtf1	36
A2AQ25	Skt	109
A2AQ92	Duox1	78
A2AR95	Ldlrad3	7
A2ARA8	Itga8	44
A2ARI4	Lgr4	25
A2ARP1	Ppip5k1	62
A2ARP9	Catsper2	17
A2ARV4	Lrp2	210
A2AS55	Ankrd16	24
A2AS89	Agmat	9
A2ASI5	Scn3a	64
A2ASQ1	Agrn	79
A2ASS6	Ttn	1819
A2ASZ8	Slc25a25	28
A2AT37	Upf2	60
A2ATU0	Dhtkd1	34
A2AU37	Rad21l1	18
A2AU72	Armc3	46
A2AUC9	Klhl41	29
A2AUM9	Cep152	97
A2AUU0	Mettl8	13
A2AVA0	Svep1	132
A2AVZ9	Slc43a3	13
A2AWL7	Mga	140
A2AWP0	Birc7	11
A2AWR3	Gpr155	33
A2AX52	Col6a4	119
A2BDX3	Mocs3	26
A2BE28	Las1l	40
A2BH40	Arid1a	69
A2CG49	Kalrn	149
A2CG63	Arid4b	57
A2RST1	Mgst2	5
A2RSY1	Kansl3	39
A2RSY6	Trmt1l	39
A2RT31	Or5v1	4
A2RT67	Dennd3	67
A2RTF1	Catsperb	56
A3FIN4	Atp8b5	48
A3KFM7	Chd6	125
A3KFX0	Nt5c1a	19
A3KG59	Pm20d2	16
A3KGF7	Plcb2	59
A3KGS3	Ralgapa2	95
A3KGV1	Odf2	42
A4Q9E5	Ttll3	58
A4Q9E8	Ttll6	46
A4Q9F0	Ttll7	45
A4Q9F1	Ttll8	44
A4Q9F3	Ttll10	37
A4Q9F4	Ttll11	35
A4Q9F6	Ttll13	45
A4QPC6	Btn2a2	23
A4UUI3	Gbp4	32
A6H5Y3	Mtr	65
A6H630	Dcph1	23
A6H687	Sac3d1	19
A6H6A9	Rabgap1l	34
A6H6E2	Mmrn2	45
A6H8H2	Dennd4c	84
A6H8H5	Kcnb2	35
A6PWV3	Izumo3	11
A6X8Z5	Arhgap31	68
A6X935	Itih4	42
A7L9Z8	Atp2c2	42
A7M7C7	Skor2	39
A7MCT6	Etnk2	21
A7RDN6	Rnls	14
A7TZE6	Skint1	15
A8E0Y8	Cd101	51
A8VU90	Ankle1	25
A9Q751	Cfap221	41
B0F2B4	Nlgn4l	29
B0V2N1	Ptprs	83
B1AQ75	Krt36	27
B1AQJ2	Usp36	57
B1ARD8	Slfn8	47
B1AS29	Grik3	47
B1ASB6	Spocd1	41
B1ATG9	Trabd2b	15
B1AUE5	Pex10	15
B1AUH1	Ptpru	60
B1AVY7	Kif16b	69
B1AWL2	Znf462	108
B1AWN4	Atp10b	55
B1AWN6	Scn2a	61
B1AXD8	Akirin2	10
B1AXV0	Frrs1l	14
B1AY10	Nfx1	59
B1AY15	Usp51	29
B1AYL1	Scn7a	67
B1AZ99	Otud3	20
B1AZI6	Thoc2	74
B1AZP2	Dlgap4	43
B1B0V2	Ezhip	26
B2KF05	Brpf3	55
B2RPV6	Mmrn1	65
B2RPY5	Gpr161	18
B2RQC6	Cad	99
B2RQL2	Stox1	41
B2RQR8	Ece2	36
B2RR83	Ythdc2	73
B2RRD7	Brpf1	63
B2RRE7	Otud4	47
B2RS91	Rrn3	37
B2RSH2	Gnai1	15
B2RU80	Ptprb	110
B2RUJ5	Apba1	33
B2RUP2	Unc13d	51
B2RUR8	Otud7b	46
B2RVI8	Sult2a6	20
B2RVY9	Tmem182	5
B2RW38	Cfap58	50
B2RWS6	Ep300	68
B2RX12	Abcc3	57
B2RX14	Tut4	85
B2RX88	Cspp1	56
B2RXA7	Cyp26c1	25
B2RXE2	Slc9a5	33
B2RXS4	Plxnb2	84
B2RXV4	Flvcr1	13
B2RXZ1	Pnldc1	22
B2RY04	Dock5	90
B2RY50	Odad2	55
B2RY71	Dnai3	43
B5KM66	Syce3	8
B5THE3	Sis	81
B5TVM2	Ildr2	32
B5X0E4	Abcb5	63
B6A8R8	Tarm1	14
B7ZNG0	Kif7	73
B8JK39	Itga9	39
B8ZXI1	Qtrt2	18
B9EHT4	Clip3	34
B9EJ57	Mterf1b	26
B9EJ80	Pdzd8	52
B9EJ86	Osbpl8	52
B9EJA2	Cttnbp2	90
B9EJV3	Greb1l	79
B9EKI3	Tmf1	55
B9EKR1	Ptprz1	87
C0HKE1	H2ac4	5
C0HKE2	H2ac6	5
C0HKE3	H2ac7	5
C0HKE4	H2ac8	5
C0HKE5	H2ac11	5
C0HKE6	H2ac13	5
C0HKE7	Hist1h2an	5
C0HKE8	Hist1h2ao	5
C0HKE9	Hist1h2ap	5
C0LLJ0	Kpna7	18
C3VD30	Zar1l	15
C3VPR6	Nlrc5	75
C4P6S0	Nsun4	27
C6KI89	Catsperg2	47
D0G895	Ace3	38
D0QMC3	Mndal	25
D0VYS2	Hsf3	21
D2EAC2	Zbed6	41
D2J0Y4	D7Ertd443e	27
D3KU66	Asmt	20
D3YTS9	Acp4	17
D3YUB6	Btbd8	78
D3YUJ3	Ccnyl1	16
D3YVF0	Akap5	33
D3YVL2	Cfap70	46
D3YWP0	Eef1akmt3	9
D3YWQ0	Dgki	44
D3YXG0	Hmcn1	257
D3YXJ0	Dgkh	54
D3YXK1	Samd1	20
D3YXK2	Safb	38
D3YYI7	Rnf217	22
D3YYM4	Wdr72	58
D3YZU1	Shank1	79
D3YZZ2	Tgfbr3l	10
D3Z120	Foxi3	12
D3Z1Q2	Mrap2	9
D3Z291	Calhm1	11
D3Z2R5	Selenon	23
D3Z2X2	Dnhd1	192
D3Z3K2	Ccnb1ip1	12
D3Z423	Rnf212b	12
D3Z4I3	Rbm24	5
D3Z4R1	Hfm1	86
D3Z5L6	Slc18b1	9
D3Z5S8	Tent5a	17
D3Z649	Kcnt2	55
D3Z6P0	Pdia2	33
D3Z752	Spx	7
D3Z7H4	Gsg1l	9
D3Z7P3	Gls	34
D6MZJ6	Smpd5	19
D7PDD4	Mpig6b	13
E0CYC6	Nat8b-ps	9
E0CZ16	Klhl3	27
E0CZ42	Fer1l6	94
E1AZ71	Cngb1	45
E1U8D0	Mtcl2	91
E2JF22	Piezo1	96
E9PUL5	Prrt2	12
E9PUN2	Nrxn2	24
E9PUN6	Adamts9	96
E9PUQ8	Dgkd	47
E9PV24	Fga	35
E9PV87	Talpid3	67
E9PVA8	Gcn1	163
E9PVD1	Ccdc62	40
E9PVD3	Dchs1	112
E9PVX6	Mki67	151
E9PX95	Abca17	69
E9PXF8	Sbf2	91
E9PXX9	Slc28a1	20
E9PY46	Ift140	76
E9PY61	Gpr179	104
E9PYH6	Setd1a	62
E9PYI1	Znf568	34
E9PYK3	Parp4	75
E9PYY5	Dnai4	44
E9PZ19	Igsf9b	46
E9PZ36	Pkhd1	152
E9PZJ8	Ascc3	117
E9PZM4	Chd2	84
E9PZQ0	Ryr1	241
E9PZZ1	Prdm13	28
E9Q0N2	Ptprh	36
E9Q0S6	Tns1	82
E9Q236	Abcc4	68
E9Q238	Kank1	63
E9Q2M9	Wdfy4	136
E9Q2Z1	Cecr2	70
E9Q394	Akap13	119
E9Q3E1	Aldh3b2	22
E9Q3G8	Nup153	56
E9Q3L2	Pi4ka	116
E9Q3M5	Slc4a5	43
E9Q3T6	Prdm14	28
E9Q401	Ryr2	264
E9Q414	Apob	223
E9Q4F7	Ankrd11	98
E9Q4J9	Adgrf2	23
E9Q4N7	Arid1b	66
E9Q4S1	Pde8b	36
E9Q4Z2	Acacb	116
E9Q555	Rnf213	287
E9Q557	Dsp	166
E9Q5C9	Nolc1	36
E9Q5F9	Setd2	107
E9Q5G3	Kif23	50
E9Q5G7	Oog1	21
E9Q5K4	Cyp2c23	28
E9Q5K9	Ythdc1	25
E9Q5M6	Cfap44	78
E9Q5R7	Nlrp12	49
E9Q612	Ptpro	31
E9Q634	Myo1e	58
E9Q649	Gcnt4	27
E9Q6B2	Ccdc85c	17
E9Q6D8	C6	51
E9Q6W4	Znf296	19
E9Q7D5	Arhgef5	67
E9Q7E2	Arid2	60
E9Q7F2	Rnf169	41
E9Q7G0	Numa1	113
E9Q7R9	Cfap43	79
E9Q7T7	Chadl	36
E9Q7X6	Heg1	49
E9Q7X7	Nrxn2	80
E9Q816	Cyp2w1	21
E9Q876	Abca12	114
E9Q8I9	Fry	139
E9Q8Q6	Ccdc141	86
E9Q8Q8	Spaca6	15
E9Q8T2	Prdm15	57
E9Q8T7	Dnah1	221
E9Q912	Rap1gds1	31
E9Q956	Mcmdc2	38
E9Q9A9	Oas2	38
E9Q9D5	Rabl2	15
E9Q9F6	Catsperd	29
E9Q9F7	Ccdc146	51
E9Q9H8	Tm4sf19	3
E9Q9K5	Trdn	20
E9Q9M8	Pwwp2b	27
E9Q9R9	Dlg5	103
E9Q9U0	Usp17lb	16
E9Q9W4	Slc27a6	31
E9Q9W7	Pdzd7	57
E9QA28	Ceacam16	18
E9QA62	Lmod3	31
E9QAG8	Znf431	33
E9QAM5	Helz2	151
E9QAT4	Sec16a	83
E9QAU8	Ark2c	12
F2YMG0	Prss56	28
F2Z461	Herc6	52
F6SEU4	Syngap1	53
F6TQD1	Rnf212	22
F6VAN0	Atf6	26
F6ZDS4	Tpr	111
F7BJB9	Morc3	48
F7BWT7	Tspan15	12
F8VPJ6	Rfx7	54
F8VPN2	Tex15	124
F8VPQ2	Arid4a	57
F8VPU2	Farp1	54
F8VPZ5	Ercc6	70
F8VQ03	Adam3	36
F8VQB6	Myo10	95
F8VQN3	Gpr31	10
G3UW82	Myh2	100
G3UXB3	Nkx1-1	9
G3UYQ4	Ak9	94
G3UZ78	Adgb	79
G3X8Y1	Trim55	21
G3X912	Sprtn	33
G3X939	Slc9a3	25
G3X943	Slc39a2	8
G3X972	Sec24c	39
G3X982	Aox3	55
G3X9J0	Sipa1l3	87
G3X9K3	Arfgef1	95
G3X9X1	Kbtbd2	30
G3XA57	Rab11fip2	28
G3XA59	Lrrc32	17
G5E829	Atp2b1	50
G5E845	Kcnk16	8
G5E870	Trip12	98
G5E8A8	Tekt5	34
G5E8I7	Usp17lc	19
G5E8K5	Ank3	91
G5E8P1	Brd1	56
G5E8Q8	Adgrf5	56
G5E8Z2	Taf4b	33
I7HJS4	Znf683	21
J3KML8	Gfy	16
J3QK54	Fignl2	26
J3QMI4	Calhm3	19
J3QMK6	Aldh3b3	22
J3QMY9	Top6bl	29
J3QPC3	Actmap	5
J3S6Y1	Tspear	26
J9SQF3	Trpm3	91
L0N7N1	Kif14	90
L7N1X6	Fbxw15	25
M0QWB7	Ascl5	3
O08523	Tecta	85
O08528	Hk2	50
O08529	Capn2	34
O08530	S1pr1	16
O08532	Cacna2d1	51
O08537	Esr2	22
O08538	Angpt1	31
O08539	Bin1	28
O08543	Efna5	13
O08545	Efna3	8
O08547	Sec22b	12
O08550	Kmt2b	120
O08553	Dpysl2	30
O08573	Lgals9	15
O08574	Mesp2	13
O08575	Eya2	16
O08579	Emd	11
O08580	Esrra	20
O08581	Kcnk1	8
O08582	Gtpbp1	28
O08583	Alyref	14
O08584	Klf6	9
O08585	Clta	7
O08586	Pten	17
O08599	Stxbp1	31
O08600	Endog	17
O08601	Mttp	45
O08602	Raet1a	11
O08603	Raet1b	13
O08604	Raet1c	10
O08605	Mknk1	20
O08608	Oaz2	8
O08609	Mlx	13
O08638	Myh11	97
O08644	Ephb6	47
O08648	Map3k4	87
O08650	Has3	29
O08663	Metap2	25
O08665	Sema3a	40
O08674	Rbpjl	24
O08675	F2rl2	12
O08677	Kng1	28
O08686	Barx2	15
O08689	Mstn	18
O08691	Arg2	14
O08692	Ngp	12
O08696	Foxm1	32
O08705	Slc10a1	10
O08707	Ackr2	11
O08709	Prdx6	14
O08710	Tg	104
O08712	Tnfrsf11b	23
O08715	Akap1	31
O08717	Inhbe	19
O08734	Bak1	11
O08736	Casp12	22
O08738	Casp6	15
O08739	Ampd3	31
O08746	Matn2	43
O08747	Unc5c	37
O08749	Dld	21
O08750	Nfil3	25
O08755	Onecut1	15
O08756	Hsd17b10	14
O08759	Ube3a	40
O08760	Ogg1	17
O08762	Prss12	43
O08785	Clock	26
O08786	Cckar	15
O08788	Dctn1	60
O08789	Mnt	15
O08790	Fpr-s1	15
O08791	Ebf3	23
O08792	Ebf2	25
O08795	Prkcsh	16
O08796	Eef2k	38
O08807	Prdx4	16
O08808	Diaph1	63
O08810	Eftud2	52
O08811	Ercc2	39
O08832	Galnt4	26
O08842	Gfra2	22
O08848	RO60	27
O08849	Rgs2	12
O08852	Pkd1	129
O08856	Ell	30
O08858	Sstr5	6
O08859	Tnfaip6	14
O08863	Birc3	31
O08900	Ikzf3	26
O08901	Bub1	48
O08908	Pik3r2	40
O08911	Mapk12	21
O08912	Galnt1	28
O08914	Faah	21
O08915	Aip	15
O08917	Flot1	28
O08919	Numbl	21
O08934	Uncx	14
O08966	Slc22a1	18
O08967	Cyth3	20
O08969	Phlda2	9
O08983	Hps1	29
O08992	Sdcbp	8
O08997	Atox1	4
O09000	Ncoa3	58
O09005	Degs1	7
O09008	Mfng	17
O09009	Rfng	14
O09010	Lfng	18
O09012	Pex5	30
O09030	Il13ra1	23
O09037	Reg3a	6
O09039	Sh2b3	28
O09043	Napsa	9
O09044	Snap23	12
O09046	Il4i1	27
O09047	C3ar1	11
O09049	Reg3g	6
O09051	Guca2b	5
O09053	Wrn	72
O09061	Psmb1	13
O09100	Gata2	13
O09105	Neurod4	10
O09106	Hdac1	23
O09107	Insl3	8
O09110	Map2k3	22
O09111	Ndufb11	8
O09112	Dusp8	28
O09113	Otp	10
O09114	Ptgds	6
O09118	Ntn1	29
O09126	Sema4d	43
O09127	Epha8	50
O09130	Nfatc2ip	13
O09131	Gsto1	16
O09159	Man2b1	42
O09160	Fut1	12
O09161	Casq2	14
O09164	Sod3	10
O09165	Casq1	9
O09167	Rpl21	7
O09172	Gclm	9
O09173	Hgd	22
O09174	Amacr	19
O09198	Mal	1
O35047	Psmc3ip	11
O35054	Cldn4	8
O35074	Ptgis	29
O35082	Kl	43
O35083	Agpat1	12
O35084	Cyp27b1	23
O35085	Arx	23
O35089	Cnih2	3
O35099	Map3k5	67
O35111	Kcnk3	12
O35114	Scarb2	21
O35118	Gfra3	18
O35125	Lrrc23	23
O35126	Atn1	27
O35129	Phb2	22
O35130	Emg1	15
O35134	Polr1a	90
O35136	Ncam2	44
O35137	Alx4	20
O35143	Atp5if1	6
O35144	Terf2	29
O35149	Slc30a4	14
O35160	Pitx3	12
O35161	Celsr1	121
O35173	Kcns1	18
O35174	Kcns2	19
O35177	Nedd9	40
O35181	Nrg3	30
O35182	Smad6	19
O35185	Bhlhe40	23
O35188	Cx3cl1	16
O35205	Gzmk	14
O35206	Col15a1	40
O35207	Cdk2ap1	4
O35216	Cenpa	5
O35219	Kcnh2	53
O35226	Psmd4	13
O35227	Adam7	35
O35231	Kifc3	50
O35235	Tnfsf11	15
O35245	Pkd2	39
O35250	Exoc7	36
O35253	Smad7	21
O35261	E2f3	14
O35280	Chek1	23
O35284	Batf	4
O35286	Dhx15	38
O35291	Rnase2	6
O35295	Purb	10
O35298	Aoah	22
O35304	Slc18a3	15
O35305	Tnfrsf11a	18
O35309	Nmi	18
O35310	Hs3st1	12
O35316	Slc6a6	16
O35317	Pbx3	15
O35324	Sh2d1b	8
O35326	Srsf5	8
O35343	Kpna4	15
O35345	Kpna6	22
O35348	Colq	18
O35350	Capn1	41
O35375	Nrp2	47
O35379	Abcc1	72
O35381	Anp32a	9
O35382	Exoc4	56
O35385	Ppef2	37
O35386	Phyh	17
O35387	Hax1	15
O35393	Efnb3	17
O35400	Sult2b1	19
O35405	Pld3	15
O35409	Folh1	40
O35417	Pdyn	11
O35423	Agxt	19
O35425	Bok	13
O35426	Xbp1	11
O35427	Crcp	6
O35435	Dhodh	21
O35437	Tcf21	9
O35445	Rnf5	7
O35449	Prrt1	4
O35451	Atf6b	23
O35453	Hpn	18
O35454	Clcn6	38
O35457	Ccrl2	5
O35464	Sema6a	49
O35465	Fkbp8	20
O35468	Wnt9b	17
O35469	Hsd3b6	18
O35473	C1d	4
O35484	Azin1	14
O35488	Slc27a2	30
O35490	Bhmt	23
O35491	Clk2	23
O35492	Clk3	22
O35493	Clk4	23
O35495	Cdk14	25
O35516	Notch2	78
O35526	Stx1a	13
O35544	Slc1a6	16
O35551	Rabep1	53
O35565	Fgf10	8
O35566	Cd151	12
O35593	Psmd14	14
O35594	Ift81	40
O35595	Ptch2	41
O35598	Adam10	39
O35599	Opn1mw	11
O35600	Abca4	101
O35601	Fyb1	32
O35604	Npc1	32
O35607	Bmpr2	46
O35608	Angpt2	29
O35613	Daxx	20
O35615	Zfpm1	49
O35618	Mdm4	24
O35621	Pmm1	14
O35622	Fgf15	10
O35625	Axin1	40
O35626	Rasd1	17
O35627	Nr1i3	18
O35632	Hyal2	13
O35633	Slc32a1	19
O35638	Stag2	60
O35639	Anxa3	21
O35643	Ap1b1	43
O35646	Capn6	32
O35648	Cetn3	11
O35652	Lhx8	15
O35655	Ppef1	32
O35657	Neu1	21
O35658	C1qbp	13
O35659	Glp1r	19
O35664	Ifnar2	20
O35668	Hap1	29
O35671	Itgb1bp1	13
O35674	Adam19	45
O35678	Mgll	17
O35681	Syt3	24
O35685	Nudc	21
O35690	Phox2b	8
O35696	St8sia2	19
O35698	Rbmy	24
O35701	Matn3	25
O35704	Sptlc1	20
O35710	Noct	23
O35714	Tnfrsf18	9
O35716	Socs1	13
O35717	Socs2	13
O35718	Socs3	10
O35719	Rad51b	14
O35728	Cyp4a14	28
O35730	Ring1	14
O35732	Cflar	24
O35738	Klf12	15
O35739	Klf9	9
O35740	Cited2	5
O35744	Chil3	19
O35855	Bcat2	19
O35864	Cops5	17
O35874	Slc1a4	15
O35885	Ascl2	12
O35892	Sp100	20
O35902	Dsg3	39
O35903	Ccl25	5
O35904	Pik3cd	54
O35906	Spib	4
O35914	Bnc1	43
O35926	Cdk5r2	15
O35927	Ctnnd2	55
O35929	Rem1	17
O35930	Gp1ba	20
O35936	Alox8	27
O35942	Nek2	22
O35943	Fxn	12
O35945	Aldh1a7	23
O35949	Elovl3	9
O35954	Pitpnm1	52
O35955	Psmb10	12
O35963	Rab33b	13
O35969	Gamt	10
O35973	Per1	38
O35975	Art2b	14
O35980	Nthl1	16
O35984	Pbx2	19
O35988	Sdc4	8
O54689	Ccr6	12
O54693	Eda	16
O54707	Klrd1	7
O54709	Klrk1	15
O54714	Pias3	26
O54724	Cavin1	14
O54732	Mmp15	25
O54743	Foxf2	11
O54749	Cyp2j5	30
O54751	Crx	6
O54754	Aox1	64
O54774	Ap3d1	56
O54775	Ccn4	20
O54781	Srpk2	29
O54784	Dapk3	18
O54785	Limk2	34
O54786	Dffa	16
O54788	Dffb	18
O54790	Mafg	11
O54794	Aqp7	6
O54799	Nmbr	18
O54803	P2rx6	15
O54804	Chka	22
O54824	Il16	66
O54825	Bysl	25
O54827	Atp10a	50
O54828	Rgs9	42
O54829	Rgs7	19
O54833	Csnk2a2	19
O54834	Arhgap6	45
O54839	Eomes	29
O54851	Gjd2	16
O54863	Tssk2	21
O54864	Suv39h1	19
O54865	Gucy1b1	37
O54879	Hmgb3	6
O54885	Tyrobp	2
O54890	Itgb3	37
O54901	Cd200	9
O54904	B3galt1	15
O54905	B3galt2	21
O54908	Dkk1	14
O54909	Rdh16	18
O54910	Nfkbie	14
O54915	Nr1i2	20
O54916	Reps1	34
O54917	E2f6	15
O54918	Bcl2l11	10
O54926	Siva1	10
O54928	Socs5	22
O54931	Pakap	43
O54940	Bnip2	13
O54941	Smarce1	19
O54942	Cldn5	5
O54943	Per2	46
O54946	Dnajb6	13
O54949	Nlk	23
O54950	Prkag1	20
O54951	Sema6b	30
O54957	Lat	8
O54962	Banf1	5
O54965	Rnf13	10
O54967	Tnk2	45
O54972	Cbfa2t3	28
O54982	Kcnu1	44
O54983	Crym	12
O54984	Get3	15
O54988	Slk	56
O54990	Prom1	38
O54991	Cntnap1	56
O54992	Mapkapk5	23
O54998	Fkbp7	15
O55003	Bnip3	11
O55013	Trappc3	9
O55017	Cacna1b	92
O55022	Pgrmc1	8
O55023	Impa1	16
O55026	Entpd2	20
O55028	Bckdk	20
O55029	Copb2	45
O55033	Nck2	22
O55038	Cxcl13	6
O55040	Nmur1	17
O55042	Snca	6
O55047	Tlk2	32
O55055	Trdmt1	24
O55060	Tpmt	15
O55070	Dnase1l3	18
O55071	Cyp2b19	24
O55087	Mef2b	15
O55091	Impact	16
O55098	Stk10	42
O55100	Syngr1	5
O55102	Bloc1s1	7
O55103	Prx	60
O55106	Strn	36
O55111	Dsg2	52
O55112	Aff2	55
O55123	Mmp10	20
O55127	Cyp26a1	28
O55128	Sap18	12
O55131	Septin7	22
O55134	Pcdh12	41
O55135	Eif6	9
O55137	Acot1	21
O55142	Rpl35a	7
O55143	Atp2a2	47
O55144	Tlx3	7
O55176	Pja1	26
O55183	Stc1	10
O55186	Cd59a	4
O55187	Cbx4	26
O55188	Dmp1	15
O55192	Slc6a2	12
O55201	Supt5h	52
O55203	Ldb2	13
O55208	Figla	6
O55222	Ilk	24
O55225	Otog	98
O55229	Chkb	22
O55230	Rad51d	16
O55233	Cer1	13
O55234	Psmb5	15
O55236	Rngtt	31
O55237	Cd70	12
O55239	Nnmt	9
O55240	Rdh5	17
O55241	Hcrt	6
O55242	Sigmar1	6
O70126	Aurkb	18
O70131	Ninj1	4
O70133	Dhx9	63
O70137	Alx3	10
O70138	Mmp8	23
O70145	Ncf2	31
O70146	Tesk1	28
O70152	Dpm1	16
O70157	Top3a	49
O70161	Pip5k1c	24
O70165	Fcn1	16
O70166	Stmn3	10
O70167	Pik3c2g	74
O70172	Pip4k2a	18
O70174	Chrna4	29
O70176	Adcyap1	8
O70191	Atf5	4
O70194	Eif3d	24
O70200	Aif1	6
O70201	Birc5	8
O70209	Pdlim3	15
O70220	Foxq1	15
O70228	Atp9a	52
O70230	Znf143	24
O70237	Gfi1b	14
O70250	Pgam2	13
O70252	Hmox2	18
O70255	Mpzl2	7
O70258	Sgce	16
O70263	Lnx1	34
O70274	Ptp4a2	10
O70281	Tpst1	18
O70283	Wnt2b	22
O70291	Grk4	27
O70293	Grk6	28
O70302	Cidea	9
O70303	Cideb	12
O70305	Atxn2	41
O70306	Tbx15	21
O70309	Itgb5	41
O70310	Nmt1	21
O70318	Epb41l2	58
O70324	Slc16a2	9
O70325	Gpx4	12
O70326	Grem1	9
O70337	Bik	6
O70342	Npy5r	18
O70343	Ppargc1a	36
O70348	Dxo	19
O70355	Btnl2	21
O70361	Per3	41
O70362	Gpld1	43
O70370	Ctss	13
O70372	Tert	58
O70373	Xirp1	93
O70374	Cbfa2t2	31
O70394	Il27ra	24
O70400	Pdlim1	16
O70404	Vamp8	6
O70405	Ulk1	46
O70421	Fzd1	23
O70423	Aoc3	28
O70433	Fhl2	18
O70435	Psma3	12
O70439	Stx7	12
O70443	Gnaz	17
O70445	Bard1	31
O70451	Slc16a7	11
O70456	Sfn	16
O70458	Osmr	48
O70460	Ccl19	3
O70468	Mybpc3	63
O70469	Dok2	16
O70475	Ugdh	27
O70477	Pknox1	12
O70480	Vamp4	6
O70481	Ubr1	82
O70491	Stra6	18
O70492	Snx3	9
O70494	Sp3	9
O70496	Clcn7	22
O70497	Fcn2	13
O70503	Hsd17b12	16
O70507	Hcn4	46
O70514	Fgfbp1	10
O70546	Kdm6a	58
O70548	Tcap	12
O70551	Srpk1	29
O70552	Btg4	16
O70566	Diaph2	54
O70570	Pigr	34
O70571	Pdk4	22
O70572	Smpd2	25
O70576	Stag3	54
O70577	Slc22a2	17
O70578	Cacng1	4
O70579	Slc25a17	12
O70582	Alox12b	33
O70583	Mid1	30
O70584	Nkx2-8	9
O70585	Dtnb	32
O70589	Cask	49
O70622	Rtn2	15
O70624	Myoc	28
O70628	Pde9a	27
O88174	Cd46	14
O88188	Ly86	5
O88196	Ttc3	88
O88199	Chst3	21
O88207	Col5a1	84
O88271	Cfdp1	14
O88273	Grem2	9
O88282	Bcl6b	25
O88286	Wiz	74
O88291	Znf326	24
O88307	Sorl1	110
O88310	Itln1	15
O88312	Agr2	8
O88319	Ntsr1	12
O88322	Nid2	52
O88324	Cd83	11
O88329	Myo1a	60
O88335	Kcnj1	12
O88342	Wdr1	31
O88343	Slc4a4	40
O88351	Ikbkb	43
O88379	Baz1a	62
O88384	Vti1b	12
O88393	Tgfbr3	34
O88398	Avil	39
O88410	Cxcr3	11
O88413	Tulp3	21
O88427	Cacna1h	76
O88428	Papss2	34
O88444	Adcy1	42
O88445	Aurkc	12
O88447	Klc1	35
O88448	Klc2	36
O88452	Stc2	7
O88454	Kcnk4	8
O88455	Dhcr7	11
O88456	Capns1	11
O88466	Znf106	95
O88470	Foxl2	12
O88477	Igf2bp1	30
O88485	Dync1i1	21
O88487	Dync1i2	19
O88491	Nsd1	132
O88495	Gpr50	16
O88502	Pde8a	37
O88507	Cntfr	14
O88508	Dnmt3a	54
O88509	Dnmt3b	43
O88513	Gmnn	7
O88516	Dll3	20
O88522	Ikbkg	21
O88531	Ppt1	14
O88533	Ddc	17
O88536	Fpr2	13
O88543	Cops3	25
O88551	Cldn1	7
O88552	Cldn2	6
O88554	Parp2	26
O88559	Men1	29
O88561	Slc27a3	21
O88566	Axin2	36
O88569	Hnrnpa2b1	19
O88572	Lrp6	73
O88574	Sap30	9
O88575	Slc6a20b	16
O88576	Slc6a18	21
O88587	Comt	15
O88593	Pglyrp1	8
O88597	Becn1	20
O88602	Cacng2	12
O88609	Lmx1b	21
O88621	Foxh1	13
O88622	Parg	52
O88623	Usp2	28
O88627	Slc28a2	16
O88630	Gosr1	16
O88632	Sema3f	39
O88634	F2rl3	12
O88643	Pak1	24
O88653	Lamtor3	6
O88662	Emp2	2
O88665	Brd7	32
O88667	Rrad	12
O88668	Creg1	9
O88673	Dgka	38
O88676	Mmp23	16
O88689	Pcdha4	39
O88693	Ugcg	18
O88696	Clpp	15
O88697	Stk16	14
O88700	Blm	78
O88703	Hcn2	33
O88704	Hcn1	31
O88705	Hcn3	38
O88708	Orc4	24
O88712	Ctbp1	19
O88713	Klrg1	12
O88721	Avpr2	12
O88728	Ifitm5	7
O88735	Map7	22
O88736	Hsd17b7	12
O88737	Bsn	174
O88738	Birc6	188
O88741	Gdap1	13
O88746	Tom1	21
O88783	F5	94
O88786	Il13ra2	17
O88792	F11r	11
O88799	Zan	188
O88809	Dcx	20
O88811	Stam2	24
O88816	Aanat	11
O88819	Fut9	16
O88822	Sc5d	9
O88824	Jtb	7
O88829	St3gal5	22
O88833	Cyp4a10	29
O88838	Spsb2	12
O88839	Adam15	34
O88844	Idh1	26
O88845	Akap10	32
O88848	Arl6	12
O88856	Tpst2	18
O88870	Best1	27
O88874	Ccnk	18
O88875	Cd160	8
O88876	Dhrs3	13
O88878	Zfand5	11
O88879	Apaf1	63
O88890	Sh2d1a	7
O88895	Hdac3	23
O88898	Tp63	28
O88904	Hipk1	39
O88907	Pias1	27
O88908	Soat2	19
O88909	Slc22a8	19
O88910	Mpp3	33
O88932	Kcnj15	17
O88935	Syn1	28
O88939	Zbtb7a	19
O88940	Msc	10
O88942	Nfatc1	31
O88947	F10	22
O88951	Lin7b	12
O88952	Lin7c	11
O88962	Cyp8b1	31
O88967	Yme1l1	38
O88974	Setdb1	64
O88978	Dnaaf11	23
O88983	Stx8	11
O88987	Akap3	45
O88990	Actn3	53
O88992	C1ql1	14
O88998	Olfm1	22
O89001	Cpd	65
O89016	Abcd4	28
O89017	Lgmn	17
O89019	Invs	51
O89020	Afm	33
O89023	Tpp1	20
O89026	Robo1	64
O89029	Matn4	35
O89032	Sh3pxd2a	63
O89033	Cdc6	30
O89050	Mkln1	42
O89051	Itm2b	14
O89053	Coro1a	19
O89084	Pde4a	40
O89086	Rbm3	8
O89090	Sp1	10
O89091	Klf10	21
O89093	Ccl20	4
O89094	Casp14	13
O89098	Cst7	7
O89100	Grap2	17
O89101	Fgf18	12
O89103	Cd93	22
O89106	Fhit	10
O89109	Kcnn4	18
O89110	Casp8	28
O89112	Lancl1	17
O89116	Vti1a	11
P00015	Cyct	6
P00158	Mt-Cyb	4
P00184	Cyp1a1	27
P00186	Cyp1a2	29
P00329	Adh1	14
P00342	Ldhc	18
P00375	Dhfr	12
P00397	Mtco1	5
P00405	Mt-co2	6
P00416	mt-Co3	1
P00493	Hprt1	13
P00520	Abl1	55
P00536	Mos	18
P00687	Amy1	22
P00688	Amy2a5	24
P00755	Klk1b1	15
P00756	Klk1b3	11
P00757	Klk1b4	9
P00796	Ren2	12
P00860	Odc1	17
P00920	Ca2	13
P01027	C3	100
P01029	C4b	78
P01101	Fos	9
P01108	Myc	14
P01132	Egf	48
P01139	Ngf	12
P01193	Pomc	10
P01216	Cga	5
P01325	Ins1	5
P01326	Ins2	4
P01572	Ifna1	8
P01575	Ifnb1	9
P01580	Ifng	7
P01582	Il1a	15
P01586	Il3	6
P01587	Csf2	6
P01590	Il2ra	11
P01592	Jchain	8
P01731	Cd8a	11
P01831	Thy1	7
P01865	Ighg2a	13
P01867	Ighg2b	13
P01869	Ighg1	15
P01872	Ighm	22
P01878		11
P01887	B2m	6
P01897	H2-L	19
P01898	H2-Q10	17
P01899	H2-D1	20
P01901	H2-K1	19
P01902	H2-K1	22
P01904	H2-Ea	14
P01910	H2-Aa	8
P01921	H2-Ab1	15
P01942	Hba	8
P02088	Hbb-b1	11
P02089	Hbb-b2	11
P02104	Hbb-y	10
P02301	H3-5	4
P02340	Tp53	19
P02463	Col4a1	72
P02468	Lamc1	73
P02469	Lamb1	70
P02535	Krt10	26
P02716	Chrnd	22
P02762	Mup6	11
P02772	Afp	35
P02798	Mt2	3
P02802	Mt1	3
P02830	Hoxa7	7
P02831	Hoxa3	8
P03888	Mtnd1	6
P03893	mt-Nd2	10
P03911	Mtnd4	12
P03925	Mtnd6	0
P03940	Cyp21	24
P03953	Cfd	9
P03958	Ada	20
P03966	Mycn	14
P03995	Gfap	30
P04095	Prl2c2	11
P04104	Krt1	31
P04117	Fabp4	8
P04184	Tk1	12
P04186	Cfb	36
P04187	Gzmb	15
P04202	Tgfb1	20
P04223	H2-K1	19
P04230	H2-Eb1	12
P04235	Cd3d	8
P04247	Mb	7
P04351	Il2	5
P04370	Mbp	9
P04401	Il5	7
P04426	Wnt1	17
P04441	Cd74	14
P04627	Araf	30
P04756	Chrna1	19
P04760	Chrng	23
P04768	Prl2c3	11
P04919	Slc4a1	32
P04925	Prnp	9
P04938	Mup11	11
P04939	Mup3	11
P05017	Igf1	5
P05063	Aldoc	22
P05064	Aldoa	22
P05125	Nppa	6
P05132	Prkaca	18
P05201	Got1	24
P05202	Got2	26
P05208	Cela2a	13
P05213	Tuba1b	21
P05214	Tuba3a	21
P05480	Src	24
P05524	Fgf3	14
P05532	Kit	45
P05533	Ly6a	3
P05555	Itgam	45
P05622	Pdgfrb	43
P05627	Jun	10
P05784	Krt18	26
P06151	Ldha	18
P06240	Lck	23
P06281	Ren1	12
P06332	Cd4	22
P06336	IGHE	21
P06339	H2-T23	17
P06467	Hbz	11
P06537	Nr3c1	37
P06683	C9	30
P06684	C5	78
P06728	Apoa4	23
P06745	Gpi	26
P06795	Abcb1b	61
P06797	Ctsl	12
P06798	Hoxa4	9
P06800	Ptprc	55
P06801	Me1	29
P06802	Enpp1	38
P06803	Pim1	18
P06804	Tnf	13
P06837	Gap43	13
P06869	Plau	23
P06876	Myb	23
P06879	Prl	8
P06880	Gh1	10
P06909	Cfh	56
P07091	S100a4	5
P07141	Csf1	23
P07146	Prss2	6
P07147	Tyrp1	22
P07214	Sparc	13
P07309	Ttr	7
P07321	Epo	9
P07356	Anxa2	21
P07607	Tyms	16
P07724	Alb	38
P07742	Rrm1	42
P07744	Krt4	27
P07750	Il4	8
P07758	Serpina1a	16
P07759	Serpina3k	19
P07901	Hsp90aa1	34
P07903	Ercc1	14
P07934	Phkg1	22
P07978	Prm2	2
P08003	Pdia4	35
P08030	Aprt	12
P08032	Spta1	137
P08046	Egr1	11
P08071	Ltf	44
P08074	Cbr2	15
P08101	Fcgr2	16
P08103	Hck	28
P08113	Hsp90b1	39
P08121	Col3a1	65
P08122	Col4a2	78
P08152	Egr2	12
P08207	S100a10	4
P08226	Apoe	15
P08228	Sod1	9
P08249	Mdh2	20
P08414	Camk4	24
P08505	Il6	8
P08508	Fcgr3	13
P08551	Nefl	35
P08553	Nefm	46
P08556	Nras	10
P08680	Alas2	29
P08730	Krt13	27
P08752	Gnai2	17
P08775	Polr2a	92
P08882	Gzmc	16
P08883	Gzmf	16
P08884	Gzme	13
P08905	Lyz2	6
P08920	Cd2	15
P08923	Ltk	34
P09021	Hoxa5	11
P09022	Hoxa1	9
P09024	Hoxb7	6
P09025	Hoxc8	9
P09026	Hoxb3	8
P09027	Hoxd3	10
P09036	Spink1	4
P09041	Pgk2	25
P09055	Itgb1	34
P09056	Lif	11
P09065	En1	12
P09066	En2	13
P09079	Hoxb5	10
P09084	Pax1	21
P09103	P4hb	33
P09225	Lta	8
P09240	Cck	4
P09242	Alpl	29
P09405	Ncl	36
P09411	Pgk1	24
P09450	Junb	13
P09470	Ace	58
P09528	Fth1	11
P09535	Igf2	9
P09542	Myl3	13
P09581	Csf1r	32
P09602	Hmgn2	3
P09631	Hoxa9	7
P09632	Hoxb8	7
P09633	Hoxc9	10
P09671	Sod2	12
P09690	Chrnb1	26
P09793	Ctla4	9
P09803	Cdh1	29
P09813	Apoa2	5
P09838	Dntt	25
P09920	Csf3	7
P09922	Mx1	36
P0C027	Nudt10	10
P0C028	Nudt11	10
P0C090	Rc3h2	52
P0C0A3	Chmp6	8
P0C0S6	H2az1	5
P0C191	Gp6	9
P0C192	Lrrc4b	30
P0C1Q2	Pde11a	43
P0C1T1	Hoxb2	10
P0C242	Ccno	18
P0C5E4	Ptprq	96
P0C605	Prkg1	35
P0C673	Igsf11	12
P0C6F1	Dnah2	234
P0C7A3	Mboat4	11
P0C7L0	Wipf3	20
P0C7T6	Atxn1l	28
P0C871	Pla2g4b	33
P0CB42	Alkbh1	15
P0CG49	Ubb	19
P0CL69	Znf703	20
P0CW70	Dpy19l2	29
P0DI97	Nrxn1	18
P0DJF3	Tmem95	10
P0DJI6	Fcor	8
P0DM40	Fer1l5	98
P0DM65	Becn2	22
P0DMC4	Apela	2
P0DMN7	Amd1	18
P0DN83	Strit1	1
P0DOV1	Ifi211	21
P0DOV2	Ifi204	37
P0DOY1	Dnmt3c	34
P0DP26	Calm1	9
P0DP27	Calm2	9
P0DP28	Calm3	9
P0DP43	Catspere	42
P0DP60	Lynx1	3
P0DP99	Stmp1	1
P0DPB4	Schip1	29
P0DPD9	Eef1akmt4-Ece2	40
P10085	Myod1	13
P10107	Anxa1	21
P10126	Eef1a1	19
P10146	Ccl1	5
P10148	Ccl2	6
P10168	Il7	8
P10284	Hoxb4	12
P10287	Cdh3	33
P10300	Cd8b	10
P10404		26
P10417	Bcl2	8
P10493	Nid1	43
P10518	Alad	14
P10605	Ctsb	15
P10628	Hoxd4	11
P10637	Mapt	29
P10639	Txn	7
P10648	Gsta2	12
P10649	Gstm1	17
P10711	Tcea1	17
P10749	Il1b	8
P10754	Zfp13	27
P10761	Zp3	14
P10810	Cd14	16
P10820	Prf1	27
P10833	Rras	16
P10852	Slc3a2	27
P10853	H2bc7	7
P10854	H2bc14	7
P10855	Ccl3	3
P10856	Tnp1	0
P10889	Cxcl2	4
P10922	H1-0	6
P10923	Spp1	11
P11031	Sub1	7
P11032	Gzma	16
P11087	Col1a1	71
P11103	Parp1	49
P11152	Lpl	20
P11157	Rrm2	23
P11214	Plat	26
P11247	Mpo	41
P11260	Lire1	21
P11276	Fn1	103
P11344	Tyr	26
P11352	Gpx1	13
P11378	Tnp2	3
P11403	Fgf4	14
P11404	Fabp3	9
P11416	Rara	17
P11438	Lamp1	17
P11440	Cdk1	19
P11477	Defa1	4
P11499	Hsp90ab1	35
P11531	Dmd	186
P11588	Mup1	11
P11589	Mup2	11
P11590	Mup4	12
P11609	Cd1d1	17
P11610	Cd1d2	15
P11627	L1cam	53
P11672	Lcn2	8
P11679	Krt8	30
P11688	Itga5	38
P11714	Cyp2d9	23
P11725	Otc	19
P11798	Camk2a	23
P11835	Itgb2	47
P11859	Agt	19
P11862	Gas2	18
P11881	Itpr1	135
P11911	Cd79a	9
P11928	Oas1a	15
P11930	Nudt19	16
P11942	Cd3g	9
P11983	Tcp1	31
P11985	Dynlt2	10
P12023	App	34
P12025	Mdk	8
P12032	Timp1	12
P12242	Ucp1	20
P12246	Apcs	10
P12265	Gusb	30
P12367	Prkar2a	19
P12382	Pfkl	30
P12388	Serpinb2	18
P12657	Chrm1	12
P12658	Calb1	14
P12672	Rapsn	27
P12710	Fabp1	6
P12790	Cyp2b9	27
P12791	Cyp2b10	24
P12804	Fgl2	23
P12813	Nr4a1	22
P12815	Pdcd6	9
P12849	Prkar1b	18
P12850	Cxcl1	5
P12960	Cntn1	52
P12961	Scg5	9
P12968	Iapp	7
P12970	Rpl7a	11
P12979	Myog	6
P13011	Scd2	11
P13020	Gsn	31
P13297	Msx1	11
P13346	Fosb	9
P13372	Vpreb1a	5
P13379	Cd5	24
P13405	Rb1	50
P13439	Umps	26
P13504	Il1r1	33
P13516	Scd1	12
P13541	Myh3	101
P13542	Myh8	100
P13562	Gnrh1	4
P13595	Ncam1	44
P13597	Icam1	25
P13609	Srgn	5
P13705	Msh3	58
P13707	Gpd1	24
P13745	Gsta1	12
P13808	Slc4a2	44
P13864	Dnmt1	86
P14069	S100a6	5
P14094	Atp1b1	15
P14097	Ccl4	2
P14106	C1qb	12
P14115	Rpl27a	7
P14131	Rps16	11
P14142	Slc2a4	9
P14148	Rpl7	13
P14152	Mdh1	14
P14206	Rpsa	13
P14211	Calr	22
P14231	Atp1b2	14
P14234	Fgr	28
P14246	Slc2a2	11
P14404	Mecom	56
P14426	H2-D1	19
P14427	H2-D1	20
P14429	H2-Q7	15
P14430	H2-Q8	18
P14431	H2-Q9	11
P14432	H2-T3	19
P14483	H2-Ab1	14
P14576	Srp54	30
P14602	Hspb1	12
P14685	Psmd3	34
P14719	Il1rl1	27
P14733	Lmnb1	36
P14753	Epor	15
P14824	Anxa6	43
P14847	Crp	9
P14869	Rplp0	13
P14873	Map1b	101
P14901	Hmox1	12
P15037	Ets2	12
P15066	Jund	9
P15105	Glul	15
P15116	Cdh2	31
P15208	Insr	69
P15209	Ntrk2	33
P15247	Il9	8
P15261	Ifngr1	20
P15306	Thbd	10
P15307	Rel	21
P15314	Irf1	13
P15327	Bpgm	13
P15331	Prph	31
P15375	Myf6	11
P15379	Cd44	21
P15388	Kcnc1	19
P15392	Cyp2a4	30
P15409	Rho	8
P15499	Prph2	13
P15508	Sptb	128
P15530	Cd79b	7
P15532	Nme1	11
P15533	Trim30a	32
P15535	B4galt1	17
P15539	Cyp11b2	28
P15626	Gstm2	17
P15655	Fgf2	7
P15702	Spn	11
P15806	Tcf3	19
P15864	H1-2	10
P15919	Rag1	56
P15920	Atp6v0a2	41
P15945	Klk1b5	10
P15946	Klk1b11	11
P15947	Klk1	13
P15948	Klk1b22	10
P15949	Klk1b9	13
P15975	Usp53	56
P16015	Ca3	15
P16043	Ghrh	7
P16045	Lgals1	9
P16054	Prkce	42
P16056	Met	63
P16092	Fgfr1	36
P16110	Lgals3	8
P16125	Ldhb	17
P16277	Blk	28
P16283	Slc4a3	47
P16294	F9	16
P16297	Il2rb	21
P16301	Lcat	19
P16305	Gabra6	21
P16330	Cnp	26
P16331	Pah	29
P16332	Mmut	35
P16381	D1Pas1	40
P16382	Il4r	26
P16388	Kcna1	21
P16390	Kcna3	19
P16406	Enpep	49
P16460	Ass1	21
P16546	Sptan1	143
P16646	Pmp22	1
P16675	Ctsa	20
P16858	Gapdh	16
P16872	Il7r	17
P16879	Fes	38
P16882	Ghr	24
P16951	Atf2	16
P17012	Zfx	26
P17047	Lamp2	20
P17095	Hmga1	6
P17125	Tgfb3	17
P17156	Hspa2	35
P17182	Eno1	22
P17183	Eno2	21
P17208	Pou4f1	14
P17225	Ptbp1	20
P17426	Ap2a1	53
P17427	Ap2a2	49
P17433	Spi1	7
P17439	Gba1	22
P17515	Cxcl10	5
P17532	Tph1	26
P17534	Defa-rs2	4
P17553	Wnt3	21
P17563	Selenbp1	31
P17564	Ppp1r15a	17
P17665	Cox7c	5
P17679	Gata1	10
P17710	Hk1	53
P17742	Ppia	10
P17751	Tpi1	14
P17809	Slc2a1	12
P17879	Hspa1b	33
P17892	Pnliprp2	24
P17897	Lyz1	7
P17918	Pcna	16
P17919	Hoxb1	8
P17981	Art2a	14
P18052	Ptpra	36
P18111	Cdx1	5
P18155	Mthfd2	21
P18181	Cd48	13
P18242	Ctsd	18
P18293	Npr1	53
P18337	Sell	13
P18340	Cxcl9	5
P18406	Ccn1	26
P18572	Bsg	20
P18581	Slc7a2	27
P18608	Hmgn1	3
P18653	Rps6ka1	43
P18654	Rps6ka3	43
P18760	Cfl1	10
P18761	Ca6	13
P18762	Adrb2	12
P18826	Phka1	54
P18828	Sdc1	9
P18872	Gnao1	17
P18893	Il10	9
P18894	Dao	14
P18911	Rarg	23
P19001	Krt19	31
P19070	Cr2	48
P19091	Ar	34
P19096	Fasn	117
P19123	Tnnc1	6
P19137	Lama1	135
P19157	Gstp1	9
P19182	Ifrd1	20
P19221	F2	29
P19246	Nefh	45
P19253	Rpl13a	9
P19258	Mpv17	7
P19324	Serpinh1	23
P19426	Nelfe	18
P19437	Ms4a1	8
P19639	Gstm3	17
P19783	Cox4i1	11
P19785	Esr1	22
P19973	Lsp1	18
P20029	Hspa5	32
P20033	Pdgfa	9
P20060	Hexb	27
P20065	Tmsb4x	2
P20067	Id1	8
P20108	Prdx3	15
P20109	Il13	5
P20152	Vim	32
P20181	Ntf3	17
P20239	Zp2	24
P20263	Pou5f1	12
P20293	Tbxt	9
P20334	Tnfrsf9	9
P20352	F3	14
P20357	Map2	87
P20443	Sag	19
P20444	Prkca	32
P20489	Fcer1a	8
P20490	Ms4a2	6
P20491	Fcer1g	2
P20612	Gnat1	16
P20615	Hoxb9	14
P20664	Prim1	27
P20693	Fcer2	18
P20722	Bmp6	16
P20782	Chrne	22
P20826	Kitlg	11
P20852	Cyp2a5	30
P20863	Gdf1	16
P20917	Mag	23
P20918	Plg	43
P20937	Klra1	16
P21107	Tpm3	16
P21180	C2	39
P21183	Il5ra	21
P21237	Bdnf	16
P21271	Myo5b	93
P21274	Bmp2	15
P21275	Bmp4	17
P21278	Gna11	19
P21279	Gnaq	19
P21300	Akr1b7	20
P21440	Abcb4	69
P21447	Abcb1a	61
P21460	Cst3	8
P21550	Eno3	20
P21552	Wnt2	22
P21570	Ang	8
P21614	Gc	24
P21619	Lmnb2	37
P21661	Pcsk2	25
P21729	Grpr	14
P21784	Rag2	20
P21803	Fgfr2	33
P21812	Mcpt4	11
P21836	Ache	23
P21844	Cma1	11
P21845	Tpsb2	10
P21855	Cd72	17
P21952	Pou3f1	12
P21956	Mfge8	21
P21958	Tap1	30
P21981	Tgm2	33
P21995	Emb	16
P22005	Penk	12
P22091	Tal1	14
P22227	Zfp42	14
P22272	Il6ra	16
P22315	Fech	25
P22361	Hnf1a	15
P22366	Myd88	18
P22387	Edn1	9
P22389	Edn2	9
P22437	Ptgs1	25
P22518	Clk1	25
P22561	Wt1	15
P22599	Serpina1b	15
P22605	Rarb	18
P22646	Cd3e	8
P22682	Cbl	41
P22723	Gabrg2	20
P22724	Wnt4	19
P22725	Wnt5a	20
P22726	Wnt5b	19
P22727	Wnt6	16
P22777	Serpine1	26
P22858	Pthlh	9
P22892	Ap1g1	34
P22893	Zfp36	7
P22907	Hmbs	17
P22933	Gabrd	19
P22935	Crabp2	8
P23116	Eif3a	65
P23188	Furin	31
P23198	Cbx3	8
P23204	Ppara	16
P23242	Gja1	19
P23249	Mov10	55
P23275	Or2c1	7
P23298	Prkch	32
P23299	Kcne1	5
P23336	Ggta1	17
P23359	Bmp7	13
P23440	Pde6b	47
P23475	Xrcc6	29
P23492	Pnp	15
P23506	Pcmt1	11
P23578	Acr	19
P23589	Ca5a	15
P23591	Gfus	17
P23611	Irf8	24
P23683	Evx1	14
P23708	Nfya	2
P23772	Gata3	14
P23780	Glb1	22
P23798	Pcgf2	14
P23804	Mdm2	20
P23813	Hoxd11	10
P23818	Gria1	44
P23819	Gria2	43
P23906	Irf2	11
P23927	Cryab	10
P23949	Zfp36l2	17
P23950	Zfp36l1	13
P23953	Ces1c	24
P23979	Htr3a	18
P24063	Itgal	51
P24161	Cd247	10
P24270	Cat	32
P24288	Bcat1	14
P24369	Ppib	13
P24383	Wnt7a	21
P24452	Capg	11
P24456	Cyp2d10	23
P24457	Cyp2d11	24
P24472	Gsta4	10
P24527	Lta4h	36
P24529	Th	29
P24547	Impdh2	21
P24549	Aldh1a1	22
P24604	Tec	37
P24610	Pax3	17
P24622	Cryaa	11
P24638	Acp2	18
P24668	M6pr	16
P24699	Myf5	8
P24721	Asgr2	8
P24788	Cdk11b	39
P24807	Cd24	1
P24815	Hsd3b1	16
P24822	Iap	28
P24823	Alpg	23
P24860	Ccnb1	19
P25085	Il1rn	6
P25118	Tnfrsf1a	17
P25119	Tnfrsf1b	15
P25206	Mcm3	51
P25233	Ndn	20
P25318	Col8a2	23
P25322	Ccnd1	18
P25425	Pou2f1	12
P25444	Rps2	18
P25446	Fas	16
P25688	Uox	16
P25785	Timp2	9
P25799	Nfkb1	46
P25801	Lmo2	7
P25911	Lyn	28
P25916	Bmi1	13
P25918	Cd19	18
P25962	Adrb3	12
P25976	Ubtf	37
P26011	Itgb7	37
P26039	Tln1	134
P26040	Ezr	34
P26041	Msn	34
P26043	Rdx	33
P26048	Gabra2	22
P26049	Gabra3	30
P26149	Hsd3b2	17
P26150	Hsd3b3	20
P26151	Fcgr1	15
P26187	Mgmt	10
P26231	Ctnna1	49
P26262	Klkb1	38
P26323	Fli1	21
P26339	Chga	17
P26350	Ptma	3
P26361	Cftr	69
P26369	U2af2	15
P26443	Glud1	31
P26450	Pik3r1	34
P26618	Pdgfra	51
P26638	Sars1	25
P26645	Marcks	11
P26687	Twist1	9
P26883	Fkbp1a	3
P26928	Mst1	29
P26952	Il3ra	15
P26954	Csf2rb2	25
P26955	Csf2rb	30
P27005	S100a8	5
P27038	Acvr2a	23
P27040	Acvr2b	26
P27046	Man2a1	56
P27048	Snrpb	13
P27090	Tgfb2	17
P27106	Amh	23
P27467	Wnt3a	20
P27512	Cd40	13
P27545	Cers1	12
P27546	Map4	53
P27548	Cd40lg	12
P27573	Mpz	9
P27577	Ets1	16
P27600	Gna12	21
P27601	Gna13	25
P27612	Plaa	45
P27641	Xrcc5	43
P27656	Lipc	20
P27659	Rpl3	20
P27661	H2ax	7
P27664	Pde6a	49
P27671	Rasgrf1	61
P27681	Gabrg3	14
P27699	Crem	4
P27773	Pdia3	30
P27782	Lef1	15
P27784	Ccl6	4
P27786	Cyp17a1	28
P27808	Mgat1	22
P27812	Klrb1b	14
P27814	Klrb1c	15
P27870	Vav1	45
P27889	Hnf1b	17
P27931	Il1r2	21
P28028	Braf	30
P28033	Cebpb	9
P28047	Wnt7b	22
P28063	Psmb8	18
P28076	Psmb9	9
P28078	H2-DMa	5
P28184	Mt3	2
P28229	Gjc1	15
P28230	Gjb1	14
P28231	Gjb3	15
P28236	Gja8	22
P28271	Aco1	42
P28293	Ctsg	13
P28301	Lox	19
P28309	Defa2	5
P28310	Defa3	4
P28311	Defa4	4
P28322	Etv4	17
P28334	Htr1b	7
P28352	Apex1	14
P28357	Hoxd9	7
P28359	Hoxd10	18
P28474	Adh5	17
P28481	Col2a1	73
P28563	Dusp1	16
P28571	Slc6a9	16
P28574	Max	10
P28649	Cyp19a1	27
P28650	Adss1	23
P28651	Ca8	11
P28652	Camk2b	26
P28653	Bgn	17
P28654	Dcn	19
P28656	Nap1l1	13
P28658	Atxn10	28
P28659	Celf1	16
P28660	Nckap1	60
P28661	Septin4	26
P28663	Napb	19
P28665	Mug1	63
P28667	Marcksl1	7
P28700	Rxra	23
P28704	Rxrb	26
P28705	Rxrg	23
P28738	Kif5c	57
P28740	Kif2a	34
P28741	Kif3a	35
P28776	Ido1	23
P28798	Grn	23
P28825	Mep1a	36
P28828	Ptprm	59
P28843	Dpp4	40
P28862	Mmp3	27
P28867	Prkcd	37
P29037	Tbp	9
P29121	Pcsk4	23
P29268	Ccn2	20
P29319	Epha3	45
P29341	Pabpc1	31
P29351	Ptpn6	37
P29352	Ptpn22	35
P29391	Ftl1	11
P29416	Hexa	22
P29452	Casp1	22
P29477	Nos2	61
P29533	Vcam1	39
P29594	Casp2	23
P29595	Nedd8	4
P29699	Ahsg	11
P29752	Lalba	4
P29754	Agtr1a	13
P29755	Agtr1b	10
P29758	Oat	17
P29788	Vtn	19
P29812	Dct	21
P29974	Cnga1	21
P30051	Tead1	12
P30115	Gsta3	11
P30204	Msr1	29
P30275	Ckmt1	19
P30276	Ccnb2	23
P30280	Ccnd2	16
P30282	Ccnd3	16
P30285	Cdk4	16
P30306	Cdc25b	32
P30355	Alox5ap	5
P30416	Fkbp4	29
P30545	Adra2b	12
P30548	Tacr1	12
P30549	Tacr2	8
P30554	Mas1	7
P30557	Ptger3	11
P30558	F2r	14
P30561	Ahr	26
P30658	Cbx2	27
P30677	Gna14	20
P30681	Hmgb2	8
P30728	Drd3	11
P30730	Lhcgr	32
P30731	Gpr83	18
P30873	Sstr1	10
P30875	Sstr2	8
P30882	Ccl5	4
P30935	Sstr3	13
P30966	Htr5a	11
P30987	Tbxa2r	11
P30993	C5ar1	8
P30999	Ctnnd1	49
P31001	Des	31
P31041	Cd28	12
P31230	Aimp1	17
P31240	Pdgfb	12
P31245	Hoxa2	13
P31257	Hoxc10	20
P31266	Rbpj	20
P31310	Hoxa10	12
P31311	Hoxa11	10
P31313	Hoxc11	15
P31315	Gsx1	10
P31316	Gsx2	9
P31324	Prkar2b	23
P31360	Pou3f2	9
P31361	Pou3f3	9
P31362	Pou2f3	15
P31428	Dpep1	22
P31482	Pla2g2a	6
P31648	Slc6a1	17
P31649	Slc6a13	17
P31650	Slc6a11	16
P31651	Slc6a12	14
P31695	Notch4	58
P31725	S100a9	7
P31750	Akt1	29
P31786	Dbi	3
P31809	Ceacam1	16
P31938	Map2k1	16
P31955	Areg	10
P31996	Cd68	10
P32020	Scp2	24
P32037	Slc2a3	11
P32067	Ssb	22
P32082	Ghrhr	16
P32114	Pax2	16
P32115	Pax4	16
P32211	Chrm4	13
P32233	Drg1	23
P32240	Ptger4	17
P32299	Bdkrb2	8
P32300	Oprd1	11
P32304	Htr7	12
P32442	Meox1	11
P32443	Meox2	10
P32507	Nectin2	23
P32648	Vip	9
P32848	Pvalb	8
P32883	Kras	9
P32921	Wars1	29
P32958	Rom1	8
P33033	Mc3r	7
P33146	Cdh15	29
P33173	Kif1a	92
P33174	Kif4	61
P33175	Kif5a	57
P33215	Nedd1	29
P33242	Nr5a1	17
P33267	Cyp2f2	25
P33434	Mmp2	32
P33435	Mmp13	25
P33534	Oprk1	9
P33587	Proc	21
P33609	Pola1	74
P33611	Pola2	27
P33622	Apoc3	5
P33766	Fpr1	12
P33896	Ifnar1	24
P34022	Ranbp1	6
P34056	Tfap2a	18
P34057	Rcvrn	14
P34152	Ptk2	55
P34821	Bmp8a	17
P34884	Mif	5
P34902	Il2rg	15
P34914	Ephx2	25
P34927	Asgr1	14
P34928	Apoc1	3
P34960	Mmp12	24
P34968	Htr2c	15
P34971	Adrb1	14
P35123	Usp4	48
P35230	Reg3b	5
P35235	Ptpn11	39
P35276	Rab3d	14
P35278	Rab5c	11
P35279	Rab6a	13
P35282	Rab21	13
P35283	Rab12	20
P35285	Rab22a	12
P35288	Rab23	13
P35290	Rab24	12
P35292	Rab17	14
P35293	Rab18	13
P35329	Cd22	39
P35330	Icam2	14
P35343	Cxcr2	10
P35347	Crhr1	16
P35363	Htr2a	16
P35374	Agtr2	12
P35375	Ptger1	11
P35377	Oprl1	8
P35378	Fshr	27
P35383	P2ry2	16
P35396	Ppard	16
P35412	Gpr12	7
P35413	Gpr3	8
P35419	Tpo	48
P35428	Hes1	10
P35436	Grin2a	63
P35438	Grin1	48
P35441	Thbs1	63
P35454	Oxt	7
P35455	Avp	9
P35456	Plaur	8
P35486	Pdha1	22
P35505	Fah	20
P35546	Ret	54
P35550	Fbl	20
P35561	Kcnj2	14
P35564	Canx	24
P35569	Irs1	49
P35576	G6pc1	15
P35582	Foxa1	11
P35583	Foxa2	9
P35584	Foxa3	8
P35585	Ap1m1	25
P35601	Rfc1	59
P35639	Ddit3	5
P35689	Ercc5	52
P35700	Prdx1	14
P35710	Sox5	36
P35737	H2-DMb1	11
P35761	Ttk	49
P35762	Cd81	7
P35802	Gpm6a	9
P35803	Gpm6b	11
P35821	Ptpn1	24
P35822	Ptprk	62
P35831	Ptpn12	44
P35846	Folr1	11
P35917	Flt4	60
P35918	Kdr	63
P35922	Fmr1	32
P35951	Ldlr	40
P35969	Flt1	73
P35979	Rpl12	9
P35980	Rpl18	7
P35991	Btk	42
P36363	Fgf7	9
P36368	Egfbp2	11
P36369	Klk1b26	10
P36371	Tap2	32
P36423	Tbxas1	24
P36536	Sar1a	10
P36552	Cpox	24
P36895	Bmpr1a	24
P36898	Bmpr1b	24
P36993	Ppm1b	20
P37040	Por	35
P37172	Acvr1	17
P37217	Cd69	13
P37237	Fgf8	14
P37238	Pparg	19
P37242	Thrb	22
P37889	Fbln2	47
P37913	Lig1	47
P38060	Hmgcl	17
P38532	Hsf1	16
P38533	Hsf2	19
P38647	Hspa9	38
P38649	Abo	19
P39038	Cdh4	28
P39039	Mbl1	13
P39053	Dnm1	46
P39054	Dnm2	46
P39061	Col18a1	60
P39087	Grik2	40
P39098	Man1a2	30
P39428	Traf1	22
P39429	Traf2	26
P39447	Tjp1	76
P39654	Alox15	35
P39655	Alox12	36
P39688	Fyn	28
P39689	Cdkn1a	7
P39749	Fen1	19
P39876	Timp3	11
P40124	Cap1	27
P40142	Tkt	29
P40201	Chd1	86
P40223	Csf3r	24
P40224	Cxcl12	5
P40226	Thpo	15
P40237	Cd82	11
P40240	Cd9	5
P40336	Vps26a	18
P40338	Vhl	7
P40630	Tfam	17
P40645	Sox6	40
P40646	Sox7	8
P40694	Ighmbp2	49
P40749	Syt4	19
P40753	Nppb	5
P40764	Dlx2	6
P40935	Pnmt	13
P40936	Inmt	9
P41047	Faslg	9
P41105	Rpl28	9
P41133	Id3	4
P41136	Id2	4
P41139	Id4	9
P41149	Mc5r	8
P41155	Ltb	9
P41160	Lep	6
P41163	Etv2	5
P41164	Etv1	18
P41183	Bcl6	39
P41209	Cetn1	9
P41216	Acsl1	37
P41230	Kdm5c	78
P41233	Abca1	103
P41234	Abca2	92
P41241	Csk	27
P41245	Mmp9	34
P41251	Slc11a1	9
P41272	Cd27	15
P41274	Tnfsf9	12
P41317	Mbl2	12
P41438	Slc19a1	18
P41539	Tac1	7
P41593	Pth1r	20
P41731	Cd63	8
P41778	Pbx1	15
P41969	Elk1	11
P41971	Elk3	15
P42082	Cd86	12
P42125	Eci1	18
P42128	Foxk1	31
P42208	Septin2	20
P42209	Septin1	23
P42225	Stat1	38
P42227	Stat3	39
P42228	Stat4	35
P42230	Stat5a	41
P42232	Stat5b	37
P42337	Pik3ca	63
P42567	Eps15	42
P42580	Nkx1-2	13
P42581	Hmx3	17
P42582	Nkx2-5	13
P42586	Nkx2-2	15
P42669	Pura	9
P42682	Txk	32
P42703	Lifr	59
P42859	Htt	141
P42866	Oprm1	9
P42867	Dpagt1	10
P42932	Cct8	36
P43006	Slc1a2	23
P43021	Nodal	16
P43023	Cox6a2	3
P43027	Gdf5	26
P43028	Gdf6	21
P43029	Gdf7	21
P43081	Guca1a	12
P43120	Hhex	8
P43135	Nr2f2	19
P43136	Nr2f6	19
P43137	Reg1	7
P43142	Ackr5	9
P43241	Cdx2	7
P43247	Msh2	43
P43252	Ptgir	11
P43267	Sox15	7
P43274	H1-4	10
P43275	H1-1	7
P43276	H1-5	9
P43277	H1-3	11
P43300	Egr3	9
P43345	Tlx1	8
P43346	Dck	13
P43352	Rad52	22
P43404	Zap70	35
P43406	Itgav	54
P43407	Sdc2	11
P43431	Il12a	15
P43432	Il12b	21
P43488	Tnfsf4	9
P43680	Sox18	15
P43687	Hmx2	13
P43688	Nkx2-6	13
P43883	Plin2	25
P45376	Akr1b1	18
P45377	Akr1b8	18
P45448	Nr5a2	21
P45481	Crebbp	74
P45591	Cfl2	11
P45700	Man1a1	33
P45952	Acadm	20
P46061	Rangap1	28
P46062	Sipa1	47
P46096	Syt1	20
P46097	Syt2	21
P46099	Klf1	10
P46412	Gpx3	11
P46414	Cdkn1b	12
P46425	Gstp2	9
P46460	Nsf	43
P46467	Vps4b	26
P46471	Psmc2	26
P46638	Rab11b	15
P46660	Ina	32
P46662	Nf2	35
P46664	Adss2	20
P46684	Zic1	12
P46694	Ier3	6
P46735	Myo1b	62
P46737	Brcc3	16
P46935	Nedd4	41
P46938	Yap1	15
P46978	Stt3a	31
P47199	Cryz	18
P47212	Gal	6
P47239	Pax7	18
P47242	Pax9	17
P47708	Rph3a	34
P47713	Pla2g4a	36
P47738	Aldh2	23
P47739	Aldh3a1	24
P47740	Aldh3a2	19
P47741	Tnfrsf4	11
P47743	Grm8	42
P47746	Cnr1	19
P47750	Tshr	30
P47757	Capzb	17
P47759	Nsg2	7
P47774	Ccr7	13
P47791	Gsr	20
P47806	Gli1	40
P47809	Map2k4	23
P47810	Wee1	33
P47811	Mapk14	19
P47856	Gfpt1	43
P47857	Pfkm	34
P47873	Il11	11
P47877	Igfbp2	14
P47878	Igfbp3	16
P47879	Igfbp4	12
P47911	Rpl6	15
P47915	Rpl29	7
P47930	Fosl2	12
P47931	Fst	18
P47932	Rln1	11
P47934	Crat	28
P47936	Cnr2	9
P47937	Tacr3	13
P47941	Crkl	15
P47955	Rplp1	3
P47962	Rpl5	11
P47963	Rpl13	10
P47964	Rpl36	3
P47993	Xcl1	5
P48025	Syk	35
P48026	Sat1	9
P48030	Tgfa	6
P48031	Gbx2	12
P48036	Anxa5	23
P48168	Glrb	22
P48193	Epb41	42
P48281	Vdr	21
P48298	Ccl11	3
P48299	Edn3	12
P48301	Tead2	12
P48302	Ednrb	22
P48316	Gadd45a	8
P48318	Gad1	22
P48320	Gad2	22
P48346	Il15	9
P48356	Lepr	45
P48379	Rfx2	33
P48381	Rfx3	26
P48410	Abcd1	34
P48432	Sox2	10
P48437	Prox1	38
P48441	Idua	24
P48453	Ppp3cb	25
P48455	Ppp3cc	25
P48540	Gdnf	7
P48542	Kcnj6	16
P48543	Kcnj9	14
P48545	Kcnj5	17
P48614	Wnt10b	22
P48615	Wnt11	21
P48678	Lmna	43
P48725	Pcnt	157
P48744	Ndp	7
P48754	Brca1	91
P48755	Fosl1	6
P48756	Gip	8
P48758	Cbr1	17
P48759	Ptx3	21
P48760	Fpgs	30
P48772	Cox8b	2
P48774	Gstm5	15
P48776	Tdo2	25
P48787	Tnni3	7
P48794	Spam1	24
P48962	Slc25a4	21
P48964	Cdc25a	32
P48967	Cdc25c	23
P48972	Mybl2	34
P48985	Atoh1	17
P48986	Neurod6	17
P48999	Alox5	34
P49003	Bmp5	18
P49025	Cit	126
P49070	Camlg	16
P49117	Nr2c2	33
P49135	Ercc3	41
P49138	Mapkapk2	20
P49182	Serpind1	23
P49183	Dnase1	10
P49222	Epb42	34
P49282	Slc11a2	9
P49290	Epx	41
P49300	Clec10a	14
P49312	Hnrnpa1	18
P49429	Hpd	24
P49443	Ppm1a	21
P49446	Ptpre	34
P49452	Cenpc	49
P49582	Chrna7	16
P49586	Pcyt1a	23
P49615	Cdk5	16
P49650	P2ry1	14
P49698	Hnf4a	16
P49710	Hcls1	19
P49717	Mcm4	43
P49718	Mcm5	40
P49722	Psma2	10
P49764	Pgf	6
P49766	Vegfb	11
P49769	Psen1	18
P49772	Flt3lg	13
P49813	Tmod1	17
P49817	Cav1	10
P49891	Sult1e1	17
P49919	Cdkn1c	10
P49935	Ctsh	16
P50096	Impdh1	20
P50114	S100b	3
P50136	Bckdha	25
P50149	Gnat2	18
P50171	Hsd17b8	12
P50172	Hsd11b1	18
P50207	Hoxc13	11
P50220	Nkx2-1	10
P50228	Cxcl5	5
P50247	Ahcy	26
P50284	Ltbr	8
P50285	Fmo1	29
P50396	Gdi1	24
P50404	Sftpd	16
P50427	Sts	27
P50428	Arsa	14
P50429	Arsb	22
P50431	Shmt1	25
P50446	Krt6a	29
P50462	Csrp3	10
P50481	Lhx3	13
P50516	Atp6v1a	33
P50518	Atp6v1e1	13
P50540	Mxi1	10
P50543	S100a11	5
P50544	Acadvl	40
P50571	Gabrb1	18
P50580	Pa2g4	22
P50586	Tub	21
P50592	Tnfsf10	19
P50636	Rnf19a	37
P50637	Tspo	6
P50652	Fancc	31
P50715	Defa31	1
P50752	Tnnt2	9
P50992	Atp4b	11
P51125	Cast	38
P51141	Dvl1	29
P51150	Rab7a	14
P51163	Uros	12
P51174	Acadl	21
P51175	Ppox	26
P51180	Mip	5
P51410	Rpl9	9
P51432	Plcb3	54
P51436	Drd4	9
P51437	Camp	6
P51448	Rora	24
P51450	Rorc	21
P51480	Cdkn2a	6
P51491	Opn1sw	13
P51557	Star	17
P51569	Gla	19
P51576	P2rx1	17
P51612	Xpc	39
P51637	Cav3	7
P51642	Cntf	9
P51655	Gpc4	23
P51656	Hsd17b1	15
P51658	Hsd17b2	20
P51660	Hsd17b4	34
P51661	Hsd11b2	19
P51667	Myl2	10
P51670	Ccl9	6
P51675	Ccr1	13
P51676	Ccr1l1	13
P51678	Ccr3	10
P51680	Ccr4	8
P51682	Ccr5	11
P51683	Ccr2	12
P51791	Clcn3	32
P51807	Dynlt1	6
P51827	Aff3	58
P51829	Adcy7	48
P51830	Adcy9	64
P51855	Gss	25
P51859	Hdgf	15
P51860	Nap1l2	22
P51863	Atp6v0d1	16
P51865	Cripto	8
P51880	Fabp7	6
P51881	Slc25a5	20
P51885	Lum	16
P51906	Slc1a1	18
P51908	Apobec1	15
P51910	Apod	10
P51912	Slc1a5	19
P51942	Matn1	27
P51943	Ccna2	17
P51944	Ccnf	42
P51949	Mnat1	16
P51954	Nek1	61
P51960	Mybl1	31
P52019	Sqle	25
P52187	Kcnj12	18
P52189	Kcnj4	15
P52194	Clgn	24
P52196	Tst	12
P52293	Kpna2	22
P52332	Jak1	65
P52430	Pon1	14
P52431	Pold1	62
P52479	Usp10	34
P52480	Pkm	30
P52482	Ube2e1	8
P52483	Ube2e3	8
P52503	Ndufs6	7
P52592	S1pr2	14
P52624	Upp1	14
P52633	Stat6	32
P52651	Rhox5	13
P52734	Fgd1	46
P52760	Rida	8
P52785	Gucy2e	44
P52792	Gck	20
P52793	Efna1	9
P52795	Efnb1	20
P52800	Efnb2	14
P52801	Efna2	4
P52825	Cpt2	33
P52840	Sult1a1	15
P52843	Sult2a1	19
P52850	Ndst2	46
P52875	Tmem165	14
P52912	Tia1	15
P52927	Hmga2	5
P52946	Pdx1	8
P52955	Lbx1	11
P53026	Rpl10a	11
P53347	Osm	13
P53349	Map3k1	63
P53351	Plk2	39
P53368	Nudt1	5
P53395	Dbt	27
P53564	Cux1	70
P53566	Cebpa	7
P53568	Cebpg	1
P53612	Rabggtb	13
P53657	Pklr	32
P53668	Limk1	37
P53690	Mmp14	21
P53762	Arnt	31
P53776	Lhx4	15
P53783	Sox1	9
P53784	Sox3	11
P53798	Fdft1	19
P53810	Pitpna	18
P53811	Pitpnb	19
P53986	Slc16a1	13
P53994	Rab2a	14
P53996	Cnbp	13
P54071	Idh2	24
P54099	Polg	59
P54103	Dnajc2	29
P54116	Stom	15
P54130	Fgf9	9
P54227	Stmn1	9
P54254	Atxn1	29
P54265	Dmpk	23
P54276	Msh6	68
P54279	Pms2	44
P54285	Cacnb3	23
P54310	Lipe	40
P54320	Eln	7
P54726	Rad23a	14
P54728	Rad23b	12
P54729	Nub1	28
P54731	Faf1	26
P54751	St3gal1	19
P54754	Ephb3	47
P54761	Ephb4	50
P54763	Ephb2	47
P54775	Psmc4	21
P54818	Galc	25
P54822	Adsl	23
P54823	Ddx6	25
P54830	Ptpn5	25
P54841	Mafb	8
P54843	Maf	9
P54846	Nrl	5
P54869	Hmgcs2	20
P54987	Acod1	20
P55002	Mfap2	5
P55012	Slc12a2	52
P55014	Slc12a1	42
P55041	Gem	16
P55050	Fabp2	5
P55065	Pltp	23
P55066	Ncan	39
P55086	F2rl1	13
P55088	Aqp4	7
P55095	Gcg	9
P55096	Abcd3	35
P55097	Ctsk	12
P55098	Pex2	19
P55105	Bmp8b	19
P55144	Tyro3	43
P55194	Sh3bp1	36
P55200	Kmt2a	152
P55249	Alox12e	37
P55258	Rab8a	13
P55264	Adk	18
P55271	Cdkn2b	7
P55284	Cdh5	34
P55288	Cdh11	36
P55292	Dsc2	43
P55302	Lrpap1	19
P55772	Entpd1	16
P55821	Stmn2	9
P55849	Dsc1	46
P55850	Dsc3	43
P56198	Cidec	11
P56212	Arpp19	6
P56213	Gfer	10
P56280	Tcl1a	6
P56371	Rab4a	14
P56383	Atp5mc2	5
P56384	Atp5mc3	4
P56388	Cartpt	6
P56389	Cda	8
P56392	Cox7a1	5
P56393	Cox7b	2
P56394	Cox17	4
P56395	Cyb5a	6
P56399	Usp5	38
P56402	Aqp2	4
P56404	Aqp8	4
P56450	Mc4r	5
P56473	Agrp	7
P56475	Gabrr1	21
P56476	Gabrr2	19
P56477	Irf5	20
P56480	Atp5f1b	29
P56481	Cckbr	19
P56484	Ccr8	11
P56485	Ackr3	7
P56501	Ucp3	18
P56528	Cd38	16
P56542	Dnase2	15
P56546	Ctbp2	18
P56563	Lim2	4
P56564	Slc1a3	15
P56565	S100a1	5
P56581	Tdg	13
P56593	Cyp2a12	32
P56654	Cyp2c37	27
P56655	Cyp2c38	26
P56656	Cyp2c39	27
P56657	Cyp2c40	24
P56671	Maz	15
P56677	St14	34
P56695	Wfs1	37
P56716	Rp1	108
P56726	Smo	30
P56812	Pdcd5	10
P56818	Bace1	17
P56857	Cldn18	9
P56931	E2f2	15
P56942	Pmch	8
P56959	Fus	13
P56960	Exosc10	54
P56974	Nrg2	41
P57080	Usp25	59
P57680	Evc	52
P57716	Ncstn	28
P57725	Samsn1	22
P57746	Atp6v1d	13
P57748	Mmp20	23
P57757	Ctns	11
P57774	Npy	4
P57776	Eef1d	17
P57780	Actn4	55
P57787	Slc16a3	16
P57791	Rce1	9
P58006	Sesn1	26
P58019	Cd59b	9
P58022	Loxl2	33
P58043	Sesn2	24
P58044	Idi1	11
P58137	Acot8	16
P58158	B3gat3	13
P58242	Smpdl3b	21
P58252	Eef2	45
P58269	Dpf3	20
P58281	Opa1	55
P58283	Rnf216	42
P58308	Hcrtr2	15
P58334	Klf16	7
P58355	Slc45a2	13
P58389	Ptpa	16
P58390	Kcnn2	25
P58391	Kcnn3	30
P58404	Strn4	22
P58406	Hrh3	9
P58462	Foxp1	22
P58463	Foxp2	18
P58466	Ctdsp1	10
P58467	Setd4	24
P58501	Paxbp1	42
P58660	Card10	52
P58681	Tlr7	44
P58682	Tlr8	53
P58686	Bbln	3
P58735	Slc26a1	22
P58742	Aaas	23
P58750	Pim3	14
P58771	Tpm1	16
P58774	Tpm2	16
P58801	Ripk2	28
P59016	Vps33b	36
P59017	Bcl2l13	15
P59054	Csrnp1	12
P59055	Csrnp3	14
P59108	Cpne2	21
P59110	Senp1	32
P59113	Fermt1	35
P59114	Pcif1	32
P59158	Slc12a3	30
P59178	L3mbtl2	26
P59240	Nphp4	60
P59242	Cgn	66
P59266	Fitm2	6
P59267	Zdhhc2	19
P59268	Zdhhc9	13
P59270	B3gat2	18
P59279	Rab2b	14
P59326	Ythdf1	17
P59328	Wdhd1	54
P59384	Adamts15	45
P59438	Hps5	56
P59470	Polr3b	57
P59509	Adamts19	55
P59511	Adamts20	93
P59598	Asxl1	74
P59644	Inpp5j	46
P59648	Fxyd7	2
P59672	Anks1a	53
P59759	Mrtfb	30
P59764	Dock4	102
P59823	Il1rapl1	37
P59941	Sirt6	18
P59997	Kdm2a	58
P60041	Sst	3
P60122	Ruvbl1	20
P60202	Plp1	10
P60229	Eif3e	28
P60322	Nanos2	8
P60324	Nanos3	12
P60330	Espl1	93
P60334	Cdo1	10
P60335	Pcbp1	17
P60469	Ppfia3	62
P60487	Pdxp	18
P60521	Gabarapl2	8
P60605	Ube2g2	5
P60670	Nploc4	29
P60710	Actb	20
P60755	Mdga2	46
P60761	Nrgn	2
P60762	Morf4l1	16
P60764	Rac3	7
P60766	Cdc42	9
P60824	Cirbp	10
P60843	Eif4a1	22
P60853	Lzts1	33
P60867	Rps20	5
P60879	Snap25	13
P60882	Megf8	92
P60904	Dnajc5	7
P61014	Pln	2
P61021	Rab5b	11
P61022	Chp1	10
P61027	Rab10	13
P61028	Rab8b	12
P61079	Ube2d3	4
P61080	Ube2d1	4
P61082	Ube2m	10
P61087	Ube2k	12
P61089	Ube2n	10
P61092	Siah1a	11
P61148	Fgf1	8
P61161	Actr2	13
P61166	Tmem258	2
P61168	Drd2	8
P61202	Cops2	22
P61222	Abce1	29
P61226	Rap2b	11
P61255	Rpl26	6
P61264	Stx1b	16
P61290	Psme3	13
P61294	Rab6b	13
P61329	Fgf12	13
P61358	Rpl27	5
P61364	Ostn	7
P61372	Isl1	16
P61375	Lhx5	16
P61406	Smg6	74
P61407	Tdrd6	114
P61458	Pcbd1	7
P61460	Depdc5	72
P61514	Rpl37a	4
P61588	Rnd3	11
P61620	Sec61a1	16
P61622	Itga11	55
P61750	Arf4	10
P61793	Lpar1	10
P61809	Cdk5r1	14
P61922	Abat	31
P61957	Sumo2	3
P61961	Ufm1	4
P61965	Wdr5	16
P61967	Ap1s1	10
P61969	Lmo4	8
P61979	Hnrnpk	24
P61982	Ywhag	16
P62069	Usp46	17
P62082	Rps7	11
P62137	Ppp1ca	18
P62141	Ppp1cb	17
P62192	Psmc1	26
P62196	Psmc5	24
P62242	Rps8	10
P62245	Rps15a	9
P62257	Ube2h	7
P62259	Ywhae	17
P62264	Rps14	4
P62267	Rps23	6
P62270	Rps18	9
P62281	Rps11	10
P62301	Rps13	9
P62305	Snrpe	4
P62307	Snrpf	3
P62309	Snrpg	3
P62315	Snrpd1	4
P62317	Snrpd2	8
P62320	Snrpd3	6
P62331	Arf6	7
P62340	Tbpl1	9
P62342	Selenot	11
P62482	Kcnab2	17
P62484	Abi2	17
P62492	Rab11a	14
P62500	Tsc22d1	12
P62509	Esrrg	19
P62515	Pou3f4	10
P62631	Eef1a2	19
P62702	Rps4x	15
P62715	Ppp2cb	16
P62717	Rpl18a	9
P62737	Acta2	20
P62743	Ap2s1	6
P62746	Rhob	9
P62751	Rpl23a	7
P62754	Rps6	9
P62806	H4c1	6
P62812	Gabra1	25
P62814	Atp6v1b2	25
P62821	Rab1a	15
P62823	Rab3c	13
P62827	Ran	10
P62830	Rpl23	9
P62835	Rap1a	10
P62838	Ube2d2	4
P62843	Rps15	6
P62849	Rps24	6
P62852	Rps25	5
P62855	Rps26	5
P62858	Rps28	3
P62862	Fau	3
P62869	Elob	9
P62874	Gnb1	13
P62878	Rbx1	3
P62880	Gnb2	13
P62881	Gnb5	19
P62889	Rpl30	6
P62897	Cycs	6
P62900	Rpl31	7
P62908	Rps3	19
P62911	Rpl32	8
P62915	Gtf2b	18
P62918	Rpl8	11
P62960	Ybx1	12
P62962	Pfn1	9
P62983	Rps27a	6
P62984	Uba52	6
P62996	Tra2b	11
P63001	Rac1	7
P63002	Tle5	8
P63005	Pafah1b1	24
P63006	Lhx1	15
P63011	Rab3a	13
P63013	Prrx1	10
P63015	Pax6	13
P63017	Hspa8	33
P63024	Vamp3	5
P63028	Tpt1	7
P63030	Mpc1	6
P63032	Rasd2	14
P63034	Cyth2	20
P63037	Dnaja1	19
P63038	Hspd1	33
P63040	Cplx1	5
P63044	Vamp2	5
P63058	Thra	29
P63072	Ubd	10
P63073	Eif4e	11
P63080	Gabrb3	17
P63082	Atp6v0c	3
P63085	Mapk1	22
P63087	Ppp1cc	17
P63089	Ptn	8
P63094	Gnas	20
P63101	Ywhaz	14
P63115	Slc7a10	8
P63137	Gabrb2	20
P63139	Nfyb	4
P63141	Kcna2	18
P63143	Kcnab1	21
P63147	Ube2b	3
P63158	Hmgb1	7
P63163	Snrpn	14
P63166	Sumo1	6
P63168	Dynll1	5
P63239	Pcsk1	35
P63242	Eif5a	8
P63248	Pkia	5
P63250	Kcnj3	19
P63260	Actg1	20
P63268	Actg2	18
P63271	Supt4h1a	6
P63276	Rps17	5
P63277	Amelx	3
P63280	Ube2i	7
P63300	Selenow	4
P63318	Prkcg	36
P63321	Rala	10
P63323	Rps12	7
P63325	Rps10	10
P63328	Ppp3ca	23
P63330	Ppp2ca	16
P67778	Phb1	17
P67871	Csnk2b	10
P67984	Rpl22	4
P68033	Actc1	20
P68037	Ube2l3	7
P68040	Rack1	20
P68134	Acta1	20
P68181	Prkacb	18
P68254	Ywhaq	14
P68368	Tuba4a	21
P68369	Tuba1a	21
P68372	Tubb4b	19
P68373	Tuba1c	21
P68404	Prkcb	34
P68433	H3c1	4
P68500	Cntn5	57
P68510	Ywhah	16
P69566	Ranbp9	21
P69744	Trpv5	31
P70120	Hes5	9
P70122	Sbds	17
P70124	Serpinb5	22
P70126	St8sia5	22
P70158	Smpdl3a	18
P70160	Calca	7
P70166	Cpeb1	27
P70168	Kpnb1	35
P70169	Doc2b	21
P70170	Abcc9	65
P70172	Slc10a2	6
P70174	Hrh1	17
P70175	Dlg3	38
P70178	Six5	20
P70180	Npr3	30
P70181	Pip5k1b	21
P70182	Pip5k1a	22
P70186	Epyc	12
P70187	Slc71a1	10
P70188	Kifap3	31
P70190	Capza3	21
P70191	Traf5	39
P70193	Lrig1	50
P70194	Clec4f	29
P70195	Psmb7	11
P70196	Traf6	23
P70205	Adcyap1r1	17
P70206	Plxna1	93
P70207	Plxna2	85
P70208	Plxna3	86
P70210	Tead3	17
P70211	Dcc	55
P70217	Hoxd13	14
P70218	Map4k1	40
P70224	Gimap1	18
P70225	Il11ra2	13
P70227	Itpr3	137
P70232	Chl1	54
P70236	Map2k6	22
P70245	Ebp	3
P70248	Myo1f	57
P70255	Nfic	18
P70257	Nfix	20
P70259	Gpr143	12
P70263	Ptgdr	11
P70265	Pfkfb2	37
P70266	Pfkfb1	33
P70268	Pkn1	41
P70269	Ctse	5
P70270	Rad54l	44
P70271	Pdlim4	18
P70274	Selenop	18
P70275	Sema3e	41
P70277	St6galnac2	19
P70278	Stra8	12
P70279	Surf6	20
P70280	Vamp7	13
P70281	Sycp3	14
P70284	Tgif1	9
P70288	Hdac2	21
P70289	Ptprv	49
P70290	Mpp1	25
P70296	Pebp1	9
P70297	Stam	20
P70298	Cux2	60
P70302	Stim1	31
P70303	Ctps2	29
P70310	Ntsr2	14
P70312	Has2	29
P70313	Nos3	56
P70314	Pitx1	12
P70315	Was	19
P70318	Tial1	17
P70321	Hoxb13	6
P70323	Tbx1	27
P70324	Tbx3	24
P70326	Tbx5	24
P70327	Tbx6	14
P70331	Mdfi	11
P70335	Rock1	82
P70336	Rock2	79
P70338	Gfi1	23
P70339	Frat1	10
P70340	Smad1	22
P70343	Casp4	22
P70345	Bcl2l2	11
P70347	Tank	18
P70348	Gcm1	17
P70349	Hint1	8
P70351	Ezh1	32
P70352	Art5	14
P70353	Nfyc	8
P70354	Msx3	7
P70362	Ufd1	16
P70365	Ncoa1	54
P70371	Terf1	21
P70372	Elavl1	15
P70375	F7	24
P70377	Fgf13	14
P70379	Fgf14	13
P70380	Il18	11
P70385	Hsd17b3	18
P70387	Hfe	16
P70388	Rad50	74
P70390	Shox2	15
P70392	Rasgrf2	54
P70396	Dlx5	9
P70397	Dlx6	8
P70398	Usp9x	116
P70399	Tp53bp1	78
P70406	Ucp2	17
P70407	Cdh9	32
P70408	Cdh10	35
P70412	Cuzd1	24
P70414	Slc8a1	35
P70419	Galnt3	25
P70423	Slc7a3	20
P70424	Erbb2	44
P70425	Rit2	13
P70428	Ext2	35
P70429	Evl	21
P70434	Irf7	19
P70441	Nherf1	23
P70444	Bid	8
P70445	Eif4ebp2	4
P70447	Neurog2	8
P70451	Fer	42
P70452	Stx4	15
P70453	Pde7a	22
P70458	Serpina5	22
P70459	Erf	21
P70460	Vasp	17
P70658	Cxcr4	10
P70660	Neurog1	8
P70661	Neurog3	5
P70662	Ldb1	14
P70665	Siae	26
P70669	Phex	40
P70670	Naca	98
P70671	Irf3	24
P70677	Casp3	16
P70689	Gjb6	12
P70694	Akr1c6	20
P70695	Fbp2	15
P70696	H2bc1	8
P70697	Urod	16
P70698	Ctps1	30
P70699	Gaa	39
P70700	Polr1b	51
P70701	Wnt10a	24
P70704	Atp8a1	54
P79457	Uty	53
P79621	Ciita	49
P80205	Otx1	7
P80206	Otx2	8
P80313	Cct7	29
P80314	Cct2	32
P80315	Cct4	32
P80316	Cct5	31
P80317	Cct6a	26
P80318	Cct3	32
P80560	Ptprn2	53
P81066	Irx2	15
P81067	Irx3	14
P81117	Nucb2	21
P81122	Irs2	46
P81183	Ikzf2	23
P81269	Atf1	6
P81270	Erg	24
P81615	Ucn	6
P82198	Tgfbi	31
P82343	Renbp	20
P82347	Sgcd	18
P82348	Sgcg	13
P82349	Sgcb	16
P82350	Sgca	21
P83093	Stim2	34
P83503	Nyx	26
P83510	Tnik	60
P83741	Wnk1	57
P83870	Phf5a	8
P83882	Rpl36a	4
P83887	Tubg1	21
P83917	Cbx1	10
P83940	Eloc	7
P84075	Hpca	15
P84078	Arf1	10
P84084	Arf5	11
P84086	Cplx2	5
P84091	Ap2m1	26
P84096	Rhog	11
P84099	Rpl19	6
P84104	Srsf3	7
P84228	H3c2	4
P84244	H3-3a	4
P84309	Adcy5	45
P84444	Ccl21a	5
P86044	Ano9	28
P86046	Kcnj13	11
P86048	Rpl10l	8
P86049	Rbm46	33
P86176	Tigit	6
P86546	Bglap	3
P86547	Bglap2	3
P86792	Ccl21b	5
P97287	Mcl1	17
P97288	Htr4	10
P97291	Cdh8	25
P97292	Hrh2	17
P97295	Npy2r	12
P97297	Adm	7
P97298	Serpinf1	22
P97299	Sfrp2	14
P97300	Nptn	20
P97302	Bach1	33
P97303	Bach2	39
P97305	Nfatc3	30
P97306	Stac	23
P97309	Mesp1	7
P97310	Mcm2	40
P97311	Mcm6	49
P97313	Prkdc	226
P97318	Dab1	19
P97321	Fap	47
P97324	G6pd2	29
P97325	St3gal3	19
P97326	Cdh6	32
P97328	Khk	16
P97329	Kif20a	45
P97333	Nrp1	41
P97334	Nkx2-3	13
P97343	Uhmk1	21
P97346	Nxn	21
P97348	Rhod	14
P97350	Pkp1	46
P97351	Rps3a	17
P97352	S100a13	6
P97353	Sec1	15
P97355	Sms	20
P97358	Taf1b	27
P97360	Etv6	23
P97361	Bpifa1	9
P97363	Sptlc2	31
P97364	Sephs2	11
P97367	Meis2	12
P97368	Meis3	16
P97370	Atp1b3	12
P97377	Cdk2	19
P97378	Il12rb2	44
P97384	Anxa11	19
P97386	Lig3	53
P97391	Pla2g5	7
P97399	Dspp	18
P97401	Frzb	11
P97402	Gcnt2	19
P97411	Ica1	26
P97412	Lyst	173
P97414	Kcnq1	27
P97427	Crmp1	31
P97428	Rgs16	11
P97429	Anxa4	21
P97430	Slpi	10
P97431	Irf6	21
P97432	Nbr1	29
P97433	Arhgef28	69
P97434	Mprip	58
P97436	Nkx3-1	10
P97438	Kcnk2	18
P97440	Slbp	11
P97441	Slc30a3	14
P97443	Smyd1	24
P97445	Cacna1a	94
P97447	Fhl1	15
P97449	Anpep	47
P97452	Bop1	31
P97454	Smad5	22
P97458	Prop1	6
P97459	Npas1	22
P97460	Npas2	20
P97461	Rps5	10
P97463	Nrtn	10
P97464	Ext1	35
P97465	Dok1	23
P97466	Nog	9
P97467	Pam	45
P97468	Cmklr1	9
P97469	Snai2	12
P97470	Ppp4c	16
P97471	Smad4	19
P97473	Tarbp2	13
P97474	Pitx2	12
P97477	Aurka	23
P97478	Coq7	13
P97479	Myo7a	110
P97480	Eya3	13
P97481	Epas1	34
P97484	Pirb	25
P97489	Gata5	11
P97490	Adcy8	55
P97492	Rgs14	29
P97494	Gclc	29
P97496	Smarcc1	45
P97499	Tep1	117
P97500	Myt1l	71
P97501	Fmo3	26
P97503	Nkx3-2	15
P97504	Bmx	39
P97714	Adra1d	17
P97717	Adra1b	17
P97718	Adra1a	16
P97737	Gdf10	21
P97742	Cpt1a	38
P97765	Wbp2	7
P97766	Cfc1	11
P97767	Eya1	17
P97769	Cited1	5
P97772	Grm1	53
P97784	Cry1	30
P97785	Gfra1	19
P97789	Xrn1	74
P97792	Cxadr	21
P97793	Alk	71
P97794	Kcnj8	15
P97797	Sirpa	23
P97798	Neo1	59
P97801	Smn1	7
P97802	Ang3	8
P97805	Fam3d	11
P97807	Fh	27
P97808	Fxyd5	10
P97812	Ihh	22
P97813	Pld2	50
P97814	Pstpip1	23
P97819	Pla2g6	40
P97820	Map4k4	55
P97821	Ctsc	21
P97822	Anp32e	8
P97823	Lypla1	11
P97855	G3bp1	20
P97857	Adamts1	44
P97863	Nfib	23
P97864	Casp7	20
P97865	Pex7	11
P97868	Rbbp6	82
P97872	Fmo5	26
P97873	Loxl1	28
P97875	Jdp2	7
P97926	Oxtr	13
P97927	Lama4	84
P97929	Brca2	167
P97930	Dtymk	15
P97931	Ung	12
P97946	Vegfd	19
P97950	Rab33a	13
P97952	Scn1b	10
P97953	Vegfc	25
P98063	Bmp1	53
P98064	Masp1	33
P98078	Dab2	31
P98083	Shc1	27
P98084	Apba2	22
P98086	C1qa	14
P98156	Vldlr	49
P98191	Cds1	17
P98192	Gnpat	39
P98197	Atp11a	54
P98199	Atp8b2	47
P98200	Atp8a2	54
P98203	Arvcf	48
P99024	Tubb5	19
P99026	Psmb4	11
P99027	Rplp2	5
P99028	Uqcrh	7
P99029	Prdx5	14
Q00175	Pgr	32
Q00196	Pou2f2	13
Q00262	Stx2	14
Q00286	Pou1f1	11
Q00288	Pax8	15
Q00322	Cebpd	7
Q00342	Flt3	41
Q00417	Tcf7	17
Q00420	Gabpb1	10
Q00422	Gabpa	20
Q00493	Cpe	24
Q00519	Xdh	50
Q00547	Hmmr	47
Q00558	F8a1	11
Q00560	Il6st	41
Q00609	Cd80	14
Q00612	G6pdx	32
Q00623	Apoa1	14
Q00651	Itga4	44
Q00690	Sele	19
Q00724	Rbp4	11
Q00731	Vegfa	17
Q00780	Col8a1	19
Q00896	Serpina1c	15
Q00897	Serpina1d	16
Q00898	Serpina1e	13
Q00899	Yy1	16
Q00915	Rbp1	10
Q00941	Csf2ra	17
Q00977	Gjb2	11
Q00993	Axl	40
Q00LT2	Prcd	3
Q01063	Pde4d	35
Q01065	Pde1b	27
Q01097	Grin2b	61
Q01098	Grin2c	51
Q01102	Selp	17
Q01114	Il9r	18
Q01147	Creb1	4
Q01149	Col1a2	67
Q01231	Gja5	15
Q01237	Hmgcr	38
Q01279	Egfr	60
Q01320	Top2a	78
Q01337	Adra2c	11
Q01338	Adra2a	11
Q01339	Apoh	22
Q01341	Adcy6	42
Q01405	Sec23a	37
Q01514	Gbp1	28
Q01705	Notch1	73
Q01721	Gas1	16
Q01727	Mc1r	8
Q01755	Tcp11	23
Q01768	Nme2	11
Q01815	Cacna1c	83
Q01853	Vcp	42
Q01887	Ryk	23
Q01965	Ly9	32
Q02013	Aqp1	6
Q02053	Uba1	53
Q02067	Ascl1	5
Q02085	Snai1	8
Q02105	C1qc	12
Q02111	Prkcq	37
Q02152	Htr2b	17
Q02242	Pdcd1	13
Q02248	Ctnnb1	41
Q02257	Jup	43
Q02357	Ank1	89
Q02384	Sos2	74
Q02395	Mtf2	30
Q02496	Muc1	10
Q02566	Myh6	101
Q02591	Gsc	6
Q02596	Glycam1	6
Q02650	Pax5	11
Q02738	Gjb4	16
Q02780	Nfia	22
Q02788	Col6a2	47
Q02789	Cacna1s	67
Q02819	Nucb1	27
Q02844	Tpsab1	8
Q02853	Mmp11	17
Q02858	Tek	50
Q02956	Prkcz	26
Q03059	Chat	31
Q03137	Epha4	43
Q03141	Mark3	40
Q03142	Fgfr4	33
Q03145	Epha2	44
Q03146	Ddr1	37
Q03147	Cdk7	18
Q03157	Aplp1	32
Q03160	Grb7	24
Q03172	Hivep1	109
Q03173	Enah	27
Q03265	Atp5f1a	31
Q03267	Ikzf1	25
Q03288	Asip	5
Q03311	Bche	27
Q03347	Runx1	19
Q03350	Thbs2	44
Q03358	Msx2	9
Q03366	Ccl7	3
Q03391	Grin2d	51
Q03404	Tff2	3
Q03517	Scg2	35
Q03526	Itk	33
Q03717	Kcnb1	36
Q03719	Kcnd1	27
Q03963	Eif2ak2	20
Q04207	Rela	19
Q04211	Btg2	10
Q04447	Ckb	16
Q04519	Smpd1	28
Q04573	Npy1r	10
Q04592	Pcsk5	93
Q04646	Fxyd2	4
Q04683	Cxcr5	11
Q04690	Nf1	137
Q04692	Smarcad1	47
Q04735	Cdk16	28
Q04736	Yes1	23
Q04742	Emx1	10
Q04744	Emx2	12
Q04750	Top1	39
Q04857	Col6a1	46
Q04859	Mak	39
Q04863	Relb	28
Q04886	Sox8	14
Q04887	Sox9	12
Q04888	Sox10	12
Q04890	Sox12	12
Q04891	Sox13	29
Q04997	Inha	15
Q04998	Inhba	26
Q04999	Inhbb	16
Q05020	Apoc2	2
Q05117	Acp5	12
Q05144	Rac2	7
Q05306	Col10a1	36
Q05421	Cyp2e1	20
Q05512	Mark2	42
Q05722	Col9a1	44
Q05738	Sry	12
Q05769	Ptgs2	27
Q05793	Hspg2	143
Q05816	Fabp5	7
Q05860	Fmn1	76
Q05895	Thbs3	32
Q05909	Ptprg	65
Q05910	Adam8	31
Q05915	Gch1	15
Q05920	Pc	56
Q05921	Rnasel	47
Q05922	Dusp2	10
Q05928	Btc	6
Q059U7	Intu	46
Q059Y8	Dcst1	33
Q05A80	Caprin2	39
Q05AA6	Drp2	46
Q05BC3	Eml1	40
Q05BQ1	Igsf9	41
Q05CL8	Larp7	33
Q06180	Ptpn2	26
Q06186	Hbegf	9
Q06194	F8	108
Q06219	Nr4a2	17
Q06318	Scgb1a1	2
Q06335	Aplp2	28
Q06348	Prrx2	9
Q06507	Atf4	10
Q06770	Serpina6	18
Q06806	Tie1	48
Q06831	Sox4	13
Q06890	Clu	19
Q06985	Siah1b	11
Q06986	Siah2	9
Q07076	Anxa7	19
Q07079	Igfbp5	13
Q07104	Gdf3	15
Q07105	Gdf9	18
Q07113	Igf2r	112
Q07133	H1-6	9
Q07139	Ect2	44
Q07174	Map3k8	26
Q07231	Zscan21	34
Q07235	Serpine2	20
Q07243	Mtf1	19
Q07279	Nfe2	7
Q07440	Bcl2a1	9
Q07456	Ambp	19
Q07563	Col17a1	54
Q07646	Mest	8
Q07763	Cd244	20
Q07802	Ebf1	22
Q07813	Bax	8
Q07832	Plk1	33
Q07916	Pou6f1	10
Q08024	Cbfb	9
Q08048	Hgf	41
Q08093	Cnn2	13
Q08122	Tle3	34
Q08189	Tgm3	38
Q08288	Lyar	17
Q08297	Rad51	16
Q08331	Calb2	19
Q08351	Mpl	23
Q08369	Gata4	11
Q08376	Zbtb14	23
Q08460	Kcnma1	50
Q08481	Pecam1	37
Q08501	Prlr	30
Q08509	Eps8	38
Q08535	Sct	7
Q08624	Hoxc4	9
Q08639	Tfdp1	14
Q08642	Padi2	30
Q08652	Rbp2	7
Q08775	Runx2	21
Q08857	Cd36	16
Q08874	Mitf	17
Q08879	Fbln1	32
Q08890	Ids	23
Q08943	Ssrp1	30
Q09014	Ncf1	25
Q09098	Pate4	5
Q09143	Slc7a1	19
Q09163	Dlk1	14
Q09199	B4galnt2	31
Q09200	B4galnt1	29
Q09324	Gcnt1	27
Q09LZ8	Agbl4	25
Q09M02	Agbl5	41
Q09M05	Agbl1	50
Q09PK2	Asprv1	12
Q09XV5	Chd8	107
Q0GGX2	Znf541	56
Q0GKD5	Nlrp1b	61
Q0GNC1	Inf2	48
Q0GUM3	Gm12250	23
Q0HA38	Ttc21b	68
Q0KK55	Kndc1	74
Q0KL01	Ubxn2b	19
Q0KL02	Trio	144
Q0MW30	Neurl1b	20
Q0P543	Gipr	22
Q0P557	Spata18	19
Q0P5V2	Sobp	33
Q0P5V9	Slc45a4	24
Q0PHV7	Dact3	23
Q0PMG2	Mdga1	49
Q0QWG9	Grid2ip	50
Q0V8T8	Cntnap5b	46
Q0VB07	Pglyrp4	15
Q0VBD0	Itgb8	39
Q0VBL3	Rbm15	55
Q0VBL6	Hif3a	33
Q0VDQ9	Fezf1	25
Q0VDU3	Gpr15	13
Q0VFX2	Cfap157	29
Q0VGM9	Rtel1	71
Q0VGT2	Gli2	45
Q0VGU4	Vgf	33
Q0VGY8	Tanc1	89
Q0ZLH2	Pjvk	21
Q10470	Mgat3	27
Q10738	Mmp7	11
Q11011	Npepps	46
Q11127	Fut4	25
Q11131	Fut7	18
Q11204	St3gal2	18
Q148R9	Rgs9bp	12
Q148W0	Atp8b1	46
Q149C2	Ift54	27
Q149F3	Gspt2	25
Q149L7	Crtam	14
Q149S1	Tekt4	30
Q14AK4	Zdhhc11	15
Q14AT2	Tex11	59
Q14AT5	Ano7	31
Q14AW5	Nsun7	37
Q14AX6	Cdk12	59
Q14B02	Rnf133	15
Q14B62	ptchd1	29
Q14B80	Kcnc2	20
Q14BB9	Map6d1	10
Q14BI2	Grm2	42
Q14BI7	Tdrd9	79
Q14BT6	A4gnt	17
Q14BU0	Ucma	8
Q14BX2	Prss55	10
Q14CH7	Aars2	43
Q14DK4	Gpat2	37
Q17ST2	Kcna7	19
Q18PE0	Dok7	16
Q18PI6	Cd84	18
Q1A3B0	Cers3	16
Q1EG27	Myo3b	65
Q1ERP8	Cd300lg	16
Q1H9T6	Zbtb48	34
Q1HCM0	Fgfbp3	10
Q1HFZ0	Nsun2	42
Q1HKZ5	Map3k13	39
Q1JRP2	Tmprss11c	22
Q1PSW8	Trim71	39
Q1RNF8	Samd11	17
Q1W617	Shroom4	65
Q1WG82	Zglp1	12
Q1XH17	Trim72	26
Q283N4	Urad	10
Q2EG98	Pkd1l3	68
Q2EMV9	Parp14	107
Q2EY15	Prtg	44
Q2HJ10	Slc30a2	14
Q2HXL6	Edem3	41
Q2KHI9	Mcm9	55
Q2KN98	Specc1l	54
Q2LKU9	Nlrp1a	56
Q2LKV5	Nlrp1b	59
Q2LKW6	Nlrp1b	61
Q2M3X8	Phactr1	27
Q2MH31	Spmip6	19
Q2MHN3	Zfhx2	103
Q2MKA5	Chrna5	24
Q2MV57	Tctn2	31
Q2NKI2	Vax1	14
Q2NL51	Gsk3a	17
Q2PFD7	Psd3	47
Q2PZL6	Fat4	177
Q2Q5T5	Mymx	5
Q2QI47	Ush2A	200
Q2QKR2	Fbxw7-as1	9
Q2TB02	Nfkbid	15
Q2TB54	Fcamr	22
Q2TBA3	Malt1	35
Q2TBE6	Pi4k2a	29
Q2TJ95	Rspo3	11
Q2TV84	Trpm1	85
Q2UY11	Col28a1	61
Q2VPA6	Helq	53
Q2VPD4	Bmal2	28
Q2VPQ9	Meaf6	6
Q2VPU4	Mlxip	31
Q2VWQ2	Nell1	44
Q2WF71	Lrfn1	33
Q2WG76	Ripply2	6
Q2XU92	Acsbg2	26
Q2YDW7	Kmt5a	20
Q31125	Slc39a7	11
Q32M00	Crebl2	5
Q32M02	Fscn2	23
Q32M21	Gsdma2	24
Q32MD9	Cdon	48
Q33DR2	Pdss1	24
Q33DR3	Pdss2	27
Q38HM4	Trim63	21
Q3B7Z2	Osbp	40
Q3HNM7	Insc	28
Q3KNA1	Mrgprb2	9
Q3KNI6	Dnaaf6	8
Q3KNJ2	Nhej1	11
Q3KNM2	Marchf5	15
Q3KNY0	Igfn1	146
Q3LHH8	Esp1	7
Q3LRV9	Treml4	7
Q3LS21	Kcnk9	11
Q3MI48	Jsrp1	13
Q3MI99	Ccbe1	17
Q3SXB8	Colec11	12
Q3T9E4	Tgtp2	23
Q3T9M1	Mfsd2b	12
Q3T9X0	Slc2a9	18
Q3T9Z9	Zup1	32
Q3TA59	Jmjd8	8
Q3TAS6	Emc10	8
Q3TB92	Milr1	15
Q3TBL6	Tnfaip8l3	9
Q3TBT3	Sting1	16
Q3TBV4	Kcnk6	8
Q3TCH7	Cul4a	47
Q3TCJ1	Abraxas2	14
Q3TCN2	Plbd2	25
Q3TCT4	Entpd7	28
Q3TD49	Sppl2b	24
Q3TDK6	Rogdi	20
Q3TDN0	Disp1	59
Q3TDN2	Faf2	22
Q3TDQ1	Stt3b	32
Q3TDX8	Cyb5r4	31
Q3TEA8	Hp1bp3	26
Q3TEL6	Rnf157	24
Q3TES0	Iqsec3	53
Q3TFD2	Lpcat1	20
Q3TH73	Ttyh2	16
Q3THE2	Myl12b	9
Q3THK3	Gtf2f1	19
Q3THK7	Gmps	35
Q3THS6	Mat2a	19
Q3TIR3	Ric8a	28
Q3TIV5	Zc3h15	23
Q3TIW9	Enpp7	20
Q3TIX9	Usp39	29
Q3TJ91	Llgl2	44
Q3TJD7	Pdlim7	24
Q3TKT4	Smarca4	60
Q3TL44	Nlrx1	44
Q3TLD5	Uri1	23
Q3TLR7	Dtl	34
Q3TMP8	Tmem38a	11
Q3TMQ6	Ang4	7
Q3TMV7	Pyroxd1	18
Q3TMX7	Qsox2	34
Q3TN34	Micall2	60
Q3TNH5	Arb2a	19
Q3TP92	Ctdnep1	9
Q3TPJ7	Midn	16
Q3TPX4	Exoc5	41
Q3TQ03	Ciart	16
Q3TQF0	Fbxo31	25
Q3TQQ9	Firrm	41
Q3TR08	Fndc4	9
Q3TRM4	Pnpla6	60
Q3TRM8	Hk3	48
Q3TRR0	Map9	26
Q3TSG4	Alkbh5	18
Q3TTA7	Cblb	50
Q3TTE0	Adam5	41
Q3TTP0	Shcbp1l	26
Q3TTY0	Plb1	79
Q3TTY5	Krt2	39
Q3TUA9	Pomk	14
Q3TUF7	Yeats2	71
Q3TV65	Mpnd	18
Q3TVA9	Ccdc136	66
Q3TVC7	Ccndbp1	13
Q3TVI8	Pbxip1	33
Q3TVW5	Tchp	31
Q3TWI9	Tmem63b	28
Q3TWL2	Pip4p1	13
Q3TWN3	Cnnm2	45
Q3TWW8	Srsf6	16
Q3TXX3	Zfyve27	13
Q3TXX4	Slc17a7	19
Q3TYA6	Mphosph8	36
Q3TYD4	Arsg	22
Q3TYD6	Lmtk2	59
Q3TYQ9	Aox4	56
Q3TYR5	Grxcr2	10
Q3TYS2	Cybc1	11
Q3TYX3	Smyd5	15
Q3TYX8	Rufy4	28
Q3TZW0	Ecscr	10
Q3TZX3	Slc25a33	14
Q3TZX8	Nol9	22
Q3TZZ7	Esyt2	39
Q3U034	Mettl4	23
Q3U0B3	Dhrs11	14
Q3U0D9	Hace1	31
Q3U0K8	Ogfod1	27
Q3U0M1	Trappc9	48
Q3U0P1	Palb2	38
Q3U0P5	Entpd6	20
Q3U0S6	Rasip1	40
Q3U0V1	Khsrp	33
Q3U0V2	Tradd	13
Q3U108	Arid5a	31
Q3U132	Tespa1	20
Q3U133	Znf746	22
Q3U145	Tmem64	11
Q3U182	Crtc2	18
Q3U1C4	Secisbp2	34
Q3U1F9	Pag1	15
Q3U1J0	Slc38a5	16
Q3U1J1	Tfpt	8
Q3U1J4	Ddb1	50
Q3U1N2	Srebf2	46
Q3U1T9	Dennd1b	35
Q3U1U7	Ahrr	30
Q3U213	Serac1	37
Q3U214	Mast3	53
Q3U284	Tmem231	16
Q3U2C5	Rnf149	15
Q3U2K5	Kdm4d	17
Q3U2P1	Sec24a	32
Q3U2S4	Otud5	18
Q3U2S8	Hvcn1	10
Q3U2U7	Mettl17	25
Q3U2V3	Nudt18	18
Q3U319	Rnf40	53
Q3U3Q1	Ulk3	25
Q3U3R4	Lmf1	22
Q3U3T8	Wdr62	67
Q3U435	Mmp25	25
Q3U481	Mfsd12	10
Q3U487	Hectd3	45
Q3U492	Kcp	60
Q3U497	Cd300lb	11
Q3U4G3	Xxylt1	23
Q3U4H6	Hexd	20
Q3U507	Gpr174	14
Q3U5C7	Prickle1	32
Q3U5F4	Yrdc	13
Q3U5Q7	Cmpk2	21
Q3U6B2	Gpr183	15
Q3U6K5	Spata6	27
Q3U6Q4	Pik3r6	41
Q3U7R1	Esyt1	47
Q3U7U3	Fbxo7	12
Q3U827	Rnf180	29
Q3U829	Ap5z1	39
Q3U8K7	Kmt5b	37
Q3U962	Col5a2	66
Q3U9G9	Lbr	23
Q3U9N9	Slc16a10	11
Q3UA06	Trip13	23
Q3UA37	Qrich1	19
Q3UBG2	Pid1	11
Q3UCQ1	Foxk2	25
Q3UCV8	Otulin	22
Q3UDK1	Trafd1	24
Q3UDW8	Hgsnat	17
Q3UEG6	Agxt2	30
Q3UEI1	Pde4c	28
Q3UES3	Tnks2	55
Q3UEZ8	Slc10a4	7
Q3UFB7	Ntrk1	26
Q3UFD7	Ffar3	11
Q3UFJ6	Tmem184a	14
Q3UFT3	Garem1	42
Q3UFY8	Trmt10c	24
Q3UG20	Kmt2e	58
Q3UGF1	Wdr19	75
Q3UGM2	Nek10	53
Q3UGX3	Nat8l	11
Q3UH06	Rreb1	77
Q3UH53	Sdk1	90
Q3UH60	Dip2b	73
Q3UH66	Wnk2	68
Q3UH93	Plxnd1	86
Q3UH99	Shisa6	26
Q3UHA3	Spg11	114
Q3UHC0	Tnrc6c	64
Q3UHC2	Lrrk1	99
Q3UHC7	Dab2ip	67
Q3UHD1	Adgrb1	70
Q3UHD6	Snx27	28
Q3UHD9	Agap2	51
Q3UHF7	Hivep2	102
Q3UHH1	Zswim8	71
Q3UHJ0	Aak1	38
Q3UHK1	Slc2a13	20
Q3UHK6	Tenm4	117
Q3UHK8	Tnrc6a	73
Q3UHN9	Ndst1	48
Q3UHU5	Mtcl1	104
Q3UHX9	Spout1	18
Q3UHZ5	Lmod2	28
Q3UI43	Babam1	14
Q3UIJ9	Myzap	28
Q3UIK4	Mettl14	16
Q3UIL6	Plekha7	62
Q3UIR3	Dtx3l	34
Q3UIW5	Rnf10	28
Q3UIZ8	Mylk3	37
Q3UJD6	Usp19	60
Q3UJU9	Rmdn3	24
Q3UK10	B9d2	7
Q3UK78	Pcgf5	12
Q3UKC1	Tax1bp1	44
Q3UL36	Arglu1	11
Q3UL53	Crxos	14
Q3ULA2	Btrc	35
Q3ULB5	Pak6	29
Q3ULF4	Spg7	42
Q3ULJ0	Gpd1l	21
Q3ULW8	Parp3	30
Q3ULZ2	Fhdc1	61
Q3UMB5	Smcr8	45
Q3UMB9	Washc4	65
Q3UMC0	Afg2a	52
Q3UMM4	Cdk10	20
Q3UMQ8	Naf1	12
Q3UMR0	Ankrd27	58
Q3UMR5	Mcu	17
Q3UMU9	Hdgfl2	35
Q3UMW7	Mapkapk3	21
Q3UMW8	Cln5	21
Q3UMY5	Eml4	51
Q3UMZ3	Plpp5	15
Q3UN02	Lclat1	19
Q3UN04	Usp30	22
Q3UND0	Skap2	20
Q3UNH4	Gprin1	68
Q3UNW5	Tfcp2l1	20
Q3UNX5	Acsm3	33
Q3UP24	Nlrc4	54
Q3UP38	Cracr2a	36
Q3UP87	Elane	10
Q3UPF5	Zc3hav1	58
Q3UPL0	Sec31a	48
Q3UPP8	Cep63	35
Q3UPW2	Elf3	17
Q3UQ28	Pxdn	76
Q3UQN2	Fcho2	33
Q3UQS8	Rbm20	38
Q3UR32	P2rx3	23
Q3UR78	Nicol1	5
Q3UR85	Myrf	42
Q3URD3	Slmap	55
Q3URK3	Tet1	90
Q3URR7	Zscan10	34
Q3URS9	Ccdc51	22
Q3URU2	Peg3	74
Q3URV1	Tbc1d32	56
Q3URY2	Gmnc	14
Q3US41	Esrp1	30
Q3USB7	Plcl1	54
Q3USJ8	Fchsd2	37
Q3USS3	Drc1	39
Q3UTB7	Foxr1	15
Q3UTH8	Arhgef9	24
Q3UTJ2	Sorbs2	61
Q3UTQ7	Prdm10	32
Q3UTQ8	Cdkl5	53
Q3UTY6	Thsd4	49
Q3UU41	Scimp	7
Q3UU96	Cdc42bpa	83
Q3UUG6	Tbc1d24	26
Q3UUI3	Them4	10
Q3UUJ4	Strada	21
Q3UUQ7	Pgap1	43
Q3UUV5	Skap1	13
Q3UUY6	Prom2	35
Q3UV55	Nr1d1	26
Q3UV74	Itgb2l	38
Q3UVC0	Ksr2	49
Q3UVD5	Lgr6	32
Q3UVK0	Ermp1	32
Q3UVL4	Vps51	41
Q3UVR3	Ttbk2	59
Q3UVU3	Slc30a10	16
Q3UVX5	Grm5	62
Q3UW12	Cnga4	21
Q3UW53	Niban1	41
Q3UWA6	Gucy2c	49
Q3UWM4	Kdm7a	44
Q3UX61	Naa11	12
Q3UXZ9	Kdm5a	86
Q3UYG8	Macrod2	19
Q3UYH7	Grk3	37
Q3UYI5	Rgl3	40
Q3UYI6	Fuz	21
Q3UYV8	Dnaaf3	20
Q3UYV9	Ncbp1	33
Q3UZ18	Ice2	49
Q3UZ39	Lrrfip1	35
Q3UZ45	Mcidas	15
Q3UZ57	Axdnd1	50
Q3UZD5	Prdm6	27
Q3UZP0	Marveld2	25
Q3UZV7	Elapor2	48
Q3UZZ6	Sult1d1	15
Q3V016	Hipk4	38
Q3V050	Slc47a2	16
Q3V079	Bbof1	30
Q3V089	Rbm44	53
Q3V0B4	Cfap65	76
Q3V0C5	Usp48	55
Q3V0F0	Rimbp3	76
Q3V0I2	Prr7	7
Q3V0J1	Tmem237	12
Q3V0K9	Pls1	34
Q3V0Q1	Dnah12	169
Q3V0Q6	Spag8	19
Q3V0Q7	Tmprss12	14
Q3V0T4	Itgad	49
Q3V129	Ulk4	56
Q3V132	Slc25a31	24
Q3V140	Acrbp	24
Q3V188	Endou	19
Q3V1D5	Pnpla1	29
Q3V1G4	Olfml2b	25
Q3V1H1	Ckap2	38
Q3V1H3	Hephl1	52
Q3V1L4	Nt5c2	25
Q3V1N1	Mfhas1	48
Q3V1N9	A3galt2	12
Q3V1T4	P3h1	34
Q3V2A7	Qrich2	29
Q3V300	Kif22	34
Q3V3I2	Gnat3	18
Q3V3N7	Bbs1	34
Q3V3R1	Mthfd1l	51
Q3V3R4	Itga1	49
Q3V3V9	Carmil2	55
Q3V3Z3	Adgrg5	17
Q3ZAS0	Slc9a2	26
Q3ZK22	Vezt	28
Q3ZN08	Fam220a	13
Q402U7	Prss44	16
Q45KJ6	Lin28b	16
Q45VK7	Dync2h1	238
Q497L9	Slc22a14	20
Q499E0	Brinp3	30
Q499E4	Dzip1l	38
Q49B93	Slc5a12	17
Q4ACU6	Shank3	67
Q4FZC9	Syne3	56
Q4FZD7	Plk5	28
Q4JIM5	Abl2	47
Q4JK59	Tet2	81
Q4KL25	Lhfpl5	9
Q4KMM3	Oxr1	44
Q4KUS2	Unc13a	83
Q4KWH5	Plch1	79
Q4LDD4	Arap1	68
Q4LDG0	Slc27a5	29
Q4PLS0	Nlrp2	54
Q4PZA2	Ece1	41
Q4QRL3	Ccdc88b	77
Q4QY64	Atad5	92
Q4U2R1	Herc2	223
Q4U4S6	Xirp2	217
Q4V9Z5	Sez6l2	22
Q4VA53	Pds5b	74
Q4VA61	Dscaml1	97
Q4VAA7	Snx33	23
Q4VAE3	Tmem65	13
Q4VBD9	Gzf1	35
Q4VBE4	Egflam	46
Q4VC33	Maea	23
Q4VGL6	Rc3h1	48
Q4ZJM7	Otol1	16
Q4ZJM9	C1ql4	12
Q4ZJN1	C1qtnf9	18
Q501J6	Ddx17	32
Q501J7	Phactr4	33
Q501P1	Fbln7	24
Q504M8	Rab26	11
Q504P2	Clec12a	14
Q505B8	Syce2	10
Q505F1	Nr2c1	31
Q505H4	Vwc2l	7
Q50H32	Grxcr1	12
Q50L41	Pla2g4f	38
Q50L42	Pla2g4e	35
Q50L43	Pla2g4d	39
Q52KB6	C2cd3	102
Q52KE7	Ccnl1	20
Q52KF3	Spire1	32
Q52KG5	Kif26a	92
Q52KI8	Srrm1	45
Q52KR2	Lrig2	51
Q52KR3	Prune2	94
Q569L8	Cpap	73
Q569Z5	Ddx46	55
Q569Z6	Thrap3	43
Q56A07	Scn2b	11
Q570Y9	Deptor	20
Q571B6	Whamm	32
Q571E4	Galns	23
Q571I4	Prag1	66
Q571J5	Znf354c	32
Q571K4	Tab3	25
Q58A65	Spag9	67
Q58FA4	E2f8	34
Q58NB6	Dhrs9	17
Q58Y75	ADGRF3	19
Q5BJ29	Fbxl7	25
Q5BKP2	Usp13	41
Q5BKR2	Slc9b2	17
Q5BL07	Pex1	60
Q5BLK4	Tut7	78
Q5BN45	Pierce1	12
Q5D1E7	Zc3h12a	30
Q5DID3	Umodl1	54
Q5DQR4	Stxbp5l	49
Q5DTH5	Tshz1	48
Q5DTI8	Esyt3	35
Q5DTJ9	Mypn	58
Q5DTK1	Chsy3	48
Q5DTL9	Slc4a10	51
Q5DTM8	Rnf20	54
Q5DTT2	Psd	42
Q5DTY9	Kctd16	23
Q5DU00	Dcdc2	20
Q5DU02	Usp22	24
Q5DU05	Cep164	73
Q5DU14	Myo16	78
Q5DU25	Iqsec2	64
Q5DU37	Zfyve26	124
Q5DU41	Lrrc8b	32
Q5DU56	Nlrc3	59
Q5DU57	Spata13	27
Q5DW34	Ehmt1	60
Q5EBG6	Hspb6	7
Q5EBH1	Rassf5	26
Q5EBJ4	Ermn	13
Q5EBP3	Armc5	36
Q5EE38	Acd	17
Q5EG47	Prkaa1	25
Q5F201	Cfap52	29
Q5F293	Zbtb4	34
Q5F2C3	Meikin	17
Q5F2E8	Taok1	45
Q5F2F2	Abhd15	20
Q5F2L2	Pofut3	28
Q5FW52	Mlip	41
Q5FW60	Mup20	11
Q5FW85	Ecm2	29
Q5FWH3	Grhl3	29
Q5FWH6	Arhgef15	45
Q5FWH7	Slc39a12	27
Q5FWI2	Sctr	16
Q5FWI3	Cemip2	80
Q5G5D5	Syna	11
Q5GH62	Xkr9	11
Q5GH67	Xkr4	19
Q5GIG6	Tnni3k	36
Q5H8C4	Vps13a	137
Q5HZG4	Taf3	35
Q5HZG9	Znf488	15
Q5HZH7	Slc38a8	10
Q5HZI1	Mtus1	62
Q5HZJ0	Drosha	52
Q5I012	Slc38a10	54
Q5I043	Usp28	51
Q5I1X5	Ppp1r13l	37
Q5IBH7	Spdya	17
Q5IRJ6	Slc30a9	25
Q5ISE2	Zfp36l3	12
Q5JCT0	Gcnt3	26
Q5K6N0	Tmem232	34
Q5KU39	Vps41	44
Q5M8M9	Lrrc52	12
Q5M8Q2	H2al1a	5
Q5MJS3	Fam20c	27
Q5MPP0	Fa2h	21
Q5NBX1	Cobl	63
Q5NBY9	Patz1	34
Q5NC57	Cfap144	7
Q5NCC3	Trim41	29
Q5NCC9	Trim58	24
Q5NCH9	Grm6	35
Q5NCP0	Rnf43	30
Q5NCQ5	Dph1	22
Q5NCY0	Kdm6b	63
Q5ND04	Hsf5	13
Q5ND28	Scarf1	29
Q5ND29	Rilp	19
Q5ND34	Wdr81	83
Q5PR68	Cep112	54
Q5PSV9	Mdc1	64
Q5PT53	Slc10a7	6
Q5QD04	Taar9	8
Q5QD05	Taar8c	7
Q5QD14	Taar5	10
Q5QD15	Taar4	8
Q5QNQ9	Col27a1	82
Q5QNS5	Havcr1	11
Q5RI75	Rasef	40
Q5RJG7	Crppa	17
Q5RJI4	Pkdcc	19
Q5RJI5	Brsk1	45
Q5RJY2	G2e3	35
Q5RKR3	Islr2	35
Q5RKZ7	Mocs1	36
Q5S003	Spag17	93
Q5S006	Lrrk2	132
Q5S248	Tmprss11e	21
Q5SDA5	Gucy2f	54
Q5SF07	Igf2bp2	27
Q5SGK3	Aox2	67
Q5SNZ0	Ccdc88a	92
Q5SPL2	Phf12	37
Q5SPW0	Vps54	44
Q5SQF8	Sap30l	10
Q5SQP1	Hormad2	18
Q5SQX6	Cyfip2	65
Q5SRY7	Fbxw11	32
Q5SSE9	Abca13	219
Q5SSF7	Tent5c	20
Q5SSG4	Gas2l2	48
Q5SSG5	Rasl10b	9
Q5SSH7	Zzef1	132
Q5SSL4	Abr	43
Q5SSM3	Arhgap44	30
Q5SSW2	Psme4	89
Q5SSZ5	Tns3	52
Q5SSZ7	Znrf3	34
Q5STT6	Garin3	24
Q5SU73	Coil	23
Q5SUA5	Myo1g	57
Q5SUC9	Sco1	12
Q5SUE7	Adad1	35
Q5SUQ9	Ctc1	50
Q5SUV2	Mycbpap	42
Q5SV06	Spata22	19
Q5SV66	Ccdc42	18
Q5SV77	Ggnbp2	29
Q5SV80	Myo19	46
Q5SVD0	Rflnb	7
Q5SVL6	Rap1gap2	30
Q5SVQ0	Kat7	29
Q5SW45	Mks1	22
Q5SW46	Lpo	35
Q5SW75	Ssh2	62
Q5SWK7	Rnf145	20
Q5SWU9	Acaca	121
Q5SWW4	Med13	84
Q5SWZ9	Pld6	10
Q5SX39	Myh4	102
Q5SX40	Myh1	101
Q5SXA9	Wwc1	46
Q5SXI5	Znf496	21
Q5SXJ3	Brip1	62
Q5SXY1	Specc1	55
Q5SYD0	Myo1d	62
Q5SZ93	Slc17a3	10
Q5SZ99	Trim38	22
Q5SZV5	Kiaa0319	38
Q5TIS6	Noto	8
Q5U405	Tmprss13	26
Q5U430	Ubr3	84
Q5U431	Gpr39	17
Q5U462	Cdcp1	39
Q5U4C9	Dyrk2	34
Q5U4D8	Slc5a6	14
Q5U4E0	Lhfpl4	7
Q5U4E2	Repin1	27
Q5U4F6	Dync2i2	18
Q5U4H9	Ncoa4	29
Q5U5M8	Bloc1s3	11
Q5U5Q9	Uimc1	32
Q5UAK0	Mier1	24
Q5UKY4	Cd200r3	13
Q5UW37	Cxcl17	8
Q5VCS6	Tdrd5	52
Q5XF90	Atp13a4	54
Q5XJE5	Leo1	33
Q5XJV6	Lmtk3	45
Q5XJV7	Setd5	63
Q5XJY4	Parl	16
Q5XJY5	Arcn1	26
Q5XJY6	Fancb	31
Q5XKN4	Jagn1	6
Q5XPI3	Rnf123	56
Q5XPT3	Large2	37
Q5Y4Y6	Gsdma3	24
Q5Y5T1	Zdhhc20	18
Q5Y5T2	Zdhhc18	13
Q5Y5T5	Zdhhc8	30
Q5YD48	A1cf	28
Q60519	Sema5b	46
Q60520	Sin3a	58
Q60571	Crhbp	15
Q60575	Kif1b	96
Q60591	Nfatc2	36
Q60592	Mast2	76
Q60596	Xrcc1	30
Q60597	Ogdh	47
Q60598	Cttn	25
Q60603	Kcnh1	41
Q60604	Scin	40
Q60605	Myl6	10
Q60610	Tiam1	77
Q60611	Satb1	33
Q60612	Adora1	3
Q60613	Adora2a	6
Q60614	Adora2b	8
Q60625	Icam5	35
Q60629	Epha5	44
Q60631	Grb2	14
Q60632	Nr2f1	20
Q60634	Flot2	27
Q60636	Prdm1	41
Q60641	Nr1h4	23
Q60644	Nr1h2	19
Q60648	Gm2a	8
Q60649	Clpb	35
Q60651	Klra4	17
Q60654	Klra7	16
Q60662	Akap4	49
Q60664	Irag2	29
Q60665	Skil	38
Q60668	Hnrnpd	13
Q60670	Sik1	24
Q60673	Ptprn	33
Q60674	Nr1d2	33
Q60675	Lama2	159
Q60676	Ppp5c	25
Q60677	Itgae	47
Q60680	Chuk	38
Q60682	Klra8	19
Q60687	Fshb	8
Q60692	Psmb6	11
Q60696	Pmel	14
Q60698	Ski	37
Q60700	Map3k12	34
Q60707	Tbx2	24
Q60710	Samhd1	37
Q60714	Slc27a1	29
Q60715	P4ha1	25
Q60716	P4ha2	28
Q60718	Adam2	32
Q60720	Cyb561	4
Q60722	Tcf4	24
Q60736	Zp3r	24
Q60737	Csnk2a1	18
Q60738	Slc30a1	21
Q60739	Bag1	18
Q60748	Crhr2	12
Q60749	Khdrbs1	12
Q60750	Epha1	37
Q60751	Igf1r	64
Q60754	Marco	23
Q60755	Calcr	11
Q60756	Tcf15	11
Q60759	Gcdh	19
Q60760	Grb10	29
Q60764	Mkrn3	22
Q60765	Atf3	6
Q60766	Irgm1	17
Q60769	Tnfaip3	45
Q60770	Stxbp3	31
Q60771	Cldn11	5
Q60773	Cdkn2d	11
Q60775	Elf1	13
Q60778	Nfkbib	13
Q60779	Drc4	26
Q60780	Gas7	17
Q60787	Lcp2	22
Q60793	Klf4	13
Q60795	Nfe2l2	16
Q60803	Traf3	38
Q60805	Mertk	40
Q60806	Plk3	34
Q60809	Cnot7	15
Q60813	Adam1a	27
Q60817	Naca	6
Q60819	Il15ra	18
Q60821	Zbtb17	37
Q60823	Akt2	30
Q60825	Slc34a1	24
Q60829	Ppp1r1b	11
Q60837	Il12rb1	36
Q60838	Dvl2	30
Q60841	Reln	116
Q60843	Klf2	11
Q60846	Tnfrsf8	22
Q60847	Col12a1	146
Q60848	Hells	43
Q60855	Ripk1	32
Q60856	Oas1b	21
Q60857	Slc6a4	15
Q60860	Ltc4s	6
Q60862	Orc2	31
Q60864	Stip1	34
Q60865	Caprin1	21
Q60866	Pter	18
Q60867	Neurod1	10
Q60870	Reep5	7
Q60875	Arhgef2	53
Q60876	Eif4ebp1	2
Q60898	Sla	13
Q60902	Eps15l1	48
Q60928	Ggt1	27
Q60929	Mef2a	14
Q60930	Vdac2	15
Q60931	Vdac3	14
Q60932	Vdac1	17
Q60934	Grik1	38
Q60935	Art1	12
Q60936	Coq8a	26
Q60943	Il17ra	30
Q60949	Tbc1d1	64
Q60952	Cep250	141
Q60953	Pml	42
Q60954	Meis1	17
Q60960	Kpna1	18
Q60963	Pla2g7	17
Q60967	Papss1	32
Q60969	Styx	14
Q60972	Rbbp4	13
Q60973	Rbbp7	15
Q60974	Ncor1	110
Q60980	Klf3	14
Q60987	Foxg1	15
Q60988	Stil	53
Q60989	Xiap	29
Q60991	Cyp7b1	25
Q60992	Vav2	48
Q60994	Adipoq	11
Q60996	Ppp2r5c	24
Q60997	Dmbt1	52
Q61001	Lama5	141
Q61003	Cd6	27
Q61006	Musk	41
Q61009	Scarb1	18
Q61010	Dtx1	28
Q61012	Gngt1	3
Q61016	Gng7	4
Q61024	Asns	30
Q61025	Ift20	6
Q61026	Ncoa2	51
Q61029	Tmpo	21
Q61033	Tmpo	39
Q61036	Pak3	25
Q61037	Tsc2	83
Q61038	Gpr65	16
Q61039	Hand2	7
Q61043	Nin	116
Q61048	Wbp4	12
Q61056	Trpc1	36
Q61060	Foxd3	9
Q61062	Dvl3	26
Q61066	Nr0b1	21
Q61068	Usp17la	18
Q61069	Usf1	9
Q61070	Ei24	13
Q61072	Adam9	38
Q61074	Ppm1g	21
Q61079	Sim2	29
Q61080	Foxf1	8
Q61081	Cdc37	17
Q61083	Map3k2	29
Q61084	Map3k3	36
Q61085	Rhpn1	31
Q61086	Fzd3	33
Q61087	Lamb3	64
Q61088	Fzd4	19
Q61089	Fzd6	31
Q61090	Fzd7	20
Q61091	Fzd8	28
Q61092	Lamc2	62
Q61093	Cybb	27
Q61096	Prtn3	12
Q61097	Ksr1	47
Q61098	Il18r1	29
Q61102	Abcb7	34
Q61103	Dpf2	21
Q61107	Gbp3	34
Q61112	Sdf4	17
Q61115	Ptch1	57
Q61122	Nab1	26
Q61124	Cln3	11
Q61127	Nab2	23
Q61129	Cfi	33
Q61136	Prp4k	40
Q61137	Astn1	50
Q61139	Pcsk7	29
Q61140	Bcar1	44
Q61142	Spin1	14
Q61143	Trpc6	43
Q61144	Psen2	15
Q61146	Ocln	16
Q61147	Cp	51
Q61152	Ptpn18	26
Q61153	Dio1	11
Q61160	Fadd	9
Q61161	Map4k2	34
Q61164	Ctcf	27
Q61165	Slc9a1	21
Q61166	Mapre1	15
Q61168	Laptm5	8
Q61169	Gata6	18
Q61171	Prdx2	10
Q61176	Arg1	14
Q61179	Irf9	17
Q61180	Scnn1a	31
Q61183	Papola	38
Q61187	Tsg101	16
Q61188	Ezh2	30
Q61191	Hcfc1	58
Q61194	Pik3c2a	95
Q61205	Pafah1b3	15
Q61206	Pafah1b2	8
Q61207	Psap	31
Q61210	Arhgef1	45
Q61214	Dyrk1a	27
Q61216	Mre11	33
Q61220	Nell2	39
Q61221	Hif1a	32
Q61224	Htr1d	8
Q61233	Lcp1	38
Q61234	Snta1	23
Q61235	Sntb2	26
Q61239	Fnta	16
Q61241	Tssk1b	21
Q61245	Col11a1	89
Q61247	Serpinf2	18
Q61249	Igbp1	18
Q61263	Soat1	22
Q61271	Acvr1b	21
Q61282	Acan	53
Q61285	Abcd2	39
Q61286	Tcf12	30
Q61288	Acvrl1	24
Q61290	Cacna1e	88
Q61292	Lamb2	87
Q61301	Ctnna2	49
Q61312	Tfap2c	18
Q61313	Tfap2b	19
Q61315	Apc	151
Q61321	Six4	19
Q61324	Arnt2	28
Q61327	Slc6a3	18
Q61329	Zfhx3	139
Q61330	Cntn2	48
Q61335	Bcap31	14
Q61337	Bad	12
Q61345	Foxd1	11
Q61361	Bcan	40
Q61362	Chi3l1	19
Q61371	Ift88	37
Q61382	Traf4	28
Q61391	Mme	39
Q61398	Pcolce	19
Q61400	Ceacam10	11
Q61409	Pde3b	48
Q61410	Prkg2	42
Q61411	Hras	10
Q61412	Vsx2	21
Q61414	Krt15	29
Q61418	Clcn4	27
Q61419	Cmah	26
Q61420	Slc35a1	14
Q61423	Kcna4	24
Q61425	Hadh	14
Q61450	Lilrb4b	9
Q61451	Cd53	4
Q61457	Ccne1	20
Q61458	Ccnh	18
Q61462	Cyba	7
Q61464	Znf638	87
Q61466	Smarcd1	28
Q61468	Msln	27
Q61469	Plpp1	10
Q61470	Cd37	13
Q61471	Tob1	11
Q61473	Sox17	10
Q61474	Msi1	13
Q61475	Cd55	17
Q61477	Nbl1	5
Q61481	Pde1a	27
Q61483	Dll1	29
Q61488	Dhh	21
Q61490	Alcam	26
Q61493	Rev3l	146
Q61495	Dsg1a	38
Q61496	Ddx4	39
Q61501	E2f1	16
Q61502	E2f5	11
Q61503	Nt5e	27
Q61508	Ecm1	30
Q61510	Trim25	34
Q61521	Ereg	6
Q61526	Erbb3	52
Q61527	Erbb4	57
Q61532	Mapk6	33
Q61539	Esrrb	20
Q61542	Stard3	21
Q61543	Glg1	60
Q61545	Ewsr1	17
Q61548	Snap91	21
Q61549	Adgre1	22
Q61550	Rad21	26
Q61553	Fscn1	28
Q61554	Fbn1	142
Q61555	Fbn2	129
Q61559	Fcgrt	9
Q61572	Foxc1	14
Q61574	Foxs1	13
Q61575	Foxn1	15
Q61576	Fkbp10	36
Q61581	Igfbp7	16
Q61584	Fxr1	33
Q61586	Gpam	35
Q61592	Gas6	32
Q61595	Ktn1	79
Q61598	Gdi2	27
Q61602	Gli3	57
Q61603	Glra4	19
Q61606	Gcgr	16
Q61609	Slc20a1	21
Q61614	Ednra	16
Q61616	Drd1	14
Q61618	Adora3	7
Q61624	Znf148	31
Q61625	Grid2	45
Q61626	Grik5	41
Q61627	Grid1	46
Q61644	Pacsin1	25
Q61645	Hr	53
Q61647	Has1	36
Q61656	Ddx5	33
Q61657	Hes3	7
Q61658	Hesx1	10
Q61660	Foxj1	11
Q61663	Tlx2	7
Q61666	Hira	41
Q61670	Hlx	12
Q61672	Slc29a2	11
Q61686	Cbx5	11
Q61687	Atrx	118
Q61694	Hsd3b5	16
Q61696	Hspa1a	33
Q61699	Hsph1	45
Q61701	Elavl4	20
Q61712	Dnajc1	26
Q61727	Il10ra	14
Q61730	Il1rap	31
Q61735	Cd47	10
Q61738	Itga7	45
Q61739	Itga6	54
Q61743	Kcnj11	13
Q61749	Eif2b4	23
Q61753	Phgdh	20
Q61759	Klk1b21	9
Q61762	Kcna5	24
Q61767	Hsd3b4	15
Q61768	Kif5b	58
Q61771	Kif3b	41
Q61772	Epha7	43
Q61781	Krt14	30
Q61789	Lama3	161
Q61790	Lag3	26
Q61805	Lbp	18
Q61810	Ltbp3	59
Q61817	Creb3	11
Q61818	Rai1	74
Q61820	Rasl2-9	11
Q61823	Pdcd4	23
Q61824	Adam12	41
Q61826	Madcam1	11
Q61827	Mafk	10
Q61830	Mrc1	72
Q61831	Mapk10	22
Q61835	Fxyd3	4
Q61838	Pzp	61
Q61839	Nppc	5
Q61845	Meig1	6
Q61846	Melk	34
Q61847	Mep1b	28
Q61850	Foxc2	17
Q61851	Fgfr3	34
Q61879	Myh10	100
Q61880	Dmc1	17
Q61881	Mcm7	39
Q61884	Mns1	30
Q61885	Mog	11
Q61907	Pemt	2
Q61909	Runx1t1	28
Q61923	Kcna6	20
Q61937	Npm1	12
Q61941	Nnt	41
Q61955	Klk8	8
Q61967	Zfp90	35
Q61982	Notch3	77
Q61985	Nfe2l1	21
Q61990	Pcbp2	16
Q61999	Odf1	11
Q62005	Zp1	21
Q62007	Or10j5	7
Q62009	Postn	38
Q62010	Ovgp1	47
Q62011	Pdpn	6
Q62018	Ctr9	55
Q62028	Pla2r1	66
Q62035	Ptafr	5
Q62036	Cep131	56
Q62048	Pea15	7
Q62052	Oca2	24
Q62053	Ptger2	7
Q62059	Vcan	103
Q62066	Phox2a	13
Q62070	Pim2	15
Q62073	Map3k7	29
Q62074	Prkci	22
Q62077	Plcg1	58
Q62083	Pick1	19
Q62087	Pon3	13
Q62092	Nsg1	10
Q62093	Srsf2	9
Q62095	Ddx3y	42
Q62101	Prkd1	28
Q62108	Dlg4	31
Q62120	Jak2	64
Q62130	Ptpn14	52
Q62132	Ptprr	33
Q62137	Jak3	54
Q62141	Sin3b	61
Q62148	Aldh1a2	21
Q62151	Ager	14
Q62158	Trim27	22
Q62159	Rhoc	8
Q62165	Dag1	37
Q62167	Ddx3x	39
Q62170	Selplg	10
Q62172	Ralbp1	27
Q62178	Sema4a	34
Q62179	Sema4b	34
Q62181	Sema3c	39
Q62187	Ttf1	47
Q62188	Dpysl3	29
Q62190	Mst1r	62
Q62191	Trim21	22
Q62192	Cd180	23
Q62193	Rpa2	8
Q62203	Sf3a2	13
Q62205	Scn9a	66
Q62209	Sycp1	56
Q62210	Birc2	36
Q62217	Sema5a	49
Q62219	Tgfb1i1	24
Q62226	Shh	25
Q62227	Nr0b2	8
Q62230	Siglec1	69
Q62231	Six1	11
Q62232	Six2	12
Q62233	Six3	11
Q62234	Myom1	97
Q62240	Kdm5d	79
Q62245	Sos1	72
Q62255	Sall3	46
Q62261	Sptbn1	139
Q62264	Thrsp	7
Q62270	Srms	20
Q62273	Slc26a2	22
Q62277	Syp	12
Q62280	Ss18	3
Q62288	Spock1	21
Q62293	Tgtp1	23
Q62296	Tead4	13
Q62311	Taf6	40
Q62312	Tgfbr2	31
Q62313	Tgoln1	17
Q62314	Tgoln2	16
Q62315	Jarid2	58
Q62318	Trim28	29
Q62348	Tsn	12
Q62351	Tfrc	38
Q62356	Fstl1	21
Q62361	Trh	12
Q62371	Ddr2	33
Q62376	Snrnp70	17
Q62383	Supt6h	79
Q62384	Zpr1	26
Q62386	Il17a	11
Q62388	Atm	154
Q62392	Phlda1	17
Q62393	Tpd52	8
Q62396	Zfp92	24
Q62398	Cnga2	29
Q62401	Ccl12	4
Q62406	Irak1	25
Q62407	Speg	136
Q62413	Epha6	44
Q62414	Neurod2	18
Q62417	Sorbs1	72
Q62418	Dbnl	20
Q62419	Sh3gl1	20
Q62420	Sh3gl2	15
Q62421	Sh3gl3	20
Q62424	Hoxa13	10
Q62431	Arid3a	25
Q62432	Smad2	18
Q62433	Ndrg1	13
Q62440	Tle1	30
Q62441	Tle4	32
Q62442	Vamp1	4
Q62448	Eif4g2	49
Q62452	Ugt1a9	24
Q62463	Avpr1a	14
Q62465	Vat1	15
Q62468	Vil1	45
Q62469	Itga2	43
Q62470	Itga3	38
Q62481	Vps72	12
Q62504	Spen	156
Q62511	Zfp91	21
Q62520	Zic2	10
Q62521	Zic3	12
Q62522	Zpbp	19
Q62523	Zyx	18
Q62559	Ift52	18
Q63739	Ptp4a1	9
Q63810	Ppp3r1	9
Q63811	Ppp3r2	10
Q63844	Mapk3	22
Q63850	Nup62	10
Q63870	Col7a1	145
Q63886	Ugt1a1	21
Q63912	Omg	19
Q63918	Cavin2	20
Q63932	Map2k2	16
Q63934	Pou4f2	14
Q63943	Mef2d	14
Q63955	Pou4f3	14
Q63959	Kcnc3	21
Q63961	Eng	23
Q63994	Cd33	14
Q63ZV0	Insm1	24
Q63ZW6	Col4a5	66
Q63ZW7	Patj	82
Q64008	Rab34	17
Q64010	Crk	18
Q64012	Raly	17
Q64018	Glra1	16
Q64028	Phc1	21
Q64092	Tfe3	18
Q64096	Mcf2l	63
Q640L3	Ccpg1	30
Q640M6	Gdpd5	18
Q640N1	Aebp1	43
Q640N2	Arl13b	21
Q640Q5	Pan3	29
Q64104	Nr2e1	20
Q64105	Spr	14
Q64112	Ifit2	25
Q64124	Scx	11
Q64127	Trim24	53
Q64131	Runx3	14
Q64133	Maoa	25
Q64151	Sema4c	44
Q64163	Tfdp2	14
Q64176	Ces1e	26
Q64191	Aga	17
Q641K1	Agtpbp1	63
Q641K5	Nuak1	29
Q64205	Dlx3	9
Q64213	Sf1	16
Q64221	Nhlh2	6
Q64237	Dbh	26
Q64249	Nr6a1	24
Q64253	Ly6e	5
Q64261	Cdk6	19
Q64264	Htr1a	10
Q64267	Xpa	11
Q64277	Bst1	16
Q64279	Hand1	7
Q64280	Lefty1	22
Q64281	Lilrb4a	9
Q64282	Ifit1	27
Q64285	Cel	25
Q64287	Irf4	22
Q64288	Omp	10
Q64291	Krt12	20
Q64299	Ccn3	16
Q64310	Surf4	9
Q64314	Cd34	10
Q64317	Dlx1	8
Q64318	Zeb1	41
Q64321	Zbtb7b	12
Q64324	Stxbp2	32
Q64329	Klra3	18
Q64331	Myo6	63
Q64332	Syn2	21
Q64336	Tbr1	32
Q64337	Sqstm1	15
Q64338	Pde1c	36
Q64339	Isg15	6
Q64343	Abcg1	26
Q64347	Clcn1	39
Q64355	Efs	28
Q64362	Aktip	13
Q64364	Cdkn2a	10
Q64368	Dazl	8
Q64373	Bcl2l1	10
Q64374	Rgn	18
Q64378	Fkbp5	28
Q64385	Il11ra1	13
Q64387	Pnoc	11
Q64429	Cyp1b1	23
Q64430	Atp7a	56
Q64434	Ptk6	25
Q64435	Ugt1a6	22
Q64436	Atp4a	46
Q64437	Adh7	19
Q64438	Ang2	7
Q64441	Cyp24a1	30
Q64442	Sord	20
Q64444	Ca4	15
Q64446	Atp7b	59
Q64449	Mrc2	56
Q64455	Ptprj	47
Q64458	Cyp2c29	26
Q64459	Cyp3a11	22
Q64462	Cyp4b1	27
Q64464	Cyp3a13	24
Q64467	Gapdhs	17
Q64471	Gstt1	11
Q64475	H2bc3	7
Q64478	H2bc9	7
Q64481	Cyp3a16	23
Q64487	Ptprd	92
Q64505	Cyp7a1	24
Q64511	Top2b	87
Q64512	Ptpn13	122
Q64514	Tpp2	66
Q64516	Gk	28
Q64518	Atp2a3	43
Q64519	Sdc3	12
Q64520	Guk1	13
Q64521	Gpd2	43
Q64522	H2ac21	6
Q64523	H2ac20	5
Q64524	H2bc21	7
Q64525	H2bc18	7
Q64527	Wnt8a	17
Q64669	Nqo1	15
Q64676	Ugt8	23
Q64685	St6gal1	18
Q64687	St8sia1	15
Q64689	St8sia3	22
Q64691	Capn3	47
Q64692	St8sia4	20
Q64693	Pou2af1	3
Q64700	Rbl2	61
Q64701	Rbl1	59
Q64702	Plk4	40
Q64704	Stx3	11
Q64705	Usf2	10
Q64707	Zrsr2-ps1	19
Q64727	Vcl	74
Q64729	Tgfbr1	26
Q64731	Foxl1	10
Q64732	Foxb1	7
Q64735	Cr1l	17
Q64737	Gart	47
Q64739	Col11a2	82
Q64FW2	Retsat	29
Q64GA5	Pla2g4c	31
Q65CL1	Ctnna3	44
Q65Z40	Wapl	69
Q66GT5	Ptpmt1	12
Q66JQ7	Knl1	118
Q66JT0	Wee2	32
Q66JT1	Lrrc8e	41
Q66JT7	Coq2	12
Q66JW3	Tox	10
Q66JY2	Ino80d	31
Q66L42	Map3k10	42
Q66L44	Cbarp	25
Q66LM6	Fam170a	17
Q66PY1	Scube3	43
Q66T02	Plekhg5	44
Q66X05	Nlrp4f	56
Q66X22	Nlrp9b	50
Q672J9	Nox3	24
Q67BJ4	A4galt	19
Q67BT3	Slc13a5	15
Q67E05	Bpi	17
Q67FY2	Bcl9l	36
Q684R7	Frem1	101
Q689Z5	Sbno1	65
Q68ED2	Grm7	42
Q68ED3	Tent4b	31
Q68ED7	Crtc1	12
Q68EF4	Grm4	40
Q68FD5	Cltc	88
Q68FD7	Fnip1	58
Q68FE2	Atg9a	39
Q68FE6	Ripor1	45
Q68FE9	Tshz2	45
Q68FF6	Git1	39
Q68FG0	Zc4h2	15
Q68FH0	Pkp4	59
Q68FL4	Ahcyl2	30
Q68FL6	Mars1	44
Q68FM6	Elfn2	33
Q68G58	Apex2	23
Q68SA9	Adamts7	60
Q68SN8	Fcrl5	25
Q69Z23	Dnah17	257
Q69Z26	Cntn4	46
Q69Z37	Samd9l	83
Q69Z38	Peak1	88
Q69Z66	Mysm1	36
Q69Z69	Esco1	44
Q69Z98	Brsk2	42
Q69Z99	Znf512	26
Q69ZA1	Cdk13	62
Q69ZF3	Gba2	37
Q69ZF7	Cnnm4	36
Q69ZF8	Msl2	25
Q69ZI1	Sh3rf1	37
Q69ZK0	Prex1	81
Q69ZK6	Jmjd1c	122
Q69ZK9	Nlgn2	28
Q69ZM6	Stk36	54
Q69ZN6	Gnptab	61
Q69ZN7	Myof	121
Q69ZP3	Pnkd	16
Q69ZQ1	Myorg	37
Q69ZR2	Hectd1	120
Q69ZR9	Tasor	86
Q69ZS0	Pdzrn3	53
Q69ZS6	Sv2c	22
Q69ZS7	Hbs1l	37
Q69ZS8	Kazn	37
Q69ZT1	Fan1	44
Q69ZU6	Thsd7a	72
Q69ZW3	Ehbp1	62
Q69ZX6	Morc2a	51
Q69ZX8	Ablim3	41
Q6A009	Ltn1	85
Q6A026	Pds5a	72
Q6A028	Swap70	38
Q6A037	N4bp1	46
Q6A051	Atrnl1	47
Q6A065	Cep170	83
Q6A068	Cdc5l	35
Q6A070	Togaram1	84
Q6A078	Cep290	142
Q6A0A9	FAM120A	50
Q6A0D4	Rftn1	25
Q6A4J8	Usp7	63
Q6A4L0	Slc22a13	15
Q6AW69	Cgnl1	77
Q6AXC6	Ddx11	42
Q6AZB0	Boc	45
Q6DFV1	Ncapg2	64
Q6DFV3	Arhgap21	103
Q6DFV5	Helz	82
Q6DFV7	Ncoa7	51
Q6DFW0	C9orf72	21
Q6DFW4	Nop58	23
Q6DFW5	Atp11b	52
Q6DFX2	Antxr2	22
Q6DFY8	Brinp2	27
Q6DFZ1	Gbf1	84
Q6DIA7	Brme1	20
Q6DIB5	Megf10	39
Q6DIC0	Smarca2	57
Q6DID3	Scaf8	35
Q6DID7	Wls	19
Q6DR98	Nrg1	29
Q6DTY7	Pfkfb4	31
Q6DVA0	Lemd2	27
Q6DYE8	Enpp3	41
Q6E1M8	Awat2	13
Q6EBV9	Atg9b	38
Q6EDY6	Carmil1	70
Q6F3F9	Adgrg6	42
Q6GQS1	Slc25a23	29
Q6GQT0	Cdc14a	32
Q6GQT1	A2m	72
Q6GQT6	Scap	49
Q6GQW0	Abtb3	49
Q6GQX6	Anks6	43
Q6GSS7	Hist2h2aa1	5
Q6GYP7	Ralgapa1	86
Q6H1V1	Best3	28
Q6HA09	Astl	18
Q6IFZ6	Krt77	35
Q6IMP4	Panx2	35
Q6IQX7	Chpf	40
Q6IQX8	Znf219	33
Q6IR34	Gpsm1	36
Q6IR42	Zcwpw1	29
Q6IRU2	Tpm4	15
Q6IRU5	Cltb	9
Q6IRU7	Cep78	39
Q6IS41	Slc25a47	15
Q6IUP1	Sohlh1	8
Q6J1H4	Utf1	13
Q6KAQ7	Zzz3	40
Q6KAS7	Znf521	63
Q6KAU8	Atg16l2	24
Q6KCD5	Nipbl	132
Q6NS45	Ccdc66	50
Q6NS52	Dgkb	36
Q6NS57	Mapkbp1	70
Q6NS60	Fbxo41	41
Q6NS82	Retreg2	12
Q6NSQ9	G6pc3	10
Q6NTA4	Rragb	17
Q6NVD0	Frem2	133
Q6NVD9	Bfsp2	27
Q6NVE8	Wdr44	49
Q6NVE9	Pptc7	12
Q6NVF0	Ocrl	44
Q6NVF4	Helb	55
Q6NVF9	Cpsf6	17
Q6NVG1	Lpcat4	19
Q6NVG5	Mreg	16
Q6NWV3	Ift122	55
Q6NWW9	Fndc3b	42
Q6NXH3	Gpbp1	24
Q6NXK7	Dpp10	47
Q6NXK8	Asic1	20
Q6NXW6	Rad17	32
Q6NXY9	Polr3g	8
Q6NY15	Tsga10	45
Q6NZB1	Prmt6	13
Q6NZC7	Sec23ip	34
Q6NZG4	Ddias	40
Q6NZJ6	Eif4g1	63
Q6NZK8	Ptpdc1	33
Q6NZM9	Hdac4	47
Q6NZP1	Zranb3	59
Q6NZQ4	Paxip1	42
Q6NZQ8	Marchf1	15
Q6P069	Sri	11
Q6P073	Ube2j2	11
Q6P1B3	Pianp	8
Q6P1C6	Lrig3	49
Q6P1D5	Sez6l	25
Q6P1D7	Slx4	66
Q6P1E1	Zmiz1	21
Q6P1E7	Primpol	28
Q6P1E8	Efcab6	92
Q6P1F6	Ppp2r2a	21
Q6P1G2	Kdm2b	69
Q6P1H1	Cyb561a3	5
Q6P1I6	Psd2	30
Q6P1Y8	Inpp4b	51
Q6P253	Dmkn	17
Q6P2K6	Ppp4r3a	39
Q6P2L6	Nsd3	68
Q6P3A8	Bckdhb	16
Q6P3D0	Nudt16	13
Q6P3E7	Hdac10	17
Q6P4S6	Sik3	51
Q6P4S8	Ints1	111
Q6P4T0	Atg2a	79
Q6P4T1	Snx19	43
Q6P4T2	Snrnp200	113
Q6P549	Inppl1	67
Q6P5D8	Smchd1	112
Q6P5E4	Uggt1	74
Q6P5E6	Gga2	28
Q6P5E8	Dgkq	44
Q6P5F6	Slc39a10	29
Q6P5F7	Ttyh3	17
Q6P5F9	Xpo1	53
Q6P5G0	Mapk4	38
Q6P5G3	Mbtd1	25
Q6P5H2	Nes	88
Q6P6J0	Adat2	8
Q6P6J4	Alkbh2	9
Q6P6L0	Filip1l	62
Q6P6M7	Sepsecs	28
Q6P6N5	Spred3	14
Q6P7F1	Mpp4	36
Q6P7W0	Senp6	51
Q6P7W2	Shkbp1	32
Q6P8U6	Pnlip	21
Q6P8X1	Snx6	21
Q6P8X6	Usp50	14
Q6P8X9	Cfap126	7
Q6P902	Txndc2	25
Q6P926	Spata24	11
Q6P9J9	Ano6	38
Q6P9K9	Nrxn3	70
Q6P9N1	Hycc1	27
Q6P9P6	Kif11	65
Q6P9Q4	Fhod1	54
Q6P9Q6	Fkbp15	47
Q6P9R2	Oxsr1	24
Q6P9R4	Arhgef18	60
Q6P9S0	Mtss2	22
Q6P9S1	Atmin	28
Q6P9S7	Galnt10	30
Q6P9Z1	Smarcd3	28
Q6PA06	Atl2	23
Q6PAC3	Dcaf13	24
Q6PAJ1	Bcr	55
Q6PAK3	Prmt8	21
Q6PAL1	Draxin	13
Q6PAL7	Ahdc1	68
Q6PAQ4	Rexo4	24
Q6PAR0	Klhdc10	20
Q6PAR5	Gapvd1	58
Q6PAT0	Adat3	18
Q6PAV2	Herc4	49
Q6PB44	Ptpn23	67
Q6PB60	Gprasp3	23
Q6PB66	Lrpprc	84
Q6PB75	Tent4a	32
Q6PB93	Galnt2	32
Q6PB97	Fbxl19	30
Q6PCM1	Kdm3a	77
Q6PCN3	Ttbk1	53
Q6PCN7	Hltf	53
Q6PCP5	Mff	13
Q6PCQ0	Iqce	41
Q6PCX7	Rgma	21
Q6PCX9	Trim37	39
Q6PD03	Ppp2r5a	25
Q6PD10	Ip6k1	21
Q6PD19	Armh3	29
Q6PD21	Shb	25
Q6PD31	Trak1	42
Q6PDG5	Smarcc2	47
Q6PDI5	Ecpas	93
Q6PDJ1	Cachd1	56
Q6PDK2	Kmt2d	175
Q6PDK8	Dtx4	31
Q6PDM1	Msl1	23
Q6PDM2	Srsf1	13
Q6PDM4	Iho1	28
Q6PDN3	Mylk	91
Q6PDQ2	Chd4	86
Q6PDS3	Sarm1	45
Q6PDX6	Rnf220	23
Q6PDY2	Ado	17
Q6PE15	Abhd10	18
Q6PE84	Stoml3	14
Q6PE87	Cfap206	32
Q6PEB6	Mob4	11
Q6PEE3	Rrm2b	17
Q6PEM8	Slc46a1	10
Q6PER3	Mapre3	15
Q6PF93	Pik3c3	44
Q6PFD5	Dlgap3	42
Q6PFD6	Kif18b	39
Q6PFD9	Nup98	70
Q6PFE3	Rad54b	48
Q6PFE7	Tmeff1	18
Q6PFG8	Olig3	11
Q6PFR5	Tra2a	12
Q6PFX7	Nyap1	41
Q6PFX8	Rimkla	14
Q6PFX9	Tnks	59
Q6PFY1	Fchsd1	31
Q6PFY8	Trim45	33
Q6PFY9	Cdc14b	21
Q6PGB6	Naa50	11
Q6PGB8	Smarca1	60
Q6PGD0	Atraid	9
Q6PGG6	Gnl3l	31
Q6PGK7	Chst10	18
Q6PGL7	Washc2	56
Q6PGN1	Erfe	9
Q6PGN3	Dclk2	39
Q6PH08	Erc2	47
Q6PHN1	Ccdc57	53
Q6PHN9	Rab35	12
Q6PHS9	Cacna2d2	49
Q6PHU5	Sort1	29
Q6PHZ2	Camk2d	24
Q6PHZ8	Kcnip4	14
Q6PIC6	Atp1a3	44
Q6PIE5	Atp1a2	47
Q6PIJ4	Nfrkb	55
Q6PIX5	Rhbdf1	34
Q6PKN7	Inca1	12
Q6PR54	Rif1	107
Q6PZD9	Cebpe	10
Q6PZE0	Muc19	107
Q6Q2Z6	Acot5	20
Q6Q473	Clca4a	40
Q6Q477	Atp2b4	48
Q6Q783	Kmt5c	27
Q6Q899	Rigi	43
Q6QI06	Rictor	87
Q6QIY3	Scn10a	77
Q6QLQ4	Clec7a	8
Q6QNU9	Tlr12	42
Q6QWF9	Camk2n1	4
Q6R0H7	Gnas	37
Q6R2P8	Neil2	17
Q6R3M4	Poli	37
Q6R5N8	Tlr13	59
Q6R6I7	Rxfp1	33
Q6R891	Ppp1r9b	30
Q6RHR9	Magi1	54
Q6RI63	Fam120b	34
Q6RKD8	Flrt1	32
Q6RT24	Cenpe	146
Q6S5C2	Gnptg	13
Q6S5J6	Krit1	42
Q6S5L9	Shc4	31
Q6S7F2	E2f7	41
Q6SJE0	Gfral	19
Q6SJQ0	Cd300a	9
Q6SJQ5	Cd300ld3	7
Q6SJQ7	Cd300lf	11
Q6SKR2	Hemk2	10
Q6SP97	Enkur	15
Q6T264	Maml1	26
Q6T3U4	Npc1l1	38
Q6T707	Scd4	14
Q6TCG8	Paqr3	7
Q6TDU8	Dnai7	36
Q6TEK5	Vkorc1l1	7
Q6TL19	Gucy2g	49
Q6TXD4	Dnmbp	80
Q6U7H8	Pip5kl1	25
Q6U7R4	Timd4	13
Q6UJY2	Slc9c1	46
Q6UQ17	Atp8b3	57
Q6URW6	Myh14	102
Q6V3W6	Drc7	40
Q6V4S5	Sdk2	101
Q6VGS5	Ccdc88c	106
Q6VH22	Ift172	103
Q6VMN6	Prlhr	8
Q6VN19	Ranbp10	19
Q6VNB8	Wdfy3	149
Q6VNS1	Ntrk3	33
Q6VV64	Kcnk18	13
Q6VVW5	Npr2	56
Q6VVW9	Cyp2r1	26
Q6VY05	Dnd1	18
Q6VYH9	Hsh2d	13
Q6VZZ7	Opn5	12
Q6WKZ7	Nostrin	29
Q6WKZ8	Ubr2	80
Q6WQJ1	Dagla	45
Q6WVG3	Kctd12	16
Q6X1Y6	Asic3	21
Q6X6Z7	Tekt3	27
Q6X786	Zpbp2	18
Q6X893	Slc44a1	30
Q6XBJ3	Onecut2	17
Q6XJV4	Cd200r4	8
Q6XP49	Glis3	24
Q6XQH0	Gal3st2	26
Q6XUX1	Dstyk	46
Q6XVG2	Cyp2c54	29
Q6XZL8	Dot1l	71
Q6Y4S4	Kiss1	7
Q6Y5D8	Arhgap10	47
Q6Y685	Tacc1	40
Q6Y7W8	Gigyf2	48
Q6YGZ1	Hpse	25
Q6ZPE2	Sbf1	87
Q6ZPF3	Tiam2	79
Q6ZPF4	Fmnl3	53
Q6ZPI0	Jade1	47
Q6ZPI3	Lcor	19
Q6ZPJ3	Ube2o	54
Q6ZPK0	Phf21a	29
Q6ZPQ6	Pitpnm2	62
Q6ZPR4	Kcnt1	57
Q6ZPR5	Smpd4	41
Q6ZPS2	Carns1	43
Q6ZPU9	Kifbp	33
Q6ZPV2	Ino80	70
Q6ZPY2	Smg5	36
Q6ZPY7	Kdm3b	79
Q6ZPZ3	Zc3h4	42
Q6ZQ08	Cnot1	120
Q6ZQ11	Chsy1	43
Q6ZQ29	Taok2	47
Q6ZQ58	Larp1	61
Q6ZQ88	Kdm1a	37
Q6ZQ89	Marchf6	25
Q6ZQA6	Igsf3	59
Q6ZQB6	Ppip5k2	58
Q6ZQE4	Nemp1	17
Q6ZQF0	Topbp1	82
Q6ZQF7	Jade2	35
Q6ZQJ5	Dna2	63
Q6ZQK0	Ncapd3	66
Q6ZQK5	Acap2	42
Q6ZQL4	Wdr43	37
Q6ZQM0	Rffl	13
Q6ZQM8	Ugt1a7	21
Q6ZWN5	Rps9	11
Q6ZWQ0	Syne2	386
Q6ZWR4	Ppp2r2b	19
Q6ZWR6	Syne1	496
Q6ZWS8	Spop	18
Q6ZWU9	Rps27	4
Q6ZWV3	Rpl10	8
Q6ZWV7	Rpl35	4
Q6ZWX6	Eif2s1	22
Q6ZWY9	H2bc4	7
Q704Y3	Trpv1	39
Q70E20	Sned1	49
Q70FJ1	Akap9	228
Q70IV5	Synm	81
Q70KF4	Cmya5	179
Q70KY4	Foxo6	18
Q711T7	Nadsyn1	27
Q715T0	Nme8	26
Q71FD5	Znrf2	11
Q71KT5	Tm7sf2	9
Q71KU9	Fgl1	17
Q71M36	Cspg5	13
Q71RI9	Kyat3	23
Q75N73	Slc39a14	13
Q75NR7	Recql4	51
Q75UR0	Ano5	39
Q761V0	Slc6a5	26
Q765H6	Mgat5b	36
Q768S4	Rph3al	12
Q769J6	Adamts13	67
Q76I79	Ssh1	48
Q76JU9	Ffar1	7
Q76K27	St6gal2	23
Q76KF0	Sema6d	51
Q76KJ5	Polr1g	17
Q76LL6	Fhod3	74
Q76LW6	Dand5	7
Q76M72	Slc22a27	22
Q76MZ3	Ppp2r1a	32
Q78DX7	Ros1	88
Q78IQ7	Slc39a4	17
Q78J03	Msrb2	12
Q78JE5	Fbxo22	20
Q78JN3	Eci3	13
Q78JT3	Haao	20
Q78KK3	Slc67a1	10
Q78PY7	Snd1	50
Q78T81	Eeig1	21
Q78TU8	Fam107a	10
Q78Y63	Pdcl2	16
Q78YY6	Dnajc15	10
Q791V5	Mtch2	13
Q793I8	Tifa	7
Q7JJ13	Brd2	34
Q7M6U3	Tex14	70
Q7M6Y2	Sox11	10
Q7M6Y3	Picalm	22
Q7M6Y5	Deup1	32
Q7M6Y6	Mroh2b	88
Q7M6Z0	Rtn4rl2	21
Q7M6Z4	Kif27	73
Q7M729	Scn4b	11
Q7M732	Rtl1	59
Q7M750	Opalin	6
Q7M753	Pank2	27
Q7M759	Abhd17b	16
Q7M760	Zranb1	37
Q7M761	Ovch2	21
Q7M764	Usp17le	19
Q7SIG6	Asap2	44
Q7TMA4	Ffar4	13
Q7TMB3	Ppp1r3c	20
Q7TMB8	Cyfip1	64
Q7TMD7	Dsg4	36
Q7TME0	Plppr4	33
Q7TME2	Spag5	56
Q7TMF2	Eri1	12
Q7TMF5	Serpina12	20
Q7TMI3	Uhrf2	41
Q7TMK6	Hook2	39
Q7TMK9	Syncrip	32
Q7TMM8	Parp16	13
Q7TMM9	Tubb2a	19
Q7TMR0	Prcp	19
Q7TMS5	Abcg2	25
Q7TMV1	Rnf139	24
Q7TMY4	Thoc7	13
Q7TMY8	Huwe1	178
Q7TN08	Dact2	35
Q7TN12	Inava	29
Q7TN16	Hhip	39
Q7TN29	Smap2	15
Q7TN37	Trpm4	48
Q7TN58	Tmc8	27
Q7TN60	Tmc6	29
Q7TN75	Peg10	22
Q7TN79	Akap7	15
Q7TN83	Syt16	27
Q7TN89	Eras	12
Q7TN98	Cpeb4	29
Q7TN99	Cpeb3	27
Q7TNB8	Sbno2	60
Q7TNC4	Luc7l2	18
Q7TNC6	Kif26b	89
Q7TNC8	Glra2	14
Q7TNC9	Inpp5a	22
Q7TNF8	Tspoap1	79
Q7TNG8	Ldhd	20
Q7TNH6	Nphp3	65
Q7TNI7	Il17f	9
Q7TNJ0	Dcstamp	21
Q7TNK1	Rfx4	31
Q7TNL3	Stk40	25
Q7TNM2	Trim46	42
Q7TNR6	Igsf21	24
Q7TNS8	Epop	14
Q7TNT2	Far2	21
Q7TNV0	Dek	21
Q7TNV1	Tlcd3b	11
Q7TPD1	Fbxo11	39
Q7TPD3	Robo2	67
Q7TPG5	Tafa4	7
Q7TPH6	Mycbp2	220
Q7TPM3	Trim17	24
Q7TPM5	Spaca9	9
Q7TPQ3	Shprh	88
Q7TPQ9	Arrdc3	18
Q7TPR4	Actn1	53
Q7TPS0	Rps6ka6	42
Q7TPS5	C2cd5	44
Q7TPV4	Mybbp1a	71
Q7TQ32	Hjv	17
Q7TQ33	Rgmb	15
Q7TQ40	Zic5	17
Q7TQ95	Lnpk	22
Q7TQA1	Igsf1	43
Q7TQC5	Aptx	15
Q7TQD2	Tppp	11
Q7TQE6	Maco1	34
Q7TQF7	Amph	25
Q7TQH7	Lrp10	19
Q7TQI3	Otub1	15
Q7TQI8	Tspyl2	24
Q7TQJ8	Wtip	24
Q7TQK0	Ccnt2	26
Q7TQK4	Exosc3	13
Q7TQK5	Ccdc93	36
Q7TQN3	Wfikkn2	21
Q7TQQ0	Or4e2	7
Q7TRX1	Or1a1b	9
Q7TS55	Tnfsf18	6
Q7TS63	Zfat	55
Q7TS73	Rflna	10
Q7TS74	Ckap2l	45
Q7TS75	Amer1	33
Q7TS99	Helt	8
Q7TSA3	Btla	9
Q7TSD4	Tbata	20
Q7TSE6	Stk38l	24
Q7TSF0	Dsg1c	36
Q7TSF1	Dsg1b	40
Q7TSG1	Cep120	49
Q7TSG2	Ctdp1	47
Q7TSG3	Fbxo5	24
Q7TSH3	Znf516	64
Q7TSH4	Ccp110	57
Q7TSH8	Tmem94	43
Q7TSI1	Plekhm1	46
Q7TSJ2	Map6	64
Q7TSJ6	Lats2	45
Q7TSK2	Sez6	30
Q7TSK3	Pcdh8	46
Q7TSK7	Adamtsl2	43
Q7TSN2	Cd300c2	5
Q7TSN7	Igsf5	10
Q7TSP5	Vtcn1	10
Q7TSS2	Ube2q1	18
Q7TST5	Lamp3	21
Q7TSU7	Kirrel2	30
Q7TSV4	Pgm2	32
Q7TSV9	Enkd1	19
Q7TSY6	Celf4	13
Q7TSY8	Sgo2a	56
Q7TSZ8	Nacc1	24
Q7TT00	Supt20h	25
Q7TT15	Galnt17	34
Q7TT16	Ipmk	24
Q7TT18	Atf7ip	44
Q7TT37	Elp1	55
Q7TT45	Rragd	21
Q7TT50	Cdc42bpb	82
Q7TT79	Mcph1	41
Q80ST9	Lca5	34
Q80SU3	Zar1	18
Q80SU6	Slc34a3	18
Q80SW1	Ahcyl1	28
Q80SX8	Pif1	35
Q80SY4	Mib1	51
Q80SY6	Mapda	18
Q80T11	Ush1g	18
Q80T14	Fras1	145
Q80T19	Hamp2	5
Q80T32	Adgrd1	29
Q80T41	Gabbr2	43
Q80T69	Rsbn1	34
Q80T91	Megf11	25
Q80TA1	Selenoi	10
Q80TA6	Mtmr12	38
Q80TA9	Epg5	117
Q80TD3	Fnip2	48
Q80TE7	Lrrc7	73
Q80TG1	Kansl1	49
Q80TG9	Lrfn2	34
Q80TH2	Erbin	82
Q80TI0	Gramd1b	41
Q80TJ1	Cadps	64
Q80TJ7	Phf8	37
Q80TL0	Ppm1e	29
Q80TL1	Adcy2	45
Q80TM9	Nisch	64
Q80TN5	Zdhhc17	24
Q80TN7	Nav3	110
Q80TP3	Ubr5	125
Q80TQ2	Cyld	47
Q80TR1	Adgrl1	60
Q80TR4	Slit1	59
Q80TR8	Dcaf1	69
Q80TS3	Adgrl3	70
Q80TS5	Znf423	55
Q80TS7	Ddn	36
Q80TT2	Baiap3	41
Q80TT8	Cul9	112
Q80TV8	Clasp1	90
Q80TY0	Fnbp1	29
Q80TY5	Vps13b	188
Q80TZ3	Dnajc6	33
Q80TZ9	Rere	50
Q80U04	Pja2	23
Q80U16	Ripor2	51
Q80U19	Daam2	66
Q80U28	Madd	70
Q80U30	Clec16a	37
Q80U40	Rimbp2	42
Q80U58	Pum2	35
Q80U62	Rubcn	43
Q80U63	Mfn2	38
Q80U70	Suz12	33
Q80U72	Scrib	72
Q80U78	Pum1	39
Q80U87	Usp8	59
Q80U93	Nup214	56
Q80UC6	Gpr62	8
Q80UE6	Wnk4	40
Q80UF4	Sdccag8	35
Q80UF7	Ticam1	21
Q80UF9	Otop3	24
Q80UG2	Plxna4	85
Q80UG5	Septin9	39
Q80UG6	Alkal2	8
Q80UG8	Ttll4	50
Q80UJ7	Rab3gap1	50
Q80UJ9	Setmar	16
Q80UK7	Sass6	39
Q80UL9	Jaml	18
Q80UM3	Naa15	52
Q80UM7	Mogs	38
Q80UN9	Trit1	27
Q80UP3	Dgkz	40
Q80UP8	Slc20a2	17
Q80US4	Actr5	24
Q80US8	Mxd3	10
Q80UU1	Ankzf1	36
Q80UU9	Pgrmc2	11
Q80UV9	Taf1	78
Q80UW0	Hs6st2	29
Q80UW2	Fbxo2	12
Q80UW3	Rinl	20
Q80UW5	Cdc42bpg	66
Q80UY1	Carnmt1	17
Q80UY2	Kcmf1	15
Q80V26	Bpnt2	16
Q80V62	Fancd2	72
Q80V63	Prdm4	21
Q80V72	Ip6k2	26
Q80V85	Trim62	26
Q80VA0	Galnt7	36
Q80VA5	Sh3tc2	72
Q80VC9	Camsap3	59
Q80VH0	Bank1	36
Q80VI1	Trim56	39
Q80VJ2	Sra1	10
Q80VJ6	Zscan4c	21
Q80VJ8	Kash5	25
Q80VL1	Tdrkh	23
Q80VM7	Ankrd24	47
Q80VM9	Otop1	15
Q80VN0	Cfap100	25
Q80VP1	Epn1	11
Q80VP2	Spata7	32
Q80VQ0	Aldh3b1	23
Q80VR2	Ell3	16
Q80VR3	Sult1c1	17
Q80VU4	Ntf4	9
Q80VW5	Whrn	41
Q80VW7	Akna	61
Q80VY9	Dhx33	39
Q80W00	Ppp1r10	46
Q80W21	Gstm7	17
Q80W32	Drc9	19
Q80W47	Wipi2	17
Q80W54	Zmpste24	19
Q80W65	Pcsk9	29
Q80W68	Kirrel1	35
Q80W71	Plekha8	28
Q80W85	Npm2	7
Q80W88	Homez	18
Q80W93	Hydin	225
Q80W94	Mogat2	13
Q80W99	Catsper3	12
Q80WB5	Ntaq1	9
Q80WC3	Tnrc18	123
Q80WE4	Kif20b	93
Q80WG5	Lrrc8a	44
Q80WG7	Trim36	44
Q80WJ1	Ggn	24
Q80WJ7	Mtdh	25
Q80WK2	Slc51b	7
Q80WM3	Cplx4	9
Q80WM4	Hapln4	25
Q80WM9	Tnfrsf14	10
Q80WP8	Gadl1	33
Q80WQ2	Vac14	42
Q80WQ6	Rhbdf2	36
Q80WQ9	Zbed4	57
Q80WR1	Tspan18	5
Q80WS1	Rimklb	18
Q80WS3	Fbll1	18
Q80WT0	Jph4	21
Q80WT2	Dmrt3	24
Q80WT4	Gpr176	16
Q80WV3	Chst2	23
Q80WW9	Ddrgk1	12
Q80WY3	Nanos1	14
Q80X19	Col14a1	75
Q80X41	Vrk1	22
Q80X44	Zbtb24	28
Q80X50	Ubap2l	29
Q80X56	Trim69	32
Q80X71	Tmem106b	13
Q80X73	Pelo	21
Q80X80	C2cd2l	26
Q80X86	Armc12	15
Q80X89	Ugt2a1	21
Q80X90	Flnb	135
Q80X95	Rraga	14
Q80XB4	Nrap	120
Q80XD8	Prap1	7
Q80XE1	Ric8b	25
Q80XF5	Il22ra2	13
Q80XG9	Lrrtm4	24
Q80XH2	Impg2	50
Q80XI3	Eif4g3	82
Q80XI4	Pip4k2b	19
Q80XI6	Map3k11	40
Q80XJ2	Rnf168	34
Q80XK6	Atg2b	107
Q80XL1	Cblc	26
Q80XL6	Acad11	45
Q80XP9	Wnk3	68
Q80XQ8	Fam168b	3
Q80XR2	Atp2c1	42
Q80XU3	Nucks1	10
Q80XU8	Lrfn4	25
Q80XZ4	Il22ra1	24
Q80Y17	Llgl1	36
Q80Y20	Alkbh8	29
Q80Y24	Prickle2	42
Q80Y50	Camta2	41
Q80Y61	Baiap2l2	28
Q80Y75	Dnajb13	15
Q80Y81	Elac2	45
Q80Y83	Dixdc1	38
Q80Y84	Kdm5b	74
Q80Y86	Mapk15	28
Q80Y98	Ddhd2	31
Q80YA3	Ddhd1	29
Q80YA8	Crb2	36
Q80YA9	Cnksr2	47
Q80YC5	F12	19
Q80YD1	Supv3l1	37
Q80YE4	Aatk	41
Q80YE7	Dapk1	70
Q80YF9	Arhgap33	54
Q80YP0	Cdk3	18
Q80YQ2	Med23	70
Q80YR4	Znf598	35
Q80YR6	Rbbp8	48
Q80YR7	Clspn	53
Q80YV3	Trrap	144
Q80YV4	Pank4	44
Q80YW5	Bspry	26
Q80YX1	Tnc	97
Q80Z10	Astn2	60
Q80Z19	Muc2	95
Q80Z24	Negr1	13
Q80Z25	Ofd1	60
Q80Z37	Topors	47
Q80Z38	Shank2	66
Q80Z64	Nanog	7
Q80Z71	Tnn	66
Q80ZA4	Pkhd1l1	153
Q80ZD3	Slc26a11	21
Q80ZD8	Amigo1	21
Q80ZE3	Siglec10	24
Q80ZF2	Ifne	10
Q80ZF8	Adgrb3	65
Q80ZI1	Trnp1	12
Q80ZI6	Lrsam1	41
Q80ZJ1	Rap2a	12
Q80ZK9	Wdtc1	36
Q80ZN9	Cox6b2	6
Q80ZQ0	Spaca4	7
Q80ZQ9	Abitram	8
Q80ZU5	Ccdc181	22
Q80ZV0	Rnaseh2b	12
Q810A7	Ddx42	42
Q810B3	Bsx	7
Q810B6	Ankfy1	52
Q810B7	Slitrk5	38
Q810B8	Slitrk4	38
Q810B9	Slitrk3	38
Q810C0	Slitrk2	38
Q810C1	Slitrk1	31
Q810F0	Prima1	4
Q810I2	Trim50	28
Q810J8	Zfyve1	41
Q810K3	Sgpp2	13
Q810L3	Chfr	28
Q810M5	Zdhhc19	15
Q810M6	Liat1	10
Q810S1	Mcub	15
Q810U3	Nfasc	48
Q810U4	Nrcam	51
Q810U5	Ccdc50	14
Q810Y8	Pramel7	25
Q811B1	Xylt1	45
Q811B3	Adamts12	67
Q811D0	Dlg1	35
Q811D2	Ankrd26	83
Q811G0	Bbs9	39
Q811H0	Zbtb42	22
Q811J3	Ireb2	45
Q811P8	Arhgap32	91
Q811Q9	Pcyt1b	23
Q811S7	Ubp1	19
Q811T9	Disc1	41
Q811U4	Mfn1	42
Q811W0	Sox21	9
Q811W2	Cyp26b1	25
Q812A3	Ankrd23	17
Q812C9	Aoc2	24
Q812E0	Cpeb2	27
Q812F3	Hyal5	25
Q812F8	Mgat4b	27
Q812G0	Mgat4a	26
Q8BFP9	Pdk1	24
Q8BFQ3	Gpr68	11
Q8BFQ4	Wdr82	15
Q8BFR5	Tufm	30
Q8BFU0	Rspo2	8
Q8BFU2	H2ac25	5
Q8BFU8	Slc17a8	21
Q8BFV2	Pcid2	29
Q8BFW3	Ppp1r15b	27
Q8BFW4	Trim65	23
Q8BFW6	Entpd3	23
Q8BFX1	Rnf187	13
Q8BFY0	Pirt	5
Q8BFY6	Pef1	7
Q8BFZ4	Fbxl21	22
Q8BG07	Pld4	23
Q8BG15	Ctdspl2	20
Q8BG16	Slc6a15	29
Q8BG19	Tmtc4	35
Q8BG21	Cacfd1	4
Q8BG22	Clca2	34
Q8BG26	Rusc1	33
Q8BG30	Nelfa	22
Q8BG32	Psmd11	27
Q8BG36	Dmrt2	24
Q8BG39	Sv2b	25
Q8BG40	Katnb1	33
Q8BG41	Psmb11	18
Q8BG47	Rnf152	7
Q8BG48	Stk17b	9
Q8BG51	Rhot1	31
Q8BG54	Sptlc3	26
Q8BG55	Gpr171	16
Q8BG58	P4htm	17
Q8BG60	Txnip	19
Q8BG79	Cwf19l2	49
Q8BG84	Lair1	12
Q8BG87	Tet3	64
Q8BG89	Znf365	22
Q8BG93	Nudt15	10
Q8BG99	Pknox2	8
Q8BGA3	Lrrtm2	28
Q8BGC0	Htatsf1	51
Q8BGC4	Ptgr3	20
Q8BGD4	Slco4c1	21
Q8BGD5	Cpt1c	30
Q8BGD6	Slc38a9	20
Q8BGD7	Npas4	14
Q8BGE5	Fancm	90
Q8BGE6	Atg4b	16
Q8BGE7	Trim6	24
Q8BGF7	Pan2	50
Q8BGF8	Slc35d3	13
Q8BGG0	Slc30a8	11
Q8BGG7	Ubash3b	29
Q8BGH4	Reep1	12
Q8BGI3	Insig1	9
Q8BGJ0	Zdhhc15	19
Q8BGJ9	U2af1l4	9
Q8BGK6	Slc7a6	16
Q8BGL3	Sult2a8	16
Q8BGM5	Best2	22
Q8BGM7	Prkag3	15
Q8BGN3	Enpp6	24
Q8BGQ1	Vipas39	27
Q8BGQ2	Csrnp2	16
Q8BGQ4	Pomt2	37
Q8BGQ7	Aars1	49
Q8BGR2	Lrrc8d	41
Q8BGS1	Epb41l5	30
Q8BGS7	Cept1	11
Q8BGT0	Ostm1	13
Q8BGT1	Flrt3	35
Q8BGT5	Gpt2	26
Q8BGT6	Micall1	34
Q8BGU2	Cbln2	13
Q8BGU5	Ccny	19
Q8BGV3	Tacstd2	15
Q8BGV5	Znf8	33
Q8BGV7	Kctd13	18
Q8BGV8	Mief1	18
Q8BGV9	Atg4d	23
Q8BGW0	Themis	31
Q8BGW1	Fto	29
Q8BGW3	Bhlhe23	9
Q8BGW5	Nabp1	11
Q8BGW6	Stk32a	16
Q8BGX0	Trim23	26
Q8BGX3	Lrtm2	13
Q8BGX7	Spidr	37
Q8BGY7	Mims1	16
Q8BGY9	Slc5a7	18
Q8BGZ3	Dcaf12	26
Q8BGZ7	Krt75	31
Q8BH01	Slc9d1	26
Q8BH04	Pck2	33
Q8BH06	Il17re	31
Q8BH16	Fbxl2	26
Q8BH26	Lyset	8
Q8BH31	Mfsd8	16
Q8BH35	C8b	35
Q8BH43	Wasf2	16
Q8BH50	Ark2n	8
Q8BH52	Creb3l2	23
Q8BH53	Cfap69	50
Q8BH57	Wdr48	34
Q8BH59	Slc25a12	34
Q8BH60	Gopc	24
Q8BH61	F13a1	35
Q8BH64	Ehd2	31
Q8BH66	Atl1	28
Q8BH69	Sephs1	12
Q8BH75	Rnf41	13
Q8BH82	Napepld	22
Q8BH95	Echs1	16
Q8BH97	Rcn3	14
Q8BH98	Mboat1	19
Q8BHA3	Dtd2	12
Q8BHB0	Nod1	42
Q8BHB3	Lax1	21
Q8BHB9	Clic6	25
Q8BHC0	Lyve1	12
Q8BHC1	Rab39b	16
Q8BHC7	Rhbdd1	6
Q8BHD0	Rab39a	15
Q8BHD1	Poc1b	23
Q8BHE3	Atcay	16
Q8BHE4	Tmem108	20
Q8BHG1	Nrdc	53
Q8BHH1	Aqp11	4
Q8BHI7	Elovl5	8
Q8BHJ5	Tbl1xr1	21
Q8BHJ7	Gabra5	19
Q8BHJ9	Slu7	34
Q8BHK2	Scn3b	10
Q8BHK3	Slc36a2	16
Q8BHK6	Slamf7	17
Q8BHL4	Gprc5a	10
Q8BHN0	Ppm1l	20
Q8BHN1	Txlng	24
Q8BHN3	Ganab	43
Q8BHP7	Olfml2a	33
Q8BHS3	Rbm22	22
Q8BHS6	Armcx3	18
Q8BHS8	Sybu	27
Q8BHT6	B3glct	24
Q8BHX3	Cdca8	14
Q8BHY2	Noc4l	21
Q8BHY3	Ano1	37
Q8BHY8	Snx14	43
Q8BHZ5	Cyren	9
Q8BI06	Cemip	72
Q8BI22	Cep128	60
Q8BI36	Jkamp	6
Q8BI41	Synb	15
Q8BI55	Dyrk4	39
Q8BI79	Ccdc40	60
Q8BI84	Mia3	95
Q8BIA3	Mkx	21
Q8BIA4	Fbxw8	30
Q8BID6	Zbtb46	28
Q8BIE6	Frmd4a	50
Q8BIF0	Cd99l2	12
Q8BIF2	Rbfox3	12
Q8BIG4	Fbxo28	18
Q8BIH0	Sap130	24
Q8BIJ7	Rufy1	39
Q8BIK4	Dock9	109
Q8BIK6	Tmprss7	46
Q8BIL5	Hook1	42
Q8BIQ5	Cstf2	23
Q8BIW1	Prune1	21
Q8BIW9	Chtf18	42
Q8BIX9	Ficd	24
Q8BIY3	Zc3h12d	26
Q8BIZ1	Anks1b	55
Q8BIZ6	Snip1	18
Q8BJ05	Zc3h14	38
Q8BJ34	Marf1	83
Q8BJ37	Tdp1	36
Q8BJ42	Dlgap2	46
Q8BJ56	Pnpla2	23
Q8BJ66	Kazald1	10
Q8BJ71	Nup93	53
Q8BJ73	Rspo4	8
Q8BJA3	Hmbox1	16
Q8BJF9	Chmp2b	10
Q8BJI1	Slc6a17	32
Q8BJK1	Kctd7	10
Q8BJL0	Smarcal1	43
Q8BJL1	Fbxo30	33
Q8BJM5	Slc30a6	14
Q8BJQ2	Usp1	36
Q8BJQ4	Ticam2	11
Q8BJQ9	Csgalnact1	32
Q8BJS4	Sun2	36
Q8BJS8	Mtbp	43
Q8BJU0	Sgta	12
Q8BJU2	Tspan9	9
Q8BJW6	Eif2a	32
Q8BJW7	Eme1	31
Q8BJZ3	Tmbim1	5
Q8BK03	Miga2	23
Q8BK06	Fbxo9	27
Q8BK35	Nop53	17
Q8BK48	Ces2e	22
Q8BK63	Csnk1a1	19
Q8BK67	Rcc2	27
Q8BK75	Elp6	15
Q8BK84	Dusp29	11
Q8BKA3	Srrm4	26
Q8BKC5	Ipo5	53
Q8BKC8	Pi4kb	37
Q8BKD6	Rnf144b	9
Q8BKE9	Ift74	39
Q8BKG3	Ptk7	50
Q8BKG4	Fzd10	29
Q8BKH7	Mapkap1	25
Q8BKJ9	Sirt7	20
Q8BKT2	Hes7	9
Q8BKT6	Tspan12	11
Q8BKT7	Thoc5	35
Q8BKX1	Baiap2	34
Q8BKX6	Smg1	168
Q8BKX7	Znf410	19
Q8BL03	Slc25a29	17
Q8BL48	Unk	31
Q8BL65	Ablim2	31
Q8BL66	Eea1	83
Q8BL80	Arhgap22	33
Q8BL97	Srsf7	13
Q8BLA8	Trpa1	57
Q8BLB7	L3mbtl3	32
Q8BLC3	Lypd1	4
Q8BLD9	Drd5	13
Q8BLE7	Slc17a6	22
Q8BLF1	Nceh1	18
Q8BLF2	Cdkl3	27
Q8BLG0	Phf20	48
Q8BLI4	Dse	43
Q8BLK9	Rps6kc1	54
Q8BLN5	Lss	34
Q8BLN6	Unc80	144
Q8BLQ9	Cadm2	12
Q8BLR7	Rnd1	13
Q8BLR9	Hif1an	15
Q8BLU0	Flrt2	30
Q8BLU2	Mettl21c	7
Q8BLV3	Slc9a7	28
Q8BLX7	Col16a1	63
Q8BLY1	Smoc1	21
Q8BLY2	Tars3	38
Q8BLY3	Lrfn3	27
Q8BLY7	Hps6	36
Q8BM13	Olfm2	18
Q8BM15	Stg	10
Q8BM54	Mylip	24
Q8BM65	Nyap2	35
Q8BM75	Arid5b	65
Q8BMA3	Cnksr3	30
Q8BMA5	Npat	54
Q8BMB3	Eif4e2	12
Q8BMD2	Dzip1	39
Q8BMD5	Cdadc1	26
Q8BMD8	Slc25a24	26
Q8BME9	Cbln4	10
Q8BMF3	Me3	34
Q8BMF4	Dlat	33
Q8BMF5	Grik4	40
Q8BMF8	Gldn	28
Q8BMG7	Rab3gap2	59
Q8BMI0	Fbxo38	57
Q8BMI3	Gga3	23
Q8BMJ2	Lars1	58
Q8BMK4	Ckap4	34
Q8BML1	Mical2	100
Q8BML9	Qars1	47
Q8BMN3	Chrnb3	21
Q8BMP4	Gper1	6
Q8BMP6	Acbd3	18
Q8BMQ3	Bnc2	42
Q8BMS1	Hadha	36
Q8BMS2	Spon2	13
Q8BMS4	Coq3	15
Q8BMS9	Rassf2	16
Q8BMT4	Nrros	30
Q8BMT9	Hhat	17
Q8BMU0	Znf76	22
Q8BMY7	Spink2	4
Q8BN21	Vrk2	26
Q8BN78	Zbtb33	35
Q8BN82	Slc17a5	17
Q8BNA6	Fat3	172
Q8BND3	Wdr35	61
Q8BND5	Qsox1	39
Q8BNI4	Derl2	5
Q8BNJ2	Adamts4	36
Q8BNJ3	Nmnat2	16
Q8BNJ6	Neto2	29
Q8BNQ3	Gpr137b	14
Q8BNV1	Trmt2a	31
Q8BNY6	Ncs1	11
Q8BP00	Iqcb1	32
Q8BP22	Cibar1	14
Q8BP27	Sfr1	15
Q8BP48	Metap1	21
Q8BP67	Rpl24	9
Q8BP71	Rbfox2	13
Q8BPB5	Efemp1	24
Q8BPI1	Dnaaf2	34
Q8BPM0	Daam1	61
Q8BPM6	Ric3	18
Q8BPN8	Dmxl2	128
Q8BPP5	Lypd6	8
Q8BPQ7	Sgsm1	46
Q8BPT6	Immp2l	7
Q8BPU7	Elmo1	39
Q8BPX9	Slc15a3	19
Q8BPY9	Fignl1	38
Q8BPZ8	Abraxas1	16
Q8BQ47	Cnpy4	12
Q8BQ48	Cep295	95
Q8BQ86	Chst8	15
Q8BQP8	Rab11fip4	33
Q8BQP9	Rgs7bp	12
Q8BQR4	Kansl2	20
Q8BQS5	Adipor2	8
Q8BQT2	Dipk1c	17
Q8BQU6	Gjc2	15
Q8BQY8	Hus1	13
Q8BR07	Bicd1	47
Q8BR37	Nhlrc1	16
Q8BR65	Suds3	13
Q8BR76	Tmem67	48
Q8BR86	Kirrel3	30
Q8BRB7	Kat6b	74
Q8BRE0	Rd3	15
Q8BRH0	Tmtc3	43
Q8BRH4	Kmt2c	190
Q8BRK8	Prkaa2	24
Q8BRK9	Man2a2	50
Q8BRM2	Gorab	23
Q8BRM6	Mei4	19
Q8BRT1	Clasp2	72
Q8BRU4	Clec9a	12
Q8BRU6	Slc18a2	13
Q8BS40	Cptp	11
Q8BS45	Ift56	35
Q8BS95	Gphr	20
Q8BSF4	Pisd	24
Q8BSK8	Rps6kb1	20
Q8BSM5	Gab3	33
Q8BSM7	Slc43a1	17
Q8BSN3	ODAD3	37
Q8BSP2	Ncaph2	24
Q8BSQ9	Pbrm1	83
Q8BSS9	Ppfia2	65
Q8BST6	Peli2	16
Q8BSU2	Cxcl16	6
Q8BSY0	Asph	28
Q8BSZ2	Ap3s2	9
Q8BT07	Cep55	30
Q8BT14	Cnot4	24
Q8BT35	Mtln	2
Q8BT60	Cpne3	25
Q8BTF7	Lig4	40
Q8BTG7	Ndrg4	13
Q8BTI8	Srrm2	113
Q8BTI9	Pik3cb	55
Q8BTK5	Smyd4	34
Q8BTM8	Flna	129
Q8BTM9	Rasgrp4	32
Q8BTQ0	PcgF3	14
Q8BTT6	Utp25	38
Q8BTU1	Cfap20	11
Q8BTW3	Exosc6	11
Q8BTW8	Cdk5rap1	32
Q8BTW9	Pak4	25
Q8BTY1	Kyat1	14
Q8BTY2	Slc4a7	48
Q8BU11	Tox4	15
Q8BU30	Iars1	61
Q8BU31	Rap2c	12
Q8BU91	Slc26a9	24
Q8BUD0	Gpr4	15
Q8BUE1	Slc9a4	30
Q8BUE4	Aifm2	19
Q8BUG2	Cndp1	24
Q8BUG5	Caps2	30
Q8BUH8	Senp7	47
Q8BUI3	LRWD1	29
Q8BUJ9	Lrp12	38
Q8BUK6	Hook3	35
Q8BUL6	Plekha1	18
Q8BUM3	Ptpn7	19
Q8BUN5	Smad3	19
Q8BUN9	Slc24a2	21
Q8BUR3	Foxj3	14
Q8BUR4	Dock1	99
Q8BUV3	Gphn	41
Q8BUV6	Lsm11	18
Q8BUW1	Kcnk10	20
Q8BUX5	Rhbg	7
Q8BUZ1	Abra	24
Q8BV57	Ssc5d	50
Q8BVA5	Ldah	19
Q8BVD5	Mpp7	30
Q8BVE8	Nsd2	71
Q8BVF2	Pdcl3	15
Q8BVF7	Aph1a	3
Q8BVG4	Dpp9	43
Q8BVH9	Mettl6	13
Q8BVL3	Snx17	23
Q8BVM4	Azin2	20
Q8BVN3	Catsper4	19
Q8BVN4	Mterf4	19
Q8BVN7	Slc25a41	19
Q8BVN8	Dnali1	16
Q8BVN9	Mael	21
Q8BVP5	Csnk1g2	19
Q8BVW3	Trim14	25
Q8BVZ1	Plin5	23
Q8BVZ5	Il33	13
Q8BW22	Ss18l1	5
Q8BW41	Pomgnt2	25
Q8BW72	Kdm4a	40
Q8BW74	Hlf	9
Q8BW75	Maob	24
Q8BW94	Dnah3	218
Q8BW96	Camk1d	18
Q8BWB6	Steap2	27
Q8BWC0	Tpcn2	26
Q8BWD8	Cdk19	21
Q8BWF0	Aldh5a1	28
Q8BWF2	Gimap5	17
Q8BWG8	Arrb1	19
Q8BWG9	Orai1	5
Q8BWH0	Slc38a7	13
Q8BWM0	Ptges2	23
Q8BWN8	Acot4	20
Q8BWP5	Ttpa	17
Q8BWP8	B4gat1	17
Q8BWQ5	Dclk3	39
Q8BWR2	Pithd1	16
Q8BWT1	Acaa2	21
Q8BWT5	Dip2a	67
Q8BWU1	Sprn	5
Q8BWU8	Etnppl	27
Q8BWW9	Pkn2	53
Q8BWY3	Etf1	24
Q8BWY7	Slc39a11	9
Q8BWY9	Cip2a	50
Q8BX02	Kank2	41
Q8BX05	Gk5	30
Q8BX09	Rbbp5	25
Q8BX10	Pgam5	19
Q8BX17	Gemin5	76
Q8BX22	Sall4	44
Q8BX43	Relt	19
Q8BX46	Skor1	47
Q8BX57	Pxk	23
Q8BX65	Mdfic	10
Q8BX70	Vps13c	186
Q8BX90	Fndc3a	50
Q8BX94	Osbpl2	26
Q8BXA0	Lrfn5	29
Q8BXA6	Cldn17	7
Q8BXA7	Phlpp2	50
Q8BXB6	Slco2b1	23
Q8BXG3	Ift57	25
Q8BXH3	Gucy1b2	47
Q8BXJ2	Trerf1	35
Q8BXK8	Agap1	32
Q8BXK9	Clic5	13
Q8BXL9	Iffo1	23
Q8BXN7	Ppm1k	18
Q8BXN9	Tmem87a	28
Q8BXQ2	Pigt	26
Q8BXR1	Slc7a14	19
Q8BXR5	Nalcn	61
Q8BXR6	Peli3	16
Q8BXR9	Osbpl6	51
Q8BXX2	Zbtb49	35
Q8BY35	Fgd2	39
Q8BY71	Hat1	16
Q8BY87	Usp47	74
Q8BY89	Slc44a2	29
Q8BYB9	Poglut1	22
Q8BYC6	Taok3	42
Q8BYF6	Slc5a8	13
Q8BYH0	Drgx	13
Q8BYH8	Chd9	121
Q8BYI6	Lpcat2	27
Q8BYI9	Tnr	56
Q8BYJ6	Tbc1d4	66
Q8BYK4	Rdh12	17
Q8BYK6	Ythdf3	19
Q8BYM5	Nlgn3	24
Q8BYM7	Rsph4a	25
Q8BYM8	Cars2	25
Q8BYN3	Itpk1	16
Q8BYR1	Lcmt2	31
Q8BYR2	Lats1	50
Q8BYR5	Cadps2	68
Q8BYR8	Slc41a2	17
Q8BYZ1	Abi3	16
Q8BZ00	Slc9a9	17
Q8BZ03	Prkd2	30
Q8BZ20	Parp12	37
Q8BZ21	Kat6a	77
Q8BZ32	Asxl2	69
Q8BZ39	Nmur2	10
Q8BZ47	Znf609	49
Q8BZ60	Ston2	41
Q8BZ64	Tctn1	26
Q8BZ71	Stac3	18
Q8BZ89	Znf322	24
Q8BZ97	Prdm8	30
Q8BZ98	Dnm3	48
Q8BZA9	Tigar	14
Q8BZB3	Tmem266	22
Q8BZF8	Pgm5	31
Q8BZH0	Slc39a13	11
Q8BZL1	Neu4	18
Q8BZM1	Glmn	30
Q8BZN4	Nuak2	25
Q8BZN6	Dock10	112
Q8BZP8	Npsr1	9
Q8BZQ2	Crispld2	28
Q8BZR9	Ncbp3	27
Q8BZT2	Sh3rf2	37
Q8BZT5	Lrrc19	15
Q8BZT7	Pla2g3	23
Q8BZT9	Lacc1	22
Q8BZZ3	Wwp1	48
Q8C006	Trim35	30
Q8C015	Pak5	32
Q8C025	Chpt1	9
Q8C031	Lrrc4c	25
Q8C042	Eno4	22
Q8C050	Rps6ka5	42
Q8C052	Map1s	36
Q8C078	Camkk2	32
Q8C079	Strip1	38
Q8C092	Taf5	34
Q8C0C0	Zhx2	44
Q8C0D7	Ing4	8
Q8C0E2	Vps26b	18
Q8C0E3	Trim47	28
Q8C0G2	Traf3ip3	31
Q8C0I1	Agps	33
Q8C0J2	Atg16l1	32
Q8C0L6	Paox	16
Q8C0L9	Gpcpd1	33
Q8C0M0	Wdr59	50
Q8C0M8	Dnai1	35
Q8C0N2	Gpat3	22
Q8C0P0	Mastl	43
Q8C0P7	Znf451	48
Q8C0Q4	Nek11	28
Q8C0R0	Usp37	51
Q8C0R7	Zmynd15	28
Q8C0T0	Xkr8	5
Q8C0T5	Sipa1l1	91
Q8C0T9	Adcy10	91
Q8C0V0	Tlk1	32
Q8C0V1	Terb1	41
Q8C0X2	Slc9b1	19
Q8C0X7	Slco6c1	18
Q8C102	Galnt5	47
Q8C110	Slitrk6	34
Q8C115	Plekhh2	72
Q8C119	Ndnf	26
Q8C120	Sh3rf3	37
Q8C129	Lnpep	50
Q8C131	Hcar1	9
Q8C138	Adtrp	6
Q8C142	Ldlrap1	13
Q8C145	Slc39a6	19
Q8C147	Dock8	102
Q8C156	Ncaph	31
Q8C165	Pm20d1	26
Q8C167	Prepl	36
Q8C170	Myo9a	140
Q8C172	Cers6	15
Q8C180	Frs2	29
Q8C196	Cps1	70
Q8C1A3	Mtrr	32
Q8C1B1	Camsap2	70
Q8C1B2	Tiparp	21
Q8C1B7	Septin11	20
Q8C1E7	Tmem120a	16
Q8C1Q4	Metrn	9
Q8C1Q6	Uqcc5	3
Q8C1W1	Vash1	21
Q8C1Z7	Bbs4	24
Q8C208	Ikzf4	29
Q8C255	Dpep2	24
Q8C261	Slc24a5	14
Q8C262	Irgc	24
Q8C263	Ska3	20
Q8C267	Setdb2	40
Q8C2B3	Hdac7	38
Q8C2E7	Washc5	72
Q8C2K1	Def6	32
Q8C2K5	Rasal3	62
Q8C2Q3	Rbm14	23
Q8C2S0	Usp44	38
Q8C2S5	Fbxl5	28
Q8C310	Robo4	41
Q8C341	Suco	54
Q8C3J5	Dock2	90
Q8C3K6	Slc5a1	21
Q8C3P7	Mettl3	29
Q8C3Q5	Shisa7	24
Q8C3Q9	Casp9	16
Q8C3R1	Brat1	39
Q8C419	Gpr158	58
Q8C436	Vcpkmt	8
Q8C437	Pex5l	25
Q8C456	Wdpcp	33
Q8C4A0	Aqp6	9
Q8C4Q6	Aida	14
Q8C4U3	Sfrp1	11
Q8C4V1	Arhgap24	33
Q8C4V4	Fbxl3	25
Q8C4X1	Cenpx	6
Q8C4X7	Minar2	11
Q8C4Y3	Nelfb	33
Q8C551	Rad51ap1	16
Q8C567	Ncr1	10
Q8C5D8	Pias2	28
Q8C5G2	Vash2	19
Q8C5H1	Ano4	46
Q8C5H8	Nadk2	25
Q8C5L3	Cnot2	22
Q8C5L6	Inpp5k	14
Q8C5N3	Cwc22	39
Q8C5S7	Rec8	29
Q8C5W0	Clmn	48
Q8C5W4	Morc2b	52
Q8C5Y2	Misfa	3
Q8C624	Spata33	7
Q8C633	Cabs1	18
Q8C650	Septin10	21
Q8C669	Peli1	16
Q8C6A8	Bhlhe22	13
Q8C6G1	Cfap410	12
Q8C6L5	Cgas	29
Q8C6M1	Usp20	43
Q8C6P8	Zfp57	29
Q8C6S9	Cfap54	170
Q8C754	Vps52	38
Q8C784	Mosmo	2
Q8C7D2	Crbn	20
Q8C7E7	Stbd1	24
Q8C7G5	Apoa5	21
Q8C7M3	Trim9	41
Q8C7N7	Aph1b	5
Q8C7Q4	Rbm4	19
Q8C7R4	Uba6	60
Q8C7R7	Rfx6	32
Q8C7U7	Galnt6	29
Q8C7V8	Ccdc134	9
Q8C7W7	Dclre1b	25
Q8C838	Trarg1	9
Q8C854	Myef2	26
Q8C863	Itch	43
Q8C878	Uba3	24
Q8C886	Plekhn1	19
Q8C8B0	Alx1	18
Q8C8H8	Ky	28
Q8C8N2	Scai	33
Q8C8N3	Vwc2	10
Q8C8R3	Ank2	191
Q8C8S3	Tmem150c	5
Q8C8T7	Elfn1	37
Q8C8Y5	Samd7	20
Q8C963	Ccdc159	24
Q8C985	Nrxn3	22
Q8C996	Tmem163	15
Q8C9A2	Endov	19
Q8C9B9	Dido1	103
Q8C9E8	Calhm6	16
Q8C9J3	Spef2	83
Q8C9W3	Adamts2	61
Q8C9X6	Epc1	34
Q8CA03	Slc46a2	17
Q8CA95	Pde10a	39
Q8CAE2	Henmt1	16
Q8CAE3	Kcnmb1	10
Q8CAQ8	Immt	47
Q8CAS9	Parp9	45
Q8CAY6	Acat2	16
Q8CB27	Yod1	18
Q8CB87	Rab44	40
Q8CBB9	Rsad2	19
Q8CBC7	Ftsj1	11
Q8CBD1	Nrip1	57
Q8CBF3	Ephb1	53
Q8CBG9	Rnf170	8
Q8CBR1	Ildr1	22
Q8CBR6	Tsku	10
Q8CBW3	Abi1	19
Q8CBX0	Tmem63c	25
Q8CBY1	Samd4a	30
Q8CC12	Cdan1	58
Q8CC27	Cacnb2	31
Q8CC35	Synpo	42
Q8CC88	Vwa8	109
Q8CCE9	E4f1	21
Q8CCF0	Prpf31	21
Q8CCH7	Zfpm2	58
Q8CCI5	Rybp	10
Q8CCJ3	Ufl1	45
Q8CCJ9	Phf20l1	49
Q8CCK0	Macroh2a2	19
Q8CCN1	Nlrp10	35
Q8CCN5	Bcas3	37
Q8CCP0	Nemf	50
Q8CCS6	Pabpn1	12
Q8CD10	Micu2	19
Q8CD15	Riox2	21
Q8CD54	Piezo2	133
Q8CD91	Smoc2	17
Q8CDA1	Inpp5f	62
Q8CDB0	Mknk2	20
Q8CDF7	Exd1	27
Q8CDG1	Piwil2	61
Q8CDG3	Vcpip1	66
Q8CDG5	Crebrf	32
Q8CDI2	Fbxo43	30
Q8CDJ3	Atg14	16
Q8CDJ8	Ston1	33
Q8CDK2	Agbl2	42
Q8CDK3	Iqub	43
Q8CDN8	Ccdc38	28
Q8CDP0	Agbl3	57
Q8CDR2	Rsph6a	24
Q8CE08	Acp3	17
Q8CE22	Dmtf1	20
Q8CE23	Qrfp	6
Q8CE72	Cplane1	139
Q8CE90	Map2k7	22
Q8CEE0	Cep57	21
Q8CEE6	Pask	58
Q8CEG0	Panx3	13
Q8CEG8	Usp27x	22
Q8CEL2	Cfap61	58
Q8CES0	Naa30	16
Q8CF31	Frey1	4
Q8CF60	Znf263	37
Q8CF89	Tab1	24
Q8CF90	Mafa	9
Q8CF93	Galnt13	28
Q8CF98	Colec10	16
Q8CFA1	Irak2	33
Q8CFA7	Klf17	11
Q8CFB4	Gbp5	26
Q8CFC2	Myt1	55
Q8CFC7	Clasrp	19
Q8CFD5	Ercc8	22
Q8CFE3	Rcor1	24
Q8CFE4	Scyl2	38
Q8CFE5	Btbd7	45
Q8CFE6	Slc38a2	11
Q8CFF0	Parp11	15
Q8CFG0	Sulf2	34
Q8CFG8	C1s2	25
Q8CFG9	C1rb	27
Q8CFH6	Sik2	33
Q8CFI0	Nedd4l	48
Q8CFI2	Cdc34	9
Q8CFI7	Polr2b	57
Q8CFJ7	Slc25a45	14
Q8CFJ9	Wdr24	36
Q8CFN5	Mef2c	15
Q8CFP6	Dnajc27	13
Q8CFQ3	Aqr	63
Q8CFR0	C1ql2	12
Q8CFT2	Setd1b	67
Q8CFU8	Tp53inp2	2
Q8CFV4	Nrn1	4
Q8CFV9	Rfk	7
Q8CFW1	Ano2	47
Q8CFW7	Cc2d2a	64
Q8CFX1	H6pd	34
Q8CFY5	Cox10	13
Q8CFZ4	Gpc3	21
Q8CFZ5	Slc22a12	14
Q8CG03	Pde5a	46
Q8CG14	C1s1	27
Q8CG16	C1ra	31
Q8CG19	Ltbp1	74
Q8CG46	Smc5	55
Q8CG47	Smc4	66
Q8CG48	Smc2	63
Q8CG50	Rab43	17
Q8CG64	Fkrp	23
Q8CG70	P3h3	31
Q8CG71	P3h2	39
Q8CG72	Adprs	12
Q8CG73	Rpgrip1l	60
Q8CG76	Akr7a2	17
Q8CG79	Tp53bp2	47
Q8CGA0	Ppm1f	18
Q8CGA3	Slc43a2	14
Q8CGB3	Uaca	79
Q8CGB6	Tns2	65
Q8CGC4	Lsm14b	14
Q8CGC7	Eprs1	77
Q8CGE9	Rgs12	50
Q8CGF6	Wdr47	41
Q8CGF7	Tcerg1	39
Q8CGK3	Lonp1	41
Q8CGK5	Ifnlr1	22
Q8CGK7	Gnal	19
Q8CGM1	Adgrb2	64
Q8CGM2	Rp1l1	93
Q8CGN4	Bcor	87
Q8CGN5	Plin1	29
Q8CGP0	H2bc26	7
Q8CGP1	H2bc12	7
Q8CGP2	Hist1h2bp	7
Q8CGP5	Hist1h2af	6
Q8CGP6	H2ac12	5
Q8CGP7	H2ac15	5
Q8CGQ8	Slc24a4	12
Q8CGR7	Upp2	17
Q8CGS6	Polq	126
Q8CGT6	Piwil4	48
Q8CGU1	Calcoco1	34
Q8CGV2	Tph2	29
Q8CGV9	Tshz3	53
Q8CGW4	Sox30	28
Q8CGY8	Ogt	48
Q8CH18	Ccar1	43
Q8CH72	Trim32	36
Q8CH77	Nav1	100
Q8CHB8	Ttll5	61
Q8CHC4	Synj1	81
Q8CHD8	Rab11fip3	47
Q8CHE4	Phlpp1	72
Q8CHG5	Arel1	38
Q8CHG7	Rapgef2	63
Q8CHH9	Septin8	19
Q8CHI8	Ep400	110
Q8CHK3	Mboat7	17
Q8CHK4	Kat5	28
Q8CHP0	Zc3h3	50
Q8CHP8	Pgp	18
Q8CHQ0	Fbxo4	20
Q8CHR6	Dpyd	50
Q8CHS7	Dhrs7c	18
Q8CHT0	Aldh4a1	26
Q8CHT1	Ngef	34
Q8CHU3	Epn2	19
Q8CHV6	Tada2a	21
Q8CHW4	Eif2b5	29
Q8CHY6	Gatad2a	36
Q8CI08	Slain2	27
Q8CI11	Gnl3	30
Q8CI15	Sphk1	14
Q8CI19	Pdgfc	20
Q8CI32	Bag5	24
Q8CI51	Pdlim5	30
Q8CI52	Gramd1c	37
Q8CI59	Steap3	24
Q8CI61	Bag4	12
Q8CI75	Dis3l2	47
Q8CI85	Ca12	16
Q8CIB5	Fermt2	37
Q8CIB9	Esco2	31
Q8CID0	Kat14	36
Q8CID3	Fam20a	27
Q8CIE4	Parp10	38
Q8CIE6	Copa	69
Q8CIF6	Sidt2	25
Q8CIG3	Kdm1b	43
Q8CIG8	Prmt5	34
Q8CIH5	Plcg2	64
Q8CIH9	Ppat	24
Q8CII8	Syne4	14
Q8CII9	Crlf2	13
Q8CIK8	Rfwd3	26
Q8CIN4	Pak2	23
Q8CIN6	Celf3	13
Q8CIP3	Mrgprx1	7
Q8CIP4	Mark4	38
Q8CIQ7	Dock3	96
Q8CIR4	Trpm6	95
Q8CIS0	Card11	59
Q8CIT0	Crh	11
Q8CIV2	Tmem259	20
Q8CIV7	Ovol2	14
Q8CIV8	Tbce	33
Q8CIW5	Twnk	33
Q8CIW6	Slc26a6	23
Q8CIZ8	Vwf	119
Q8CIZ9	Nox1	24
Q8CJ00	Noxa1	25
Q8CJ12	Adgrg2	24
Q8CJ19	Mical3	103
Q8CJ26	Nradd	7
Q8CJ27	Aspm	151
Q8CJ40	Crocc	113
Q8CJ53	Trip10	28
Q8CJ67	Stau2	35
Q8CJ69	Bmper	37
Q8CJ78	Znf628	29
Q8CJ91	Cd209b	18
Q8CJC5	Neurl3	11
Q8CJC7	Klre1	14
Q8CJF7	Ahctf1	106
Q8CJF8	Ago4	40
Q8CJF9	Ago3	42
Q8CJG0	Ago2	45
Q8CJG1	Ago1	45
Q8CJH3	Plxnb1	78
Q8CJI4	H1-7	14
Q8HWB0	Mr1	15
Q8HWE5	Mill2	18
Q8HWE7	Mill1	19
Q8JZK9	Hmgcs1	22
Q8JZL0	Znf467	20
Q8JZL1	Il17rd	31
Q8JZL2	Mchr1	6
Q8JZL3	Thtpa	11
Q8JZM0	Tfb1m	21
Q8JZM4	Dner	21
Q8JZM6	Tifab	7
Q8JZM7	Cdc73	34
Q8JZM8	Muc4	92
Q8JZN5	Acad9	36
Q8JZN7	Rhot2	22
Q8JZP2	Syn3	28
Q8JZP3	Klhl2	28
Q8JZP9	Gas2l1	40
Q8JZQ2	Afg3l2	47
Q8JZQ5	Aoc1	31
Q8JZQ9	Eif3b	36
Q8JZR0	Acsl5	33
Q8JZR4	Slc1a7	20
Q8JZR6	Slc4a8	48
Q8JZS0	Lin7a	12
Q8JZU2	Slc25a1	16
Q8JZV9	Bdh2	13
Q8JZX3	Poc1a	18
Q8JZX9	Cdc42ep2	7
Q8JZZ0	Ugt3a2	20
Q8JZZ7	Adgrl2	66
Q8K004	Spata2	28
Q8K007	Sulf1	36
Q8K009	Aldh1l2	51
Q8K012	Fnbp1l	30
Q8K019	Bclaf1	36
Q8K021	Scamp1	13
Q8K023	Akr1c18	18
Q8K057	Ift80	35
Q8K078	Slco4a1	24
Q8K087	Cmklr2	10
Q8K097	Faim2	3
Q8K099	Lrit1	29
Q8K0B2	Lmbrd1	14
Q8K0C4	Cyp51a1	25
Q8K0D0	Cdk17	28
Q8K0E8	Fgb	26
Q8K0F1	Tbc1d23	29
Q8K0H1	Slc47a1	15
Q8K0H5	Taf10	7
Q8K0L0	Asb2	34
Q8K0L2	Entpd8	16
Q8K0L3	Acsm2	33
Q8K0L9	Zbtb20	30
Q8K0P3	Meak7	16
Q8K0S5	Rtn4rl1	19
Q8K0T0	Rtn1	25
Q8K0T2	Dync2li1	16
Q8K0T4	Katnal1	29
Q8K0T7	Unc13c	104
Q8K0V2	Dcun1d3	16
Q8K0V4	Cnot3	19
Q8K0W9	Dph3	2
Q8K0X8	Fez1	17
Q8K0Y7	Paxx	14
Q8K120	Nfatc4	41
Q8K135	Kiaa0319l	41
Q8K136	Scnm1	12
Q8K182	C8a	36
Q8K183	Pdxk	12
Q8K1A0	Mettl5	10
Q8K1A5	Tmem41b	9
Q8K1A6	Cc2d1a	42
Q8K1B8	Fermt3	35
Q8K1B9	Galnt18	27
Q8K1C0	Angel2	27
Q8K1E0	Stx5	18
Q8K1E3	Dlk2	11
Q8K1E6	Alkbh3	16
Q8K1F9	Lctl	29
Q8K1G2	Evc2	60
Q8K1H1	Tdrd7	66
Q8K1H9	Obp2a	10
Q8K1I7	Wipf1	20
Q8K1J5	Sde2	24
Q8K1J6	Trnt1	24
Q8K1K9	Hinfp	21
Q8K1L0	Creb5	10
Q8K1L5	Ppp1r11	4
Q8K1L6	Clmb	4
Q8K1M4	Glis1	27
Q8K1M6	Dnm1l	50
Q8K1N1	Pnpla8	39
Q8K1N2	Phldb2	67
Q8K1R3	Pnpt1	41
Q8K1R7	Nek9	41
Q8K1S1	Lgi4	26
Q8K1S2	Unc5d	41
Q8K1S3	Unc5b	41
Q8K1S4	Unc5a	41
Q8K1S5	Klf11	21
Q8K1S6	Spire2	36
Q8K1S7	Kremen2	20
Q8K1T0	Tmprss3	21
Q8K1T1	Lrrc25	14
Q8K1T6	Ly6g6e	6
Q8K1X1	Wdr11	62
Q8K1X4	Nckap1l	60
Q8K1Y2	Prkd3	31
Q8K1Z0	Coq9	12
Q8K1Z6	Gpr18	11
Q8K202	Polr1e	27
Q8K203	Neil3	38
Q8K209	Adgrg1	27
Q8K211	Slc31a1	2
Q8K212	Pacs1	38
Q8K214	Scmh1	36
Q8K224	Nat10	55
Q8K243	Trim68	27
Q8K245	Uvrag	35
Q8K273	Mmgt1	5
Q8K296	Mtmr3	65
Q8K299	Scara5	30
Q8K2A1	Gulp1	17
Q8K2B0	P3h4	20
Q8K2B3	Sdha	33
Q8K2C6	Sirt5	18
Q8K2C7	Os9	35
Q8K2C8	Gpat4	22
Q8K2C9	Hacd3	15
Q8K2F0	Brd3	30
Q8K2F8	Lsm14a	19
Q8K2G4	Bbs7	36
Q8K2H1	Pphln1	20
Q8K2I1	Fntb	10
Q8K2I3	Fmo2	26
Q8K2I4	Manba	47
Q8K2I9	Fbh1	54
Q8K2J0	Plcd3	36
Q8K2K6	Agfg1	17
Q8K2P2	Sack1a	22
Q8K2P7	Slc38a1	19
Q8K2Q9	Shtn1	37
Q8K2T8	Paf1	29
Q8K2X1	Atp10d	59
Q8K2X3	Stn1	20
Q8K2X8	Gtf2h5	4
Q8K2Y9	Ccm2	24
Q8K2Z4	Ncapd2	75
Q8K330	Ssh3	23
Q8K337	Inpp5b	53
Q8K339	Kin	24
Q8K341	Atat1	25
Q8K348	Acvr1c	22
Q8K349	Gimap6	14
Q8K352	Sash3	13
Q8K368	Fanci	75
Q8K371	Amotl2	35
Q8K377	Lrrtm1	22
Q8K382	Dennd1a	35
Q8K387	Usp45	42
Q8K389	Cdk5rap2	90
Q8K394	Plcl2	55
Q8K3A0	Hscb	16
Q8K3A9	Mepce	29
Q8K3B1	Fbxo45	13
Q8K3E5	Ahi1	56
Q8K3F2	Mmp21	31
Q8K3F6	Kcnq3	38
Q8K3F7	Tdh	22
Q8K3G5	Vrk3	26
Q8K3G9	Appl2	40
Q8K3H0	Appl1	34
Q8K3H5	Myo3a	83
Q8K3I4	Myrip	35
Q8K3I6	Il27	10
Q8K3J1	Ndufs8	13
Q8K3J5	Zbtb35	26
Q8K3K7	Agpat2	15
Q8K3K8	Optn	37
Q8K3P1	P2rx2	20
Q8K3P5	Cnot6	24
Q8K3Q3	Foxn4	16
Q8K3R3	Plcd4	31
Q8K3V4	Padi6	28
Q8K3W0	Babam2	18
Q8K3W3	Casc3	27
Q8K3X4	Irf2bpl	35
Q8K3X6	Anks4b	16
Q8K3Y3	Lin28a	12
Q8K3Z0	Nod2	54
Q8K400	Stxbp5	46
Q8K406	Lgi3	25
Q8K409	Polb	16
Q8K410	Adam32	38
Q8K411	Pitrm1	56
Q8K424	Trpv3	34
Q8K440	Abca8b	63
Q8K442	Abca8a	66
Q8K445	Clrn1	8
Q8K448	Abca5	64
Q8K450	Spag16	25
Q8K479	C1qtnf5	12
Q8K480	Mfrp	17
Q8K482	Emilin2	46
Q8K485	Kctd11	16
Q8K4B0	Mta1	45
Q8K4B2	Irak3	24
Q8K4B4	Il23r	18
Q8K4C2	Il17rc	27
Q8K4C5	Il17c	9
Q8K4D3	Slc36a1	16
Q8K4D7	Plcz1	23
Q8K4E0	Alms1	155
Q8K4F0	Cd226	14
Q8K4F5	Abhd11	13
Q8K4F6	Nsun5	28
Q8K4G1	Ltbp4	74
Q8K4G5	Ablim1	52
Q8K4H1	Afmid	16
Q8K4J0	Dclre1c	34
Q8K4J2	Ebf4	26
Q8K4J6	Mrtfa	28
Q8K4K1	Cetn4	9
Q8K4K2	Trib3	20
Q8K4K4	Trib1	16
Q8K4K6	Pank1	26
Q8K4L0	Ddx54	43
Q8K4L3	Svil	111
Q8K4L6	Mepe	23
Q8K4M5	Commd1	6
Q8K4P8	Hecw1	62
Q8K4Q0	Rptor	58
Q8K4Q6	Neil1	22
Q8K4Q7	Cerk	24
Q8K4Q8	Colec12	37
Q8K4R4	Pitpnc1	19
Q8K4R9	Dlgap5	42
Q8K4S1	Plce1	101
Q8K4T1	St8sia6	22
Q8K4T3	Stradb	19
Q8K4T5	Dusp19	9
Q8K4X7	Agpat4	19
Q8K4Z2	Fndc5	8
Q8K4Z3	Naxe	14
Q8K4Z5	Sf3a1	35
Q8K4Z6	Gprc6a	34
Q8K557	Onecut3	14
Q8K558	Treml1	9
Q8K592	Amhr2	24
Q8K595	Mcoln2	27
Q8K596	Slc8a2	33
Q8K5B1	Il31ra	37
Q8K5C0	Grhl2	32
Q8N7N5	Dcaf8	30
Q8N7N6	Traf3ip2	20
Q8QZR1	Tat	24
Q8QZR3	Ces2a	21
Q8QZR5	Gpt	21
Q8QZS3	Flcn	30
Q8QZS5	Rnf183	8
Q8QZT1	Acat1	22
Q8QZT4	Crb3	2
Q8QZV6	Fam161a	18
Q8QZV7	IntS13	46
Q8QZW2	Fev	7
Q8QZY1	Eif3l	29
Q8QZY3	Dppa3	10
Q8QZY6	Tspan14	15
Q8QZZ8	Rab38	12
Q8R000	Slc51a	9
Q8R001	Mapre2	16
Q8R007	Nectin4	28
Q8R010	Aimp2	14
Q8R015	Bloc1s5	11
Q8R035	Mrpl58	11
Q8R050	Gspt1	25
Q8R054	Srpx2	21
Q8R066	C1qtnf4	17
Q8R071	Itpka	24
Q8R079	Bfar	17
Q8R081	Hnrnpl	21
Q8R087	B4galt7	15
Q8R090	Slc18a1	12
Q8R0A6	Vstm2a	12
Q8R0C3	Slc26a8	38
Q8R0F3	Sumf1	18
Q8R0F8	Fahd1	12
Q8R0G7	Spns1	14
Q8R0G9	Nup133	62
Q8R0H9	Gga1	21
Q8R0I0	Ace2	36
Q8R0K2	Trim31	30
Q8R0K9	E2f4	18
Q8R0L9	Tada3	20
Q8R0N9	Zdhhc1	16
Q8R0S1	Atf7	14
Q8R0S2	Iqsec1	50
Q8R0S4	Cacnb4	27
Q8R0T6	Adgrg3	22
Q8R0V5	Ido2	25
Q8R0W0	Eppk1	359
Q8R0W1	Cipc	19
Q8R0W6	Ndfip1	8
Q8R0X7	Sgpl1	26
Q8R0Y6	Aldh1l1	54
Q8R104	Sirt3	15
Q8R107	Prelid1	13
Q8R116	Notum	18
Q8R121	Serpina10	24
Q8R123	Flad1	32
Q8R138	Tmem119	6
Q8R139	Slc29a4	18
Q8R146	Apeh	32
Q8R151	Znfx1	95
Q8R173	Zdhhc3	11
Q8R180	Ero1a	28
Q8R182	Prrg2	6
Q8R183	Timd2	6
Q8R191	Syngr3	11
Q8R1A4	Dock7	104
Q8R1B0	Stac2	26
Q8R1B4	Eif3c	40
Q8R1B5	Cplx3	9
Q8R1B8	Rorb	23
Q8R1C0	Kcnc4	27
Q8R1F1	Niban2	33
Q8R1F6	Hid1	32
Q8R1G6	Pdlim2	15
Q8R1H0	Hopx	3
Q8R1I1	Uqcr10	4
Q8R1I2	Grp	5
Q8R1L8	Angptl8	9
Q8R1M0	Hmces	23
Q8R1N0	Znf830	18
Q8R1P4	Atg10	9
Q8R1Q8	Dync1li1	28
Q8R1R3	Stard7	23
Q8R1S0	Coq6	21
Q8R1S4	Mtss1	31
Q8R1S9	Slc38a4	16
Q8R1T1	Chmp7	19
Q8R1T4	Slc35a3	9
Q8R1W8	Impg1	42
Q8R1X6	Spart	31
Q8R1Z4	Ppp1r42	20
Q8R216	Sirt4	18
Q8R242	Ctbs	18
Q8R2E9	Ero1b	24
Q8R2F2	Degs2	10
Q8R2G6	Ccdc80	46
Q8R2H9	Phospho1	19
Q8R2I0	Foxe1	9
Q8R2K1	Fuom	8
Q8R2K4	Taf6l	26
Q8R2N1	Aqp3	4
Q8R2Q8	Bst2	9
Q8R2R1	Pomt1	28
Q8R2R9	Ap3m2	22
Q8R2S8	Cd177	36
Q8R2S9	Actr8	29
Q8R2U0	Seh1l	22
Q8R2U2	Rmp64	36
Q8R2U4	Ntmt1	10
Q8R2U6	Nudt4	8
Q8R2V3	Znf445	45
Q8R2W9	Pank3	21
Q8R2X8	Blzf1	20
Q8R2Y0	Abhd6	18
Q8R2Y2	Mcam	31
Q8R2Y9	Nabp2	8
Q8R2Z0	C1qtnf12	12
Q8R2Z3	Slc26a7	19
Q8R2Z5	Vwa1	18
Q8R307	Vps18	47
Q8R316	Hbp1	24
Q8R317	Ubqln1	14
Q8R322	Gle1	28
Q8R326	Pspc1	19
Q8R331	Znhit1	4
Q8R332	Nup58	14
Q8R361	Rab11fip5	34
Q8R366	Igsf8	22
Q8R368	Dnaaf4	21
Q8R373	Clmp	19
Q8R3B1	Plcd1	36
Q8R3B7	Brd8	37
Q8R3C6	Rbm19	52
Q8R3E3	Wipi1	18
Q8R3F9	Tut1	34
Q8R3G1	Ppp1r8	12
Q8R3H7	Hs2st1	18
Q8R3I2	Mboat2	16
Q8R3J5	Chac1	6
Q8R3K3	Ptcd2	20
Q8R3L0	Mmgt2	6
Q8R3L2	Tcf25	31
Q8R3L5	Slco3a1	20
Q8R3L8	Cdk8	21
Q8R3N6	Thoc1	37
Q8R3P0	Aspa	16
Q8R3P2	Dtx2	19
Q8R3P7	Ift38	21
Q8R3P9	Slf1	52
Q8R3R8	Gabarapl1	3
Q8R3S2	Tspan33	8
Q8R3U1	Plaat3	6
Q8R3Z5	Cacnb1	26
Q8R400	Adig	2
Q8R409	Hexim1	11
Q8R418	Dicer1	100
Q8R420	Abca3	69
Q8R422	Cd109	62
Q8R429	Atp2a1	42
Q8R460	Il36g	11
Q8R464	Cadm4	15
Q8R480	Nup85	29
Q8R493	Chrnb4	25
Q8R4A3	Dact1	35
Q8R4B8	Nlrp3	54
Q8R4D1	Slc9a8	17
Q8R4D5	Trpm8	47
Q8R4E9	Cdt1	28
Q8R4F0	Mcoln3	25
Q8R4F1	Ntng2	29
Q8R4G0	Ntng1	26
Q8R4G6	Mgat5	38
Q8R4G9	Chrna3	22
Q8R4H7	Nags	29
Q8R4H9	Slc30a5	26
Q8R4I1	Atxn7	35
Q8R4I7	Neto1	26
Q8R4K2	Irak4	29
Q8R4K8	Pappa	56
Q8R4L0	Sla2	16
Q8R4N0	Clybl	23
Q8R4P4	Tmc2	33
Q8R4P5	Tmc1	29
Q8R4P9	Abcc10	61
Q8R4R6	Nup35	15
Q8R4T1	Cys1	7
Q8R4T9	Slc14a2	23
Q8R4U0	Stab2	98
Q8R4U1	Mypop	16
Q8R4U7	Luzp1	62
Q8R4V1	Nfam1	10
Q8R4V2	Dusp15	15
Q8R4X1	Acer1	4
Q8R4Y0	Fcrl1	12
Q8R4Z4	Etv3	24
Q8R502	Lrrc8c	44
Q8R507	Fktn	23
Q8R516	Mib2	50
Q8R526	Pkd1l1	101
Q8R527	Rhoq	10
Q8R534	Adam1b	32
Q8R550	Sh3kbp1	37
Q8R570	Snap47	27
Q8R5A0	Smyd2	18
Q8R5A3	Apbb1ip	22
Q8R5C8	Zmynd11	29
Q8R5F3	Oard1	11
Q8R5F7	Ifih1	51
Q8R5G7	Arap3	64
Q8R5H1	Usp15	53
Q8R5H6	Wasf1	18
Q8R5I6	Gstm4	15
Q8R5J9	Arl6ip5	6
Q8R5K2	Usp33	44
Q8R5L3	Vps39	52
Q8R5M2	Wnt9a	19
Q8R5M8	Cadm1	18
Q8VBT0	Tmx1	10
Q8VBT2	Sds	16
Q8VBT3	Oscar	8
Q8VBT9	Aspscr1	24
Q8VBU8	Banp	17
Q8VBV4	Fbxw7	39
Q8VBV8	Guca1b	8
Q8VBV9	Or51e2	9
Q8VBW1	Slc6a8	19
Q8VBW5	Bbx	41
Q8VBW6	Nae1	24
Q8VBX6	Mpdz	84
Q8VBY2	Camkk1	29
Q8VBZ3	Clptm1	26
Q8VC19	Alas1	33
Q8VC28	Akr1c13	19
Q8VC30	Tkfc	29
Q8VC33	Nxnl1	11
Q8VC34	Rpap2	28
Q8VC49	Ifi27l2b	8
Q8VC51	Wrap53	15
Q8VC56	Rnf8	23
Q8VC66	Ssx2ip	35
Q8VC69	Slc22a6	19
Q8VC90	Zdhhc12	8
Q8VC97	Upb1	16
Q8VCA0	Slc22a19	18
Q8VCA5	Tmprss4	20
Q8VCB1	Ndc1	24
Q8VCB2	Med25	19
Q8VCB3	Gys2	35
Q8VCC1	Hpgd	14
Q8VCC2	Ces1	23
Q8VCC8	Rapgef3	44
Q8VCD5	Med17	31
Q8VCD7	Kdm4c	46
Q8VCE6	Nt5m	10
Q8VCF0	Mavs	17
Q8VCF1	Cant1	25
Q8VCH0	Acaa1b	19
Q8VCH2	Cd300ld	10
Q8VCH6	Dhcr24	19
Q8VCH7	Rdh10	18
Q8VCI5	Pex19	17
Q8VCI7	Swsap1	10
Q8VCK3	Tubg2	22
Q8VCK5	Klhl20	35
Q8VCK6	Ffar2	12
Q8VCL2	Sco2	15
Q8VCL5	Slc17a9	13
Q8VCM2	Noxo1	15
Q8VCM5	Mul1	20
Q8VCM7	Fgg	24
Q8VCN5	Cth	20
Q8VCN6	Cd99	3
Q8VCQ3	Nrbf2	15
Q8VCQ6	Sgms1	19
Q8VCR2	Hsd17b13	19
Q8VCR8	Mylk2	28
Q8VCS0	Pglyrp2	21
Q8VCS3	Fam20b	19
Q8VCT4	Ces1d	26
Q8VCT9	Tesk2	29
Q8VCW2	Krt25	22
Q8VCW4	Unc93b1	19
Q8VCX1	Akr1d1	16
Q8VCX5	Micu1	28
Q8VCZ6	Sgsm3	38
Q8VD00	Tmem97	6
Q8VD04	Gripap1	46
Q8VD12	Znf385a	18
Q8VD37	Sgip1	34
Q8VD46	Asz1	24
Q8VD53	Acer2	2
Q8VD65	Pik3r4	56
Q8VD66	Abhd4	18
Q8VD72	Ttc8	17
Q8VD75	Hip1	61
Q8VDB9	Slc6a20a	16
Q8VDD5	Myh9	102
Q8VDD8	Washc1	17
Q8VDD9	Phip	80
Q8VDF2	Uhrf1	41
Q8VDF3	Dapk2	17
Q8VDG3	Parn	29
Q8VDG7	Pafah2	22
Q8VDI1	Epsti1	17
Q8VDK1	Nit1	21
Q8VDK3	Elf5	7
Q8VDL4	Adpgk	18
Q8VDL9	Glis2	12
Q8VDM4	Psmd2	49
Q8VDN2	Atp1a1	46
Q8VDN4	Ccdc92	20
Q8VDP2	Steep1	12
Q8VDP3	Mical1	47
Q8VDP4	Ccar2	49
Q8VDQ1	Ptgr2	13
Q8VDQ8	Sirt2	21
Q8VDS3	Cbx7	4
Q8VDU0	Gpsm2	36
Q8VDW0	Ddx39a	21
Q8VDW4	Ube2w	4
Q8VDY4	Efcab7	33
Q8VDZ4	Zdhhc5	30
Q8VE01	Dusp18	11
Q8VE10	Naa40	13
Q8VE11	Mtmr6	37
Q8VE19	Mios	52
Q8VE28	Nkd2	27
Q8VE37	Rcc1	16
Q8VE43	Metrnl	8
Q8VE47	Uba5	15
Q8VE49	Duoxa1	5
Q8VE65	Taf12	6
Q8VE70	Pdcd10	12
Q8VE73	Cul7	88
Q8VE91	Retreg1	17
Q8VE92	Rbm4b	19
Q8VE98	Cd276	12
Q8VEA4	Chchd4	4
Q8VEA8	Rab7b	13
Q8VEB1	Grk5	29
Q8VEB2	Sav1	24
Q8VEB4	Pla2g15	17
Q8VEC3	Adgrf1	31
Q8VEC4	Calhm2	18
Q8VED2	Bloc1s4	10
Q8VEE0	Rpe	6
Q8VEE1	Lmcd1	24
Q8VEE4	Rpa1	24
Q8VEF1	Gramd1a	35
Q8VEG4	Exd2	36
Q8VEG6	Cnot6l	26
Q8VEH6	Zng1	20
Q8VEI3	Hyal3	14
Q8VEJ4	Nle1	24
Q8VEJ9	Vps4a	26
Q8VEK0	Cdc50a	15
Q8VEK2	Rhbdd2	10
Q8VEK3	Hnrnpu	32
Q8VEK6	Ing3	16
Q8VEM1	Rnf130	20
Q8VEN2	Plet1	4
Q8VFT4	Or4m1	9
Q8VGS3	Or5ar1	3
Q8VH37	Hdac8	14
Q8VH51	Rbm39	24
Q8VHB5	Ca9	10
Q8VHC3	Selenom	7
Q8VHC5	Cabp4	15
Q8VHD6	Slc2a10	12
Q8VHD8	Hrnr	109
Q8VHE0	Sec63	37
Q8VHE6	Dnah5	240
Q8VHF2	Cdhr5	30
Q8VHG2	Amot	49
Q8VHG5	Obox4	17
Q8VHH5	Agap3	28
Q8VHH7	Adcy3	46
Q8VHH8	Il25	9
Q8VHI3	Pofut2	23
Q8VHI5	Vit	33
Q8VHI6	Wasf3	16
Q8VHI7	Drc2	28
Q8VHJ5	Mark1	44
Q8VHJ7	Ppargc1b	37
Q8VHK5	Mlc1	11
Q8VHK8	Tmprss11d	10
Q8VHK9	Dhx36	47
Q8VHL0	Slc14a1	9
Q8VHL1	Setd7	15
Q8VHN7	Adgrv1	236
Q8VHP6	Cdhr1	37
Q8VHP8	Rab40b	17
Q8VHQ2	Socs7	24
Q8VHQ3	Ppp1r16b	24
Q8VHQ4	Rab40c	17
Q8VHQ9	Acot11	30
Q8VHR0	Pcdh18	40
Q8VHR5	Gatad2b	30
Q8VHS2	Crb1	34
Q8VHW2	Cacng8	12
Q8VHX6	Flnc	142
Q8VHY0	Cspg4	78
Q8VI24	Satb2	37
Q8VI33	Taf9	17
Q8VI36	Pxn	28
Q8VI40	Trim60	26
Q8VI47	Abcc2	68
Q8VI51	Sorcs3	55
Q8VI56	Lrp4	94
Q8VI64	Mgarp	6
Q8VI67	Sp7	16
Q8VI93	Oas3	54
Q8VI95	Oas1d	16
Q8VIB5	Barhl2	11
Q8VID5	Recql5	56
Q8VIE6	Slc7a12	9
Q8VIF2	Prss42	17
Q8VIG1	Rest	39
Q8VIG3	Rsph1	14
Q8VIG6	Traip	24
Q8VIH1	Nobox	18
Q8VII8	Nr3c2	44
Q8VIJ6	Sfpq	26
Q8VIK3	H1.8	16
Q8VIK5	Pear1	31
Q8VIM0	Havcr2	13
Q8VIM4	Bsnd	13
Q8VIM5	Myocd	33
Q8VIM6	Strc	57
Q8WTY4	Ciapin1	17
Q91UZ4	Egln3	14
Q91UZ5	Impa2	11
Q91V01	Lpcat3	16
Q91V08	Clec2d	12
Q91V10	Vsx1	20
Q91V12	Acot7	19
Q91V14	Slc12a5	44
Q91V17	Znrf1	14
Q91V24	Abca7	83
Q91V27	Mlph	20
Q91V41	Rab14	15
Q91V45	Kiss1r	12
Q91V51	Ttll1	24
Q91V57	Chn1	27
Q91V79	Fitm1	13
Q91V87	Fgfrl1	20
Q91V88	Npnt	33
Q91V92	Acly	57
Q91V98	Cd248	23
Q91VA0	Acsm1	25
Q91VA1	Slc44a4	24
Q91VA3	Capn8	35
Q91VB2	Camk1g	22
Q91VC3	Eif4a3	22
Q91VC4	Plvap	24
Q91VC9	Ghitm	11
Q91VD9	Ndufs1	39
Q91VE0	Slc27a4	37
Q91VE2	P2rx5	23
Q91VE3	Klk7	10
Q91VF2	Hnmt	16
Q91VF6	Col26a1	18
Q91VH1	Adipor1	14
Q91VH2	Snx9	24
Q91VJ1	Aim2	18
Q91VJ2	Cavin3	11
Q91VJ4	Stk38	23
Q91VJ5	Pqbp1	10
Q91VK4	Itm2c	14
Q91VL8	Terf2ip	19
Q91VL9	Zbtb1	38
Q91VM4	Spns2	18
Q91VM5	Rbmxl1	26
Q91VN0	Lrp5	74
Q91VN1	Znf24	20
Q91VN6	Ddx41	42
Q91VR5	Ddx1	39
Q91VR7	Map1lc3a	5
Q91VR8	Brk1	6
Q91VS7	Mgst1	5
Q91VS8	Farp2	57
Q91VT1	Nsmce2	12
Q91VT4	Cbr4	10
Q91VU0	Fam3c	13
Q91VU6	Dcaf11	25
Q91VU7	Pus7	34
Q91VW5	Golga4	130
Q91VW9	Zkscan3	29
Q91VY5	Kdm4b	43
Q91VZ6	Smap1	10
Q91W10	Slc39a8	6
Q91W36	Usp3	25
Q91W40	Klc3	29
Q91W43	Gldc	45
Q91W50	Csde1	48
Q91W86	Vps11	50
Q91W89	Man2c1	44
Q91W90	Txndc5	21
Q91W97	Hkdc1	52
Q91W98	Slc15a4	17
Q91WA1	Tipin	9
Q91WA6	Sharpin	9
Q91WA9	Abcg4	25
Q91WB2	Plpp7	14
Q91WC0	Setd3	33
Q91WC1	Pot1	35
Q91WC3	Acsl6	38
Q91WC9	Daglb	28
Q91WD0	Gpr108	26
Q91WD2	Trpv6	28
Q91WD5	Ndufs2	25
Q91WD7	Kif18a	49
Q91WE6	Cdkal1	31
Q91WF0	Tafazzin	14
Q91WF3	Adcy4	42
Q91WF7	Fig4	45
Q91WG0	Ces2c	16
Q91WG1	Insig2	9
Q91WG4	Elp2	37
Q91WG5	Prkag2	33
Q91WG7	Dgkg	34
Q91WG8	Gne	36
Q91WK2	Eif3h	20
Q91WK7	Ankrd54	9
Q91WL5	Cyp4a12a	31
Q91WL8	Wwox	23
Q91WM1	Strbp	40
Q91WM6	Eva1a	5
Q91WN3	Slc7a13	10
Q91WN4	Kmo	26
Q91WP0	Masp2	32
Q91WQ3	Yars1	37
Q91WR5	Akr1c21	17
Q91WS0	Cisd1	6
Q91WS2	Nlrp6	44
Q91WT8	Rbm47	21
Q91WT9	Cbs	23
Q91WU0	Ces1f	29
Q91WU2	Slc22a7	22
Q91WU6	Zdhhc7	12
Q91WV0	Dr1	7
Q91WV7	Slc3a1	34
Q91WW3	Mrgpra3	4
Q91WW5	Mrgpra1	4
Q91WW7	Pnpla3	22
Q91WZ8	Dtnbp1	9
Q91X17	Umod	28
Q91X20	Ash2l	29
Q91X34	Baat	16
Q91X44	Gckr	27
Q91X51	Gorasp1	9
Q91X52	Dcxr	15
Q91X56	S1pr5	14
Q91X58	Zfand2b	13
Q91X60	Chrna2	22
Q91X72	Hpx	25
Q91X77	Cyp2c50	28
Q91X78	Erlin1	20
Q91X79	Cela1	12
Q91X83	Mat1a	17
Q91X84	Crtc3	18
Q91X85	Flvcr2	8
Q91X86	Tmem98	9
Q91X88	Pomgnt1	33
Q91XA9	Chia	18
Q91XB0	Trex1	10
Q91XC0	Ajuba	29
Q91XD2	Lims2	17
Q91XD4	Ftcd	27
Q91XD6	Vps36	24
Q91XD7	Creld1	21
Q91XE4	Acy3	12
Q91XE9	Creb3l3	16
Q91XF4	Rnf167	8
Q91XL3	Uxs1	16
Q91XL9	Osbpl1a	48
Q91XM9	Dlg2	43
Q91XP5	Glra3	16
Q91XQ0	Dnah8	252
Q91XS1	Mtmr4	59
Q91XU0	Wrnip1	27
Q91XU3	Pip4k2c	19
Q91XV3	Basp1	10
Q91XW8	Fkbp6	14
Q91XZ2	Pcdhb8	22
Q91XZ4	Pcdhb6	21
Q91Y11	Pcdha9	38
Q91Y13	Pcdha7	37
Q91Y44	Brdt	44
Q91Y47	F11	35
Q91Y57	Siglec12	15
Q91Y63	Slc13a3	10
Q91Y74	St3gal4	19
Q91Y86	Mapk8	21
Q91Y97	Aldob	19
Q91YA2	Pskh1	21
Q91YD1	Gjd3	15
Q91YD3	Dcp1a	23
Q91YD4	Trpm2	75
Q91YD9	Wasl	22
Q91YE2	Egln2	24
Q91YE3	Egln1	25
Q91YE5	Baz2a	62
Q91YE6	Ipo9	41
Q91YE8	Synpo2	45
Q91YE9	Nt5c1b	33
Q91YH5	Atl3	24
Q91YH6	Atp6v1b1	26
Q91YI0	Asl	26
Q91YI1	Atg13	20
Q91YI4	Arrb2	20
Q91YI6	Tent2	24
Q91YJ2	Snx4	26
Q91YK2	Rrp1b	37
Q91YL2	Rnf126	8
Q91YL7	Cwh43	27
Q91YM2	Arhgap35	77
Q91YN5	Uap1	30
Q91YN9	Bag2	14
Q91YP2	Nln	35
Q91YP6	Elmod3	20
Q91YQ1	Rab29	11
Q91YQ5	Rpn1	36
Q91YR1	Twf1	21
Q91YR5	Mettl13	37
Q91YR7	Prpf6	56
Q91YR9	Ptgr1	17
Q91YS8	Camk1	15
Q91YT0	Ndufv1	23
Q91YT2	Rnf185	6
Q91YT7	Ythdf2	17
Q91YT8	Tmem63a	31
Q91YU6	Lzts2	35
Q91YW3	Dnajc3	24
Q91YX0	Themis2	30
Q91YX5	Lpgat1	20
Q91YY2	B4galt3	18
Q91YY5	Slco1a5	31
Q91Z31	Ptbp2	19
Q91Z40	Gbp7	34
Q91Z46	Dusp7	13
Q91Z67	Srgap2	47
Q91Z83	Myh7	100
Q91Z92	B3galt6	19
Q91Z96	Bmp2k	42
Q91Z98	Chil4	20
Q91ZA3	Pcca	43
Q91ZA8	Nrarp	3
Q91ZB0	Alpk2	85
Q91ZB7	Mrgpre	3
Q91ZB8	Mrgprd	8
Q91ZD1	Osr2	10
Q91ZD4	Vangl2	27
Q91ZD6	Eaf2	16
Q91ZE0	Tmlhe	26
Q91ZE5	Adgre4	24
Q91ZE9	Bmf	8
Q91ZF0	Dnajc24	9
Q91ZF2	Cts7	15
Q91ZH7	Abhd3	15
Q91ZI0	Celsr3	138
Q91ZI8	Dio3	12
Q91ZJ0	Mus81	21
Q91ZJ5	Ugp2	27
Q91ZJ9	Hyal1	11
Q91ZK0	Tfap2d	17
Q91ZK4	Dmbx1	8
Q91ZM2	Sh2b1	21
Q91ZP3	Lpin1	48
Q91ZP4	Slc5a4b	18
Q91ZP6	Ndfip2	12
Q91ZP9	Necab2	22
Q91ZQ1	Pde6c	52
Q91ZQ5	Rpe65	22
Q91ZR1	Rab4b	14
Q91ZR2	Snx18	19
Q91ZR4	Nek8	24
Q91ZR5	Catsper1	19
Q91ZS8	Adarb1	30
Q91ZT5	Fgd4	44
Q91ZU0	Asb7	21
Q91ZU6	Dst	410
Q91ZU9	Grin3b	44
Q91ZV0	Mia2	71
Q91ZV4	Mogat1	14
Q91ZV7	Plxdc1	21
Q91ZV8	Adgra2	50
Q91ZW2	Pofut1	19
Q91ZW3	Smarca5	56
Q91ZW8	Cd209d	13
Q91ZX1	Cd209a	10
Q91ZX6	Senp2	31
Q91ZX7	Lrp1	217
Q91ZY2	Hrh4	12
Q91ZZ3	Sncb	5
Q91ZZ5	Rxfp2	36
Q920A0	Optc	11
Q920A7	Afg3l1	46
Q920A9	Fcrla	13
Q920B0	Frmd4b	50
Q920B9	Supt16h	56
Q920C1	Chrdl1	23
Q920E3	Kcnh5	35
Q920E5	Fdps	17
Q920F6	Smc1b	68
Q920G3	Siglec5	20
Q920G8	Slc25a37	14
Q920H1	Scgb3a2	5
Q920L1	Fads1	18
Q920L5	Elovl6	10
Q920N2	Hlcs	24
Q920N7	Syt12	23
Q920P3	Brinp1	38
Q920Q2	Rev1	62
Q920Q4	Vps16	39
Q920Q6	Msi2	11
Q920Q8	Ivns1abp	30
Q920R0	Als2	72
Q920R6	Atp6v0a4	33
Q920V1	B3galnt1	19
Q921B4	Nrif2	40
Q921C3	Brwd1	112
Q921C5	Bicd2	47
Q921D9	Grhl1	32
Q921E2	Rab31	13
Q921E6	Eed	24
Q921F2	Tardbp	13
Q921G7	Etfdh	32
Q921H8	Acaa1a	20
Q921I1	Tf	39
Q921I9	Exosc4	9
Q921J2	Rheb	9
Q921J4	Ube2s	10
Q921L3	Tmco1	6
Q921L8	Galnt11	29
Q921M3	Sf3b3	53
Q921M4	Golga2	38
Q921M7	Cyrib	19
Q921N8	Gps2	10
Q921Q7	Rin1	36
Q921T2	Tor1aip1	30
Q921V5	Mgat2	22
Q921W0	Chmp1a	9
Q922B1	Macrod1	15
Q922B6	Traf7	34
Q922D8	Mthfd1	48
Q922G0	Slc25a36	15
Q922G7	Tekt2	26
Q922H1	Prmt3	23
Q922H4	Gmppa	17
Q922I5	Foxi1	12
Q922J3	Clip1	80
Q922J9	Far1	27
Q922K7	Nop2	28
Q922K9	Frk	30
Q922M3	Kctd10	19
Q922P8	Tmem132a	38
Q922P9	Glyr1	27
Q922Q2	Riok1	30
Q922Q4	Pycr2	17
Q922R0	Prkx	19
Q922R5	Ppp4r3b	39
Q922R8	Pdia6	17
Q922S4	Pde2a	50
Q922S8	Kif2c	35
Q922U2	Krt5	30
Q922W5	Pycr1	15
Q922X9	Prmt7	28
Q922Y0	Dyrk3	34
Q922Y1	Ubxn1	13
Q922Y2	Trim59	17
Q922Z0	Ddo	18
Q923B3	Nrif1	42
Q923B6	Steap4	24
Q923D2	Blvrb	12
Q923D5	Wbp11	25
Q923E4	Sirt1	32
Q923I7	Slc5a2	18
Q923J1	Trpm7	94
Q923L3	Csmd1	126
Q923S6	Neurl1	22
Q923S9	Rab30	15
Q923T7	Trim7	31
Q923T9	Camk2g	23
Q923U0	Tom1l1	14
Q923W1	Tgs1	39
Q923W9	Adam33	25
Q923X1	Adgrl4	23
Q923X4	Glrx2	7
Q923Y8	Taar1	9
Q923Z0	Gprc5b	8
Q923Z4	Ferd3l	9
Q924A0	Tcf7l2	18
Q924A2	Cic	88
Q924A4	Ucn3	9
Q924C1	Xpo5	57
Q924C5	Alpk3	78
Q924C6	Loxl4	41
Q924D0	Rtn4ip1	24
Q924H5	Rad51c	17
Q924H7	Wac	24
Q924I3	Ackr4	7
Q924K8	Mta3	33
Q924L1	Letmd1	19
Q924M7	Mpi	13
Q924N4	Slc12a6	47
Q924N9	Prss28	15
Q924S2	Oas1c	22
Q924S7	Spred2	16
Q924S8	Spred1	21
Q924S9	Ripply3	8
Q924T3	Xrcc4	18
Q924T7	Rnf31	50
Q924W5	Smc6	55
Q924W6	Trim66	59
Q924X1	Epgn	6
Q924X6	Lrp8	52
Q924X7	Stk33	20
Q924Z4	Cers2	15
Q925B0	Pawr	12
Q925D8	Tas1r3	27
Q925E7	Ppp2r2d	18
Q925F2	Esam	23
Q925F3	Rnf144a	14
Q925F4	Ubox5	24
Q925G2	Cybrd1	7
Q925H0	Asic2	18
Q925H1	Trps1	62
Q925I1	Atad3a	35
Q925I4	Tas1r2	29
Q925I7	Pdgfd	17
Q925J9	Med1	71
Q925K9	Tssk6	13
Q925N4	Cldn16	9
Q925P2	Ceacam2	20
Q925Q3	Slc8b1	15
Q925S4	Il24	11
Q925T6	Grip1	54
Q925U4	Edem1	27
Q93092	Taldo1	16
Q96DY5	Rnf112	37
Q96EQ9	Prdm9	41
Q99020	Hnrnpab	13
Q99104	Myo5a	100
Q99246	Cacna1d	86
Q99388	Csprs	15
Q99J09	Wdr77	12
Q99J21	Mcoln1	25
Q99J31	Ophn1	55
Q99J39	Mlycd	27
Q99J45	Nrbp1	15
Q99J47	Dhrs7b	16
Q99J56	Derl1	10
Q99J72	Apobec3	21
Q99J79	Ddb2	24
Q99J83	Atg5	14
Q99J85	Nptxr	21
Q99J87	Dhx58	42
Q99J93	Ifitm2	4
Q99J94	Slco1a6	30
Q99J95	Cdk9	18
Q99J99	Mpst	14
Q99JA0	Calca	7
Q99JA4	Cysltr1	15
Q99JB0	Klf7	13
Q99JB2	Stoml2	18
Q99JB4	Klrb1b	14
Q99JB6	Foxp3	21
Q99JB7	Amn	17
Q99JB8	Pacsin3	22
Q99JF5	Mvd	18
Q99JF8	Psip1	28
Q99JG2	Gpr37l1	13
Q99JG7	Tnip2	23
Q99JH7	Clstn3	33
Q99JH8	Kdelr1	8
Q99JI1	Mustn1	3
Q99JI6	Rap1b	10
Q99JL1	Spef1	11
Q99JN2	Klhl22	33
Q99JP6	Homer3	22
Q99JP7	Ggt7	21
Q99JR1	Sfxn1	15
Q99JR5	Tinagl1	20
Q99JR6	Nmnat3	18
Q99JR8	Smarcd2	27
Q99JT2	Stk26	24
Q99JT9	Adi1	11
Q99JW1	Abhd17a	15
Q99JW4	Lims1	19
Q99JW5	Epcam	14
Q99JX3	Gorasp2	13
Q99JX7	Nxf1	31
Q99JY0	Hadhb	25
Q99JY1	Tirap	9
Q99JY3	Gimap4	18
Q99JY8	Plpp3	14
Q99JY9	Actr3	21
Q99JZ7	Errfi1	21
Q99K10	Nlgn1	29
Q99K23	Ufsp2	22
Q99K24	Slc39a3	10
Q99K30	Eps8l2	34
Q99K41	Emilin1	50
Q99K43	Prc1	30
Q99K48	Nono	17
Q99K51	Pls3	38
Q99K67	Aass	38
Q99K70	Rragc	19
Q99K74	Med24	46
Q99K82	Smox	24
Q99K90	Tab2	22
Q99KB8	Hagh	13
Q99KD6	Cox7a2l	5
Q99KE8	Zfp64	31
Q99KF1	Tmed9	13
Q99KG3	Rbm10	40
Q99KG5	Lsr	22
Q99KG7	Hps4	23
Q99KH8	Stk24	21
Q99KI0	Aco2	36
Q99KJ0	Ubxn2a	16
Q99KJ8	Dctn2	20
Q99KK2	Cmas	23
Q99KL7	Rab28	13
Q99KP6	Prpf19	18
Q99KQ4	Nampt	28
Q99KR6	Rnf34	16
Q99KR7	Ppif	13
Q99KS2	Ngrn	16
Q99KU0	Vmp1	9
Q99KV1	Dnajb11	17
Q99KW3	Triobp	97
Q99KY4	Gak	60
Q99L02	Pagr1a	10
Q99L43	Cds2	16
Q99L45	Eif2s2	21
Q99L88	Sntb1	31
Q99L90	Mcrs1	25
Q99LB2	Dhrs4	15
Q99LC3	Ndufa10	19
Q99LC9	Pex6	39
Q99LD4	Gps1	18
Q99LE1	Rilpl2	12
Q99LE2	Gpr146	9
Q99LF1	Akirin1	9
Q99LF4	Rtcb	25
Q99LG0	Usp16	42
Q99LG4	Ttc5	23
Q99LH2	Ptdss1	19
Q99LI2	Clcc1	26
Q99LI5	Znf281	28
Q99LI8	Hgs	25
Q99LI9	Clp1	18
Q99LJ8	Nus1	15
Q99LM2	Cdk5rap3	26
Q99LM3	Smtnl1	23
Q99LQ1	Mbip	22
Q99LQ4	Svbp	4
Q99LQ7	Peds1	11
Q99LR1	Abhd12	19
Q99LS0	Ecrg4	8
Q99LS3	Psph	13
Q99LU0	Chmp1b1	8
Q99LX0	Park7	12
Q99LY2	Gdpd3	17
Q99LY9	Ndufs5	6
Q99M02	Marchf2	13
Q99M04	Lias	17
Q99M15	Pstpip2	21
Q99M51	Nck1	19
Q99M80	Ptprt	64
Q99M87	Dnaja3	25
Q99MA9	Nkx6-1	13
Q99MB1	Tlr3	42
Q99MD6	Txnrd3	31
Q99MD9	Nasp	41
Q99ME7	Tbx19	12
Q99ME9	Gtpbp4	34
Q99MH5	Nme5	14
Q99MH6	Nkd1	26
Q99MI1	Erc1	53
Q99MI6	Gimap3	19
Q99MJ6	Nherf4	23
Q99MK8	Grk2	36
Q99MK9	Rassf1	25
Q99ML0	Zmynd10	25
Q99ML1	Bbc3	8
Q99ML2	Tnk1	33
Q99ML8	Ucn2	5
Q99ML9	Rnf111	30
Q99MN1	Kars1	26
Q99MP8	Brap	31
Q99MQ1	Bicc1	40
Q99MQ3	Pink1	26
Q99MQ4	Aspn	18
Q99MR0	Actl6b	18
Q99MR6	Srrt	41
Q99MR8	Mccc1	39
Q99MS3	Mpv17l	7
Q99MS4	Prss29	12
Q99MS7	Ehbp1l1	84
Q99MS8	Tpgs1	17
Q99MT2	Msh4	55
Q99MT6	Sucnr1	10
Q99MU3	Adar	66
Q99MV1	Tdrd1	58
Q99MV2	Tex19.1	11
Q99MV5	Mov10l1	62
Q99MV7	Rnf17	74
Q99MX1	Usp26	48
Q99MY0	Spz1	18
Q99MY8	Ash1l	132
Q99MZ3	Mlxipl	31
Q99MZ6	Myo7b	117
Q99N11	Dusp22	11
Q99N13	Hdac9	25
Q99N14	Tac4	10
Q99N16	Cyp4f3	27
Q99N28	Cadm3	14
Q99N32	Klb	54
Q99N42	Tymp	29
Q99N43	Kremen1	21
Q99N48	Sytl3	38
Q99N50	Sytl2	47
Q99N57	Raf1	37
Q99N69	Lpxn	19
Q99N80	Sytl1	24
Q99N99	Srd5a2	8
Q99NA2	Atoh8	11
Q99NB1	Acss1	30
Q99NB8	Ubqln4	17
Q99NB9	Sf3b1	59
Q99NE5	Rims1	72
Q99NF1	Bco2	23
Q99NF2	Nsmf	30
Q99NF3	Cep41	19
Q99NG0	Rad54l2	64
Q99NH0	Ankrd17	78
Q99NH2	Pard3	72
Q99NH7	Slc26a5	28
Q99NH8	Trem2	10
Q99P21	Mutyh	19
Q99P30	Nudt7	13
Q99P47	Cntnap4	56
Q99P50	Ghsr	8
Q99P58	Rab27b	13
Q99P65	Slc29a3	14
Q99P68	Sost	13
Q99P72	Rtn4	39
Q99P81	Abcg3	31
Q99P87	Retn	5
Q99P88	Nup155	56
Q99P91	Gpnmb	22
Q99PA5	Nkg7	1
Q99PD7	Slc24a3	16
Q99PE2	Ankra2	13
Q99PE8	Abcg5	27
Q99PF4	Cdh23	113
Q99PG0	Aadac	17
Q99PG6	Tas1r1	23
Q99PH1	Lrrc4	21
Q99PI4	Lpin3	41
Q99PI5	Lpin2	41
Q99PI8	Rtn4r	21
Q99PJ0	Ntm	17
Q99PJ1	Pcdh15	85
Q99PJ2	Trim8	22
Q99PL5	Rrbp1	117
Q99PL6	Ubxn6	20
Q99PL7	Scd3	11
Q99PL8	Slc19a3	14
Q99PM3	Gtf2a1	5
Q99PN0	Slc5a5	19
Q99PN3	Trim26	26
Q99PP2	Znf318	105
Q99PP6	Trim34a	29
Q99PP7	Trim33	48
Q99PP9	Trim16	26
Q99PQ2	Trim11	20
Q99PT1	Arhgdia	8
Q99PT3	Ino80b	16
Q99PT9	Kif19	52
Q99PU5	Acsbg1	33
Q99PU7	Bap1	33
Q99PU8	Dhx30	72
Q99PV0	Prpf8	124
Q99PV5	Bhlhe41	18
Q99PV8	Bcl11b	40
Q99PW4	Tp53rkb	11
Q99PW8	Kif17	45
Q9BCZ4	Selenos	9
Q9BDB7	Ifi44l	20
Q9CPN8	Igf2bp3	29
Q9CPP6	Ndufa5	5
Q9CPQ1	Cox6c	5
Q9CPR4	Rpl17	9
Q9CPR8	Nsmce3	20
Q9CPT4	Mydgf	6
Q9CPU0	Glo1	11
Q9CPU4	Mgst3	5
Q9CPU7	Fbxo32	20
Q9CPU9	Slc31a2	3
Q9CPV0	Tmem107	4
Q9CPV1	Ska1	14
Q9CPV7	Zdhhc6	15
Q9CPV9	P2ry12	15
Q9CPW0	Cntnap2	58
Q9CPW4	Arpc5	10
Q9CPX5	Plaat5	10
Q9CPX6	Atg3	11
Q9CPX8	Uqcr11	2
Q9CPY3	Cdca5	13
Q9CPY4	Cdk2ap2	2
Q9CPY7	Lap3	30
Q9CQ10	Chmp3	9
Q9CQ19	Myl9	9
Q9CQ20	Mid1ip1	11
Q9CQ22	Lamtor1	9
Q9CQ26	Stambp	19
Q9CQ33	Lztr1	50
Q9CQ37	Ube2t	11
Q9CQ39	Med21	6
Q9CQ43	Dut	10
Q9CQ45	Nenf	10
Q9CQ49	Ncbp2	9
Q9CQ62	Decr1	18
Q9CQ69	Uqcrq	6
Q9CQ70	H2ab1	4
Q9CQ73	Pkp2	44
Q9CQ75	Ndufa2	7
Q9CQ76	Nepn	22
Q9CQ82	Itgb3bp	10
Q9CQ92	Fis1	7
Q9CQA3	Sdhb	19
Q9CQB2	Mcrip2	6
Q9CQB5	Cisd2	9
Q9CQC4	Tmem216	2
Q9CQC8	Spg21	16
Q9CQC9	Sar1b	10
Q9CQD1	Rab5a	11
Q9CQD6	Sln	1
Q9CQE0	Rnf138	10
Q9CQE6	Asf1a	7
Q9CQE7	Ergic3	13
Q9CQF3	Nudt21	13
Q9CQF9	Pcyox1	24
Q9CQG2	Mettl16	25
Q9CQG9	Tmem100	5
Q9CQI9	Med30	10
Q9CQJ0	Them5	11
Q9CQJ2	Pih1d1	14
Q9CQJ4	Rnf2	14
Q9CQJ7	Pttg1	10
Q9CQK7	Rwdd1	8
Q9CQK8	Sprr2a1	1
Q9CQM9	Glrx3	18
Q9CQN4	Sostdc1	8
Q9CQP2	Trappc2	6
Q9CQP8	Catsperz	9
Q9CQR2	Rps21	5
Q9CQR4	Acot13	7
Q9CQR6	Ppp6c	16
Q9CQR7	Psenen	4
Q9CQS4	Slc25a46	20
Q9CQS6	Gkn2	7
Q9CQS8	Sec61b	6
Q9CQT2	Rbm7	15
Q9CQT7	Desi1	5
Q9CQU3	Rer1	9
Q9CQU5	Zwint	11
Q9CQV4	Retreg3	16
Q9CQV6	Map1lc3b	4
Q9CQV7	Dnajc19	9
Q9CQV8	Ywhab	14
Q9CQW1	Ykt6	14
Q9CQW2	Arl8b	10
Q9CQW7	Coa8	10
Q9CQW9	Ifitm3	4
Q9CQY1	Atg12	3
Q9CQY5	Magt1	15
Q9CQY6	Uqcc2	7
Q9CR11	Yeats4	14
Q9CR13	Fmc1	5
Q9CR14	Fancl	20
Q9CR16	Ppid	21
Q9CR20	Ier3ip1	4
Q9CR21	Ndufab1	7
Q9CR23	Tmem9	10
Q9CR24	Nudt8	9
Q9CR25	Dph2	17
Q9CR42	Ankrd1	17
Q9CR50	Rchy1	16
Q9CR51	Atp6v1g1	5
Q9CR53	Nmb	7
Q9CR57	Rpl14	5
Q9CR58	Slc25a30	13
Q9CR61	Ndufb7	8
Q9CR62	Slc25a11	18
Q9CR67	Tmem33	10
Q9CR68	Uqcrfs1	14
Q9CR75	Tnfrsf12a	6
Q9CR84	Atp5mc1	5
Q9CR95	Necap1	12
Q9CRA4	Msmo1	8
Q9CRA5	Golph3	16
Q9CRB3	Urah	7
Q9CRB9	Chchd3	12
Q9CRC0	Vkorc1	2
Q9CRD0	Ociad1	12
Q9CRY7	Gdpd1	18
Q9CRZ8	Tspo2	6
Q9CS00	Cactin	29
Q9CS42	Prps2	16
Q9CS72	Filip1	66
Q9CS84	Nrxn1	66
Q9CSB4	Pard3b	62
Q9CSH3	Dis3	51
Q9CSN1	Snw1	25
Q9CTG6	Atp13a2	37
Q9CTN5	Six6os1	30
Q9CTY5	Micu3	27
Q9CU62	Smc1a	70
Q9CUN6	Smurf1	40
Q9CUS9	Sppl3	8
Q9CUU3	Sycp2	85
Q9CV60	Mrln	2
Q9CVB6	Arpc2	19
Q9CVD2	Atxn3	18
Q9CW03	Smc3	64
Q9CW42	Mtarc1	16
Q9CW73	B3gat1	14
Q9CW79	Golga1	45
Q9CWE6	Ooep	7
Q9CWF2	Tubb2b	19
Q9CWF6	Bbs2	32
Q9CWG9	Bloc1s2	7
Q9CWH0	Dppa2	12
Q9CWH4	Rec114	9
Q9CWH6	Psma8	13
Q9CWI3	Bccip	17
Q9CWJ9	Atic	34
Q9CWK8	Snx2	26
Q9CWL2	Casz1	74
Q9CWP4	Ly6k	5
Q9CWQ0	Dph5	12
Q9CWR0	Arhgef25	26
Q9CWR2	Smyd3	18
Q9CWR8	Dnmt3l	22
Q9CWS0	Ddah1	17
Q9CWS1	Rnf135	20
Q9CWS4	Ints11	28
Q9CWT2	Bex4	8
Q9CWT3	Snx10	10
Q9CWU0	Tdrd12	62
Q9CWU2	Zdhhc13	21
Q9CWU5	Khdc3	24
Q9CWV1	Mcm8	45
Q9CWV6	Prkrip1	10
Q9CWW6	Pin4	7
Q9CWW7	Cxxc1	27
Q9CWX4	Rpusd4	22
Q9CWY3	Setd6	18
Q9CWY8	Rnaseh2a	15
Q9CWZ3	Rbm8a	8
Q9CX00	Ist1	10
Q9CX30	Yif1b	8
Q9CX34	Sugt1	21
Q9CX47	Xrcc2	12
Q9CX60	Lbh	5
Q9CX80	Cygb	13
Q9CX86	Hnrnpa0	15
Q9CX92	Gje1	6
Q9CX98	Cyp2u1	28
Q9CXB2	Slc10a6	7
Q9CXB8	Alpk1	60
Q9CXC9	Etv5	19
Q9CXD6	Mcur1	22
Q9CXE2	Bcl7a	8
Q9CXE6	Xrcc3	21
Q9CXF0	Kynu	22
Q9CXF7	Chd1l	41
Q9CXG9	Phf19	24
Q9CXH7	Sgo1	27
Q9CXI5	Manf	9
Q9CXJ4	Abcb8	38
Q9CXL7	Snorc	1
Q9CXM0	Chodl	10
Q9CXS4	Cenpv	14
Q9CXT6	Kdm8	20
Q9CXV0	Isl2	17
Q9CXV1	Sdhd	6
Q9CXV9	Dcun1d5	13
Q9CXW3	Cacybp	11
Q9CXW4	Rpl11	9
Q9CXX9	Cuedc2	9
Q9CXY1	Tmem175	12
Q9CXY6	Ilf2	19
Q9CXZ1	Ndufs4	11
Q9CY27	Tecr	14
Q9CY34	Ube2f	9
Q9CY57	Chtop	9
Q9CY58	Serbp1	19
Q9CY64	Blvra	18
Q9CY73	Mrpl44	20
Q9CYA0	Creld2	14
Q9CYB0	Trim13	22
Q9CYC6	Dcp2	21
Q9CYH6	Rrs1	19
Q9CYK2	Qpct	13
Q9CYN9	Atp6ap2	15
Q9CYP7	Sesn3	27
Q9CYV5	Tmem135	25
Q9CZ13	Uqcrc1	21
Q9CZ16	Tmem178a	11
Q9CZ28	Snf8	9
Q9CZ42	Naxd	18
Q9CZ44	Nsfl1c	21
Q9CZ52	Antxr1	22
Q9CZ57	Nsun4	17
Q9CZ69	Cmtm6	4
Q9CZA5	Zcchc12	17
Q9CZA6	Nde1	25
Q9CZD0	Mmachc	13
Q9CZD3	Gars1	40
Q9CZE3	Rab32	14
Q9CZG9	Pdzd11	7
Q9CZJ6	Mis18a	11
Q9CZK6	Anks3	33
Q9CZL5	Pcbd2	9
Q9CZM2	Rpl15	12
Q9CZN4	Shisa9	19
Q9CZN7	Shmt2	30
Q9CZP5	Bcs1l	24
Q9CZQ6	Raet1e	12
Q9CZR2	Naalad2	37
Q9CZS1	Aldh1b1	23
Q9CZS3	Cep20	12
Q9CZT5	Vasn	21
Q9CZT8	Rab3b	13
Q9CZU3	Mtrex	55
Q9CZU6	Cs	20
Q9CZV8	Fbxl20	24
Q9CZW4	Acsl3	32
Q9CZW5	Tomm70	32
Q9CZW6	Rnf146	13
Q9CZX0	Elp3	31
Q9CZX2	Cep89	42
Q9CZX5	Pinx1	8
Q9CZX7	Pip4p2	15
Q9CZX8	Rps19	10
Q9CZY3	Ube2v1	10
Q9D020	Nt5c3a	22
Q9D023	Mpc2	8
Q9D024	Ccdc47	20
Q9D030	Twist2	9
Q9D032	Ssbp3	10
Q9D067	Saxo6	40
Q9D071	Mms19	52
Q9D074	Mgrn1	21
Q9D099	Acer3	8
Q9D0C1	Rnf115	12
Q9D0D3	Mtpap	28
Q9D0E1	Hnrnpm	46
Q9D0F1	Ndc80	41
Q9D0F3	Lman1	20
Q9D0F4	Nkap	14
Q9D0I4	Stx17	12
Q9D0I9	Rars1	37
Q9D0J4	Arl2	9
Q9D0K0	Tbc1d7	21
Q9D0K1	Pex13	16
Q9D0K2	Oxct1	24
Q9D0L1	Zbed3	11
Q9D0L8	Rnmt	23
Q9D0M3	Cyc1	14
Q9D0M5	Dynll2	5
Q9D0P7	Psrc1	15
Q9D0P8	Ift27	12
Q9D0R2	Tars1	42
Q9D0R4	Ddx56	27
Q9D0T1	Snu13	8
Q9D0T2	Dusp12	15
Q9D0U6	Maf1	8
Q9D0U9	Arv1	16
Q9D0W5	Ppil1	8
Q9D0Z3	Tmem53	13
Q9D103	Ifitm1	2
Q9D142	Nudt14	8
Q9D154	Serpinb1a	18
Q9D159	Mrap	4
Q9D198	Syf2	10
Q9D1A2	Cndp2	24
Q9D1C1	Ube2c	11
Q9D1C2	Cby1	6
Q9D1D4	Tmed10	9
Q9D1D6	Cthrc1	9
Q9D1E5	Lmbr1l	15
Q9D1E6	Tbcb	16
Q9D1E8	Agpat5	18
Q9D1F4	Akt1s1	9
Q9D1G1	Rab1b	14
Q9D1G2	Pmvk	10
Q9D1M0	Sec13	13
Q9D1M4	Eef1e1	13
Q9D1N2	Gpihbp1	6
Q9D1N4	Mymk	9
Q9D1P2	Kat8	25
Q9D1P4	Chordc1	17
Q9D1Q6	Erp44	19
Q9D1R9	Rpl34	6
Q9D1T0	Lingo1	24
Q9D1X0	Nol3	9
Q9D1Z3	Atpsckmt	14
Q9D219	Bcl9	54
Q9D236	Htra3	16
Q9D241	Rnf186	11
Q9D244	Rnase6	10
Q9D270	Zdhhc21	10
Q9D275	Batf3	6
Q9D281	Fam114a1	24
Q9D287	Bcas2	13
Q9D2A5	Creb3l4	12
Q9D2C7	Tmbim6	4
Q9D2E1	Tssk3	14
Q9D2G2	Dlst	22
Q9D2G5	Synj2	58
Q9D2H2	Ak7	28
Q9D2H6	Sp2	11
Q9D2I5	Armc9	46
Q9D2L1	Arsk	24
Q9D2L6	Adgrf4	21
Q9D2M8	Ube2v2	10
Q9D2N4	Dtna	36
Q9D2N8	Galnt15	25
Q9D2N9	Vps33a	36
Q9D2U9	H2bu2	7
Q9D2V7	Coro7	38
Q9D2Y4	Mlkl	28
Q9D2Y5	Snx20	17
Q9D2Y9	Elovl7	8
Q9D2Z1	Ceacam20	27
Q9D2Z8	Kif12	36
Q9D304	Rnf128	14
Q9D311	Duoxa2	12
Q9D312	Krt20	27
Q9D328	Tmem35a	7
Q9D358	Acp1	8
Q9D379	Ephx1	26
Q9D387	Lamp5	10
Q9D394	Rufy3	26
Q9D3A8	Nos1ap	27
Q9D3A9	Ttyh1	12
Q9D3B1	Hacd2	11
Q9D3F7	Ddit4	10
Q9D3G2	Slamf8	8
Q9D3G5	Stx11	18
Q9D3G9	Rhoh	8
Q9D3N2	Clxn	13
Q9D3R9	Taf7l	21
Q9D3U0	Pus10	30
Q9D3V5	Fsip1	18
Q9D411	Tssk4	18
Q9D415	Dlgap1	38
Q9D417	Fbxo24	31
Q9D424	Cabyr	15
Q9D439	Cfap53	23
Q9D489	Sohlh2	26
Q9D494	Terb2	10
Q9D4B1	Sgms2	17
Q9D4B2	Odad4	32
Q9D4F2	Plpp6	16
Q9D4G2	Hsf2bp	17
Q9D4H1	Exoc2	45
Q9D4H4	Amotl1	42
Q9D4H8	Cul2	42
Q9D4H9	Phf14	38
Q9D4I2	Mei1	62
Q9D4J7	Phf6	21
Q9D4M9	Galntl5	18
Q9D4R2	Mgat4d	21
Q9D4V7	Rabl3	14
Q9D513	Meiob	24
Q9D517	Agpat3	16
Q9D5A0	Spesp1	17
Q9D5A9	Rnase10	7
Q9D5J6	Shpk	18
Q9D5S1	Tex19.2	11
Q9D5S7	Lrguk	38
Q9D5T0	Atad1	17
Q9D5T7	Hormad1	23
Q9D5U8	Cnbd2	41
Q9D5V2	Klhl10	37
Q9D5V5	Cul5	46
Q9D5V6	Syap1	13
Q9D5Y1	Ccdc39	53
Q9D611	Ocstamp	24
Q9D658	Ptp4a3	10
Q9D659	Vsir	17
Q9D666	Sun1	46
Q9D676	Clec2g	14
Q9D687	Slc6a19	14
Q9D6D0	Slc25a27	20
Q9D6F4	Gabra4	26
Q9D6F9	Tubb4a	19
Q9D6H2	Ift25	6
Q9D6J1	Cers4	18
Q9D6J6	Ndufv2	15
Q9D6K5	Synj2bp	8
Q9D6K9	Cers5	17
Q9D6N1	Ca13	9
Q9D6R2	Idh3a	20
Q9D6T0	Nosip	17
Q9D6X5	Slc52a3	6
Q9D6Y1	Ccdc3	9
Q9D6Y7	Msra	15
Q9D6Z0	Alkbh7	13
Q9D6Z6	Il36b	8
Q9D700	Dusp26	10
Q9D708	S100a16	6
Q9D709	Tmem79	20
Q9D733	Gp2	19
Q9D752	Mad2l2	10
Q9D753	Exosc8	12
Q9D777	Tnfsf13	10
Q9D783	Klhl40	29
Q9D787	Ppil2	30
Q9D7B1	Dus2	33
Q9D7C9	Nmrk2	8
Q9D7F7	Chmp4c	14
Q9D7G0	Prps1	16
Q9D7I0	Shisa5	2
Q9D7I8	Sack1d	30
Q9D7L8	Tmigd1	12
Q9D7P6	Iscu	12
Q9D7Q1	Chit1	24
Q9D7R2	Pmepa1	3
Q9D7S0	Lypd8	6
Q9D7S9	Chmp5	6
Q9D7V9	Naaa	15
Q9D7W5	Med8	14
Q9D7X3	Dusp3	8
Q9D7Z6	Clca1	44
Q9D806	Vstm5	6
Q9D808	Kcne2	6
Q9D816	Cyp2c55	27
Q9D818	Sapcd2	21
Q9D823	Rpl37	4
Q9D842	Aplf	24
Q9D850	Tmem68	13
Q9D856	Slc39a5	7
Q9D883	U2af1	11
Q9D892	Itpa	10
Q9D8B1	Aig1	9
Q9D8B3	Chmp4b	12
Q9D8B6	Mims2	6
Q9D8B7	Jam3	17
Q9D8C3	Alg13	40
Q9D8C4	Ifi35	15
Q9D8D0	Tnfrsf13c	3
Q9D8E6	Rpl4	17
Q9D8F1	Alkbh4	12
Q9D8H7	Oma1	27
Q9D8I1	Mzb1	9
Q9D8K8	Slc25a39	20
Q9D8M3	Slc48a1	4
Q9D8M7	Phf10	22
Q9D8N3	Tmem86a	8
Q9D8S4	Rexo2	12
Q9D8T0	Fam3a	12
Q9D8T2	Gsdmd	23
Q9D8T7	Slirp	8
Q9D8U4	C1qtnf2	11
Q9D8U8	Snx5	22
Q9D8V0	Hm13	14
Q9D8Y8	Ing5	8
Q9D8Z2	Triap1	6
Q9D906	Atg7	38
Q9D915	Tcim	4
Q9D920	Borcs5	13
Q9D925	Lyzl4	9
Q9D945	Llph	5
Q9D952	Evpl	107
Q9D964	Gatm	24
Q9D967	Mdp1	10
Q9D968	Hcfc2	41
Q9D992	Majin	11
Q9D995	Cntd1	11
Q9D9D3	Tbc1d21	20
Q9D9D8	Dusp21	6
Q9D9I4	Tbc1d20	22
Q9D9J7	Izumo1	19
Q9D9M2	Usp12	17
Q9D9Q6	Calr3	20
Q9D9R0	Rnf125	14
Q9D9S2	Tmem225	10
Q9D9T8	Efhc1	39
Q9D9U9	Cfap45	32
Q9D9V2	Eqtn	13
Q9D9V4	Rsph9	17
Q9D9W1	Cimap3	13
Q9D9X6	Zswim2	40
Q9D9X8	Spaca3	9
Q9D9Z1	Knstrn	18
Q9DA01	Eppin	6
Q9DA08	Sgf29	11
Q9DA19	Cirsr	16
Q9DA32	Sun5	20
Q9DA37	Samd8	16
Q9DA48	Spaca1	9
Q9DA69	Ift43	11
Q9DA75	Mfsd2a	21
Q9DA79	Dpep3	24
Q9DA80	Rsph3b	23
Q9DA97	Septin14	20
Q9DAA4	Prss37	12
Q9DAG4	Spmip9	11
Q9DAG5	Stpg4	14
Q9DAG6	Glipr1l1	13
Q9DAG9	Phf7	18
Q9DAH2	Znrf4	9
Q9DAJ4	Wdr83	16
Q9DAK2	Pacrg	15
Q9DAM2	Efcab9	8
Q9DAM9	Fank1	22
Q9DAP0	Lrrc46	17
Q9DAP7	Asf1b	7
Q9DAQ9	Spata19	8
Q9DAR7	Dcps	20
Q9DAU1	Cnpy3	17
Q9DAU7	Wfdc2	4
Q9DAV9	Tmem38b	15
Q9DAX2	Plpp2	12
Q9DAX9	Appbp2	30
Q9DAZ9	Zfyve19	23
Q9DB00	Gon4l	98
Q9DB05	Napa	18
Q9DB07	Ift46	12
Q9DB10	Smdt1	7
Q9DB34	Chmp2a	9
Q9DB50	Ap1s2	10
Q9DB60	Prxl2b	11
Q9DB77	Uqcrc2	19
Q9DB90	Smg9	19
Q9DB96	Ngdn	15
Q9DBA6	Tysnd1	22
Q9DBB1	Dusp6	13
Q9DBB8	Dhdh	14
Q9DBC7	Prkar1a	19
Q9DBD0	Inhca	36
Q9DBD2	Marchf8	13
Q9DBD5	Pelp1	31
Q9DBE0	Csad	27
Q9DBE9	Ftsj3	35
Q9DBF1	Aldh7a1	20
Q9DBG1	Cyp27a1	23
Q9DBG3	Ap2b1	42
Q9DBG9	Tax1bp3	5
Q9DBH0	Wwp2	47
Q9DBI0	Tmprss6	35
Q9DBI2	Bbs10	35
Q9DBJ1	Pgam1	13
Q9DBJ6	Josd1	12
Q9DBK0	Acot12	25
Q9DBL1	Acadsb	20
Q9DBL7	Coasy	16
Q9DBL9	Abhd5	13
Q9DBM0	Abcg8	20
Q9DBM2	Ehhadh	39
Q9DBN5	Lonp2	42
Q9DBP0	Slc34a2	23
Q9DBP5	Cmpk1	10
Q9DBQ7	Scyl3	29
Q9DBR0	Akap8	24
Q9DBR1	Xrn2	47
Q9DBR4	Apbb2	35
Q9DBR7	Ppp1r12a	47
Q9DBS1	Tmem43	20
Q9DBS2	Tprg1l	11
Q9DBS9	Osbpl3	41
Q9DBT4	Entpd4	28
Q9DBT5	Ampd2	36
Q9DBU2	Naa60	12
Q9DBU3	Riok3	25
Q9DBU5	Rnf6	39
Q9DBU6	Rsrc1	12
Q9DBV4	Mxra8	20
Q9DBX1	Rgcc	5
Q9DBX6	Cyp2s1	25
Q9DBX7	Heyl	12
Q9DBY0	Foxp4	27
Q9DBY1	Syvn1	22
Q9DBY5	Cbx6	15
Q9DBY8	Nvl	47
Q9DBZ5	Eif3k	11
Q9DBZ9	Syde1	38
Q9DC04	Rgs3	45
Q9DC23	Dnajc10	35
Q9DC26	Slc46a3	9
Q9DC28	Csnk1d	22
Q9DC29	Abcb6	30
Q9DC33	Hmg20a	13
Q9DC37	Mfsd1	13
Q9DC40	Telo2	43
Q9DC50	Crot	33
Q9DC51	Gnai3	15
Q9DC60	Ubiad1	10
Q9DC69	Ndufa9	24
Q9DC70	Ndufs7	11
Q9DCA7	Caly	10
Q9DCB1	Hmgn3	3
Q9DCB4	Arpp21	21
Q9DCC8	Tomm20	5
Q9DCD5	Tjap1	24
Q9DCD6	Gabarap	3
Q9DCE9	Igtp	22
Q9DCF1	Tmem25	13
Q9DCG6	Pbld1	17
Q9DCG9	Trmt112	7
Q9DCH4	Eif3f	15
Q9DCH6	Zfand6	9
Q9DCJ1	Mlst8	14
Q9DCJ5	Ndufa8	9
Q9DCM0	Ethe1	14
Q9DCM2	Gstk1	16
Q9DCN1	Nudt12	26
Q9DCN2	Cyb5r3	14
Q9DCP2	Slc38a3	13
Q9DCP9	Dazap2	1
Q9DCR2	Ap3s1	9
Q9DCR4	Eid1	7
Q9DCS3	Mecr	16
Q9DCT2	Ndufs3	17
Q9DCU9	Hoga1	14
Q9DCV3	Dgat2	16
Q9DCV6	Dele1	27
Q9DCW2	Plscr2	9
Q9DCW4	Etfb	13
Q9DCX8	Iyd	13
Q9DCZ4	Apoo	10
Q9DCZ9	Aph1c	5
Q9DD02	Hikeshi	5
Q9DD03	Rab13	12
Q9DD06	Rarres2	10
Q9EP52	Twsg1	9
Q9EP53	Tsc1	56
Q9EP64	Tnmd	12
Q9EP66	Hcar2	14
Q9EP69	Sacm1l	35
Q9EP71	Rai14	59
Q9EP73	Cd274	13
Q9EP75	Cyp4f14	33
Q9EP78	Chst7	29
Q9EP82	Wdr4	19
Q9EP95	Retnla	2
Q9EP96	Slco1a4	25
Q9EP97	Senp3	23
Q9EPA7	Nmnat1	17
Q9EPB4	Pycard	12
Q9EPB7	Gpr88	5
Q9EPC1	Parva	16
Q9EPC2	Fgf23	14
Q9EPE9	Atp13a1	54
Q9EPK2	Rp2	15
Q9EPK5	Wwtr1	13
Q9EPK8	Trpv4	34
Q9EPL0	Xylt2	30
Q9EPL2	Clstn1	36
Q9EPL4	Mettl9	17
Q9EPL5	Mmp1a	22
Q9EPL6	Mmp1b	22
Q9EPL8	Ipo7	40
Q9EPL9	Acox3	39
Q9EPM5	Sync	21
Q9EPN1	Nbea	145
Q9EPQ1	Tlr1	37
Q9EPQ2	Rpgrip1	66
Q9EPQ8	Tcf20	87
Q9EPR4	Slc23a2	15
Q9EPR5	Sorcs2	55
Q9EPS2	Pyy	3
Q9EPS3	Glce	32
Q9EPT5	Slco2a1	23
Q9EPU0	Upf1	55
Q9EPU5	Tnfrsf21	36
Q9EPW0	Inpp4a	43
Q9EPW2	Klf15	13
Q9EPW9	Tlr6	33
Q9EPZ6	Tbx18	26
Q9EQ00	Ropn1l	12
Q9EQ06	Hsd17b11	16
Q9EQ09	Olr1	17
Q9EQ14	Il23a	11
Q9EQ20	Aldh6a1	28
Q9EQ21	Hamp	5
Q9EQ28	Pold3	25
Q9EQ31	Lpar3	15
Q9EQ32	Pik3ap1	35
Q9EQ61	Pes1	26
Q9EQ80	Nif3l1	18
Q9EQC0	Chst1	17
Q9EQC1	Hsd3b7	12
Q9EQC4	Elovl4	12
Q9EQC5	Scyl1	35
Q9EQC7	Fstl3	9
Q9EQD0	Fzd5	22
Q9EQF2	Kel	27
Q9EQF4	Izumo1r	9
Q9EQF5	Dpys	22
Q9EQG7	Enpp5	16
Q9EQG9	Cert1	36
Q9EQH2	Erap1	47
Q9EQH3	Vps35	43
Q9EQH4	Taf8	12
Q9EQH7	Ndst3	52
Q9EQJ0	Tpcn1	27
Q9EQJ9	Magi3	76
Q9EQK5	Mvp	45
Q9EQK7	Icmt	8
Q9EQM6	Dgcr8	34
Q9EQN3	Tsc22d4	18
Q9EQN9	Slc19a2	8
Q9EQP2	Ehd4	30
Q9EQP6	Arr3	15
Q9EQQ0	Suv39h2	26
Q9EQQ2	Yipf5	2
Q9EQQ4	Gpr45	14
Q9EQQ9	Oga	46
Q9EQR3	Kcnn1	22
Q9EQR5	Lime1	12
Q9EQT3	Rhou	13
Q9EQT6	Syt13	15
Q9EQU3	Tlr9	46
Q9EQU5	Set	10
Q9EQW6	Olig2	10
Q9EQW7	Kif13a	82
Q9EQW8	Ndst4	50
Q9EQX0	Ghrl	5
Q9EQY0	Ern1	42
Q9EQZ6	Rapgef4	53
Q9EQZ7	Rims2	81
Q9ER00	Stx12	13
Q9ER35	Fn3k	13
Q9ER39	Tor1a	18
Q9ER41	Tor1b	14
Q9ER42	Barx1	13
Q9ER47	Kcnh7	59
Q9ER58	Spock2	23
Q9ER60	Scn4a	56
Q9ER62	Tnfrsf22	13
Q9ER65	Clstn2	39
Q9ER69	Wtap	21
Q9ER71	Rhoj	7
Q9ER74	Sall1	49
Q9ER75	Irx6	16
Q9ER80	Rtp4	16
Q9ER88	Dap3	23
Q9ER97	Ngb	8
Q9ER99	Rsc1a1	16
Q9ERA0	Tfcp2	16
Q9ERA6	Tfip11	49
Q9ERB0	Snap29	14
Q9ERB5	Slco1c1	27
Q9ERC8	Dscam	98
Q9ERD6	Ralgps2	33
Q9ERD7	Tubb3	19
Q9ERE3	Sgk3	20
Q9ERE7	Mesd	12
Q9ERE9	Mapk8ip2	27
Q9ERG0	Lima1	45
Q9ERG2	Strn3	27
Q9ERH4	Nusap1	21
Q9ERH6	Moap1	20
Q9ERH7	Hipk3	44
Q9ERH8	Slc28a3	26
Q9ERI2	Rab27a	13
Q9ERI5	Jmjd6	14
Q9ERK0	Ripk4	36
Q9ERK7	Chrnb2	20
Q9ERK9	P2ry6	15
Q9ERL9	Gucy1a1	37
Q9ERM2	Icam4	10
Q9ERP3	Trim54	19
Q9ERQ3	Znf704	19
Q9ERQ8	Ca7	12
Q9ERR1	Ndel1	21
Q9ERS2	Ndufa13	8
Q9ERS5	Plekha2	18
Q9ERS7	Il1rl2	28
Q9ERU9	Ranbp2	161
Q9ERV1	Mkrn2	22
Q9ERV7	Pidd1	37
Q9ERZ3	Chrm3	15
Q9ERZ4	Chrm2	10
Q9ERZ6	Fign	29
Q9ES00	Ube4b	63
Q9ES03	Tbx20	20
Q9ES07	Slc15a2	26
Q9ES17	Il21	9
Q9ES18	Foxj2	13
Q9ES28	Arhgef7	47
Q9ES30	C1qtnf3	7
Q9ES34	Ube3b	54
Q9ES46	Parvb	19
Q9ES52	Inpp5d	73
Q9ES56	Trappc4	14
Q9ES57	Cd200r1	11
Q9ES63	Usp29	39
Q9ES64	Ush1c	51
Q9ES70	Nek6	17
Q9ES74	Nek7	18
Q9ES82	Popdc2	12
Q9ES83	Popdc1	14
Q9ES88	Slc13a2	18
Q9ES89	Extl2	12
Q9ES90	Gpr35	11
Q9ES97	Rtn3	40
Q9ESB3	Hrg	23
Q9ESC8	Aff4	59
Q9ESD1	Prss8	9
Q9ESD6	Cmtm7	6
Q9ESD7	Dysf	100
Q9ESE1	Lrba	139
Q9ESF1	Otof	100
Q9ESG2	Ropn1	12
Q9ESG4	Cltrn	9
Q9ESG8	Zdhhc16	13
Q9ESG9	Pkmyt1	18
Q9ESJ1	Cables1	16
Q9ESJ7	Irak1bp1	16
Q9ESK3	Capn10	35
Q9ESK4	Ing2	10
Q9ESK9	Rb1cc1	89
Q9ESL4	Map3k20	41
Q9ESM3	Hapln2	21
Q9ESM6	Gdpd2	18
Q9ESN2	Trim39	25
Q9ESN3	Pgap6	26
Q9ESN4	C1ql3	14
Q9ESN6	Trim2	34
Q9ESN9	Mapk8ip3	56
Q9ESP5	Fezf2	26
Q9ESS0	Dusp10	19
Q9ESS2	Fgf22	10
Q9EST1	Gsdma	24
Q9EST3	Eif4enif1	34
Q9EST4	Psmg2	10
Q9EST5	Anp32b	10
Q9EST8	Nfkbiz	27
Q9ESU6	Brd4	41
Q9ESW4	Agk	22
Q9ESX2	Sp6	13
Q9ESX5	Dkc1	28
Q9ESY9	Ifi30	10
Q9ESZ8	Gtf2i	49
Q9ET01	Pygl	49
Q9ET22	Dpp7	18
Q9ET26	Rnf114	14
Q9ET37	Slc5a4a	19
Q9ET38	Cldn19	5
Q9ET39	Slamf6	10
Q9ET47	Espn	28
Q9ET54	Palld	59
Q9ET66	Pi16	21
Q9ET77	Jph3	36
Q9ET78	Jph2	27
Q9ET80	Jph1	34
Q9JHC0	Gpx2	12
Q9JHC9	Elf2	22
Q9JHD1	Kat2b	39
Q9JHD2	Kat2a	36
Q9JHE3	Asah2	21
Q9JHE4	Gal3st1	21
Q9JHE6	Hes6	9
Q9JHF7	Hpgds	10
Q9JHF9	Ly96	9
Q9JHG0	Cbln3	7
Q9JHG2	Rcan2	8
Q9JHG6	Rcan1	9
Q9JHG7	Pik3cg	67
Q9JHH2	Tspan32	9
Q9JHH6	Cpb2	20
Q9JHI0	Mmp19	21
Q9JHI4	Slc13a1	8
Q9JHI5	Ivd	22
Q9JHI7	Exosc9	16
Q9JHI8	Nox4	22
Q9JHI9	Slc40a1	13
Q9JHJ0	Tmod3	18
Q9JHJ3	Glmp	7
Q9JHJ5	Htr3b	18
Q9JHJ8	Icoslg	14
Q9JHK4	Rabggta	40
Q9JHK5	Plek	11
Q9JHL0	Lat2	4
Q9JHL1	Nherf2	20
Q9JHP7	Poglut2	32
Q9JHQ0	Anxa9	20
Q9JHQ5	Lztfl1	15
Q9JHR7	Ide	48
Q9JHR9	Nrip2	13
Q9JHS3	Lamtor2	6
Q9JHS4	Clpx	40
Q9JHU3	Cdk20	16
Q9JHU4	Dync1h1	257
Q9JHW2	Nit2	16
Q9JHW4	Eefsec	29
Q9JHW9	Aldh1a3	23
Q9JHX3	Il21r	15
Q9JHZ2	Ankh	21
Q9JI10	Stk3	28
Q9JI11	Stk4	26
Q9JI13	Utp3	14
Q9JI18	Lrp1b	211
Q9JI33	Ntn4	27
Q9JI39	Abcb10	39
Q9JI44	Dmap1	26
Q9JI46	Nudt3	9
Q9JI57	Gtf2ird1	58
Q9JI58	Raet1d	10
Q9JI59	Jam2	14
Q9JI60	Lrat	12
Q9JI70	Mkks	27
Q9JI71	Dll4	25
Q9JI75	Nqo2	14
Q9JI76	Adam21	25
Q9JI78	Ngly1	38
Q9JI81	Cts8	19
Q9JI90	Rnf14	21
Q9JI91	Actn2	55
Q9JI99	Sgpp1	16
Q9JIA1	Lgi1	28
Q9JIA7	Sphk2	18
Q9JIB0	Rangrf	6
Q9JIB6	Naip6	69
Q9JIC3	Dclre1a	38
Q9JID9	Sh2b2	26
Q9JIE6	Tslp	8
Q9JIF0	Prmt1	20
Q9JIF3	Slc2a8	15
Q9JIF7	Copb1	48
Q9JIH2	Nup50	24
Q9JII1	Inpp5e	35
Q9JII5	Dazap1	10
Q9JII6	Akr1a1	21
Q9JIK5	Ddx21	50
Q9JIL4	Pdzk1	33
Q9JIM1	Slc29a1	13
Q9JIM3	Ercc6l2	79
Q9JIN6	Kcnmb4	6
Q9JIP3	Il17rb	24
Q9JIP4	Panx1	18
Q9JIP6	Fzd2	20
Q9JIP7	Slc15a1	24
Q9JIQ3	Diablo	13
Q9JIQ8	Tmprss2	16
Q9JIS5	Sv2a	26
Q9JIS7	Cacna1f	60
Q9JIS8	Slc12a4	48
Q9JIW4	Polm	22
Q9JIW5	Smad9	21
Q9JIW9	Ralb	9
Q9JIX8	Acin1	64
Q9JIX9	Fastk	24
Q9JIY0	Plekho1	18
Q9JIY2	Cbll1	20
Q9JIY5	Htra2	21
Q9JIY7	Nat8	9
Q9JIY8	Nat8f3	11
Q9JIZ9	Plscr3	10
Q9JJ00	Plscr1	11
Q9JJ04	B4galt4	20
Q9JJ06	C1galt1	16
Q9JJ11	Tacc3	23
Q9JJ26	Mefv	46
Q9JJ28	Flii	60
Q9JJ43	Rbfox1	10
Q9JJ48	Zc3h8	16
Q9JJ57	Kcnip1	13
Q9JJ59	Abcb9	32
Q9JJ61	Galnt16	30
Q9JJ66	Cdc20	21
Q9JJ69	Kcnip2	11
Q9JJ78	Pbk	16
Q9JJ94	Ssna1	8
Q9JJA7	Ccnl2	21
Q9JJA9	Tamalin	20
Q9JJC6	Rilpl1	22
Q9JJD0	Thap11	8
Q9JJE7	Fads3	14
Q9JJF2	Spag4	17
Q9JJF3	Riox1	29
Q9JJF9	Sppl2a	15
Q9JJG0	Tacc2	47
Q9JJG6	Tmem47	4
Q9JJG7	Caln1	14
Q9JJG9	Noa1	38
Q9JJH7	Trpm5	47
Q9JJI8	Rpl38	3
Q9JJJ3	Aqp9	4
Q9JJJ7	Porcn	10
Q9JJK5	Herpud1	14
Q9JJL3	Slco1b2	25
Q9JJN0	Polh	33
Q9JJN1	Fgf21	9
Q9JJN5	Cpn1	20
Q9JJN6	Ctnnbip1	2
Q9JJP2	Tp73	25
Q9JJR7	Ascl3	6
Q9JJS0	Scube2	38
Q9JJS6	Bco1	30
Q9JJS7	P2ry4	14
Q9JJT2	Gfra4	12
Q9JJT9	Phax	17
Q9JJV2	Pfn2	7
Q9JJV4	Cacng4	10
Q9JJV5	Cacng3	11
Q9JJV9	Scn5a	69
Q9JJW5	Myoz2	15
Q9JJW6	Alyref2	11
Q9JJX6	P2rx4	19
Q9JJX7	Tdp2	15
Q9JJY3	Smpd3	29
Q9JJY4	Ddx20	42
Q9JJY9	Il22	8
Q9JJZ2	Tuba8	21
Q9JJZ4	Ube2j1	15
Q9JJZ5	Egfl6	30
Q9JJZ6	Klf13	12
Q9JJZ8	Cnga3	28
Q9JJZ9	Cngb3	32
Q9JK24	Ppp2r3c	27
Q9JK37	Myoz1	14
Q9JK38	Gnpnat1	8
Q9JK42	Pdk2	19
Q9JK45	Kcnq5	43
Q9JK48	Sh3glb1	15
Q9JK81	Myg1	24
Q9JK83	Pard6b	14
Q9JK91	Mlh1	47
Q9JK92	Hspb8	10
Q9JK95	Perp	5
Q9JK97	Kcnq4	29
Q9JKB1	Uchl3	11
Q9JKB3	Ybx3	15
Q9JKC0	Ccl24	2
Q9JKC6	Cend1	6
Q9JKC7	Ap4m1	23
Q9JKC8	Ap3m1	22
Q9JKD8	Tbx21	24
Q9JKD9	Zbtb32	26
Q9JKE1	Trem3	10
Q9JKE2	Trem1	11
Q9JKF1	Iqgap1	81
Q9JKF4	Clec6a	9
Q9JKF6	Nectin1	22
Q9JKJ9	Cyp39a1	23
Q9JKK1	Stx6	12
Q9JKK7	Tmod2	20
Q9JKK8	Atr	145
Q9JKL5	Tesc	9
Q9JKM7	Rab37	18
Q9JKN1	Slc30a7	13
Q9JKN5	Olig1	12
Q9JKN6	Nova1	21
Q9JKP5	Mbnl1	10
Q9JKQ4	Irx5	18
Q9JKR6	Hyou1	51
Q9JKS4	Ldb3	27
Q9JKS5	Habp4	19
Q9JKT4	Tas2r105	9
Q9JKU8	Lmx1a	18
Q9JKV1	Adrm1	11
Q9JKV2	Cilk1	37
Q9JKW0	Arl6ip1	4
Q9JKX3	Tfr2	36
Q9JKX4	Aatf	21
Q9JKX6	Nudt5	10
Q9JKX8	Upk3a	5
Q9JKY0	Cnot9	18
Q9JKY5	Hip1r	64
Q9JKZ2	Slc5a3	22
Q9JL04	Fmn2	55
Q9JL06	Lpar2	15
Q9JL16	Isg20	14
Q9JL18	Bace2	15
Q9JL19	Ncoa6	50
Q9JL21	Ccr10	11
Q9JL26	Fmnl1	55
Q9JL27	Fut2	17
Q9JL35	Hmgn5	29
Q9JL56	Gde1	19
Q9JL60	Gmeb1	18
Q9JL61	Rfx5	37
Q9JL96	Ctsm	14
Q9JL99	Clec1b	14
Q9JLA2	Il36a	9
Q9JLB2	Pals1	38
Q9JLB4	Cubn	133
Q9JLB9	Nectin3	17
Q9JLC3	Msrb1	7
Q9JLC6	Tef	9
Q9JLF6	Tgm1	44
Q9JLF7	Tlr5	42
Q9JLG8	Capn15	53
Q9JLI3	Mmel1	35
Q9JLI6	Scly	19
Q9JLI7	Spag6	25
Q9JLI8	Sart3	50
Q9JLJ0	Litaf	1
Q9JLJ1	Selenok	6
Q9JLJ2	Aldh9a1	25
Q9JLJ4	Elovl2	6
Q9JLJ5	Elovl1	7
Q9JLK4	Cabp2	9
Q9JLK7	Cabp1	9
Q9JLL3	Tnfrsf19	21
Q9JLM8	Dclk1	33
Q9JLM9	Grb14	26
Q9JLN5	Ermap	28
Q9JLN6	Adam28	37
Q9JLN9	Mtor	133
Q9JLQ0	Cd2ap	35
Q9JLQ2	Git2	32
Q9JLR5	Tcf23	9
Q9JLR9	Higd1a	3
Q9JLT4	Txnrd2	22
Q9JLV1	Bag3	31
Q9JLV2	Trpc4ap	41
Q9JLV5	Cul3	44
Q9JLV6	Pnkp	27
Q9JLY0	Socs6	21
Q9JLZ3	Auh	18
Q9JLZ8	Sigirr	18
Q9JM05	Pias4	23
Q9JM13	Rabgef1	27
Q9JM14	Nt5c	9
Q9JM51	Ptges	7
Q9JM52	Mink1	60
Q9JM54	Pmaip1	5
Q9JM58	Crlf1	23
Q9JM61	Thsd1	39
Q9JM62	Reep6	8
Q9JM63	Kcnj10	11
Q9JM71	Klk1b27	10
Q9JM73	Srf	10
Q9JM84	Cst5	6
Q9JM90	Stap1	19
Q9JM95	St6galnac6	15
Q9JM96	Cdc42ep4	18
Q9JM99	Prg4	73
Q9JMA1	Usp14	25
Q9JMA2	Qtrt1	14
Q9JMA7	Cyp3a41a	22
Q9JMA9	Slc6a14	14
Q9JMB0	Gkap1	20
Q9JMB1	Spmap2	22
Q9JMB7	Piwil1	51
Q9JMB8	Cntn6	48
Q9JMC8	Epb41l4b	21
Q9JMD0	Znf207	6
Q9JMD3	Stard10	12
Q9JME2	Chst11	19
Q9JME5	Ap3b2	60
Q9JMF3	Gng13	5
Q9JMG3	Tmub1	5
Q9JMG7	Hdgfl3	9
Q9JMH3	Neu2	17
Q9JMH6	Txnrd1	29
Q9JMH7	Neu3	24
Q9JMH9	Myo18a	105
Q9JMI0	Ecel1	42
Q9JMI7	Tex101	13
Q9JMK0	B4galt5	17
Q9JMK2	Csnk1e	22
Q9NYQ2	Hao2	18
Q9QUG2	Polk	43
Q9QUG3	Prnd	8
Q9QUG9	Rasgrp2	33
Q9QUH0	Glrx	6
Q9QUI0	Rhoa	9
Q9QUI1	Fam89b	7
Q9QUI6	Ackr1	7
Q9QUJ0	Hcst	1
Q9QUJ7	Acsl4	34
Q9QUK3	Cln8	10
Q9QUK4	Naip2	73
Q9QUK6	Tlr4	40
Q9QUK9	Try5	10
Q9QUL3	Pla2g2e	7
Q9QUM0	Itga2b	39
Q9QUM4	Slamf1	13
Q9QUM9	Psma6	13
Q9QUN3	Blnk	22
Q9QUN7	Tlr2	34
Q9QUP4	Chst5	18
Q9QUQ5	Trpc4	50
Q9QUR6	Prep	45
Q9QUR7	Pin1	9
Q9QUR8	Sema7a	36
Q9QUS4	Hey2	10
Q9QUS6	Mid2	30
Q9QUT0	Rhag	7
Q9QVN7	Tcea2	12
Q9QVP9	Ptk2b	63
Q9QWG7	Sult1b1	17
Q9QWH1	Phc2	23
Q9QWI6	Srcin1	72
Q9QWK4	Cd5l	22
Q9QWL7	Krt17	28
Q9QWT9	Kifc1	42
Q9QWU6	Or6a2	10
Q9QWV4	Mlf1	14
Q9QWV9	Ccnt1	28
Q9QWW1	Homer2	19
Q9QWY8	Asap1	50
Q9QX11	Cyth1	21
Q9QX15	Clca3a1	38
Q9QX29	Trpc5	44
Q9QX47	Son	77
Q9QX60	Dguok	12
Q9QX66	Dpf1	23
Q9QX96	Sall2	25
Q9QX98	Ptf1a	11
Q9QXA6	Slc7a9	12
Q9QXC1	Fetub	16
Q9QXD1	Acox2	38
Q9QXD6	Fbp1	19
Q9QXD8	Limd1	28
Q9QXE0	Hacl1	27
Q9QXE4	Trp53inp1	5
Q9QXE7	Tbl1x	20
Q9QXF8	Gnmt	15
Q9QXG4	Acss2	28
Q9QXG9	Tinf2	17
Q9QXH4	Itgax	57
Q9QXJ1	Apbb1	24
Q9QXK2	Rad18	26
Q9QXK3	Copg2	46
Q9QXK7	Cpsf3	34
Q9QXK8	Nmu	6
Q9QXK9	Sh2d2a	18
Q9QXL1	Kif21b	75
Q9QXL2	Kif21a	69
Q9QXL8	Nme7	21
Q9QXM0	Abhd2	23
Q9QXM1	Jmy	40
Q9QXN0	Shroom3	105
Q9QXN3	Trip4	30
Q9QXN5	Miox	10
Q9QXP0	Rhcg	8
Q9QXP6	Mkrn1	17
Q9QXS1	Plec	291
Q9QXS6	Dbn1	26
Q9QXT5	Egfl7	13
Q9QXT8	Kcnip3	12
Q9QXU7	Prok2	6
Q9QXV0	Pcsk1n	12
Q9QXV1	Cbx8	20
Q9QXV3	Ing1	8
Q9QXV8	Spry2	18
Q9QXV9	Spry1	18
Q9QXW2	Fbxw5	23
Q9QXW9	Slc7a8	15
Q9QXX0	Jag1	51
Q9QXX3	Pla2g10	9
Q9QXX4	Slc25a13	32
Q9QXX8	Nufip1	21
Q9QXY1	Tjp3	39
Q9QXY6	Ehd3	28
Q9QXY7	Xk	21
Q9QXZ0	Macf1	413
Q9QXZ6	Slco1a1	33
Q9QXZ7	Nr2e3	23
Q9QXZ9	Opn4	13
Q9QY01	Ulk2	44
Q9QY06	Myo9b	112
Q9QY14	Foxe3	7
Q9QY15	Ddx25	22
Q9QY23	Pkp3	45
Q9QY24	Zbp1	16
Q9QY30	Abcb11	62
Q9QY31	Snai3	13
Q9QY36	Naa10	15
Q9QY40	Plxnb3	58
Q9QY42	Gpr37	24
Q9QY53	Nphp1	37
Q9QY76	Vapb	13
Q9QY80	Hacd1	7
Q9QY84	Actl7a	22
Q9QY93	Dctpp1	11
Q9QY96	Casr	38
Q9QYA2	Tomm40	11
Q9QYB1	Clic4	15
Q9QYB2	Dach1	20
Q9QYB5	Add3	27
Q9QYB8	Add2	35
Q9QYC0	Add1	26
Q9QYC3	Bhlha15	7
Q9QYC7	Ggcx	24
Q9QYE0	Plag1	17
Q9QYE3	Bcl11a	43
Q9QYE5	Jag2	49
Q9QYE6	Golga5	41
Q9QYE9	Plekhb1	11
Q9QYF1	Rdh11	15
Q9QYG0	Ndrg2	16
Q9QYH6	Maged1	27
Q9QYH9	Tnfsf14	10
Q9QYI5	Dnajb2	14
Q9QYI6	Dnajb9	12
Q9QYJ1	St6galnac5	15
Q9QYJ3	Dnajb1	20
Q9QYJ7	Dusp13b	10
Q9QYK5	Hs6st1	19
Q9QYK7	Rnf11	7
Q9QYL0	H1-9	8
Q9QYM5	Rnd2	12
Q9QYM8	Cenph	13
Q9QYM9	Tmeff2	18
Q9QYP6	Azi2	22
Q9QYR6	Map1a	108
Q9QYR7	Acot3	19
Q9QYR9	Acot2	24
Q9QYS2	Grm3	41
Q9QYS9	Qki	14
Q9QYX7	Pclo	217
Q9QYY0	Gab1	25
Q9QYY1	Il36rn	7
Q9QYY8	Spast	38
Q9QYY9	Adh4	17
Q9QYZ8	Dkk2	13
Q9QZ03	Slc39a1	9
Q9QZ04	Magel2	37
Q9QZ05	Eif2ak4	78
Q9QZ06	Tollip	12
Q9QZ08	Nagk	16
Q9QZ11	Exo1	42
Q9QZ15	Clec4a	11
Q9QZ26	Kcne5	5
Q9QZ39	St6galnac1	33
Q9QZ41	Dbf4	29
Q9QZ47	Tnnt3	8
Q9QZ59	Dmrt1	10
Q9QZ67	Ppm1d	31
Q9QZ73	Dcun1d1	12
Q9QZ82	Cyp11a1	29
Q9QZ85	Iigp1	23
Q9QZ88	Vps29	10
Q9QZB0	Rgs17	7
Q9QZB1	Rgs20	11
Q9QZB6	Nr4a3	17
Q9QZC1	Trpc3	44
Q9QZC2	Plxnc1	81
Q9QZD4	Ercc4	53
Q9QZD8	Slc25a10	15
Q9QZD9	Eif3i	19
Q9QZE2	Clnk	26
Q9QZE5	Copg1	45
Q9QZF2	Gpc1	27
Q9QZH3	Ppie	18
Q9QZH6	Ecsit	25
Q9QZI9	Serinc3	13
Q9QZJ6	Mfap5	8
Q9QZK2	Bcar3	48
Q9QZK7	Dok3	23
Q9QZL0	Ripk3	24
Q9QZL6	Usp21	29
Q9QZL9	Dkkl1	13
Q9QZM0	Ubqln2	13
Q9QZM2	Polg2	21
Q9QZM3	Clcf1	11
Q9QZM4	Tnfrsf10b	20
Q9QZN1	Fbxl17	37
Q9QZN4	Fbxo6	17
Q9QZQ0	Npas3	37
Q9QZQ1	Afdn	88
Q9QZQ3	Uts2	7
Q9QZQ8	Macroh2a1	16
Q9QZR0	Rnf25	21
Q9QZR5	Hipk2	40
Q9QZR9	Col4a4	81
Q9QZS0	Col4a3	72
Q9QZS2	Rnf4	6
Q9QZS3	Numb	20
Q9QZS5	Sgk2	15
Q9QZS7	Nphs1	54
Q9QZS8	Sh2d3c	47
Q9QZT4	Pla2g2f	8
Q9QZU4	Plaat1	6
Q9QZU9	Ube2l6	8
Q9QZW0	Atp11c	49
Q9QZW9	Mnx1	14
Q9QZX7	Srr	14
Q9QZZ4	Myo15a	159
Q9QZZ6	Dpt	8
Q9R001	Adamts5	55
Q9R002	Ifi202	20
Q9R007	Clec5a	12
Q9R008	Mvk	17
Q9R014	Ctsj	12
Q9R016	Naip5	75
Q9R049	Amfr	28
Q9R053	Scn11a	67
Q9R059	Fhl3	14
Q9R060	Nubp1	10
Q9R061	Nubp2	8
Q9R062	Gyg1	11
Q9R069	Bcam	31
Q9R078	Prkab1	14
Q9R088	Tk2	13
Q9R092	Hsd17b6	18
Q9R097	Spint1	18
Q9R098	Hgfac	21
Q9R0A0	Pex14	15
Q9R0A1	Clcn2	32
Q9R0A5	Nek3	28
Q9R0B6	Lamc3	68
Q9R0B7	Znf346	17
Q9R0C0	Bloc1s6	5
Q9R0C8	Vav3	49
Q9R0E1	Plod3	37
Q9R0E2	Plod1	41
Q9R0G6	Comp	32
Q9R0G7	Zeb2	50
Q9R0G8	Nrk	64
Q9R0H0	Acox1	34
Q9R0H5	Krt71	29
Q9R0K7	Atp2b2	53
Q9R0L1	Hsf4	22
Q9R0L6	Pcm1	83
Q9R0L7	Akap8l	24
Q9R0L9	Cd164	2
Q9R0M0	Celsr2	119
Q9R0M4	Podxl	11
Q9R0M5	Tpk1	10
Q9R0M6	Rab9a	12
Q9R0M8	Slc35a2	11
Q9R0N0	Galk1	17
Q9R0N3	Syt11	16
Q9R0N4	Syt10	28
Q9R0N5	Syt5	23
Q9R0N6	Syt8	15
Q9R0N7	Syt7	20
Q9R0N8	Syt6	26
Q9R0N9	Syt9	25
Q9R0P5	Dstn	11
Q9R0P9	Uchl1	10
Q9R0Q1	Sytl4	38
Q9R0Q3	Tmed2	9
Q9R0Q7	Ptges3	9
Q9R0Q8	Clec4e	8
Q9R0R4	Apln	1
Q9R0S2	Mmp24	24
Q9R0S3	Mmp17	22
Q9R0T7	Try4	10
Q9R0T8	Ikbke	38
Q9R0U0	Srsf10	10
Q9R0W9	Chrna6	20
Q9R0X0	Med20	9
Q9R0X2	Adamdec1	24
Q9R0X4	Acot9	27
Q9R0X5	Rpgr	41
Q9R0Y1	Asic5	17
Q9R0Y5	Ak1	11
Q9R0Y8	Gabrg1	15
Q9R0Z9	Dlc1	56
Q9R100	Cdh17	35
Q9R109	Oaz3	9
Q9R111	Gda	28
Q9R117	Tyk2	61
Q9R118	Htra1	20
Q9R144	Prmt2	16
Q9R155	Slc26a4	23
Q9R158	Adam26a	27
Q9R159	Adam25	32
Q9R160	Adam24	27
Q9R171	Cbln1	12
Q9R182	Angptl3	24
Q9R187	Edar	22
Q9R190	Mta2	40
Q9R194	Cry2	28
Q9R1A8	Cop1	31
Q9R1B9	Slit2	69
Q9R1C0	Taf7	19
Q9R1C6	Dgke	26
Q9R1C7	Prpf40a	36
Q9R1C8	Htr6	11
Q9R1E0	Foxo1	26
Q9R1E6	Enpp2	37
Q9R1I1	Chst4	19
Q9R1J0	Nsdhl	18
Q9R1K5	Fzr1	28
Q9R1K7	Tubd1	25
Q9R1K9	Cetn2	9
Q9R1L5	Mast1	73
Q9R1M5	Nlrp5	54
Q9R1N9	Col13a1	39
Q9R1P0	Psma4	13
Q9R1P1	Psmb3	9
Q9R1P4	Psma1	18
Q9R1Q9	Atp6ap1	14
Q9R1R0	Lhx6	20
Q9R1R2	Trim3	33
Q9R1S0	B9d1	10
Q9R1S7	Abcc6	56
Q9R1T4	Septin6	20
Q9R1V4	Adam11	33
Q9R1V6	Adam22	46
Q9R1V7	Adam23	37
Q9R1W5	Calcrl	11
Q9R1X4	Timeless	57
Q9R1X5	Abcc5	63
Q9R1Y5	Hic1	31
Q9R1Z7	Pts	9
Q9R1Z8	Sorbs3	33
Q9R207	Nbn	41
Q9R210	Tfeb	16
Q9R216	Fzd9	22
Q9R224	Bex1	7
Q9R226	Khdrbs3	10
Q9R229	Bmp10	21
Q9R233	Tapbp	19
Q9R244	Trpc2	47
Q9R269	Ppl	123
Q9R2B6	St6galnac4	14
Q9WTI7	Myo1c	57
Q9WTJ2	Ovol1	14
Q9WTJ5	Ramp1	8
Q9WTJ6	Tesmin	20
Q9WTK0	Nupr1	1
Q9WTK2	Cdyl	23
Q9WTK3	Gpaa1	20
Q9WTK5	Nfkb2	40
Q9WTK7	Stk11	20
Q9WTK8	Spo11	25
Q9WTL2	Rab25	12
Q9WTL4	Insrr	58
Q9WTL7	Lypla2	12
Q9WTL8	Bmal1	24
Q9WTM5	Ruvbl2	26
Q9WTN0	Ggps1	17
Q9WTN3	Srebf1	38
Q9WTN6	Slc22a21	19
Q9WTP3	Spdef	13
Q9WTP5	Cdh22	26
Q9WTP6	Ak2	14
Q9WTP9	Vax2	14
Q9WTQ5	Akap12	63
Q9WTR0	Mmp16	24
Q9WTR1	Trpv2	30
Q9WTR2	Map3k6	49
Q9WTR5	Cdh13	30
Q9WTR6	Slc7a11	17
Q9WTS2	Fut8	30
Q9WTS4	Tenm1	114
Q9WTS5	Tenm2	116
Q9WTS6	Tenm3	125
Q9WTU0	Phf2	47
Q9WTU3	Scn8a	62
Q9WTU6	Mapk9	21
Q9WTV6	Usp18	15
Q9WTV7	Rlim	28
Q9WTW2	Kcne3	4
Q9WTW5	Slc22a3	17
Q9WTX2	Prkra	14
Q9WTX4	Nrg4	4
Q9WTX5	Skp1	10
Q9WTX6	Cul1	47
Q9WTX8	Mad1l1	47
Q9WTY4	Aqp5	8
Q9WTZ1	Rnf7	5
Q9WTZ2	Mbtps1	42
Q9WTZ9	Bex3	2
Q9WU00	Nrf1	10
Q9WU01	Khdrbs2	14
Q9WU02	Avpr1b	12
Q9WU03	Spint2	14
Q9WU19	Hao1	18
Q9WU20	Mthfr	31
Q9WU22	Ptpn4	48
Q9WU38	Scnn1b	22
Q9WU39	Scnn1g	17
Q9WU40	Lemd3	47
Q9WU42	Ncor2	114
Q9WU56	Pus1	28
Q9WU60	Atrn	59
Q9WU62	Incenp	34
Q9WU65	Gk2	28
Q9WU72	Tnfsf13b	18
Q9WU78	Pdcd6ip	46
Q9WU79	Prodh	31
Q9WUA3	Pfkp	33
Q9WUA5	Epm2a	15
Q9WUA6	Akt3	28
Q9WUB0	Rbck1	33
Q9WUB3	Pygm	51
Q9WUB6	Clcnkb	21
Q9WUB7	Clcnka	26
Q9WUC3	Ly6h	8
Q9WUD1	Stub1	21
Q9WUD6	Wnt8b	20
Q9WUE3	Cyb561d2	3
Q9WUE4	Nprl2	22
Q9WUF3	Casp8ap2	103
Q9WUH2	Lhx9	17
Q9WUH5	Trim10	26
Q9WUH7	Sema4g	34
Q9WUI0	Mixl1	10
Q9WUI1	Mapk11	15
Q9WUK6	Zbtb18	31
Q9WUK7	Opn3	14
Q9WUL5	Pdcd1lg2	14
Q9WUL6	Map3k14	41
Q9WUL7	Arl3	11
Q9WUL8	Cited4	3
Q9WUM3	Coro1b	19
Q9WUM4	Coro1c	21
Q9WUM5	Suclg1	13
Q9WUN2	Tbk1	39
Q9WUP0	Ramp2	4
Q9WUP1	Ramp3	3
Q9WUP4	Srd5a3	12
Q9WUP7	Uchl5	18
Q9WUQ2	Preb	19
Q9WUQ5	Cxcl14	5
Q9WUR2	Eci2	18
Q9WUR9	Ak4	12
Q9WUS4	Gja10	20
Q9WUT3	Rps6ka2	45
Q9WUU8	Tnip1	26
Q9WUU9	Mcm3ap	68
Q9WUV2	St6galnac3	16
Q9WUX5	Irag1	43
Q9WUZ6	Ccl17	5
Q9WUZ9	Entpd5	19
Q9WV02	Rbmx	26
Q9WV04	Kif9	41
Q9WV06	Ankrd2	20
Q9WV07	Aloxe3	30
Q9WV08	Aplnr	12
Q9WV18	Gabbr1	42
Q9WV27	Atp1a4	48
Q9WV30	Nfat5	32
Q9WV31	Arc	15
Q9WV34	Mpp2	32
Q9WV38	Slc2a5	9
Q9WV52	Plek2	19
Q9WV54	Asah1	21
Q9WV55	Vapa	13
Q9WV56	Gdf2	23
Q9WV60	Gsk3b	21
Q9WV66	Marchf7	31
Q9WV68	Decr2	17
Q9WV69	Dmtn	23
Q9WV71	Asb4	19
Q9WV72	Asb3	17
Q9WV76	Ap4b1	41
Q9WV80	Snx1	23
Q9WV84	Nme4	10
Q9WV85	Nme3	12
Q9WV86	Katna1	28
Q9WV89	Stxbp4	27
Q9WV91	Ptgfrn	47
Q9WV92	Epb41l3	47
Q9WV93	Hey1	12
Q9WVA8	Npff	7
Q9WVB0	Rbpms	10
Q9WVB3	Tle6	28
Q9WVB4	Slit3	72
Q9WVC3	Cav2	9
Q9WVC5	Trpc7	40
Q9WVC6	Sgk1	20
Q9WVC8	Slc26a3	30
Q9WVD4	Clcn5	30
Q9WVE0	Aicda	14
Q9WVE8	Pacsin2	23
Q9WVF6	Pla2g2d	10
Q9WVF7	Pole	103
Q9WVF8	Tusc2	6
Q9WVF9	Clec2i	15
Q9WVG5	Lipg	21
Q9WVG6	Carm1	20
Q9WVG7	Osr1	7
Q9WVG9	Msl3	28
Q9WVH3	Foxo4	17
Q9WVH4	Foxo3	18
Q9WVH6	Angpt4	25
Q9WVH9	Fbln5	17
Q9WVI9	Mapk8ip1	32
Q9WVJ0	Kcnh3	34
Q9WVJ3	Cpq	19
Q9WVJ9	Efemp2	21
Q9WVK0	Agtrap	2
Q9WVK4	Ehd1	29
Q9WVK5	B4galt6	17
Q9WVK8	Cyp46a1	26
Q9WVL0	Gstz1	13
Q9WVL2	Stat2	40
Q9WVL3	Slc12a7	45
Q9WVL4	Grk1	26
Q9WVL5	Morc1	50
Q9WVL6	Extl3	48
Q9WVL7	Cxcl15	12
Q9WVM1	Racgap1	35
Q9WVM3	Anapc7	29
Q9WVM8	Aadat	17
Q9WVP1	Ap1m2	24
Q9WVP6	Papolb	32
Q9WVP9	Mx2	37
Q9WVQ0	Pmfbp1	59
Q9WVQ1	Magi2	61
Q9WVQ5	Apip	15
Q9WVR4	Fxr2	35
Q9WVS0	Icos	10
Q9WVS4	Mok	24
Q9WVS6	Prkn	24
Q9WVS7	Map2k5	21
Q9WVS8	Mapk7	27
Q9WVT6	Ca14	9
Q9Z0D9	Cx3cr1	12
Q9Z0E0	Ncdn	32
Q9Z0E1	M1ap	21
Q9Z0E2	Chrd	42
Q9Z0E3	Aire	27
Q9Z0E6	Gbp2	24
Q9Z0E8	Slc22a5	17
Q9Z0F0	B3galt4	18
Q9Z0F3	Bcl2l10	9
Q9Z0F4	Cib1	14
Q9Z0F5	Ch25h	5
Q9Z0F6	Rad9a	12
Q9Z0F7	Sncg	8
Q9Z0F8	Adam17	41
Q9Z0G0	Gipc1	15
Q9Z0G2	Srpk3	23
Q9Z0G4	Ccn5	8
Q9Z0G9	Cldn3	7
Q9Z0H0	Cdc7	35
Q9Z0H3	Smarcb1	19
Q9Z0H4	Celf2	17
Q9Z0H7	Bcl10	11
Q9Z0H8	Clip2	60
Q9Z0I6	Slfn2	19
Q9Z0I7	Slfn1	18
Q9Z0J0	Npc2	7
Q9Z0J1	Reck	41
Q9Z0J4	Nos1	72
Q9Z0J7	Gdf15	17
Q9Z0K7	Slurp1	6
Q9Z0K8	Vnn1	21
Q9Z0L0	Tpbg	19
Q9Z0L1	S1pr4	16
Q9Z0L2	Artn	10
Q9Z0L3	Oc90	21
Q9Z0L6	Pth	9
Q9Z0L8	Ggh	15
Q9Z0M1	Klk4	11
Q9Z0M5	Lipa	19
Q9Z0M6	Adgre5	35
Q9Z0N1	Eif2s3x	23
Q9Z0N2	Eif2s3y	22
Q9Z0P4	Palm	21
Q9Z0P5	Twf2	21
Q9Z0P7	Sufu	20
Q9Z0R0	Haspin	37
Q9Z0R4	Itsn1	75
Q9Z0R6	Itsn2	80
Q9Z0R9	Fads2	18
Q9Z0S1	Bpnt1	20
Q9Z0S2	Lhx2	17
Q9Z0S5	Cldn15	5
Q9Z0S6	Cldn10	9
Q9Z0S9	Rabac1	4
Q9Z0T6	Pkdrej	93
Q9Z0T9	Itgb6	35
Q9Z0U0	Xpr1	29
Q9Z0U1	Tjp2	57
Q9Z0U9	S1pr3	17
Q9Z0V1	Kcnd3	25
Q9Z0V2	Kcnd2	23
Q9Z0W1	Ngfr	16
Q9Z0X0	Cdc42ep5	6
Q9Z0X1	Aifm1	31
Q9Z0X4	Pde3a	42
Q9Z0Y1	Dctn3	12
Q9Z0Y2	Pla2g1b	7
Q9Z0Y7	Irs4	57
Q9Z0Y9	Nr1h3	21
Q9Z0Z3	Skp2	22
Q9Z0Z4	Heph	47
Q9Z0Z7	Klf5	15
Q9Z101	Pard6a	15
Q9Z103	Adnp	61
Q9Z104	Hmg20b	18
Q9Z108	Stau1	30
Q9Z110	Aldh18a1	45
Q9Z111	Gadd45g	5
Q9Z120	Mettl1	12
Q9Z121	Ccl8	5
Q9Z123	Sema4f	30
Q9Z125	Creb3l1	22
Q9Z126	Pf4	4
Q9Z127	Slc7a5	16
Q9Z129	Recql	35
Q9Z130	Hnrnpdl	15
Q9Z131	Sh3bp5	25
Q9Z132	Rspo1	10
Q9Z138	Ror2	36
Q9Z139	Ror1	38
Q9Z140	Cpne6	29
Q9Z148	Ehmt2	53
Q9Z172	Sumo3	4
Q9Z175	Loxl3	35
Q9Z176	Ppp2r3d	23
Q9Z183	Padi4	31
Q9Z186	G6pc2	14
Q9Z188	Dyrk1b	27
Q9Z1B3	Plcb1	57
Q9Z1B5	Mad2l1	14
Q9Z1B7	Mapk13	21
Q9Z1B8	Phf1	28
Q9Z1D1	Eif3g	17
Q9Z1E3	Nfkbia	8
Q9Z1E4	Gys1	32
Q9Z1F6	Cnmd	18
Q9Z1F9	Uba2	31
Q9Z1G4	Atp6v0a1	31
Q9Z1J1	Tcf7l1	16
Q9Z1J2	Nek4	43
Q9Z1J3	Nfs1	26
Q9Z1K5	Arih1	26
Q9Z1K6	Arih2	25
Q9Z1K7	Apc2	112
Q9Z1K8	Slc7a7	11
Q9Z1L3	Dedd	23
Q9Z1L4	Rs1	10
Q9Z1L5	Cacna2d3	46
Q9Z1M0	P2rx7	29
Q9Z1M4	Rps6kb2	16
Q9Z1M7	Large1	39
Q9Z1N2	Orc1	50
Q9Z1N5	Ddx39b	21
Q9Z1N6	Sfrp4	17
Q9Z1N9	Unc13b	77
Q9Z1P4	Lgr5	34
Q9Z1P5	Cd320	13
Q9Z1P8	Angptl4	15
Q9Z1Q2	Abhd16a	29
Q9Z1Q3	Ly6g6d	4
Q9Z1Q5	Clic1	15
Q9Z1R2	Bag6	30
Q9Z1R3	Apom	8
Q9Z1S0	Bub1b	58
Q9Z1S3	Rasgrp1	41
Q9Z1S5	Septin3	17
Q9Z1S8	Gab2	28
Q9Z1T1	Ap3b1	58
Q9Z1T2	Thbs4	36
Q9Z1T5	Deaf1	19
Q9Z1T6	Pikfyve	105
Q9Z1W4	Gdf11	16
Q9Z1W5	Serp1	1
Q9Z1W8	Atp12a	49
Q9Z1W9	Stk39	21
Q9Z1X0	Ccl27	4
Q9Z1X2	Ptdss2	19
Q9Z1X4	Ilf3	36
Q9Z1Y4	Trip6	23
Q9Z1Y9	Dio2	9
Q9Z1Z0	Uso1	42
Q9Z1Z2	Strap	21
Q9Z204	Hnrnpc	18
Q9Z205	Rfxank	12
Q9Z206	Net1	32
Q9Z207	Diaph3	59
Q9Z218	Dpp6	40
Q9Z222	B3GNT2	22
Q9Z223	Mocs2	11
Q9Z238	Ccne2	17
Q9Z239	Fxyd1	2
Q9Z247	Fkbp9	24
Q9Z248	Aebp2	20
Q9Z255	Ube2a	3
Q9Z260	Cldn8	9
Q9Z261	Cldn7	3
Q9Z262	Cldn6	5
Q9Z265	Chek2	26
Q9Z266	Snapin	8
Q9Z273	Tulp1	31
Q9Z277	Baz1b	81
Q9Z280	Pld1	53
Q9Z2A0	Pdpk1	24
Q9Z2A5	Ate1	21
Q9Z2A7	Dgat1	17
Q9Z2A9	Ggt5	23
Q9Z2B1	Il18rap	25
Q9Z2B2	Slc25a14	15
Q9Z2B3	Rgr	7
Q9Z2B5	Eif2ak3	56
Q9Z2B9	Rps6ka4	39
Q9Z2C4	Mtmr1	30
Q9Z2C5	Mtm1	36
Q9Z2C8	Ybx2	15
Q9Z2C9	Mtmr7	40
Q9Z2D0	Mtmr9	25
Q9Z2D1	Mtmr2	33
Q9Z2D3	Gsdme	23
Q9Z2D6	Mecp2	23
Q9Z2D7	Mbd4	34
Q9Z2D8	Mbd3	16
Q9Z2E1	Mbd2	17
Q9Z2E2	Mbd1	28
Q9Z2E3	Ern2	36
Q9Z2E5	Atoh7	10
Q9Z2E9	Bscl2	14
Q9Z2F2	Oasl2	24
Q9Z2F6	Bcl3	19
Q9Z2F7	Bnip3l	9
Q9Z2G0	Fem1b	35
Q9Z2G1	Fem1aa	26
Q9Z2G6	Sel1l	39
Q9Z2G9	Htatip2	13
Q9Z2H5	Epb41l1	45
Q9Z2H6	Clec4d	10
Q9Z2I0	Letm1	38
Q9Z2I2	Fkbp1b	3
Q9Z2I4	Robo3	46
Q9Z2I8	Suclg2	28
Q9Z2I9	Sucla2	29
Q9Z2J0	Slc23a1	16
Q9Z2J6	Ptgdr2	15
Q9Z2K1	Krt16	31
Q9Z2L6	Minpp1	20
Q9Z2N8	Actl6a	18
Q9Z2P8	Vamp5	3
Q9Z2Q6	Septin5	19
Q9Z2R6	Unc119	14
Q9Z2R9	Eif2ak1	28
Q9Z2S7	Tsc22d3	6
Q9Z2U0	Psma7	14
Q9Z2U1	Psma5	10
Q9Z2U4	Elf4	10
Q9Z2V4	Pck1	34
Q9Z2V5	Hdac6	34
Q9Z2V6	Hdac5	44
Q9Z2W1	Stk25	21
Q9Z2W8	Gria4	42
Q9Z2W9	Gria3	38
Q9Z2X2	Psmd10	12
Q9Z2X8	Keap1	35
Q9Z2Y2	B4galt2	17
Q9Z2Y3	Homer1	22
Q9Z2Z6	Slc25a20	18
Q9Z306	Slc22a4	16
Q9Z309	Cib2	9
Q9Z315	Sart1	39
Q9Z319	Corin	50
Q9Z320	Krt27	22
Q9Z329	Itpr2	137
Q9Z331	Krt6b	30
Q9Z351	Kcnq2	41
S4R2P9	Slc8a3	33
T1NXB5	Vstm4	11
V9GX91	Nav2	108
V9GXG1	Slfn14	44
V9GXK1	Pierce2	7
W8DXL4	Lrit3	30
A0A087WRI3	Cfap77	19
A0A0A6YY25	Btbd18	32
A0A0M3U1B0	Sycp2l	47
A0A140LI67	Frmpd2	57
A0A140LIJ0	Dcst2	36
A0A1B0GRQ3	Tincr	5
A0A1B0GSN8	Sertm2	5
A0A1B0GSZ0	Spaar	0
A0A1D5RMD1	Iqcn	73
A0A286YD83	Smim43	3
A0A286YEC0	Cirop	34
A0A2R8VHF7	Catsperq	12
A0A571BF63	Ankfn1	52
A0A6I8MX38	Tug1	6
A0JLY1	Cfap210	27
A0PK84	Zdhhc22	4
A1A535	Veph1	43
A1EGX6	Fscb	28
A1YIY0	Fcrl6	9
A2A559	Pgap3	10
A2A690	Tanc2	81
A2A761	Zfp69	30
A2A870	Fbf1	56
A2A9T0	Tbkbp1	28
A2AB59	Arhgap27	32
A2ABU4	Myom3	74
A2ACG1	Tldc2	7
A2ADA5	Pusl1	13
A2ADU9	Awat1	8
A2ADY9	Ddi2	20
A2AFR3	Frmpd4	68
A2AFS9	Tex13a	20
A2AGX3	Prdm11	31
A2AHG0	Lzts3	33
A2AJA7	Mamdc4	40
A2AJB1	Ccdc183	34
A2AKB4	Frmpd1	71
A2AKM2	Hacd4	8
A2ALI5	Ajap1	17
A2ALK8	Ptpn3	46
A2APA5	Fam209	9
A2AQ14	Oip5	14
A2AQH4	Bcorl1	70
A2AQP0	Myh7b	106
A2AQW0	Map3k15	61
A2AR02	Ppig	21
A2AR50	Ralgps1	28
A2ARM1	Patl2	23
A2ASA8	Itpripl1	25
A2ATD1	Ism1	23
A2AUY4	Baz2b	84
A2AVJ5	Prr5l	12
A2AWA9	Rabgap1	50
A2AWP8	Arhgef10l	46
A2AWT3	Atxn7l3	16
A2BDX4	Kcng1	15
A2BGH0	Bpifb4	19
A2BGJ5	Zmynd12	23
A2KF29	Smoktcr	18
A2RSJ4	Bltp3b	79
A3KFU9	Disp3	49
A4FUQ5	Fpr-rs4	9
A6BLY7	Krt28	24
A6H584	Col6a5	135
A6H5Y1	Mphosph9	54
A6H5Z3	Exoc6b	47
A6H639	Drc5	23
A6H6T1	Prss40	14
A6PWD2	Fhad1	80
A6PWV5	Arid3c	17
A6X919	Dpy19l1	30
A7TZF0	Skint3	16
A7XUX6	Skint2	16
A7XUY5	Skint5	64
A7XV04	Skint7	14
A7XV07	Skint8	13
A8Y5H7	Sec14l1	38
B1AR09	Mllt6	28
B1ARD6	Slfn9	46
B1ARY8	Ciroz	33
B1AUR6	Mms22l	57
B1AVD1	Xpnpep2	32
B1AVH7	Tbc1d2	46
B1AWJ5	Tmem8b	14
B1AX39	Zcchc7	23
B1AYB6	Mbd5	51
B1B212	H60b	7
B1B213	H60c	7
B2KG20	Klri1	15
B2RQA1	Kcna10	22
B2RQC2	Usp42	51
B2RQE8	Arhgap42	53
B2RVW2	Clrn2	8
B2RW88	Prr19	12
B2RXB0	Garin1a	9
B2RXC5	Znf382	35
B7ZCC9	Adgrg4	104
B7ZMP1	Xpnpep3	22
B9EJR8	Dnaaf5	47
C0HK79	Arxes1	10
C0HK80	Arxes2	10
C0HKD8	Mfap1a	19
C0HKG5	Rnaset2a	12
C0HKG6	Rnaset2b	12
D3YV92	Garin2	19
D3YWE6	Mn1	34
D3YWJ0	Nuggc	38
D3YX90	Adamts17	52
D3YXF5	C7	43
D3YYU8	Obsl1	76
D3YZG8	Mthfd2l	20
D3YZI9	Pgbd5	24
D3Z1D3	CEFIP	73
D3Z1U7	Tmem233	3
D3Z338	Catsperh	3
D3Z5L9	Ccn6	21
D3Z6H8	Amd2	18
D3Z6Q9	Bin2	22
D3Z7A5	Daw1	20
D3Z7Q2	Smim20	3
D4PHA7	Wscd2	31
E0CYR6	Nat8f7	12
E5FYH1	Topaz1	83
E9PWZ3	Rpl3l	22
E9PXM9	Fbxw24	29
E9PXT9	Fam170b	15
E9PYL2	Prr12	59
E9PYQ0	Rsph10b	43
E9Q137	Tex264	13
E9Q286	Ice1	99
E9Q309	Cep350	166
E9Q355	Catsperg1	49
E9Q3D4	Hsd17b14	14
E9Q4F2	Klhl18	22
E9Q4P1	Wdfy1	24
E9Q5Z5	Fancf	21
E9Q6D6	Znf277	26
E9Q6I0	Vmn2r116	31
E9Q6J5	Bod1l	128
E9Q735	Ube4a	43
E9Q784	Zc3h13	69
E9Q793	Jhy	40
E9Q7M2	Tsc22d2	11
E9Q7P9	Cdhr2	41
E9Q8G5	ObI1	36
E9Q9R3	Fimp1	5
F2Z472	Svs3a	17
F6YCR7	Rhox13	4
F7A4A7	Otogl	103
F8VPZ3	Usp32	75
F8VPZ9	Bicra	37
F8VQK3	Gucy1a2	42
G3UVW3	Slc38a6	12
G3X9G7	Zfp809	19
G3X9P6	Obox5	12
G3X9Z4	Pcf11	82
G5E861	Sclt1	44
G5E897	Poglut3	27
G5E8G2	Usp17ld	19
G5E8V9	Arfip1	20
H3BKT1	Gm52993	3
J3QNX5	Shisa8	18
J3QPP8	Alkal1	5
K7N6K2	Trim34b	27
O08524	Tectb	14
O08542	Efna4	8
O08576	Rundc3a	22
O08641	Sh3yl1	18
O08664	Bcl7c	7
O08672	Kifc2	34
O08742	Gp5	25
O08784	Tcof1	64
O08843	Lst1	2
O08899	Rgs4	12
O08970	Tuft1	20
O08989	Mras	13
O08999	Ltbp2	57
O09101	Pigf	0
O09102	Gcm2	20
O09108	Lhb	6
O09117	Sypl1	8
O09158	Cyp3a25	23
O35066	Kif3c	41
O35071	Kif1c	60
O35103	Omd	12
O35153	Bet1l	6
O35166	Gosr2	7
O35214	Rrh	11
O35215	Ddt	9
O35218	Cpsf2	41
O35228	Ebi3	10
O35292	Rnase2b	8
O35308	Slc16a8	16
O35344	Kpna3	16
O35367	Kera	20
O35392	Foxd2	12
O35448	Ppt2	10
O35459	Ech1	20
O35474	Edil3	26
O35486	Crygs	7
O35602	Rax	17
O35609	Scamp3	8
O35623	Bet1	3
O35640	Anxa8	20
O35660	Gstm6	16
O35683	Ndufa1	2
O35684	Serpini1	18
O35709	Enc1	39
O35711	Ppfibp2	49
O35737	Hnrnph1	19
O35841	Api5	25
O35857	Timm44	28
O35887	Calu	16
O35900	Lsm2	6
O54692	Zw10	42
O54750	Cyp2j6	27
O54782	Man2b2	39
O54791	Maff	8
O54792	Hes2	7
O54819	Tfpi	14
O54826	Mllt10	25
O54830	Prl7a1	11
O54836	Zmat3	13
O54887	Tsks	36
O54907	Tnfsf12	9
O55057	Pde6d	4
O55074	Akap7	6
O55082	Ptpn20	23
O55125	Nipsnap1	14
O55126	Nipsnap2	14
O55189	Ambn	12
O55196	Enam	52
O55226	Chad	16
O70218	Hmx1	15
O70251	Eef1b	12
O70273	Ehf	10
O70279	Ess2	22
O70299	Mab21l1	21
O70311	Nmt2	25
O70333	Cript	4
O70338	Rnaseh1	13
O70340	Nptx2	22
O70354	Ca11	10
O70410	Vmn2r1	40
O70472	Tmem131	72
O70479	Tnfaip1	21
O70493	Snx12	9
O70555	Sprr2d	7
O70591	Pfdn2	10
O88200	Clec11a	16
O88338	Cdh16	15
O88346	Tnnt1	8
O88396	Grpel2	13
O88425	Nme6	10
O88430	Ccl22	3
O88441	Mtx2	12
O88451	Rdh7	20
O88492	Plin4	100
O88512	Ap1g2	35
O88520	Shoc2	21
O88532	Zfr	42
O88544	Cops4	26
O88573	Aff1	55
O88685	Psmc3	26
O88803	Lect2	8
O88842	Fgd3	30
O88843	Cradd	7
O88851	Rbbp9	10
O88853	Galr3	11
O88854	Galr2	7
O88855	Ltb4r	14
O88866	Hunk	33
O88888	Apba3	17
O88958	Gnpda1	15
O88968	Tcn2	22
O88986	Gcat	17
O88995	Nfkbil1	19
O89013	Leprot	4
O89079	Cope	13
P00683	Rnase1	5
P01849	Trac	7
P01895	H2-D1	15
P01900	H2-D1	21
P02319	Prm1	0
P02525	Cryba1	9
P02816	Pip	7
P03899	mt-Nd3	3
P03903	Mtnd4l	2
P03921	Mtnd5	13
P03991	H2-K1	19
P04071	Klk1b16	12
P04342	Crygd	9
P04344	Crygb	9
P04443	Hbb-bh0	11
P04444	Hbb-bh1	11
P04769	Prl7d1	16
P04918	Saa3	7
P05366	Saa1	5
P05977	Myl1	12
P06343	H2-Ab1	14
P06796	Csn3	4
P07310	Ckm	19
P07349	Ifna5	9
P07350	Ifna6	7
P07351	Ifna4	10
P07361	Orm2	11
P07628	Klk1b8	13
P08042	Zfp1	22
P08607	C4bpa	22
P09023	Hoxb6	11
P09092	Hoxa6	10
P09174	Pde6g	2
P09235	Ifna9	7
P09541	Myl4	13
P09586	Prl3b1	10
P09925	Surf1	19
P0C0P8	Nps	4
P0C5J4	Gpr52	8
P0C6B2	Ptcra	8
P0C7W3	Tor2a	10
P0C872	Jmjd7	16
P0CG50	Ubc	48
P0DN34	Ndufb1	3
P0DW87	Zftraf1	18
P10078	Zfp28	55
P10629	Hoxc6	12
P10630	Eif4a2	22
P11033	Gzmd	12
P11034	Mcpt1	9
P11088	Flg	18
P11591	Mup5	11
P11680	Cfp	17
P12399	Ctla2a	8
P12656	Tshb	5
P12787	Cox5a	9
P13366	Gzmg	17
P13373	Vpreb1b	5
P13412	Tnni2	5
P13634	Ca1	13
P14220	Gypa	0
P14428	H2-K1	16
P14434	H2-Aa	7
P15089	Cpa3	23
P15265	Smcp	5
P15501	Sbp	12
P15620	Znf271	35
P15656	Fgf5	12
P16014	Chgb	39
P16372	Zfp58	24
P16563	Crisp2	9
P16627	Hspa1l	35
P17141	Zfp37	37
P17533	Defa29	5
P17717	Ugt2b17	22
P18121	Prl3d1	8
P18165	Loricrin	3
P18468	H2-Eb1	15
P19228	Csn1s1	9
P19467	Muc13	16
P19536	Cox5b	8
P19788	Mgp	4
P20662	Zfy2	28
P20764	Igll1	11
P20934	Evi2a	8
P21126	Ubl4a	9
P21658	Fgf6	13
P21765	Gpx5	10
P21841	Sftpc	10
P22339	Gadd45b	7
P23463	Hoxd8	8
P23738	Hdc	34
P23812	Hoxd12	12
P23881	Tcea3	16
P26516	Psmd7	15
P27790	Cenpb	20
P27792	Lyl1	10
P27811	Klrb1a	16
P28235	Gja4	13
P28312	Defa5	2
P28666	Mug2	69
P29387	Gnb4	14
P30412	Ppic	7
P30415	Nktr	62
P30678	Gna15	20
P31254	Uba1y	45
P31387	Htr5b	9
P31532	Saa4	8
P32043	Hoxc5	9
P32261	Serpinc1	29
P32766	Cst8	7
P32972	Tnfsf8	7
P33610	Prim2	28
P34984	Or2a7	7
P35174	Stfa2	5
P35175	Stfa1	9
P35242	Sftpa1	10
P35295	Rab20	14
P35385	Hspb7	8
P35459	Ly6d	4
P35487	Pdha2	20
P35492	Hal	33
P38585	Ttl	17
P41158	Elk4	12
P41242	Matk	23
P41588	Vipr2	21
P43024	Cox6a1	6
P43025	Clec3b	7
P43117	Ptgfr	12
P45878	Fkbp2	7
P46656	Fdx1	10
P46686	Tulp2	28
P46718	Pdcd2	19
P47226	Tes	27
P47753	Capza1	13
P47754	Capza2	13
P47758	Srprb	16
P47802	Mtx1	18
P47867	Scg3	23
P47876	Igfbp1	11
P47880	Igfbp6	11
P47939	Resp18	5
P47945	Mt4	3
P47968	Rpia	16
P48024	Eif1	5
P48076	Pla2g2c	7
P48377	Rfx1	29
P48428	Tbca	6
P48722	Hspa4l	51
P48771	Cox7a2	4
P48997	Ivl	26
P49194	Rbp3	52
P49660	Sstr4	6
P50236	Sult2a2	17
P50283	Cd7	11
P50294	Nat1	14
P50295	Nat2	18
P50296	Nat3	17
P50405	Sftpb	12
P50538	Mxd1	8
P50608	Fmod	13
P50704	Defa6	4
P50705	Defa7	5
P50706	Defa8	5
P50707	Defa9	5
P50708	Defa10	4
P50709	Defa11	4
P50711	Defa13	5
P50712	Defa14	4
P50713	Defa15	5
P50714	Defa16	4
P50716	Defa-rs12	3
P51879	Ocm	7
P52432	Polr1c	12
P52623	Uck1	12
P52787	Cblif	14
P52950	Dbx1	13
P53569	Cebpz	51
P53702	Hccs	14
P53808	Pctp	12
P53995	Anapc1	86
P54369	Oaz1	14
P54615	Bglap3	3
P54923	Adprh	20
P55099	Tac3	6
P55937	Golga3	82
P56183	Rrp1	23
P56380	Nudt2	10
P56386	Defb1	4
P56390	Cks2	4
P56391	Cox6b1	6
P56400	Gp1bb	5
P56479	Galr1	10
P56873	Znrd2	8
P56916	Gsc2	8
P57096	Psca	3
P57110	Adamts8	37
P57759	Erp29	12
P57784	Snrpa1	10
P57785	Lefty2	18
P58069	Rasa2	44
P58196	Plscr4	12
P58307	Hcrtr1	12
P58321	Uchl4	10
P58459	Adamts10	51
P58465	Ctdspl	11
P58544	Btbd1	22
P58545	Btbd3	21
P58659	Eva1c	26
P58710	Gulo	24
P58871	Cnot12	82
P59041	Dnajc30	14
P59053	Kcng3	12
P59111	Kcnh8	49
P59222	Scarf2	39
P59325	Eif5	22
P59383	Lrrn4	29
P59530	Tas2r7	9
P59708	Sf3b6	8
P59729	Rin3	44
P59808	Sash1	61
P59862	Cdh26	26
P59999	Arpc4	10
P60603	Romo1	4
P60840	Ensa	8
P60897	Sem1	0
P61025	Cks1b	4
P61205	Arf3	10
P61211	Arl1	9
P61213	Arl4a	8
P61216	Taf13	4
P61219	Polr2f	3
P61249	Pde6h	1
P61327	Magoh	10
P61600	Naa20	9
P61759	Vbp1	15
P61804	Dad1	5
P61971	Nutf2	7
P62046	Lrch1	35
P62071	Rras2	15
P62080	Tspan5	9
P62254	Ube2g1	10
P62274	Rps29	2
P62311	Lsm3	3
P62313	Lsm6	6
P62322	Lsm5	3
P62334	Psmc6	20
P62696	Crybb2	14
P62761	Vsnl1	13
P62774	Mtpn	6
P62876	Polr2l	3
P62892	Rpl39	1
P62932	Fbxo40	43
P62947	Rpl41	0
P62956	Cacng7	11
P62965	Crabp1	10
P63046	Sult4a1	13
P63054	Pcp4	4
P63056	Olfm3	23
P63075	Fgf17	10
P63078	Gng8	4
P63154	Crnkl1	41
P63157	Barhl1	15
P63213	Gng2	4
P63216	Gng3	3
P69525	Tmprss9	49
P70121	Zhx1	28
P70202	Lxn	5
P70295	Aup1	16
P70325	Tbx4	22
P70389	Igfals	23
P70404	Idh3g	16
P70426	Rit1	11
P70663	Sparcl1	31
P70691	Ugt1a2	24
P81068	Irx1	19
P81069	Gabpb2	14
P82019	Defb4	1
P82976	Gbx1	16
P83555	Kir3dl1	14
P83714	Ctf2	2
P83877	Txnl4a	9
P86793	Ccl21c	5
P97290	Serping1	22
P97304	Polr1d	7
P97315	Csrp1	11
P97347	Rptn	66
P97366	Evi5	37
P97369	Ncf4	20
P97372	Psme2	15
P97376	Frg1	13
P97379	G3bp2	24
P97382	Kcnab3	12
P97390	Vps45	32
P97393	Arhgap5	72
P97425	Ear2	6
P97426	Ear1	8
P97435	Tmprss15	36
P97450	Atp5pf	6
P97457	Myl11	11
P97493	Txn2	8
P97751	Vipr1	19
P97760	Polr2c	14
P97762	rp9	11
P97770	Thumpd3	28
P97783	Mllt11	6
P97799	Nrsn1	12
P97825	Jpt1	6
P97858	Slc35b1	5
P98154	Dgcr2	20
P98195	Atp9b	53
P99025	Gchfr	4
Q01822	Hoxd1	9
Q02284	Htr1f	11
Q02576	Nhlh1	5
Q02614	Sap30bp	13
Q02739	Gjb5	18
Q02862	Csn1s2a	8
Q03249	Galt	18
Q03385	Ralgds	28
Q03401	Crisp1	11
Q03402	Crisp3	13
Q04841	Mpg	17
Q04892	Sox14	10
Q04899	Cdk18	22
Q05186	Rcn1	14
Q05685	Folr2	12
Q05A36	Mex3c	17
Q05A56	Hyal4	19
Q05A62	Dnal1	12
Q05AH6	Spindoc	16
Q05D44	Eif5b	51
Q06138	Cab39	22
Q07409	Cntn3	52
Q07417	Acads	20
Q07424	Cdx4	7
Q07475	Nrep	4
Q07643	Col9a2	34
Q07797	Lgals3bp	24
Q07968	F13b	31
Q08091	Cnn1	14
Q08274	Dmwd	28
Q08423	Tff1	3
Q08731	Reg2	6
Q08761	Pros1	29
Q08EC4	Cass4	47
Q0EEE2	Ptchd3	30
Q0GA42	Cnnm1	45
Q0KK59	Unc79	110
Q0P5W1	Vps8	76
Q0P5Y3	Tppp2	10
Q0P678	Zc3h18	42
Q0V8T7	Cntnap5c	50
Q0V8T9	Cntnap5a	52
Q0VBD2	Mcm10	42
Q0VBK2	Krt80	29
Q0VBU9	Plpp4	15
Q0VDT2	Znf367	12
Q0VEE6	Znf800	32
Q0VF58	Col19a1	57
Q0VGB7	Ppp4r2	21
Q0VGT4	Zgrf1	94
Q0ZCJ7	Mamstr	11
Q11136	Pepd	24
Q148B6	Spatc1	14
Q148V7	Relch	55
Q148V8	SACK1H	63
Q149B8	Perm1	18
Q149F1	Rpusd2	29
Q149T7	Ppm1j	26
Q14A28	Prok1	5
Q14AF1	Tmem217	8
Q14B24	Prss57	9
Q14B46	Rtkn2	34
Q14B71	Cdca2	48
Q14B98	Pheta2	14
Q14BQ3	Ct55	12
Q14C51	Ptcd3	40
Q14C59	Tmprss11b	21
Q14DH7	Acss3	38
Q14DK5	Hhipl1	36
Q1EHW4	Sap25	8
Q2KHK6	Gsdmc2	24
Q2LA85	Treml2	10
Q2LKV2	Nlrp1b	42
Q2TPA8	Hsdl2	28
Q2VIS4	Flg2	116
Q2VLH6	Cd163	53
Q2WG77	Ripply1	7
Q2YFS2	Pilrb	11
Q2YFS3	Pilra	6
Q307W7	Kncn	7
Q30D77	Col24a1	81
Q32M07	Ak8	31
Q32MG2	Cby2	28
Q32NY4	Cnnm3	36
Q32P12	Hrob	24
Q32Q92	Acot6	21
Q3KQP7	Spo16	10
Q3L180	Defa26	2
Q3LAC4	Prex2	79
Q3TA38	Tmem120b	13
Q3TB82	Plekhf1	14
Q3TBD2	Arhgap45	40
Q3TC46	Patl1	37
Q3TC93	Hs1bp3	19
Q3TCX3	Khdc4	21
Q3TD16	Rubcnl	32
Q3TDD9	Ppp1r21	44
Q3TEW6	Mpzl1	11
Q3THG9	Aarsd1	21
Q3THW5	H2az2	5
Q3TIT8	Slc37a3	8
Q3TIU4	Pde12	25
Q3TJM4	Cenpt	22
Q3TJZ6	Fam98a	22
Q3TKY6	Cwc27	20
Q3TL26	Tfb2m	23
Q3TLH4	Prrc2c	99
Q3TLI0	Trappc10	52
Q3TNL8	Itprip	28
Q3TQR0	Pgap2	8
Q3TR54	Gsdmc4	23
Q3TT99	Gdpd4	17
Q3TTC2	Yy2	15
Q3TUD9	Tmem18	5
Q3TUL7	Dcaf17	29
Q3TVI4	Hexim2	14
Q3TX08	Trmt1	33
Q3TXS7	Psmd1	45
Q3TXT3	Inip	4
Q3TXU5	Dhps	19
Q3TY86	Aifm3	35
Q3TYU2	Atp13a5	52
Q3TZ87	Marchf9	15
Q3TZ89	Sec31b	50
Q3U0X8	Cd96	22
Q3U128	Apcdd1	25
Q3U1T3	Brms1l	16
Q3U1V8	Map3k9	46
Q3U1Y4	Dennd4b	57
Q3U1Z5	Gpsm3	7
Q3U285	Lcorl	27
Q3U2J5	Camkmt	16
Q3U3C9	Gse1	47
Q3U3D7	Tmem131l	63
Q3U3N0	Mier2	15
Q3U4B4	Lipn	15
Q3U4N7	Igflr1	9
Q3U564	Dcp1b	25
Q3U595		6
Q3U5C8	Arhgef16	36
Q3UA16	Spc25	10
Q3UAW9	Brf2	16
Q3UB74	Tbrg1	6
Q3UBX0	Tmem109	8
Q3UD82	Parp8	46
Q3UDE2	Ttll12	36
Q3UDF0	Slc2a6	16
Q3UDR8	Yipf3	15
Q3UE37	Ube2z	14
Q3UEB3	Puf60	23
Q3UFB2	Znhit6	32
Q3UFK8	Frmd8	22
Q3UFQ8	Carmil3	63
Q3UFY4	Rsph3a	27
Q3UFY7	Nt5c3b	19
Q3UG50	Mrgprx2	4
Q3UG61	Mrgprb1	11
Q3UGC7	Eif3j1	15
Q3UGP8	Alg10b	18
Q3UGS4	Mcrip1	7
Q3UGY8	Arfgef3	101
Q3UH68	Limch1	58
Q3UHD3	Mtus2	70
Q3UHI0	Ccser2	39
Q3UHL1	Camkv	23
Q3UHQ6	Dop1b	106
Q3UHX0	Nol8	64
Q3UHX8	Nkx6-3	12
Q3UIA2	Arhgap17	33
Q3UIU2	Ndufb6	8
Q3UJ81	Cnep1r1	7
Q3UJB0	Sf3b2	38
Q3UJB9	Edc4	55
Q3UJF0	Gpr55	11
Q3UJK4	Gtpbp2	25
Q3UJP5	Cfap418	13
Q3UJV1	Ccdc61	27
Q3UK37	Tedc1	20
Q3UKJ7	Smu1	26
Q3UKK2	Ceacam5	47
Q3UL97	Atf7ip2	24
Q3ULD5	Mccc2	29
Q3ULM6	Uspl1	40
Q3UM18	Lsg1	32
Q3UM45	Ppp1r7	21
Q3UME2	Slc35d4	10
Q3UMT1	Ppp1r12c	37
Q3UN54	Pate14	6
Q3UN58	Faap20	8
Q3UP75	Ugt3a1	21
Q3UPH7	Arhgef40	64
Q3UPR7	Tmem102	21
Q3UQ22	Ntn5	20
Q3UQ41	Tmprss11a	19
Q3UQ44	Iqgap2	81
Q3UQU0	Brd9	26
Q3UQV5	Kbtbd8	39
Q3UR70	Tgfbrap1	39
Q3UR97	Snx21	15
Q3URQ0	Tex10	41
Q3URR0	Cenpw	5
Q3URY0	Rtl4	7
Q3URY6	Armc2	47
Q3USH1	Insyn2a	22
Q3USH5	Sfswap	38
Q3USZ2	Ubtfl1	22
Q3USZ8	Dipk2a	19
Q3UT54	Obox3	11
Q3UU35	A2ml1	64
Q3UU67	Trat1	3
Q3UUD2	Spry3	14
Q3UV17	Krt76	35
Q3UV70	Pdp1	32
Q3UV71	Tmtc1	47
Q3UVY1	Gpr149	25
Q3UW26	Bsph1	6
Q3UWA4	Trim40	14
Q3UWW6	Gas2l3	36
Q3UX10	Tubal3	23
Q3UXZ6	Fam81a	21
Q3UY90	Gask1a	31
Q3UYC0	Ppm1h	22
Q3UYR4	Espnl	49
Q3UZD7	Garin1b	15
Q3UZP4	Svip	4
Q3UZZ4	Olfm4	20
Q3V009	Tmed1	6
Q3V1D3	Ampd1	31
Q3V1F8	Ephx3	16
Q3V1M1	Igsf10	123
Q3V3A1	Cdk15	20
Q3V3E1	Ubash3a	32
Q3V3F6	Mpzl3	12
Q45HK4	Sh2d1b2	9
Q45VN2	Defa20	2
Q497J1	Tmem86b	3
Q497L8	Slc22a16	31
Q497V6	Bahd1	29
Q4FZG8	Oosp2	6
Q4FZG9	Coxfa4l2	6
Q4FZH1	Entrep1	15
Q4G0F8	Ubn1	50
Q4KL13	Dorip1	17
Q4KL20	Obox7	11
Q4KL71	Sprr2a3	1
Q4LFA9	Sema3g	43
Q4QQM5	Miga1	32
Q4VAA2	Cdv3	15
Q4VAC9	Plekhg3	60
Q4VAH7	Hepacam2	17
Q4VBD2	Tapt1	28
Q4VBE8	Wdr18	18
Q4VC17	Adamts18	51
Q4VK74	Ifnl2	9
Q504M2	Pdp2	22
Q504N2	Slc22a15	16
Q505B7	Zbtb8os	8
Q505D7	Opa3	9
Q505G8	Znf827	57
Q50H33	Kctd8	18
Q52KG4	Zbtb45	20
Q562E2	Kctd19	54
Q566J8	Coq8b	31
Q569E7	Znf697	26
Q56A06	Tmtc2	41
Q56A08	Gpkow	24
Q56A10	Znf608	52
Q571C7	Bdp1	112
Q571F5	Spsb3	15
Q571F8	Gls2	29
Q571G4	Lin54	33
Q587J6	L1td1	41
Q59J78	Ndufaf2	12
Q5BKQ4	Pnliprp1	25
Q5DRQ8	Fcrlb	14
Q5DTT1	Nexmif	62
Q5DTT3	Tasor2	113
Q5DTU0	Afap1l2	40
Q5DTV4	Zc3h12c	43
Q5DTW2	Sfmbt2	42
Q5DTW7	Resf1	73
Q5F226	Fat2	176
Q5F259	Ankrd13b	33
Q5F289	Spem1	10
Q5F297	Slc35g3	6
Q5F2E7	Nufip2	25
Q5FW53	Mybphl	13
Q5FWH2	Unkl	33
Q5FWK3	Arhgap1	22
Q5G864	Defa25	4
Q5G865	Defa24	5
Q5G866	Defa23	5
Q5GFD5	Hs3st6	22
Q5HZI9	Slc25a51	17
Q5HZK2	Nrsn2	5
Q5I2A0	Serpina3g	24
Q5JCS9	B3gnt3	17
Q5K2P8	Prss36	25
Q5M956	Kctd1	14
Q5NC05	Ttf2	53
Q5NCE8	Mrs2	24
Q5NCM1	Slc17a4	10
Q5NCR9	Nsrp1	21
Q5NCS9	Mief2	20
Q5NCX5	Neurl4	59
Q5ND52	Mrm3	16
Q5PR69	Cracd	58
Q5QD06	Taar8b	8
Q5QD08	Taar7f	10
Q5QD09	Taar7e	10
Q5QD10	Taar7d	10
Q5QD11	Taar7b	8
Q5QD13	Taar6	10
Q5QD16	Taar3	10
Q5QD17	Taar2	9
Q5QNQ6	Osbp2	45
Q5RJF7	Cacna2d4	46
Q5RJH3	Cdh12	31
Q5RJH6	Smg7	44
Q5SFM8	Rbm27	38
Q5SQM0	Eml6	109
Q5SRX1	Tom1l2	20
Q5SS91	Sun3	20
Q5SSH8	Cyb5d2	13
Q5STE3	Fstl4	48
Q5SUF2	Luc7l3	19
Q5SUR0	Pfas	51
Q5SV42	Serpinb1c	14
Q5SV85	Synrg	62
Q5SVR0	Tbc1d9b	51
Q5SVT3	Etaa1	40
Q5SW28	Pik3r5	42
Q5SWT3	Slc25a35	21
Q5SWY8	Slc5a10	17
Q5SX79	Shroom1	42
Q5SYH2	Vma12	11
Q5SZA1	Slc17a2	11
Q5SZT7	Nkapl	15
Q5U3K5	Rabl6	26
Q5U458	Dnajc11	27
Q5U4C1	Gprasp1	60
Q5UBV8	Tnfsf15	12
Q5XF89	Atp13a3	56
Q5XFR0	Pabpn1l	12
Q5XG73	Acbd5	25
Q5Y5T3	Zdhhc23	16
Q60590	Orm1	10
Q60652	Klra5	17
Q60653	Klra6	16
Q60660	Klra2	18
Q60753	Ctf1	11
Q60767	Ly75	80
Q60772	Cdkn2c	10
Q60790	Rasa3	51
Q60850	Slc23a3	15
Q60854	Serpinb6	21
Q60891	Or3a10	7
Q60899	Elavl2	16
Q60900	Elavl3	17
Q60925	Dbp	14
Q60948	Mxd4	8
Q60I26	Als2cl	56
Q61011	Gnb3	15
Q61035	Hars1	29
Q61041	Npy4r	8
Q61045	Sim1	35
Q61120	Shc3	26
Q61121	Gpr19	10
Q61125	Bdkrb1	12
Q61133	Gstt2	12
Q61151	Ppp2r5e	21
Q61189	Clns1a	8
Q61190	Il10rb	18
Q61193	Rgl2	33
Q61200	Nxph1	15
Q61212	Npy6r	5
Q61316	Hspa4	50
Q61387	Cox7a2l	5
Q61390	Cct6b	28
Q61456	Ccna1	21
Q61467	Zic4	11
Q61476	Cd55b	18
Q61578	Fdxr	27
Q61597	Crygc	10
Q61646	Hp	19
Q61655	Ddx19a	28
Q61702	Itih1	40
Q61703	Itih2	45
Q61704	Itih3	34
Q61711	Ibsp	6
Q61716	Ifna11	8
Q61751	Znf354a	33
Q61754	Klk1b24	10
Q61792	Lasp1	14
Q61865	Mia	7
Q61878	Prg2	10
Q61897	Krt33b	26
Q61979	Nnat	4
Q61983	Slc17a1	11
Q62082	Myl10	13
Q62084	Ppp1r14b	5
Q62086	Pon2	13
Q62160	Arhgdig	12
Q62176	Rbm38	7
Q62177	Sema3b	36
Q62225	Cish	13
Q62241	Snrpc	3
Q62252	Spa17	9
Q62266	Sprr1a	13
Q62276	Med22	7
Q62283	Tspan7	7
Q62377	Zrsr2	18
Q62381	Tll1	59
Q62395	Tff3	2
Q62415	Ppp1r13b	44
Q62426	Cstb	5
Q62443	Nptx1	21
Q62445	Sp4	11
Q62446	Fkbp3	12
Q62447	Ccnc	13
Q62556	Btn1a1	20
Q63871	Polr2k	2
Q63880	Ces3a	20
Q64016	Defa17	5
Q640M1	Utp14a	36
Q640R3	Hepacam	17
Q64143	Pik3r3	26
Q64152	Btf3	9
Q64263	Defa-rs10	1
Q64311	Ntan1	19
Q64323	Piga	19
Q64326	Mc2r	5
Q64345	Ifit3	28
Q64389	Cd52	1
Q64448	Gja3	16
Q64674	Srm	17
Q64695	Procr	8
Q64726	Azgp1	16
Q66JS6	Eif3j2	14
Q66JX5	Cep43	17
Q66K08	Cilp	58
Q673U1	Hs3st2	21
Q68EF0	Rab3ip	17
Q68EF6	Begain	40
Q68FF0	Sanbr	36
Q68FF7	Slain1	22
Q68FF9	Srd5a1	9
Q69AB2	Txndc8	6
Q69Z28	Adamts16	57
Q69Z36	Mex3b	19
Q69Z61	Pwwp2a	29
Q69Z89	Radil	41
Q69ZJ7	Ric1	59
Q69ZK5	Klhl14	31
Q69ZQ2	Isy1	14
Q69ZU8	Ankrd6	40
Q69ZZ6	Tmcc1	31
Q6A058	Armcx2	31
Q6A0A2	Larp4b	33
Q6AXF6	Sidt1	20
Q6B8I0	Dusp13a	7
Q6B966	Nlrp14	50
Q6B9Z0	Igfl	6
Q6BCL1	Pram1	37
Q6DI86	Fastkd1	40
Q6GQT5	Tmem151a	25
Q6GQV0	Tedc2	20
Q6GV12	Kdsr	12
Q6I6G8	Hecw2	61
Q6IE32	Spink7	3
Q6IE82	Jade3	39
Q6IFX2	Krt42	29
Q6IFX3	Krt40	19
Q6IFX4	Krt39	32
Q6IMB1	Rasl11a	7
Q6IME9	Krt72	31
Q6IMH0	Spmip8	15
Q6IQY5	Cep70	35
Q6IYF8	Oxgr1	8
Q6J9G1	Styk1	22
Q6JPI3	Med13l	84
Q6K1E7	Ggnbp1	19
Q6KAR6	Exoc3	35
Q6KAU4	Mvb12b	17
Q6NS46	Pdcd11	90
Q6NSR3	Adck2	36
Q6NSV7	Fam149b1	29
Q6NSW3	Sphkap	74
Q6NT99	Dusp23	12
Q6NV83	U2surp	38
Q6NVG7	Colgalt2	26
Q6NWW5	Kif24	58
Q6NXH9	Krt73	30
Q6NXI8	Cxxc4	6
Q6NXJ0	Wwc2	58
Q6NXK5	Dusp11	17
Q6NXL6	Senp5	39
Q6NZF1	Zc3h11a	40
Q6NZL6	Tonsl	61
Q6NZL8	Scube1	37
Q6NZN0	Rbm26	35
Q6NZN1	Pprc1	52
Q6NZQ0	Cfap119	16
Q6NZQ2	Ddx31	36
Q6NZR5	Skic2	59
Q6P1B1	Xpnpep1	34
Q6P1C1	Ippk	28
Q6P1H6	Ankle2	52
Q6P3D7	Spic	8
Q6P3Y5	Znf280c	38
Q6P3Z3	Thap4	22
Q6P542	Abcf1	37
Q6P5D3	Dhx57	74
Q6P5D4	Cep135	65
Q6P5G6	Ubxn7	19
Q6P6I6	Polr2m	19
Q6P6J9	Txndc15	15
Q6P6P7	Parp6	32
Q6P7W5	Tsen2	21
Q6P8J2	Sat2	9
Q6P8J7	Ckmt2	20
Q6P8Y0	Cfap161	14
Q6P8Z1	Mycb	6
Q6P9K8	Caskin1	64
Q6P9L4	Usp49	39
Q6P9L6	Kif15	84
Q6P9Y7	Zfp82	28
Q6PAC4	Pcare	62
Q6PAJ3	Garem2	40
Q6PAL0	Bend3	47
Q6PAL8	Dennd5a	59
Q6PAM0	Prkab2	14
Q6PB70	Ano8	50
Q6PCL9	Papolg	41
Q6PCM2	Ints6	50
Q6PCP7	Gpr156	27
Q6PCZ4	Magee1	33
Q6PD26	Pigs	30
Q6PD28	Ppp2r5b	23
Q6PD29	Znf513	26
Q6PDD0	Ugt2a2	23
Q6PDE7	Ggt6	14
Q6PDG8	Mon1a	30
Q6PDH4	Ranbp3l	23
Q6PDI6	Mindy2	21
Q6PDL0	Dync1li2	27
Q6PDY0	Ccdc85b	11
Q6PDZ2	Taf1c	43
Q6PE01	Snrnp40	16
Q6PFQ7	Rasa4	51
Q6PFX2	Bend6	11
Q6PFX6	Cdh24	27
Q6PG16	Hjurp	33
Q6PG95	Cramp1	54
Q6PGA0	Rcor3	22
Q6PGC1	Dhx29	72
Q6PGE7	Slc6a7	18
Q6PGF2	Morn4	7
Q6PGF3	Med16	38
Q6PGF7	Exoc8	45
Q6PGH1	Bud31	8
Q6PHB0	Il20ra	22
Q6PHP4	Znf512b	34
Q6PHQ8	Naa35	37
Q6PHZ5	Rbm15b	45
Q6PIX9	Mtnap1	28
Q6QD59	Bnip1	14
Q6R5P0	Tlr11	30
Q6R653	Unc5cl	21
Q6RFH4	Gcsam	7
Q6RHW0	Krt9	28
Q6RUT7	Uqcc4	9
Q6RUT8	Ccdc154	44
Q6S5I3	S100a15a	8
Q6SJ95	Tbpl2	13
Q6TAC4	Vmn2r26	36
Q6TDP3	Klhl17	29
Q6V595	Klhl6	35
Q6VUP9	Tfap2e	17
Q6W3F0	P4ha3	22
Q6W5C0	Cxcl3	5
Q6X632	Gpr75	16
Q6X7S9	Eid2	14
Q6XJV6	Cd200r1l	10
Q6YND2	Znf653	18
Q6YNI2	Gpr6	6
Q6ZPK7	Zfyve28	39
Q6ZPL9	Ddx55	33
Q6ZPR6	Ibtk	73
Q6ZPS6	Ankib1	53
Q6ZQ06	Cep162	78
Q6ZQ12	Ninl	80
Q6ZQ18	Efr3b	42
Q6ZQ38	Cand1	61
Q6ZQ73	Cand2	55
Q6ZQ82	Arhgap26	42
Q6ZQ93	Usp34	180
Q6ZQA0	Nbeal2	114
Q6ZWS4	Cnih3	3
Q6ZWY6	Ube2d2b	3
Q6ZWZ2	Ube2r2	9
Q70UZ7	Vwa2	38
Q71B07	Dpy19l3	26
Q71FD7	Fblim1	16
Q71LX4	Tln2	128
Q71MR7	Fpr-rs7	8
Q75N62	Gimap8	42
Q766D5	B4galnt4	42
Q76EC5	Chst9	22
Q76HL1	Prss43	12
Q76LS9	Mindy1	14
Q76N33	Stambpl1	20
Q78HU3	Mvb12a	12
Q78IS1	Tmed3	11
Q78WZ7	Polr1f	10
Q78ZA7	Nap1l4	15
Q791T5	Mtch1	19
Q7M757	Brcc3dc	18
Q7M758	Naaladl1	32
Q7TMC8	Fcsk	42
Q7TMF3	Ndufa12	9
Q7TMJ8	Pik3ip1	9
Q7TMQ7	Wdr91	38
Q7TMV3	Fastkd5	37
Q7TMW6	Ciao3	26
Q7TMY7	Ipo8	44
Q7TN02	Med26	27
Q7TN05	Ap1s3	9
Q7TN31	Aggf1	28
Q7TN33	Celf6	15
Q7TN73	Casd1	42
Q7TN88	Pkd1l2	77
Q7TNE1	Sugct	20
Q7TNF0	Doc2a	20
Q7TNK8	Adm2	9
Q7TNP2	Ppp2r1b	30
Q7TPD0	Ints3	50
Q7TPG7	Tafa2	7
Q7TPG8	Tafa1	4
Q7TPN3	Pigv	13
Q7TPV2	Dzip3	63
Q7TPW1	Nexn	30
Q7TPZ8	Cpa1	20
Q7TQ07	Poln	48
Q7TQ62	Podn	33
Q7TQ65	Tmc4	27
Q7TQA3	Sdr16c5	19
Q7TQA4	Tas2r140	8
Q7TQH0	Atxn2l	34
Q7TQN9	Gpr142	16
Q7TQP3	Gpr119	10
Q7TS68	Nsun6	24
Q7TS72	Itpkc	35
Q7TSC3	Nek5	36
Q7TSH6	Scaf4	21
Q7TSH7	Kcnf1	20
Q7TSL0	Ifnk	11
Q7TSN6	Gpr151	16
Q7TST0	Btnl1	19
Q7TSV6	Got1l1	19
Q7TT28	Rexo1	60
Q7TT36	Adgra3	56
Q7TT41	Moxd2	23
Q80SS6	Gpbar1	5
Q80SX5	Otop2	16
Q80SY3	Atp6v0d2	17
Q80SZ7	Gng5	4
Q80T21	Adamtsl4	57
Q80T23	Sytl5	45
Q80T79	Csmd3	126
Q80T85	Dcaf5	48
Q80TB7	Zswim6	44
Q80TE3	Marchf4	11
Q80TF3	Pcdh19	42
Q80TF4	Klhl13	41
Q80TF6	Stard9	198
Q80TL4	Phf24	20
Q80TQ5	Plekhm2	34
Q80TY4	St18	62
Q80U12	Sgsm2	43
Q80U23	Snph	23
Q80U44	Zfyve16	57
Q80U57	Rims3	17
Q80U95	Ube3c	54
Q80UC8	Gpr139	7
Q80UJ1	Slc22a20	22
Q80UN1	Kctd9	18
Q80UW8	Polr2e	12
Q80UZ0	Fgd5	59
Q80V24	Vgll4	17
Q80V42	Cpm	22
Q80V53	Chst14	18
Q80V91	Dtx3	15
Q80V94	Ap4e1	57
Q80VC6	Trnau1ap	10
Q80VJ3	Dnph1	10
Q80VL3	Prickle3	26
Q80VM3	Ttc29	25
Q80VP0	Tecpr1	43
Q80VP5	Mtrfr	10
Q80W03	Tox3	12
Q80W14	Prpf40b	31
Q80W37	Snupn	17
Q80W40	Acsm4	31
Q80WC7	Agfg2	13
Q80WC9	Aasdh	49
Q80WJ6	Abcc12	55
Q80WM7	Prss33	16
Q80WQ8	Mis18bp1	59
Q80WV7	Srrm3	28
Q80X66	Btbd10	22
Q80X72	Lrrc15	17
Q80X82	Sympk	66
Q80XC2	Trmt61a	11
Q80XC3	Usp6nl	41
Q80XC6	Nrde2	56
Q80XH1	Kxd1	6
Q80XH4	Wscd1	29
Q80XJ3	Ttc28	130
Q80XL7	Mppe1	17
Q80XM3	Kcng4	20
Q80XN0	Bdh1	17
Q80XP8	Fam76b	19
Q80XQ2	Tbc1d5	33
Q80Y14	Glrx5	7
Q80Y44	Ddx10	47
Q80Y56	Rbsn	31
Q80Y73	Hoatz	8
Q80YA7	Dpp8	40
Q80YF6	Upk3b	12
Q80YN3	Bcas1	32
Q80YR2	Fhip2b	32
Q80YR5	Safb2	42
Q80YS6	Afap1	27
Q80YT7	Pde4dip	106
Q80YT9	Rbm11	10
Q80YV2	Zc3hc1	25
Q80YY7	Znf618	50
Q80Z96	Vangl1	28
Q80ZA0	Itln1b	14
Q80ZD9	Amigo2	24
Q80ZE5	Paqr8	11
Q80ZI2	Rtp2	12
Q80ZJ7	Snx32	19
Q80ZM3	Etfbkmt	11
Q80ZM7	Gtf2a2	7
Q80ZM8	Crls1	13
Q80ZQ5	Jazf1	8
Q80ZW0	Stk35	32
Q80ZX8	Spag1	47
Q810A5	Matcap1	22
Q810D6	Grwd1	16
Q810F8	Tbx10	17
Q810H5	Galp	7
Q810J1	Psg22	24
Q810P3	Cdkn3	7
Q810Q5	Coxfa4l3	5
Q810W6	Cxcr1	13
Q810Z1	Lcn10	11
Q811C2	Atg4c	25
Q811I0	Atpaf1	14
Q811L6	Mast4	126
Q811Q4	Adam29	39
Q812A2	Srgap3	63
Q812A5	Prr5	18
Q812B2	Gphb5	6
Q8BFR4	Gns	26
Q8BFS6	Cpped1	12
Q8BFS8	ZNF418	36
Q8BFT6	Jmjd4	18
Q8BFU1	Slc39a9	5
Q8BFV3	Dusp4	15
Q8BFW7	Lpp	20
Q8BFW9	Slc2a12	18
Q8BFX3	Kctd3	41
Q8BFY7	Pimreg	10
Q8BFY9	Tnpo1	35
Q8BFZ2	Plppr1	10
Q8BFZ3	Actbl2	21
Q8BFZ9	Erlin2	21
Q8BG05	Hnrnpa3	19
Q8BG17	Nol12	9
Q8BG18	Necab1	12
Q8BG28	B3galnt2	23
Q8BG67	Efr3a	46
Q8BG95	Ppp1r12b	49
Q8BGA5	Krr1	19
Q8BGA9	Oxa1l	13
Q8BGB7	Enoph1	10
Q8BGB8	Coq4	16
Q8BGC3	Slc16a12	7
Q8BGC9	Creg2	13
Q8BGE9	Rxfp3	13
Q8BGF9	Slc25a44	14
Q8BGN6	Prrg4	14
Q8BGP6	Slc25a40	14
Q8BGR6	Arl15	10
Q8BGR8	Gskip	4
Q8BGR9	Ublcp1	14
Q8BGS3	Zkscan1	27
Q8BGT9	Galnt12	27
Q8BGW2	Wbp1l	8
Q8BGW8	Vgll2	10
Q8BGY6	B3gnt5	20
Q8BGZ4	Cdc23	32
Q8BH00	Aldh8a1	24
Q8BH05	Znf750	33
Q8BH10	Orai2	6
Q8BH15	Cnot10	35
Q8BH24	Tm9sf4	22
Q8BH27	Megf9	17
Q8BH32	Susd4	13
Q8BH34	Sema3d	42
Q8BH44	Coro2b	24
Q8BH48	Ubap1	21
Q8BH49	Pheta1	13
Q8BH70	Fbxl4	29
Q8BH73	Qpctl	10
Q8BH74	Nup107	51
Q8BH79	Ano10	27
Q8BH86	Dglucy	29
Q8BHA0	Ino80c	11
Q8BHC9	Pofut4	26
Q8BHE5	Bmp3	25
Q8BHF7	Pgs1	23
Q8BHH2	Rab9b	11
Q8BHJ6	Serinc5	19
Q8BHK1	Nipa1	7
Q8BHK9	Ercc6l	50
Q8BHL5	Elmo2	38
Q8BHZ4	Znf592	65
Q8BI67	Znf473	40
Q8BI71	Exoc3l1	31
Q8BI72	Cdkn2aip	31
Q8BII1	Prox2	33
Q8BIP0	Dars2	39
Q8BIR2	Aste1	33
Q8BIV7	Slc45a1	22
Q8BJ03	Cox15	17
Q8BJ48	Nagpa	22
Q8BJ52	Plppr5	9
Q8BJ63	Ap5m1	17
Q8BJ64	Chdh	34
Q8BJ83	Tm2d3	12
Q8BJA2	Slc41a1	12
Q8BJM7	Tyw1	35
Q8BJT9	Edem2	21
Q8BK30	Ndufv3	7
Q8BK64	Ahsa1	22
Q8BK72	Mrps27	22
Q8BKF1	Polrmt	54
Q8BKI2	Tnrc6b	72
Q8BKN5	Tubgcp5	56
Q8BKN6	Hs3st3a1	22
Q8BKT3	Gcfc2	47
Q8BKT8	Haus7	23
Q8BKV0	Spock3	23
Q8BKV1	Gpc2	25
Q8BKW4	Zcchc4	33
Q8BKZ9	Pdhx	21
Q8BL06	Usp54	71
Q8BL43	Rassf10	21
Q8BL86	Mblac2	20
Q8BLG2	Lpar4	14
Q8BLH5	Prss50	21
Q8BLX4	Slc35c1	13
Q8BM47	Plekhm3	36
Q8BM55	Tmem214	37
Q8BM72	Hspa13	22
Q8BM85	Tbck	38
Q8BM92	Cdh7	28
Q8BM96	Adgrg7	40
Q8BMA6	Srp68	36
Q8BMB0	Emsy	60
Q8BMC0	Lpar6	12
Q8BMC1	Atp6v1g3	6
Q8BMC3	Shc2	30
Q8BMD6	Tmem260	37
Q8BMG1	Atrip	33
Q8BMG8	Slc25a32	14
Q8BMI4	Gen1	38
Q8BMJ8	Sp8	11
Q8BMK0	Cep85	29
Q8BMK1	Mettl2	21
Q8BMQ2	Gtf3c4	53
Q8BMW7	Nipal1	13
Q8BMZ5	Tsen34	16
Q8BN57	Miso1	15
Q8BN58	Arhgap28	31
Q8BN59	Larp6	29
Q8BNX1	Clec4g	17
Q8BP40	Acp6	21
Q8BP47	Nars1	23
Q8BP74	Pstk	14
Q8BP86	Snapc4	67
Q8BP97	Rhbdd3	8
Q8BPA8	Dpcd	12
Q8BPB0	Mob1b	10
Q8BPG6	Sumf2	15
Q8BPK2	Zcchc3	23
Q8BPM2	Map4k5	40
Q8BPP0	Znf436	26
Q8BPP1	Mab21l2	21
Q8BPS4	Gpr180	15
Q8BQB4	Fjx1	22
Q8BQC3	Igdcc3	27
Q8BQJ6	Trmt2b	26
Q8BQN6	Znf146	19
Q8BQQ1	Zdhhc14	16
Q8BQZ4	Ralgapb	67
Q8BQZ5	Cpsf4	11
Q8BR70	Yipf6	8
Q8BRC6	Cfap91	40
Q8BRF7	Scfd1	32
Q8BRG6	Klhl24	32
Q8BRH3	Arhgap19	26
Q8BRN9	Cc2d1b	39
Q8BRX9	Marchf3	12
Q8BS35	Agmo	17
Q8BSE0	Rmdn2	21
Q8BSN5	Phf23	17
Q8BT18	Armh4	25
Q8BT20	Spink6	3
Q8BTC1	Uqcc6	3
Q8BTE0	Sdhaf4	5
Q8BTE6	Wfdc21	1
Q8BTH8	Csnk1g1	22
Q8BTJ4	Enpp4	19
Q8BTS4	Nup54	27
Q8BTV1	Tusc3	14
Q8BTV2	Cpsf7	20
Q8BTZ4	Anapc5	43
Q8BTZ7	Gmppb	15
Q8BU00	Ikzf5	13
Q8BU27	Ppm1m	20
Q8BU33	Hacl2	23
Q8BU85	Msrb3	13
Q8BUB4	Wdfy2	25
Q8BUB6	Ust	24
Q8BUE7	Muc20	15
Q8BUH7	Rnf26	15
Q8BUR9	Mzt1	4
Q8BUV8	Gpr107	26
Q8BUY9	Pggt1b	19
Q8BV13	Cops7b	11
Q8BVA4	Lmod1	27
Q8BVC1	Defb22	8
Q8BVG5	Galnt14	23
Q8BVI5	Stx16	16
Q8BVK9	Sp110	24
Q8BVL9	Jakmip1	33
Q8BVM7	Flacc1	19
Q8BVP1	Triml1	20
Q8BVQ5	Ppme1	17
Q8BVU5	Nudt9	15
Q8BVY0	Rsl1d1	18
Q8BW10	Nob1	20
Q8BW66	Slc25a48	13
Q8BW70	Usp38	42
Q8BW93	C5ar2	11
Q8BWA5	Klhl31	32
Q8BWB1	Synpo2l	39
Q8BWD2	Ip6k3	18
Q8BWJ3	Phka2	51
Q8BWJ4	Ldlrad4	7
Q8BWL5	Rbms3	11
Q8BWQ6	Vps35l	52
Q8BWR4	Usp40	56
Q8BWS5	Gprin3	40
Q8BWU5	Osgep	21
Q8BX07	Ctdsp2	9
Q8BX13	Ube3d	15
Q8BX32	Slx1b	14
Q8BX51	Sgcz	16
Q8BXA1	Golim4	33
Q8BXA5	Clptm1l	21
Q8BXK4	Samtor	19
Q8BXL7	Arfrp1	12
Q8BXP5	Ankrd33	11
Q8BXQ6	Aopep	39
Q8BXT1	Rgs8	12
Q8BXZ1	Tmx3	22
Q8BYA0	Tbcd	58
Q8BYG9	Epha10	47
Q8BYL4	Yars2	26
Q8BYP3	Rhof	12
Q8BYU6	Tor1aip2	22
Q8BYW9	Eogt	28
Q8BYY4	Ttc39b	30
Q8BZ81	Lrrtm3	26
Q8BZF2	Nipal4	15
Q8BZH1	Tgm4	37
Q8BZH4	Pogz	54
Q8BZJ7	Dcun1d2	11
Q8BZM0	Klhl12	27
Q8BZQ7	Anapc2	35
Q8BZR0	Gpr82	11
Q8C010	Gpr61	13
Q8C033	Arhgef10	55
Q8C080	Snx16	20
Q8C0C4	Ccser1	43
Q8C0D0	Trub1	19
Q8C0D5	Efl1	51
Q8C0I4	Epc2	44
Q8C0L0	Tmx4	14
Q8C0M9	Asrgl1	16
Q8C0N1	Kif2b	27
Q8C0Q2	Zhx3	36
Q8C0S1	Dis3l	56
Q8C0S4	Ttc21a	67
Q8C0T1	Fem1al	24
Q8C0V9	Frmd6	34
Q8C0Y0	Ppp4r4	43
Q8C0Y1	Tgif2	12
Q8C163	Exog	17
Q8C166	Cpne1	22
Q8C176	Taf2	59
Q8C181	Mbnl2	11
Q8C1A5	Thop1	39
Q8C1C1	Psapl1	20
Q8C1D8	Iws1	32
Q8C1F4	Csgalnact2	30
Q8C1S0	Med19	8
Q8C1T8	Clec2h	9
Q8C1Z8	Trmt10a	17
Q8C206	Gpr157	12
Q8C2P3	Dus1l	24
Q8C2S7	Amigo3	24
Q8C351	Layn	13
Q8C3X4	Guf1	34
Q8C428	Tmc7	28
Q8C460	Eri3	14
Q8C4A5	Asxl3	90
Q8C4B4	Unc119b	11
Q8C4M7	Cenpu	19
Q8C4N4	Slc66a1	4
Q8C4W3	Nrn1l	10
Q8C4X2	Csnk1g3	24
Q8C503	Sit1	7
Q8C522	Endod1	22
Q8C547	Heatr5b	97
Q8C570	Rae1	13
Q8C5P7	Tdrp	10
Q8C5Q4	Grsf1	27
Q8C636	Spata16	28
Q8C6B2	Rtkn	30
Q8C6B9	Rps19bp1	6
Q8C6I2	Sdhaf2	9
Q8C6K9	Col6a6	110
Q8C6N3	Syt15	23
Q8C6Y6	Asb14	32
Q8C726	Btbd9	31
Q8C735	Lin9	25
Q8C753	Katnip	61
Q8C761	Dync2i1	44
Q8C767	Ppp1r3b	14
Q8C796	Rcor2	25
Q8C7E9	Cstf2t	28
Q8C7K6	Pcyox1l	20
Q8C7X2	Emc1	43
Q8C827	Zfp62	50
Q8C828	Kbtbd13	21
Q8C8C1	Rtp1	12
Q8C8M1	Sinhcaf	9
Q8C8U0	Ppfibp1	48
Q8C8V1	Zxdc	26
Q8C9S4	Ccdc186	42
Q8C9S8	Atg4a	15
Q8C9V1	Tbc1d10c	23
Q8CA72	Gan	38
Q8CAE9	Podxl2	12
Q8CAK3	Shfl	13
Q8CB44	Gramd4	37
Q8CB62	Cntrob	40
Q8CB67	Lrp11	22
Q8CB77	Eloa	36
Q8CB93	Gapt	3
Q8CBC4	Cnst	27
Q8CBE3	Wdr37	27
Q8CBH5	Mfsd6	25
Q8CBH7	Marchf11	20
Q8CBQ5	Pi4k2b	30
Q8CBY8	Dctn4	19
Q8CC21	Ttc19	18
Q8CC86	Naprt	25
Q8CCA0	Dcun1d4	18
Q8CCB4	Vps53	41
Q8CCG4	Dppa4	12
Q8CCS2	Nalf1	18
Q8CD60	Insyn1	9
Q8CDD8	Kctd20	18
Q8CDD9	Lrif1	34
Q8CDE2	Ccin	33
Q8CDM1	Atad2	50
Q8CDT7	Cabcoco1	11
Q8CDU5	Efhb	47
Q8CDY7	Dynlt4	11
Q8CE64	Znf276	28
Q8CE96	Trmt6	27
Q8CEC5	Nkiras1	11
Q8CEE7	Rdh13	17
Q8CEI1	Bola3	7
Q8CEK3	Spinkl	6
Q8CF66	Lamtor4	2
Q8CF94	Rhd	8
Q8CFE2	Hpf1	19
Q8CFG4	Dmrta1	32
Q8CFK2	Brf1	31
Q8CGF1	Arhgap29	69
Q8CGK6	Ifnl3	9
Q8CGR5	Klk14	11
Q8CGW9	Dmrtc2	17
Q8CGY6	Unc45b	59
Q8CGZ0	Cherp	32
Q8CH25	Sltm	40
Q8CH36	Slc36a4	18
Q8CH40	Nudt6	16
Q8CHC8	Adnp2	39
Q8CHG3	Gcc2	103
Q8CHP5	Pym1	7
Q8CHP6	Phc3	23
Q8CHQ9	Nat8f2	10
Q8CHS8	Vps37a	12
Q8CHT3	Ints5	35
Q8CHW1	Thap1	9
Q8CHX6	Mbtps2	12
Q8CHX7	Rftn2	24
Q8CHZ9	Mterf1a	26
Q8CI03	Flywch1	26
Q8CI04	Cog3	47
Q8CI43	Myl6b	14
Q8CI66	Stoml1	15
Q8CI71	Vps50	49
Q8CI94	Pygb	47
Q8CI95	Osbpl11	36
Q8CIA9	Slc71a2	13
Q8CIB6	Tmem230	6
Q8CIC2	Nup42	18
Q8CIE2	Zmiz2	18
Q8CIF4	Btd	21
Q8CIM3	D2hgdh	23
Q8CIM5	Gpr84	15
Q8CIM7	Cyp2d26	25
Q8CIQ6	Mtnr1b	9
Q8CIV3	Liph	23
Q8CIX8	Lgsn	26
Q8CJ61	Cmtm4	4
Q8CJ70	Il19	10
Q8JZL7	Rasgef1b	25
Q8JZS6	N4bp2l2	27
Q8JZS7	Hmgcll1	17
Q8JZU0	Nudt13	16
Q8JZW4	Cpne5	27
Q8JZX4	Rbm17	24
Q8JZY4	Prorp	36
Q8K045	Pkn3	41
Q8K083	Znf536	59
Q8K093	Trhde	54
Q8K0C9	Gmds	26
Q8K0D2	Habp2	19
Q8K0D5	Gfm1	41
Q8K0D7	Get1	12
Q8K0E3	Slc5a11	20
Q8K0G8	Esrp2	27
Q8K0H7	Slc45a3	9
Q8K0J2	B3gnt7	18
Q8K0Q5	Arhgap18	42
Q8K0S0	Phyhip	16
Q8K0U3	Tmem17	9
Q8K0U4	Hspa12a	36
Q8K0Z7	Taco1	14
Q8K114	Ints9	25
Q8K157	Galm	12
Q8K190	Saysd1	5
Q8K1C9	Lrrc41	33
Q8K1T5	Ly6g5c	5
Q8K215	Lyrm4	5
Q8K221	Arfip2	15
Q8K249	Cd300e	10
Q8K284	Gtf3c1	107
Q8K285	Fcho1	35
Q8K297	Colgalt1	32
Q8K298	Anln	58
Q8K2D6	Dctd	11
Q8K2H2	Otud6b	13
Q8K2H4	Acap1	38
Q8K2L8	Trappc12	36
Q8K2Q2	Gsto2	12
Q8K2V6	Ipo11	40
Q8K2W6	Phf13	7
Q8K2Y0	Obi1	37
Q8K2Z8	Ube2q2	17
Q8K304	Tmem129	13
Q8K310	Matr3	38
Q8K327	Champ1	49
Q8K354	Cbr3	15
Q8K358	Pigu	10
Q8K363	Ddx18	34
Q8K385	Frrs1	25
Q8K386	Rab15	12
Q8K3D3	Swi5	5
Q8K3J9	Gprc5c	9
Q8K3M5	Cables2	15
Q8K3V1	Spata4	17
Q8K3V7	Minar1	47
Q8K3W2	Lrrc10	16
Q8K3Z9	Pom121	29
Q8K426	Retnlg	4
Q8K441	Abca6	64
Q8K458	Prokr2	15
Q8K467	Tmie	4
Q8K4I3	Arhgef6	42
Q8K4K3	Trib2	15
Q8K4N2	Spag11a	4
Q8K4P0	Wdr33	52
Q8K4Z0	Lgi2	30
Q8K561	Otoa	55
Q8K5A4	Rasl10a	12
Q8QZT2	Ccsap	13
Q8QZV2	Shisa2	12
Q8QZW7	Gabrp	21
Q8QZX2	Haus3	33
Q8QZY4	Rtbdn	5
Q8QZY9	Sf3b4	12
Q8R003	Mbnl3	10
Q8R016	Blmh	26
Q8R023	Pcgf1	11
Q8R059	Gale	17
Q8R086	Suox	27
Q8R088	Golph3l	17
Q8R092	Ltap1	13
Q8R0A0	Gtf2f2	17
Q8R0F5	Rbmx2	13
Q8R0F6	Ilkap	24
Q8R0J7	Vps37b	14
Q8R0L1	Stap2	24
Q8R0N6	Adhfe1	17
Q8R0P4	Aamdc	10
Q8R0S6	Wfikkn1	20
Q8R0S9	Slc22a22	18
Q8R0Y8	Slc25a42	18
Q8R0Z2	Enox2	30
Q8R0Z5	Slc25a28	13
Q8R0Z6	Angptl6	27
Q8R105	Vps37c	10
Q8R143	Pttg1ip	6
Q8R164	Bphl	19
Q8R184	Fam110a	17
Q8R197	Olah	16
Q8R1C3	Vopp1	5
Q8R1G1	Tasp1	16
Q8R1H8	Batf2	12
Q8R1J9	Tor2a	11
Q8R1K1	Ubac2	17
Q8R1K4	Phykpl	21
Q8R1M2	H2aj	5
Q8R1P5	Kcnk13	18
Q8R1Q0	Stx19	17
Q8R1Q9	Rbks	11
Q8R1R4	Il34	11
Q8R1V4	Tmed4	13
Q8R1W2	Gsg1	10
Q8R1Z9	Rnf121	16
Q8R207	Sptssa	2
Q8R235	Tmem203	5
Q8R238	Sdsl	16
Q8R2G4	Art3	18
Q8R2N2	Utp4	31
Q8R2P1	Klhl25	40
Q8R2Q0	Trim29	35
Q8R2Q6	Tctn3	17
Q8R2R6	Mtg1	16
Q8R2T8	Gtf3c5	30
Q8R313	Exoc6	43
Q8R323	Rfc3	22
Q8R349	Cdc16	27
Q8R3D1	Tbc1d13	25
Q8R3F5	Mcat	19
Q8R3G9	Tspan8	8
Q8R3H9	Ttc4	20
Q8R3I9	B3gnt8	21
Q8R3J4	Mterf3	21
Q8R3S6	Exoc1	40
Q8R3V5	Sh3glb2	17
Q8R3Y8	Irf2bp1	34
Q8R412	Ifi27l2a	0
Q8R4H2	Arhgef12	70
Q8R4I4	Gtf2a1l	12
Q8R4S0	Ppp1r14c	5
Q8R4V4	Cpz	27
Q8R4V5	Oit3	24
Q8R4Y4	Stab1	100
Q8R4Y8	Rttn	98
Q8R519	Acmsd	16
Q8R554	Otud7a	53
Q8R555	Crtac1	24
Q8R5B6	Spsb4	12
Q8R5F8	Eps8l1	32
Q8R5K4	Nol6	38
Q8VBS7	Vmn1r42	10
Q8VBT6	Apobr	45
Q8VBV3	Exosc2	15
Q8VBV7	Cops8	8
Q8VBX4	Cd207	21
Q8VBZ0	Dhrsx	21
Q8VC03	Eml3	43
Q8VC48	Pex12	15
Q8VC57	Kctd5	11
Q8VC85	Lsm1	6
Q8VCC9	Spon1	36
Q8VCD6	Reep2	16
Q8VCE2	Gpn1	15
Q8VCF5	Tspan10	6
Q8VCG3	Wdr74	21
Q8VCG4	C8g	12
Q8VCI0	Plbd1	23
Q8VCM4	Lipt1	20
Q8VCM8	Ncln	22
Q8VCP8	Ak6	9
Q8VCP9	Clec14a	17
Q8VCS6	Med9	5
Q8VCT3	Rnpep	33
Q8VCU0	Angel1	14
Q8VCV1	Abhd17c	16
Q8VCX2	Slc35h1	13
Q8VCZ2	Tmem45b	7
Q8VCZ3	Thap7	11
Q8VCZ9	Prodh2	26
Q8VD31	Tapbpl	21
Q8VD58	Evi2b	9
Q8VD76	Gtf2h3	14
Q8VD98	Klrb1f	14
Q8VDC1	Fyco1	71
Q8VDG5	Ppcs	16
Q8VDG6	Map3k21	52
Q8VDH1	Fbxo21	23
Q8VDI7	Ubac1	20
Q8VDI9	Alg9	24
Q8VDM1	Zgpat	25
Q8VDM6	Hnrnpul1	36
Q8VDP6	Cdipt	9
Q8VDR7	Tgds	21
Q8VDR9	Dock6	101
Q8VDS4	Rprd1a	17
Q8VDS8	Stx18	16
Q8VDU1	Rhov	12
Q8VDU5	Snrk	40
Q8VDV0	Itgbl1	24
Q8VDX6	Rxylt1	19
Q8VE96	Slc35f6	12
Q8VE99	Vma22	12
Q8VEA6	Chrdl2	19
Q8VEB6	Elac1	16
Q8VED5	Krt79	28
Q8VED8	Mtfr2	17
Q8VEH3	Arl8a	10
Q8VEL0	Mospd1	9
Q8VEL2	Mtmr14	27
Q8VEM8	Slc25a3	20
Q8VEM9	Klhdc3	21
Q8VEY3	Or10d3	6
Q8VEZ0	Or5p57	2
Q8VFK2	Or5g25	6
Q8VFV4	Or5an6	7
Q8VFX2	Or5b21	5
Q8VGD6	Or2v1	9
Q8VGK5	Or1j21	4
Q8VGQ7	Or5k17	11
Q8VGS1	Or8u3	9
Q8VHI4	Carf	26
Q8VHN8	Nudt16l1	15
Q8VHP7	Serpinb1b	22
Q8VHV1	Baalc	6
Q8VHX2	Edaradd	12
Q8VI38	Gbgt1	17
Q8VI63	Mob2	11
Q8VI75	Ipo4	45
Q8VI78	Pla1a	19
Q8VI84	Noc3l	35
Q8VI88	Odf4	10
Q8VI94	Oasl1	26
Q8VIB3	St3gal6	15
Q8VIC6	Vmn1r51	10
Q8VIC7	Vmn1r45	11
Q8VIC9	Vmn1r43	8
Q8VIH9	Uts2r	13
Q8VIJ8	Nprl3	26
Q8VIM9	Irgq	19
Q91V04	Tram1	11
Q91V36	Nrbp2	23
Q91V37	Atp6v0b	1
Q91V81	Rbm42	12
Q91V82	Defb8	4
Q91V93	Rhobtb2	33
Q91V95	Pth2r	20
Q91VA6	Poldip2	23
Q91VB4	Hps3	52
Q91VD6	Defb6	2
Q91VE6	Nifk	17
Q91VF5	Emid1	16
Q91VI7	Rnh1	26
Q91VM3	Wdr45	17
Q91VM9	Ppa2	21
Q91VN4	Chchd6	13
Q91VY9	Znf622	22
Q91W18	Tdrd3	40
Q91W20	Lrrc26	15
Q91W27	Pth2	6
Q91W39	Ncoa5	19
Q91W59	Rbms1	10
Q91W61	Fbxl15	15
Q91W63	Nmrk1	5
Q91W64	Cyp2c70	27
Q91W69	Epn3	20
Q91W82	Ube2e2	8
Q91W92	Cdc42ep1	16
Q91W96	Anapc4	35
Q91WA3	Hdac11	17
Q91WB4	Plekhf2	14
Q91WD1	Polr3d	20
Q91WD8	Slc24a1	46
Q91WE2	Psme3ip1	14
Q91WE9	Tafa5	4
Q91WG2	Rabep2	31
Q91WG3	Trub2	23
Q91WI7	Itfg2	20
Q91WJ0	Frs3	27
Q91WJ8	Fubp1	31
Q91WK0	Lrrfip2	19
Q91WM3	Rrp9	24
Q91WP6	Serpina3n	23
Q91WQ5	Taf5l	24
Q91WR3	Ascc2	25
Q91WS4	Bhmt2	18
Q91WT4	Dnajc17	17
Q91WU5	As3mt	26
Q91WW2	Mrgpra4	5
Q91X05	Nphs2	17
Q91X43	Sh3d19	43
Q91X46	Arhgef3	28
Q91X91	Qprt	11
Q91X97	Ncald	13
Q91XA2	Golm1	21
Q91XC9	Pex16	16
Q91XE0	Glyat	17
Q91XF0	Pnpo	11
Q91XI1	Dus3l	33
Q91XL2	Lnx2	25
Q91XQ5	Chst15	28
Q91XQ6	Laptm4b	6
Q91XT4	Sec16b	41
Q91Y20	Pcdha10	37
Q91YE7	Rbm5	35
Q91YJ5	Mtif2	32
Q91YK0	Lrrc49	34
Q91YL3	Uckl1	29
Q91YP1	Bcdin3d	15
Q91Z49	Fyttd1	16
Q91Z53	Grhpr	14
Q91Z69	Srgap1	53
Q91ZM8	Cabp7	11
Q91ZM9	Dok5	16
Q91ZN5	Slc35b2	15
Q91ZR3	Crebzf	21
Q91ZT8	Asb9	9
Q91ZW7	Cd209e	12
Q91ZW9	Cd209c	10
Q920A1	Cysltr2	16
Q920A5	Scpep1	18
Q920D3	Med28	6
Q920G9	Gmcl1	31
Q920H4	Chrm5	18
Q920M7	Syt17	29
Q920N1	Cimap1a	18
Q920P5	Ak5	25
Q920S2	Prss41	16
Q920S3	Gatad1	13
Q921C1	Gjc3	13
Q921D4	Med6	13
Q921F4	Hnrnpll	30
Q921G6	Lrch4	29
Q921I6	Sh3bp4	49
Q921K9	Bcl7b	7
Q921N6	Ddx27	43
Q921N7	Tmem70	10
Q921Q3	Alg1	23
Q921U8	Smtn	44
Q921X6	Polr3f	17
Q922B2	Dars1	35
Q922B9	Itprid2	58
Q922D4	Ppp6r3	43
Q922E4	Pcyt2	20
Q922E6	Fastkd2	42
Q922F4	Tubb6	19
Q922H2	Pdk3	21
Q922J6	Tspan2	7
Q922L6	Nelfcd	24
Q922Q1	Mtarc2	16
Q922Q5	Slc35b3	7
Q922Q6	Abhd14a	12
Q922U1	Prpf3	32
Q922V4	Plrg1	28
Q923A2	Spdl1	31
Q923B1	Dbr1	21
Q923D4	Sf3b5	5
Q923G2	Polr2h	9
Q923K4	Gtpbp3	19
Q923M0	Ppp1r16a	17
Q923Q2	Stard13	50
Q923Z3	Mto1	31
Q924H2	Med15	18
Q924K1	Aipl1	17
Q924M5	Boll	8
Q924W7	Dennd2b	55
Q924W9	Lmo1	10
Q924X2	Cpt1b	37
Q924Y0	Bbox1	21
Q924Z6	Xpo6	47
Q925E8	Sptssb	2
Q925H4	Krtap21-1	2
Q925N0	Sfxn5	13
Q925Q8	Dach2	20
Q925U0	Oosp1	8
Q99J27	Slc33a1	21
Q99J38	Ift70a1	38
Q99J62	Rfc4	20
Q99J77	Nans	15
Q99J78	Def8	23
Q99JG3	Anxa13	20
Q99JP0	Map4k3	43
Q99JT1	Gatb	29
Q99JV5	Stard4	10
Q99JW2	Acy1	24
Q99JX1	Taf11	13
Q99JX4	Eif3m	18
Q99K28	Arfgap2	26
Q99K46	Usp11	47
Q99K85	Psat1	20
Q99KD5	Unc45a	57
Q99KE1	Me2	29
Q99KE3	Dok4	15
Q99KF0	Card14	51
Q99KK7	Dpp3	38
Q99KN1	Arrdc1	14
Q99KN9	Clint1	19
Q99KP3	Cryl1	16
Q99KR8	Fuca2	25
Q99KS6	Adprm	7
Q99KU1	Dhdds	18
Q99KU6		14
Q99KZ6	Znf639	23
Q99L00	Haus8	12
Q99L04	Dhrs1	20
Q99L13	Hibadh	14
Q99L47	St13	12
Q99L85	Elp5	12
Q99LB0	Dnttip1	20
Q99LC5	Etfa	20
Q99LC8	Eif2b1	16
Q99LD8	Ddah2	15
Q99LD9	Eif2b2	18
Q99LJ0	Cttnbp2nl	38
Q99LJ1	Fuca1	19
Q99LJ5	Cmtm3	8
Q99LJ7	Rcbtb2	17
Q99LL3	Chst12	19
Q99LL5	Pwp1	20
Q99LN9	Dohh	14
Q99LP6	Grpel1	14
Q99LT0	Dpy30	4
Q99LW6	Yaf2	7
Q99LZ3	Gins4	13
Q99M01	Fars2	23
Q99M07	Coa5	3
Q99M08	Arln	4
Q99M28	Rnps1	13
Q99M54	Cdca3	14
Q99M71	Epdr1	10
Q99M73	Krt84	33
Q99M85	Scrt1	15
Q99M96	St7	26
Q99MB2	Mtfr1	12
Q99MB3	Tm2d1	10
Q99MB7	Rnf141	9
Q99MD8	Mynn	31
Q99ME6	Atp1b4	14
Q99MJ9	Ddx50	36
Q99MN9	Pccb	29
Q99MQ5	Col25a1	35
Q99MR1	Gigyf1	46
Q99MR3	Slc12a9	31
Q99MR9	Ppp1r3a	57
Q99MW1	Stk31	57
Q99MW3	Pramel1	24
Q99MZ7	Pecr	12
Q99N10	Ms4a8	2
Q99N20	Brms1	15
Q99N23	Ca15	12
Q99NA9	Pcgf6	17
Q99NB5	Gsdmc	28
Q99NE9	Pbx4	17
Q99P27	Pla2g12b	10
Q99P69	Nuf2	28
Q99P86	Retnlb	3
Q99PE9	Arl4d	6
Q99PM9	Uck2	12
Q9CPP0	Npm3	8
Q9CPQ3	Tomm22	7
Q9CPS6	Hint3	8
Q9CPT3	Nanp	12
Q9CPU2	Ndufb2	4
Q9CPV2	Anapc16	6
Q9CPV5	Pmf1	14
Q9CPW2	Fdx2	10
Q9CPW9	Metap1d	13
Q9CPX9	Anapc11	4
Q9CPY0	Mrm2	12
Q9CPZ1	Ccdc198	18
Q9CPZ6	Ormdl3	6
Q9CQ13	Coprs	5
Q9CQ29	Rnf151	11
Q9CQ52	Cela3b	11
Q9CQ54	Ndufc2	8
Q9CQ56	Use1	19
Q9CQ65	Mtap	18
Q9CQ71	Rpa3	7
Q9CQ79	Txndc9	12
Q9CQ86	Mien1	6
Q9CQ91	Ndufa3	4
Q9CQA5	Med4	15
Q9CQC2	Clps	7
Q9CQC3	Cfap95	14
Q9CQC7	Ndufb4	5
Q9CQD0	Rpl39l	1
Q9CQG3	Zmynd19	11
Q9CQH3	Ndufb5	9
Q9CQI4	Iftap	9
Q9CQI6	Cotl1	9
Q9CQI7	Snrpb2	10
Q9CQJ8	Ndufb9	8
Q9CQL1	Magohb	10
Q9CQM5	Txndc17	7
Q9CQN1	Trap1	39
Q9CQQ4	Gemin2	11
Q9CQQ8	Lsm7	6
Q9CQS5	Riok2	23
Q9CQS7	Dppa5a	8
Q9CQT6	Spmip5	8
Q9CQT9	Rab5if	5
Q9CQV1	Pam16	7
Q9CQW3	Proz	17
Q9CQX2	Cyb5b	6
Q9CQX3	Bpifa5	9
Q9CQX4	Pclaf	7
Q9CQX5	Cldnd1	9
Q9CQX8	Kgd4	4
Q9CQY2	Ramac	6
Q9CQY9	Ndufc1	2
Q9CQZ0	Ormdl2	6
Q9CQZ5	Ndufa6	8
Q9CQZ6	Ndufb3	5
Q9CR09	Ufc1	8
Q9CR26	Vta1	12
Q9CR35	Ctrb1	9
Q9CR36	Gkn1	7
Q9CR39	Wdr45b	11
Q9CR41	Hypk	6
Q9CR46	Ska2	11
Q9CR48	Dram2	6
Q9CR56	Nkiras2	11
Q9CR73	Pnrc2	8
Q9CR81	Tex12	8
Q9CR86	Carhsp1	7
Q9CR89	Ergic2	19
Q9CRA0	Art4	12
Q9CRA8	Exosc5	9
Q9CRB2	Nhp2	5
Q9CRB6	Tppp3	11
Q9CRC6	Borcs7	6
Q9CRC9	Gnpda2	16
Q9CRD4	Dbndd2	1
Q9CS74	Ecd	27
Q9CSU0	Rprd1b	14
Q9CTN4	Rhobtb3	25
Q9CV28	Mindy3	18
Q9CVN6	Cby3	11
Q9CW07	Ppp1r3g	19
Q9CW46	Raver1	27
Q9CWD3	Nudt17	14
Q9CWG8	Ndufaf7	26
Q9CWL8	Ctnnbl1	24
Q9CWM4	Pfdn1	8
Q9CWP6	Mospd2	26
Q9CWQ2	Zswim7	10
Q9CWQ8	Castor1	9
Q9CWR7	Steap1	16
Q9CWT6	Ddx28	27
Q9CWU6	Uqcc1	14
Q9CWX9	Ddx47	21
Q9CWZ7	Napg	17
Q9CX56	Psmd8	16
Q9CX62	Inka1	16
Q9CX63		10
Q9CX83	Armcx1	22
Q9CX97	Wdr55	20
Q9CXD9	Lrrc17	21
Q9CXE0	Prdm5	29
Q9CXF4	Tbc1d15	35
Q9CXI0	Coq5	16
Q9CXI3	Moxd1	27
Q9CXJ1	Ears2	26
Q9CXK4	Slc50a1	6
Q9CXK9	Rbm33	40
Q9CXL3	Chlsn	11
Q9CXN7	Pbld2	16
Q9CXT8	Pmpcb	24
Q9CXU0	Med10	8
Q9CXU1	Med31	7
Q9CXY9	Pigk	20
Q9CY02	Ahsp	5
Q9CY21	Bud23	8
Q9CY50	Ssr1	9
Q9CY52	Thg1l	16
Q9CY66	Gar1	14
Q9CY97	Ssu72	11
Q9CYA6	Zcchc8	28
Q9CYC5	Dsn1	16
Q9CYD3	Crtap	22
Q9CYF5	Rcc1l	22
Q9CYG7	Tomm34	19
Q9CYI4	Luc7l	18
Q9CYR0	Ssbp1	10
Q9CYR6	Pgm3	31
Q9CYT6	Cap2	26
Q9CZ04	Cops7a	14
Q9CZ09	Mettl18	16
Q9CZ30	Ola1	25
Q9CZ62	Cep97	34
Q9CZ91	Srfbp1	25
Q9CZB0	Sdhc	9
Q9CZB6	Med7	10
Q9CZH3	Psmg3	6
Q9CZI9	Aen	11
Q9CZM9	Kcnmb2	9
Q9CZN8	Qrsl1	28
Q9CZP0	Ufsp1	9
Q9CZP7	Cdc37l1	15
Q9CZQ9	Bbs5	17
Q9CZU4	Eral1	21
Q9D009	Lipt2	12
Q9D075	Trmt10b	8
Q9D083	Spc24	12
Q9D084	Cenps	9
Q9D0A3	Arpin	12
Q9D0B0	Srsf9	15
Q9D0C4	Trmt5	31
Q9D0D4	Dimt1	21
Q9D0D5	Gtf2e1	20
Q9D0F6	Rfc5	22
Q9D0F9	Pgm1	33
Q9D0L6	Bambi	14
Q9D0M0	Exosc7	18
Q9D0M2	Cdca7	16
Q9D0P5	Pygo1	12
Q9D0S4	Neurl2	14
Q9D0S9	Hint2	11
Q9D0V7	Ebag9	7
Q9D106	Pga5	12
Q9D110	Mthfs	13
Q9D115	Znf706	3
Q9D131	Cfap68	10
Q9D132	Upk1a	9
Q9D164	Fxyd6	5
Q9D168	Ints12	17
Q9D180	Cfap57	63
Q9D1C8	Vps28	13
Q9D1C9	Rrp7a	14
Q9D1G0	Dnase1l2	12
Q9D1G3	Hhatl	20
Q9D1H6	Ndufaf4	13
Q9D1H7	Get4	14
Q9D1H9	Mfap4	7
Q9D1J3	Sarnp	9
Q9D1K7	Adissp	9
Q9D1L9	Lamtor5	5
Q9D269	Cst11	8
Q9D273	Mmab	13
Q9D279	Misp	36
Q9D291	Desi2	6
Q9D2D7	Znf687	50
Q9D2E2	Toe1	25
Q9D2F7	Nup210l	93
Q9D2H9	Dnaaf1	23
Q9D2J4	Vsig1	5
Q9D2L9	Fam111a	28
Q9D2P8	Mobp	9
Q9D2S4	Spaca7	7
Q9D2U5	Naa38	8
Q9D2V8	Slc75a1	16
Q9D2X5	Mau2	26
Q9D2Y6	Fbxo25	21
Q9D2Z4	Senp8	9
Q9D309	Fam3b	14
Q9D350	Obox1	12
Q9D385	Arl2bp	8
Q9D3D9	Atp5f1d	3
Q9D3E6	Stag1	61
Q9D3H2	Obp1a	9
Q9D3J8	Amtn	2
Q9D3P9	Nts	6
Q9D3R3	Cep72	37
Q9D3R6	Katnal2	29
Q9D3W1	Rsph14	19
Q9D3W4	Gpn3	10
Q9D3X9	Mfap3l	21
Q9D404	Oxsm	23
Q9D478	Odf2l	41
Q9D479	Uvssa	36
Q9D485	Efhc2	38
Q9D495	Syce1	19
Q9D4C9	Clvs1	20
Q9D4G9	Rmi1	26
Q9D4J1	Efhd1	12
Q9D4K7	Tektl1	33
Q9D4Q1	Ribc2	19
Q9D4W2	Mfi	15
Q9D554	Sf3a3	23
Q9D563	Tmem114	7
Q9D5E4	Drc3	28
Q9D5H4	Ftmt	15
Q9D5L7	Spsb1	9
Q9D5P4	Adad2	24
Q9D5R3	Cep83	31
Q9D662	Sec23b	37
Q9D684	Rin2	43
Q9D6A1	Myo1h	46
Q9D6H5	Zdhhc4	14
Q9D6I3	Pfn4	7
Q9D6J4	Necab3	21
Q9D6J5	Ndufb8	10
Q9D6N5	Drap1	9
Q9D6U8	Fam162a	10
Q9D6V8	Paip2	5
Q9D6Y9	Gbe1	34
Q9D6Z1	Nop56	31
Q9D710	Tmx2	17
Q9D711	Pir	18
Q9D720	Nsmce1	14
Q9D757	Dapl1	6
Q9D771	Pacc1	15
Q9D780	Slamf9	10
Q9D7B6	Acad8	25
Q9D7E3	Ovca2	8
Q9D7G9	Mapk1ip1	6
Q9D7H3	RtcA	19
Q9D7K2	Ten1	5
Q9D7M1	Gid8	12
Q9D7N9	Apmap	21
Q9D7P7	Clic3	13
Q9D7R7	Pgc	4
Q9D7W4	Tspan17	11
Q9D805	Capn9	33
Q9D819	Ppa1	18
Q9D824	Fip1l1	21
Q9D826	Pipox	25
Q9D855	Uqcrb	6
Q9D868	Ppih	11
Q9D869	Chp2	11
Q9D880	Timm50	16
Q9D8C6	Med11	7
Q9D8C8	Ppp1r35	9
Q9D8F3	Slc52a2	9
Q9D8K3	Derl3	5
Q9D8L5	Ccdc91	20
Q9D8Q6	Pou2af2	4
Q9D8S3	Arfgap3	29
Q9D8T3	Rhebl1	10
Q9D8V7	Sec11c	10
Q9D8W5	Psmd12	25
Q9D8X5	Cnot8	16
Q9D8Y0	Efhd2	11
Q9D8Y7	Tnfaip8l2	8
Q9D8Z6	Atg101	11
Q9D939	Sult1c2	19
Q9D956	Marveld3	7
Q9D975	Srxn1	5
Q9D9E0	Slc22a17	10
Q9D9I1	Spmip10	8
Q9D9K8	Iqcf1	7
Q9D9P8	Sofu1	3
Q9D9T0	Dydc1	12
Q9D9V3	Echdc1	19
Q9D9W0	Spatc1l	18
Q9DA11	Lyzl6	4
Q9DA39	Tmbim4	7
Q9DAA6	Exosc1	9
Q9DAD0	Cfap276	10
Q9DAI2	Ift22	10
Q9DAI4	Zbtb43	19
Q9DAJ2	Tekt1	24
Q9DAK9	Phpt1	9
Q9DAM1	Lrrc34	24
Q9DAM5	Slc25a19	18
Q9DAN1	Pdilt	36
Q9DAN6	Gtsf1	10
Q9DAR0	Cfap90	11
Q9DAR1	Cmtm2a	1
Q9DAS1	Cklf	4
Q9DAS2	Cimip2c	9
Q9DAS4	Prl8a8	14
Q9DAS9	Gng12	4
Q9DAT2	Mrgbp	9
Q9DAT5	Trmu	28
Q9DAW9	Cnn3	14
Q9DAY2	Prl8a6	10
Q9DB15	Mrpl12	8
Q9DB20	Atp5po	12
Q9DB27	Mcts1	10
Q9DB30	Phkg2	24
Q9DB40	Med27	16
Q9DB41	Slc25a18	19
Q9DB70	Fundc1	6
Q9DB75	Cdip1	4
Q9DB85	Rrp8	21
Q9DBA9	Gtf2h1	28
Q9DBC0	Selenoo	26
Q9DBC3	Cmtr1	49
Q9DBE8	Alg2	22
Q9DBF7	Cwc25	20
Q9DBG5	Plin3	25
Q9DBG6	Rpn2	22
Q9DBG7	Srpra	33
Q9DBH5	Lman2	19
Q9DBJ3	Baiap2l1	32
Q9DBK7	Uba7	44
Q9DBN1	Stra6l	23
Q9DBN9	Ddx59	33
Q9DBS8	Poc5	29
Q9DBT9	Dmgdh	45
Q9DBV3	Dhx34	56
Q9DBW0	Cyp4v2	29
Q9DBX2	Pdcl	14
Q9DBX3	Susd2	30
Q9DBY4	Tril	38
Q9DBZ1	Ikbip	26
Q9DC11	Plxdc2	19
Q9DC48	Cdc40	36
Q9DC58	Dram1	3
Q9DC63	Fbxo3	16
Q9DC77	Smpx	5
Q9DCC4	Pycr3	11
Q9DCD0	Pgd	21
Q9DCD2	Xab2	50
Q9DCG2	Cd302	6
Q9DCI3	Stard3nl	11
Q9DCJ7	Aurkaip1	9
Q9DCJ9	Npl	18
Q9DCL9	Paics	20
Q9DCM7	Nacc2	25
Q9DCS9	Ndufb10	10
Q9DCT1	Akr1e2	17
Q9DCU2	Pllp	5
Q9DCV7	Krt7	29
Q9DCX2	Atp5pd	10
Q9DCX7	Tmem174	2
Q9DD18	Dtd1	9
Q9EP51	Vmn1r50	11
Q9EP79	Vmn1r52	7
Q9EP89	Lactb	23
Q9EP93	Vmn1r53	8
Q9EPB5	Serhl	14
Q9EPB8	Vmn1r54	11
Q9EPJ9	Arfgap1	18
Q9EPK6	Sil1	21
Q9EPK7	Xpo7	51
Q9EPR2	Pla2g12a	9
Q9EQ15	Gnb1l	13
Q9EQ16	Cxcr6	7
Q9EQ44	Vmn1r41	8
Q9EQ45	Vmn1r46	8
Q9EQ46	Vmn1r40	6
Q9EQ47	Vmn1r44	9
Q9EQ51	Vmn1r47	10
Q9EQ52	Vmn1r48	9
Q9EQB9	Znf287	38
Q9EQF6	Dpysl5	28
Q9EQG3	Scel	44
Q9EQR6	Fancg	27
Q9EQS9	Igdcc4	49
Q9ER04	Tmprss5	21
Q9ER38	Tor3a	16
Q9ER56	Capn12	34
Q9ER63	Tnfrsf23	9
Q9ER64	Osbpl5	45
Q9ER72	Cars1	47
Q9ERF3	Skic8	15
Q9ERI6	Rdh14	19
Q9ERK4	Cse1l	52
Q9ERS6	Il1rapl2	31
Q9ERU3	Znf22	13
Q9ERZ0	Hemgn	19
Q9ESF4	Grina	4
Q9ESJ0	Xpo4	58
Q9ESJ4	Nckipsd	31
Q9ESL0	Oxct2b	26
Q9ESL9	Fgf20	9
Q9ESN5	Cenpk	13
Q9ESV0	Ddx24	46
Q9ESX4	Zcchc17	10
Q9ET35	Tnfrsf13b	12
Q9JHB3	Timp4	11
Q9JHH5	Cxcl11	5
Q9JHI2	Adat1	24
Q9JHJ7	Prss21	10
Q9JHS9	Cwc15	8
Q9JHU2	Palmd	24
Q9JHX2	Sp5	14
Q9JI08	Bin3	15
Q9JI20	Adarb2	40
Q9JI38	Pus3	32
Q9JI48	Plac8	2
Q9JI67	B3galt5	16
Q9JI74	Klhl1	37
Q9JIF9	Myot	27
Q9JIG4	Ppp1r3f	27
Q9JIG7	Ccdc22	35
Q9JIK9	Mrps34	13
Q9JIL2	Ccl28	4
Q9JIL6	Gprc5d	9
Q9JIZ0	Nat8f1	12
Q9JJ72	Rprm	5
Q9JJ89	Ccdc86	11
Q9JJA4	Wdr12	20
Q9JJC8	Nipa2	9
Q9JJE4	Paqr4	8
Q9JJG5	Sertad2	11
Q9JJH1	Rnase4	7
Q9JJI6	Pigo	37
Q9JJK2	Lancl2	23
Q9JJL0	Tsga8	3
Q9JJL8	Sars2	29
Q9JJL9	Ltb4r2	9
Q9JJN2	Zfhx4	154
Q9JJN4	Oxct2a	26
Q9JK23	Psmg1	15
Q9JK30	Orc3	40
Q9JK53	Prelp	24
Q9JK54	Msgn1	5
Q9JKD3	Scamp5	4
Q9JKL1	Prokr1	13
Q9JKP7	Pole3	8
Q9JKT3	Tas2r4	10
Q9JKV7	Extl1	29
Q9JKV9	Il20	8
Q9JL10	Sertad1	2
Q9JL15	Lgals8	20
Q9JL25	Rgs1	14
Q9JL59	Sectm1b	12
Q9JL62	Gltp	15
Q9JL70	Fanca	80
Q9JL95	Prg3	9
Q9JLB0	Pals2	33
Q9JLC4	Sorcs1	47
Q9JLC8	Sacs	250
Q9JLF1	Gabrq	19
Q9JLK3	Cabp5	10
Q9JLL0	Crim1	45
Q9JLM4	Zmym3	52
Q9JLT2	Treh	30
Q9JLV9	Prl2c5	10
Q9JM55	Tob2	11
Q9JM76	Arpc3	10
Q9JM98	Wrap73	25
Q9JMC2	Insm2	16
Q9JMC3	Dnaja4	23
Q9JMD1	Sfmbt1	43
Q9JMF7	Dolpp1	8
Q9JMG1	Edf1	10
Q9JMJ2	Fbxw4	14
Q9QUK0	Cdkl2	27
Q9QUM7	Msh5	39
Q9QUN9	Dkk3	15
Q9QUP5	Hapln1	24
Q9QW08	Pdc	13
Q9QWF0	Chaf1a	33
Q9QWK5	Naip1	71
Q9QWR8	Naga	22
Q9QXA5	Lsm4	8
Q9QXA7	Trim44	12
Q9QXB9	Drg2	22
Q9QXE2	Poll	30
Q9QXE5	Prss16	14
Q9QXG2	Chm	30
Q9QXP4	Donson	28
Q9QXP7	C1qtnf1	15
Q9QXQ1	Pde7b	25
Q9QXS8	Nat8f5	11
Q9QXT0	Cnpy2	11
Q9QXT6	Il17b	11
Q9QXT9	Znf354b	35
Q9QXW4	Fscn3	26
Q9QXY9	Pex3	15
Q9QY00	Or5g26	7
Q9QY05	Insl6	12
Q9QY48	Dnase2b	18
Q9QY61	Irx4	23
Q9QY73	Tmem59	13
Q9QY81	Nup210	68
Q9QYI3	Dnajc7	31
Q9QYJ0	Dnaja2	20
Q9QYK4	Hs6st3	23
Q9QYK9	Pnck	14
Q9QYL7	Abt1	16
Q9QYN3	Klk11	14
Q9QYS1	Wnt16	18
Q9QYZ3	Smok2b	21
Q9QYZ4	Smok1	20
Q9QYZ9	Prss30	8
Q9QZ23	Nfu1	13
Q9QZ28	Six6	12
Q9QZ29	Igbp1b	17
Q9QZA0	Ca5b	15
Q9QZE7	Tsnax	18
Q9QZI8	Serinc1	17
Q9QZS6	Hs3st3b1	21
Q9QZV9	Nxt1	5
Q9R000	Itgb1bp2	16
Q9R013	Ctsf	23
Q9R022	Dnajc12	9
Q9R087	Gpc6	25
Q9R0B9	Plod2	41
Q9R0H2	Emcn	12
Q9R0I7	Ylpm1	46
Q9R0M1	Xcr1	10
Q9R0M3	Srpx	24
Q9R0P3	Esd	14
Q9R0P6	Sec11a	10
Q9R0Q4	Morf4l2	17
Q9R0Q6	Arpc1a	21
Q9R0R1	Meltf	34
Q9R112	Sqor	29
Q9R123	Naa80	12
Q9R157	Adam18	32
Q9R1A3	Ntn3	28
Q9R1A9	Trex2	13
Q9R1P3	Psmb2	10
Q9R1Q6	Tmem176b	9
Q9R1S3	Pign	33
Q9R1S8	Capn7	49
Q9R1T2	Sae1	24
Q9R1W3	Rnf103	25
Q9R257	Hebp1	10
Q9WTJ4	Fiz1	13
Q9WTL0	Defb3	3
Q9WTM3	Sema6c	39
Q9WTM4	Nfe2l3	18
Q9WTP2	Spry4	12
Q9WTP7	Ak3	17
Q9WTQ8	Timm23	8
Q9WTT4	Atp6v1g2	6
Q9WTW3	Kcne4	2
Q9WTW4	Tfec	11
Q9WTX7	Fhl5	21
Q9WTY1	Pdcd7	17
Q9WTZ0	Uxt	8
Q9WTZ8	Bex2	7
Q9WU28	Pfdn5	8
Q9WU66	Sfrp5	14
Q9WU67	Ly6i	4
Q9WU81	Slc37a2	11
Q9WU84	Ccs	13
Q9WUA1	Wif1	18
Q9WUA2	Farsb	31
Q9WUB4	Dctn6	6
Q9WUF1	Vmn1r49	10
Q9WUK4	Rfc2	22
Q9WUN8	Lbx2	7
Q9WUT7	Ccr9	7
Q9WUU6	Hnf4g	18
Q9WUU7	Ctsz	13
Q9WUZ5	Tnni1	7
Q9WV35	Apobec2	10
Q9WV70	Noc2l	30
Q9WV74	Asb1	18
Q9WV95	Phlda3	9
Q9WV98	Timm9	6
Q9WVA3	Bub3	15
Q9WVB2	Tle2	29
Q9WVD5	Slc25a15	17
Q9WVJ2	Psmd13	26
Q9WVJ5	Crybb1	16
Q9WVM6	Tll2	54
Q9Z0F1	Gnas	10
Q9Z0H6	Cst9	4
Q9Z0L4	Bmp15	18
Q9Z0M3	Cdh20	27
Q9Z0S7	Cldn9	3
Q9Z0W3	Nup160	56
Q9Z100	Cpxm1	27
Q9Z179	Shcbp1	30
Q9Z184	Padi3	28
Q9Z185	Padi1	28
Q9Z191	Eya4	18
Q9Z199	Supt4h1b	6
Q9Z1D9	Znf394	28
Q9Z1G3	Atp6v1c1	27
Q9Z1M8	Ik	23
Q9Z1N7	Arid3b	25
Q9Z1P6	Ndufa7	6
Q9Z1Q4	Ly6g6c	7
Q9Z1Q9	Vars1	57
Q9Z1V0	Or6e1	8
Q9Z1X9	Cdc45	23
Q9Z210	Pex11b	13
Q9Z211	Pex11a	13
Q9Z275	Rlbp1	16
Q9Z282	Gpr132	13
Q9Z2E4	Ppp1r17	7
Q9Z2H1	Rgs11	23
Q9Z2H2	Rgs6	20
Q9Z2L7	Crlf3	16
Q9Z2M7	Pmm2	16
Q9Z2Q2	Knop1	22
Q9Z2T1	Kcnk7	7
Q9Z2X1	Hnrnpf	16
Q9Z2Z9	Gfpt2	40
Q9Z304	Mycs	15
Q9Z307	Kcnj16	18
Q9Z321	Top3b	48
S4R1M9	Osbpl10	38
A0A087WRU1	Redic1	30
A0A0A6YXX9	Catspere2	34
A0A0B4J1L0	Ceacam15	15
A0A0G2JEB6	Cfap47	146
A0A140LHV9	Tzmp1	1
A0A1L1SUL6	Nme9	22
A0A1W2P884	Cep85l	42
A0A1Z4VJI9	Fam237a	6
A0A286YDK6	Percc1	8
A0A2R8VHR8	Ddit3	2
A0AUV4	Gm7168	25
A0PJN4	Ube2ql1	9
A1A5B6	Tbc1d25	26
A1L317	Krt24	26
A2A3V1	Akap17b	39
A2A5X5	Krtap16-1	9
A2A699	Fam171a2	27
A2A6A1	Gpatch8	59
A2A791	Zmym4	69
A2A7S8	Nhsl3	43
A2A7V7	Cd300c	7
A2A7Y5	Miip	13
A2A8T7	Tex38	8
A2A995	Fyb2	39
A2A9I7	Dmrtb1	9
A2A9R3	Mageb4	30
A2AAX3	Klhl15	31
A2ACJ2	Faap100	34
A2ADF7	Slc25a34	14
A2AE20	Spaca5	5
A2AE42	Cyb561d1	3
A2AEP0	Obp1b	12
A2AEV7	Ccdc120	33
A2AEY4	Map7d3	41
A2AF53	Tmem185a	16
A2AGA4	Rhbdl2	9
A2AHJ4	Brwd3	77
A2AIG8	Accs	25
A2AJA9	Ajm1	52
A2AJL3	Fggy	27
A2AJQ3	Dpy19l4	27
A2AJT4	Pnisr	22
A2AKB9	Dcaf10	29
A2AKG8	Focad	77
A2AKQ8	Ift70a2	38
A2AKY4	Znf804a	45
A2ANX9	Znf711	31
A2APY7	Ndufaf5	16
A2ARK0	Sack1c	31
A2ARZ3	Fsip2	348
A2AUQ7	Ggta1l1	18
A2AV25	Fibcd1	16
A2AVR2	Mroh7	59
A2BDP1	Nalf2	17
A2CE44	Zxdb	27
A2CI98	Dytn	35
A2RSQ0	Dennd5b	56
A2RSQ1	Glb1l3	27
A2RSX7	Tyw5	17
A2RT60	Htra4	23
A2TJV2	Palm3	35
A2VDH3	Lrrc38	13
A3KGB4	Tbc1d8b	51
A3KGK3	Fer1l4	94
A3KGW5	Cercam	28
A4Q9E4	Ttll2	22
A6H5X4	Phf11	12
A6H603	Nwd1	85
A6H611	Mipep	43
A6H619	Phrf1	52
A6H666	Cox8c	4
A6H690	Drc11l	45
A6H6Q4	Tektip1	11
A6PWY4	Wdr76	31
A7KBS4	Zscan4d	22
A7TZF3	Skint4	15
A7TZG1	Skint10	11
A7TZG3	Skint9	15
A7XUZ6	Skint6	54
A7XV14	Skint11	10
A8C756	Thada	98
A8R0V4	Esp22	7
B1AQL3	Tmem235	1
B1AR13	Cisd3	9
B1AS42	Cyb5rl	17
B1AT66	Slc16a6	20
B1ATY8	Arl16	8
B1AUC7	Arhgap36	20
B1AUS7	Ssxa1	6
B1AVZ0	Uprt	17
B1AWI6	Msmp	6
B1AXP6	Tomm5	5
B1AY13	Usp24	131
B1B1A0	L3mbtl4	33
B2KFW1	Zscan20	55
B2RRE4	Znf518b	55
B2RRF6	Znf518a	78
B2RUI1	Znf551	36
B2RUR4	Kprp	21
B2RWJ3	Tmem240	6
B2RWW0	Tagap	30
B2RXC1	Trappc11	51
B2RXM4	Ntmt2	15
B2RY56	Rbm25	31
B2RY83	Hpse2	29
B5X0G2	Mup17	11
B9EKE5	Catip	21
C0HKC8	Smok3a	27
C0HKC9	Smok3b	27
C0HKD9	Mfap1b	19
C0HMG8		5
C8YR32	Loxhd1	103
D3YV10	Ccdc13	40
D3YWQ9	Tmem196	5
D3YX43	Vsig10	17
D3YXS5	Kif28	54
D3YY91	Lrr1	22
D3YYM0	Ovol3	10
D3YZF7	Vsig10l	37
D3YZP9	Ccdc6	21
D3YZV8	Ccdc8	52
D3Z3I0	Cdc20b	29
D3Z5T1	Ccdc78	21
D3Z7H8	Cilp2	54
E0CZ22	Mroh1	73
E9PV86	Mctp1	47
E9PVB5	Ttc17	56
E9PW05	Zfp54	27
E9PXB6	Sfta2	5
E9PXV9	Obox2	12
E9Q1P8	Irf2bp2	29
E9Q368	Tarbp1	82
E9Q3S4	Map3k19	64
E9Q518	Or2at4	5
E9Q5L8	Glyatl3	15
E9Q6C8	Xkr6	18
E9Q6E9	Simc1	51
E9Q6X9	Arhgap40	27
E9Q6Z5	Aunip	13
E9Q743	Cfap251	62
E9Q8D0	Dnajc21	19
E9QAF0	Spata31	39
F2Z3Y9	Smim30	0
F6W8I0	Yjefn3	18
F8VPK0	Skic3	76
F8VPU6	Usp9y	118
F8VPY8	Pou2af3	2
G3UWD5	Akain1	5
G3UYX5	Rgs22	68
G3X8U3	QNG1	21
G3X987	Gimap9	18
G3X992	Msl3b	19
G3X9C2	Nccrp1	15
G3X9R7	Rnf148	15
G3X9U1	Obox6	13
G5E869	Znf142	77
G5E872	Rnpepl1	26
G5E8B9	Zbtb11	43
G5E8F4	Fpgt	22
G5E8K6	Slc16a5	10
G5E8P0	Tubgcp6	77
O08546	U90926	3
O08633	Krtap8-1	1
O08640	Krtap14	2
O08688	Capn5	36
O08716	Fabp9	9
O08740	Polr2j	6
O08850	Rgs5	10
O08918	Ccng2	14
O09035	Dbil5	5
O09116	Sprr3	12
O09133	Smr2	4
O35075	Vps26c	15
O35098	Dpysl4	29
O35127	Grcc10	7
O35164	Mcpt9	11
O35239	Ptpn9	32
O35242	Nsmaf	35
O35256	Prl4a1	9
O35257	Prl6a1	10
O35290	Ear3	10
O35368	Ifi203	20
O35372	Cnih1	2
O35403	Sult3a1	15
O35450	Fkbpl	16
O35536	Tfpi2	9
O35654	Pold2	21
O35680	Mrps12	8
O35682	Myadm	8
O35691	Pnn	34
O35723	Dnajb3	10
O35912	Emp3	4
O35961	Smr2	2
O35972	Mrpl23	8
O35979	Smr2	5
O35982	Smr2	2
O35985	Smr2	5
O54734	Ddost	19
O54798	Brs3	12
O54818	Tpd52l1	9
O54831	Prl7a2	11
O54897	Gpr27	13
O54927	Wsb1	21
O54929	Wsb2	14
O54956	Pole2	25
O55101	Syngr2	4
O70139	Pkig	4
O70169	Prss39	15
O70300	Pspn	6
O70378	Emc8	11
O70401	Tspan6	13
O70422	Gtf2h4	22
O70554	Sprr2b	5
O70556	Sprr2e	5
O70557	Sprr2f	5
O70558	Sprr2g	6
O70559	Sprr2h	9
O70560	Sprr2i	5
O88186	Gp9	4
O88327	Ctnnal1	41
O88416	Gpr33	13
O88472	Tnfrsf17	9
O88537	Fpr-rs3	11
O88545	Cops6	12
O88745	Scrg1	6
O88796	Rpp30	15
O88834	Shd	16
O88852	Tspyl1	21
O88892	Serf1	3
O89104	Sypl2	6
O89113	Ier5	10
O89114	Dnajb5	17
P00848	Mtatp6	2
P01173	Wap	5
P01573	Ifna2	8
P01633	Igkv6-17	5
P01639	Igkv9-120	4
P01837	Igkc	4
P01863	Ighg	10
P01864		10
P01868	Ighg1	13
P01882		10
P01896		8
P01915		12
P02664	Csn1s2b	10
P03930	Mtatp8	3
P03987		17
P04224		14
P04227	H2-Aa	9
P04228	H2-Aa	7
P04231	H2-Eb1	12
P04345	Cryga	9
P05367	Saa2	5
P06342	H2-Ab1	15
P06344		14
P06345	H2-Ab1	14
P06346	H2-Ab1	17
P06799	Ifna7	7
P07743	Bpifa2	9
P08043	Zfp2	27
P0C092	Kcnip3	6
P0C5I1	Gpr25	13
P0C5K0	Sbk3	13
P0C5K1	Sbk2	10
P0C6A1	Slc2a7	13
P0C6A2	Mamld1	17
P0C7N9	Psmg4	7
P0C8K7	Smim1	3
P0CC03	Sult6b1	19
P0CW02	Ly6c1	5
P0CW03	Ly6c2	5
P0DMR5	Tdpoz1	21
P0DP59	Slurp2	4
P0DPE0	Eef1akmt4	10
P0DW27	Rbm10	7
P10076	Zfp26	44
P10077	Zfp27	51
P10166	Mycl	15
P10598	Csn2	4
P10601	Ppy	1
P10755	Zfp14	27
P10925	Zfy1	29
P11369	Pol	67
P12660	Pcp2	4
P14435	H2-Aa	7
P14436	H2-Aa	7
P14437	H2-Aa	7
P14438	H2-Aa	8
P14439	H2-Ea	14
P15119	Mcpt2	10
P16254	Srp14	6
P16373	Zfp59	31
P16374	Zfp60	47
P17950	Ier2	9
P18419	Svs4	6
P18469	H2-Eb1	12
P20040		14
P20801	Tnnc2	10
P21129	Slc10a3	7
P21761	Trhr	14
P23150		7
P24399	Znf239	13
P24526	Pmp2	8
P28575	Ipp	29
P28662	Bri3	3
P29621	Serpina3c	21
P33680	Guca2a	1
P34983	Or8g18	2
P34985	Or8c8	6
P34986	Or6b9	7
P35173	Stfa3	8
P35294	Rab19	14
P35461	Ly6g	3
P36916	Gnl1	31
P37804	Tagln	16
P38575	Upk2	5
P42925	Pxmp2	11
P43430	Mcpt8	11
P47801	Emp1	2
P48757	Gast	5
P49442	Inpp1	17
P49681	Npbwr1	8
P49749	Evx2	14
P49962	Srp9	7
P50153	Gng4	4
P50289	Acrv1	4
P50615	Btg3	11
P51162	Fabp6	7
P51945	Ccng1	15
P52963	Epb41l4a	41
P54797	Tango2	16
P55104	Inhbc	15
P56135	Atp5mf	4
P56203	Ctsw	18
P56375	Acyp2	8
P56376	Acyp1	8
P56379	Atp5mj	3
P56382	Atp5f1e	3
P56387	Dynlt3	4
P56469	Cort	1
P56567	Csta	6
P57016	Lad1	27
P57722	Pcbp3	15
P57724	Pcbp4	13
P58021	Tm9sf2	17
P58058	Nadk	12
P58064	Mrps6	9
P58802	Tbc1d10a	26
P58854	Tubgcp3	45
P58873	Rhbdl3	11
P58929	Gmeb2	14
P59024	Fkbp14	13
P59235	Nup43	12
P59280	Klhl8	35
P59281	Arhgap39	62
P59481	Lman2l	17
P59528	Tas2r123	7
P59529	Tas2r16	13
P59532	Tas2r41	9
P59900	Emilin3	41
P59913	Pcmtd1	18
P60003	Elof1	1
P60007	Anapc15	1
P60060	Sec61g	3
P60191	Rims4	13
P60894	Gpr85	15
P60898	Polr2i	8
P61164	Actr1a	19
P61208	Arl4c	8
P61215	Ca10	12
P61237	Ypel3	8
P61315	Gal3st3	21
P61807	Snn	3
P61924	Copz1	5
P61939	Serpina7	20
P61953	Gng11	3
P61963	Dcaf7	15
P62073	Timm10	7
P62075	Timm13	6
P62077	Timm8b	7
P62325	Btg1	9
P62488	Polr2g	11
P62627	Dynlrb1	6
P62700	Ypel5	7
P62748	Hpcal1	15
P62810	Wfdc18	5
P62816	Hrk	5
P62818	S100a3	7
P62951	Blcap	0
P63042	Stmn4	9
P63084	S100a5	6
P63254	Crip1	4
P70213	Fv1	20
P70261	Pald1	49
P70333	Hnrnph2	18
P70368	Sebox	6
P70378	Fgf11	12
P70402	Mybph	19
P70403	Cux1	46
P70436	Dlx4	9
P70675	Tsx	4
P82020	Defb2	4
P83626	Tnfrsf26	11
P83861	Qrfpr	21
P83891		1
P84089	Erh	5
P97314	Csrp2	11
P97357	Taf1a	29
P97371	Psme1	15
P97497	Shbg	19
P97764	Wbp1	5
P97816	S100g	4
P97817	Cdr2	24
P97861	Krt86	29
Q00356	Mcptl	9
Q00PI9	Hnrnpul2	34
Q01730	Rsu1	14
Q01776	Gnrhr	10
Q02525	Zfp39	38
Q02526	Zfp41	11
Q03734	Serpina3m	21
Q03740	Cryge	9
Q03958	Pfdn6	8
Q04758	Pkib	5
Q06185	Atp5me	4
Q06649	Sh3bp2	25
Q07230	Zscan2	30
Q08EN7	Zcwpw2	12
Q09TK7	Spink11	6
Q0II04	Nebl	29
Q0P523	Cib3	7
Q0P5X1	Lrriq1	72
Q0PD08	Rab42	12
Q0Q236	Bsph2	5
Q0VAV2	Exph5	99
Q0VAW7	Znf112	45
Q0VAX3	Fads2b	22
Q0VAX9	Or7e178	8
Q0VBM2	Sack1b	58
Q0VBN2	Dsel	49
Q0VBV7	Cep126	51
Q0VE82	Cpne7	25
Q0ZUP1	Klrb1	12
Q148A4	Saxo4	27
Q148W8	Styxl2	47
Q149C3	Lingo4	17
Q149L6	Dnajb14	18
Q149M0	Clec12b	15
Q149R9	Lpar5	11
Q14AI0	DSCC1	19
Q14AI6	Rpusd3	17
Q14AM7	Hapstr1	14
Q14B25	Prss48	15
Q14BA6	Medag	17
Q14BV6	Ydjc	13
Q14CH0	Fam171b	36
Q14CH1	Mocos	42
Q14DL3	Lrriq3	35
Q19A41	Klf14	7
Q19LI2	A1bg	25
Q1LZI2	Slc35f3	15
Q1RLK6	B3gnt4	16
Q2KHK3	Lvrn	19
Q2M2N2	Spopl	18
Q2MHE5	Dok6	17
Q2NKH9	Glt6d1	16
Q2TL60	Znf667	34
Q2TUM3	Kcnrg	18
Q30KN8	Defb25	3
Q30KP3	Defb20	6
Q30KP6	Defb41	3
Q32KI9	Arsi	20
Q32LZ8	Pnpla5	21
Q32M08	Dus4l	15
Q32MW3	Acot10	25
Q32NZ6	Tmc5	38
Q3I5G5	Foxi2	12
Q3KNK3	Cyb5r2	13
Q3SXC5	Arl14	7
Q3SXD3	Hddc2	10
Q3SXG2	Fpr-rs6	10
Q3SYK4	Vrtn	33
Q3SYP2	Ctrc	9
Q3TAA7	Stk11ip	42
Q3TAE8	Alg6	17
Q3TBW2	Mrpl10	15
Q3TC72	Fahd2a	15
Q3TCJ8	Ccdc69	11
Q3TCV3	Gsap	36
Q3TDE8	Znf691	14
Q3TEI4	Prmt2ip	46
Q3TFK5	Gpatch4	24
Q3TGF2	Fam107b	8
Q3TGW2	Eepd1	32
Q3THF9	Coq10b	16
Q3THJ3	Eif1ad	7
Q3TIR1	Trappc13	20
Q3TKR3	Nlrp4c	58
Q3TL54	Trim43a	22
Q3TLP5	Echdc2	14
Q3TLS3	Gdpgp1	14
Q3TMH2	Scrn3	18
Q3TNA1	Xylb	22
Q3TNW5	Mucl3	26
Q3TPE9	Ankmy2	20
Q3TPR7	Tmem184c	13
Q3TQB2	Foxred1	20
Q3TQI7		15
Q3TRJ4	Krt26	26
Q3TSA9	Fbxw18	23
Q3TT38	Ilrun	12
Q3TUH1	Tamm41	17
Q3TVP5	Otulinl	16
Q3TXZ1	Znf575	16
Q3TY65	Ica1l	19
Q3TY92	Mbd6	22
Q3TZA2	Cdkl4	18
Q3TZM9	Alg11	19
Q3TZW7	Bex6	7
Q3U0I6	Erln	2
Q3U0J8	Tbc1d2b	52
Q3U129	Qtgal	16
Q3U186	Rars2	36
Q3U1C6	Tatdn3	17
Q3U1D0	Lins1	30
Q3U1V6	Uevld	26
Q3U276	Sdhaf1	7
Q3U288	Znf710	22
Q3U2A8	Vars2	44
Q3U2I3	Fhip1b	42
Q3U2K0	Fam193b	33
Q3U308	Ctu2	24
Q3U381	Znf692	20
Q3U3F9	Gpr160	11
Q3U3I9	Znf865	35
Q3U3N6	Tepsin	24
Q3U3V8	Xrra1	38
Q3U3W5	Prmt9	34
Q3U410	Klhl21	26
Q3U515	Vwce	23
Q3U821	Wdr75	38
Q3U898	Cops9	1
Q3U9F6	Rnf166	10
Q3UBZ5	Mif4gd	14
Q3UC65	Rsrp1	11
Q3UD61	Mx1	20
Q3UDP0	Wdr41	19
Q3UE17	Mex3d	18
Q3UEN2	Shld2	41
Q3UF25	Stimate	11
Q3UF64	Rnft2	21
Q3UFF7	Lyplal1	13
Q3UFM5	Nom1	44
Q3UFS0	Zyg11b	37
Q3UFY0	Rrp36	15
Q3UGP9	Lrrc58	18
Q3UGR5	Hdhd2	12
Q3UHB1	Nt5dc3	27
Q3UHE1	Pitpnm3	42
Q3UHF3	Mier3	15
Q3UHG7	Dennd11	25
Q3UHH8	Gxylt1	20
Q3UHR0	Bahcc1	109
Q3UHX2	Pdap1	7
Q3UI66	Ccdc34	12
Q3UKU1	Ell2	36
Q3UKU4	Sack1f	28
Q3UKY7	Prss38	9
Q3ULM0	Ccdc106	12
Q3ULW6	Ccdc33	48
Q3UM29	Cog7	41
Q3UMF0	Cobll1	66
Q3UMG5	Lrch2	37
Q3UN16	Gpr162	26
Q3UN70	Myrfl	36
Q3UNA4	Nxt2	6
Q3UNN8	Pld5	27
Q3UPE3	Rmi2	8
Q3UPH1	Prrc1	13
Q3UPI1	Gask1b	26
Q3UPR0	Shisa3	7
Q3UPY5	Glb1l2	25
Q3UQ24	Fam237b	4
Q3UQ84	Tars2	40
Q3UQI9	Mindy4	36
Q3URE1	Acsf3	35
Q3URE9	Lingo2	24
Q3URF8	Kctd21	12
Q3URJ8	Nkain3	4
Q3URS2	Zscan4f	21
Q3US17	Znf48	29
Q3USF0	B3gnt6	16
Q3USQ7	Syndig1l	5
Q3UST5		12
Q3USW5	Foxred2	34
Q3USY0	Slc38a11	12
Q3UTA9	Eif4e1b	17
Q3UTZ3	Trappc14	31
Q3UU43	Chpf2	44
Q3UU94	Mansc4	15
Q3UUF8	Ankrd34b	29
Q3UVG3	Fam91a1	37
Q3UVY5	Pcnx4	41
Q3UW21	Clpsl2	7
Q3UW43	Spag11b	4
Q3UW68	Capn13	27
Q3UWQ3	Ube2fb	6
Q3UWR2	Khdc1a	10
Q3UWY1	Oog3	23
Q3UWZ0	Trim75	32
Q3UX43	Ankrd13c	23
Q3UX62	Odad1	33
Q3UXL4	Kiz	38
Q3UY51	Lrrc55	11
Q3UY96	Cfap74	72
Q3UYK3	Tbc1d9	61
Q3UZ01	Rnpc3	21
Q3UZ09	C1rl	20
Q3UZA1	Rcsd1	23
Q3UZW7	Eef2kmt	13
Q3UZY0	Sfi1	62
Q3V080	Znf583	36
Q3V096	Ankrd42	32
Q3V0J4	Ankrd53	32
Q3V124	Eid3	14
Q3V172	Sel1l2	34
Q3V1H9	Samd5	9
Q3V1I0	Lyg2	10
Q3V1U8	Elmod1	15
Q3V1V3	Esf1	40
Q3V2J0	Cibar2	14
Q3V2Q8	N4bp2l1	12
Q3V384	Afg1l	25
Q3V3A7	Rnf207	36
Q3V3G7	Gramd2a	18
Q3V3K7	Gcnt7	23
Q3V3Q4	Ifi208	20
Q3V3Q7	Pacs2	33
Q3V4B5	Commd6	8
Q3ZT31	Snx25	50
Q400C8	Amz2	18
Q497H0	Zfand3	11
Q497I4	Krt35	28
Q497K5	Arrdc5	16
Q497M3	Apobec4	17
Q497N6	Cep295nl	27
Q497P3	Nupr2	6
Q497V5	Srbd1	56
Q499D0	Foxn3	24
Q499E5	Stox2	44
Q499E6	Airim	5
Q499M4	Tigd5	30
Q499X9	Mars2	29
Q4FK66	Prpf38a	13
Q4FZF2	Spata46	8
Q4FZF3	Ddx49	27
Q4G5Y1	Klhdc2	26
Q4KKZ1	Cfap107	13
Q4KL14	Trappc3l	11
Q4PJX1	Odr4	21
Q4PNJ2	Nkain2	6
Q4V9W2	Srek1ip1	7
Q4VA36	Cenatac	11
Q4VA44	Znf664	16
Q501J2	Antkmt	12
Q504N0	Cpa2	17
Q504N7	Ifi214	18
Q505D1	Ankrd28	36
Q505D9	Trim67	38
Q505G4	Rtl6	10
Q562D6	Trmo	19
Q569E4	Ment	16
Q569N2	Ankrd37	5
Q56A04	Eme2	15
Q571E5	Prss53	12
Q571H0	Urb1	118
Q5BKS4	Eri2	30
Q5BU09	Eapp	13
Q5D525	Syce1l	16
Q5DP50	Tex24	20
Q5DT36	Klri2	16
Q5DTI6	Kansl1l	51
Q5DTN8	Jakmip3	45
Q5DTT8	Pnma5	31
Q5DTX6	Jcad	68
Q5DTZ0	Nynrin	75
Q5DTZ6	Rnf150	12
Q5DU09	Znf652	31
Q5DU28	Pcnx2	86
Q5DU31	Ipcef1	15
Q5EBI0	Slc26a10	21
Q5F267	Tp53i13	15
Q5FW57	Gm4952	18
Q5GH64	Xkr7	23
Q5H8B9	Frem3	77
Q5HZH2	Tsr3	11
Q5HZJ5	Entrep3	24
Q5HZK1	Cep44	22
Q5IBH6	Spdye4a	10
Q5IXF8	Glp2r	20
Q5M8N0	Cnrip1	8
Q5M8S2	Prss46	11
Q5NBU5	Fbxo39	21
Q5NBU8	Xaf1	16
Q5NC32	Slc16a11	9
Q5NC83	Spmip7	26
Q5NCF2	Trappc1	10
Q5NCI0	Urgcp	45
Q5NCY3	Cyb5d1	11
Q5PR73	Diras2	13
Q5PRF0	Heatr5a	95
Q5QD07	Taar8a	8
Q5QD12	Taar7a	10
Q5QGU6	Rtp3	18
Q5RJ54	Zscan26	28
Q5RJB0	Bhlha9	14
Q5RJH2	Mctp2	38
Q5RJI2	Slc44a5	31
Q5RL51	Gstcd	22
Q5RL79	Krtcap2	4
Q5SP85	Ccdc85a	32
Q5SQY2	Bod1	9
Q5SS80	Dhrs13	19
Q5SSI6	Utp18	29
Q5SSK3	Tefm	20
Q5SUD9	Bbs12	28
Q5SUS0	Fbxw10	55
Q5SUV1	Rsad1	21
Q5SUV5	Mylk4	16
Q5SW19	Cluh	71
Q5SWD9	Tsr1	29
Q5SWP3	Nacad	53
Q5SWY7	Sack1g	43
Q5SX19	Pigl	11
Q5SYL3	Bltp2	101
Q5U464	Asap3	37
Q5U465	Ccdc125	30
Q5U467	Fbxw20	28
Q5U4C3	Scaf1	46
Q5U4D9	Thoc6	18
Q5U5V2	Hykk	19
Q5U680	Slc25a26	12
Q5U901	Cpa6	21
Q5XG71	Utp20	137
Q5XKE0	Mybpc2	65
Q60584	Fbxw2	21
Q60585	Zfp30	30
Q60688	Foxd4	17
Q60695	Rgl1	33
Q60872	Eif1a	7
Q60878	Or4c3d	5
Q60879	Or1j1	4
Q60880	Or5t18	4
Q60881	Or4b13	7
Q60882	Or8b8	6
Q60883	Or2y1b	6
Q60884	Or8g17	4
Q60885	Or10p22	3
Q60886	Or8b3	5
Q60887	Or10n1	8
Q60888	Or10d1b	5
Q60889	Or6z7	8
Q60890	Or2b6	5
Q60892	Or7a42	4
Q60893	Or8a1	3
Q60894	Or9s13	10
Q60895	Or8g50	3
Q60945	Mtcp1	5
Q60961	Laptm4a	8
Q60976	Jrk	26
Q60990	Rbmyf9	24
Q61017	Gngt2	3
Q61114	Bpifb1	26
Q61116	Znf235	38
Q61184	Mtnr1a	7
Q61211	Eif2d	30
Q61268	Apoc4	4
Q61333	Tnfaip2	35
Q61334	Bcap29	13
Q61500	Itm2a	12
Q61599	Arhgdib	11
Q61733	Mrps31	23
Q61765	Krt31	25
Q61809	Lrrn1	27
Q61900	Smr3a	3
Q61908	Cmc4	4
Q62000	Ogn	14
Q62100	Prm3	4
Q62136	Ptpn21	54
Q62147	Sspn	8
Q62168	Krt32	26
Q62186	Ssr4	6
Q62189	Snrpa	12
Q62267	Sprr1b	14
Q62282	Tal2	7
Q62302	Tex261	3
Q62394	Znf185	13
Q62422	Ostf1	13
Q62425	Coxfa4	6
Q62471	Lcn3	8
Q62472	Lcn4	11
Q62507	Coch	32
Q62513	Znf260	22
Q63805	Orm3	11
Q63829	Commd3	10
Q63836	Selenbp2	31
Q640L5	Ccdc18	79
Q640N3	Arhgap30	37
Q640P2	Angptl1	27
Q640P7	Tbccd1	25
Q64302	Tm4sf1	3
Q64322	Npdc1	17
Q64327	Mea1	4
Q64433	Hspe1	8
Q64445	Cox8a	3
Q64697	Ptprcap	5
Q64733	Foxb2	10
Q64HY3	Sp9	17
Q65Z93	Ypel4	8
Q66JT5	Tpgs2	14
Q66JV4	Rbm12b2	53
Q66JZ4	TCAIM	23
Q66X01	Nlrp9c	50
Q66X03	Nlrp9a	43
Q66X19	Nlrp4e	60
Q68EF8	Rapgefl1	32
Q68FD9	Kiaa1549	48
Q68FE8	Znf280d	46
Q68FG3	Spty2d1	35
Q68FH4	Galk2	19
Q692V3	Ttc41	80
Q69ZB0	Lrrcc1	54
Q69ZB3	Tspyl5	19
Q69ZH9	Arhgap23	80
Q69ZK7	Atosa	56
Q69ZL1	Fgd6	89
Q69ZT9	Tbc1d30	38
Q69ZZ9	Macf1	158
Q6A000	Kiaa0753	54
Q6A025	Ppp1r26	54
Q6A039	Tbc1d12	34
Q6A044	Entrep2	11
Q6A085	Znf629	46
Q6A152	Cyp4x1	21
Q6AW46	Ces5a	20
Q6DIA9	Fbxo27	17
Q6DID5	Pwwp3a	31
Q6EAL8	Il31	8
Q6EJB6	Utp14b	37
Q6F5E0	Tmem158	9
Q6GQR8	Znf329	33
Q6GQT9	Nomo1	68
Q6GQU6	Lingo3	24
Q6GQX2	Nckap5l	51
Q6GU68	Islr	15
Q6GUQ1	Egfl8	16
Q6IE21	Otud6a	13
Q6IE26	Ephx4	21
Q6IEE6	Tmem132e	40
Q6IFT4	Arhgap20	46
Q6IFZ9	Krt74	27
Q6IMF0	Krt87	33
Q6IR37	Zdhhc24	8
Q6IR41	C1qtnf6	8
Q6IRT3	Parpbp	37
Q6J756	Capn11	36
Q6JHY2	Muc19	35
Q6KAU7	Plekhg2	46
Q6L8S8	B4galnt3	48
Q6NS65	Gpr17	13
Q6NS86	Znf366	40
Q6NSQ3	Smim48	2
Q6NSQ7	Ltv1	21
Q6NSR8	Npepl1	19
Q6NSU3	Glt8d1	20
Q6NV66	Zfp646	88
Q6NV72	Wdcp	27
Q6NVE3	Spin2c	13
Q6NXH2	Manea	15
Q6NXI6	Rprd2	60
Q6NXK2	Znf532	58
Q6NXY1	Tbc1d31	53
Q6NZA9	Taf9b	14
Q6NZB0	Dnajc8	14
Q6NZE7	Pabir2	8
Q6NZL0	Mtcl3	59
Q6NZP2	Gpbp1l1	25
Q6NZQ6	Znf740	12
Q6P068	Arl5c	8
Q6P0X2	Znf511	10
Q6P1I3	Kics2	25
Q6P1Y1	Rtl3	22
Q6P2B1	Tnpo3	40
Q6P2L7	Golm2	23
Q6P3A1	Stmnd1	17
Q6P3A9	Arl11	8
Q6P3Y9	Podnl1	29
Q6P4P1	Serpina3a	20
Q6P560	Znf182	37
Q6P5B0	Rrp12	68
Q6P5C5	Smug1	15
Q6P5H6	Frmd5	28
Q6P6M5	Pex11g	14
Q6P8G8	Orai3	5
Q6P8H8	Alg8	17
Q6P8I4	Pcnp	12
Q6P8I6	Cox11	14
Q6P8K8	Cpa4	20
Q6P8M1	Tatdn1	18
Q6P8W9	Hmgb4	10
Q6P8Y1	Capsl	9
Q6P8Y7	Snx31	21
Q6P9J5	Kank4	41
Q6P9P0	Slf2	59
Q6P9R1	Ddx51	35
Q6PAM1	Txlna	25
Q6PAQ9	Prrg3	11
Q6PB51	Ccdc117	12
Q6PB90	Pcdhb14	25
Q6PD05	Znf821	19
Q6PD24	Ankrd13d	27
Q6PDC8	Slc60a1	12
Q6PDH0	Phldb1	70
Q6PDJ6	Fbxo42	30
Q6PDS0	Vstm2l	11
Q6PE54	Dhx40	39
Q6PEB4	Osgepl1	16
Q6PEE2	Ctif	34
Q6PEV3	Wipf2	27
Q6PFC5	Lrit2	16
Q6PFH3	Dcaf15	26
Q6PGG2	Gmip	45
Q6PGH2	Jpt2	11
Q6PGH4	Fam222a	16
Q6PHS6	Snx13	49
Q6PI62	Gpr173	17
Q6PIU9		13
Q6PNC0	Dmxl1	130
Q6Q6R3	Crip3	8
Q6R0H6	Gnas	33
Q6RUU0	Ptx4	19
Q6S5G4	Gja6	9
Q6TAW2	Serp2	2
Q6TCG2	Paqr9	12
Q6TCG5	Paqr6	8
Q6TYB5	Fez2	13
Q6W049	Or56b34	10
Q6YCH2	Tdpoz4	21
Q6ZPG2	Wdr90	74
Q6ZPJ0	Tex2	57
Q6ZPT1	Klhl9	35
Q6ZPY5	Znf507	44
Q6ZQ03	Fnbp4	27
Q6ZQH8	Nup188	82
Q6ZQI3	Mlec	16
Q6ZWM4	Lsm8	7
Q6ZWQ7	Spcs3	7
Q6ZWX0	Wdr83os	3
Q6ZWY3	Rps27l	4
Q6ZWY8	Tmsb10	2
Q717B2	Tdpoz2	22
Q717B4	Tdpoz3	22
Q75VT8	Hide1	3
Q762D5	Slc35d2	8
Q765I1	Uts2b	6
Q76HP3	Tmem132d	51
Q78IK2	Atp5mk	3
Q78IK4	Apool	17
Q78PG9	Ccdc25	13
Q78T54	Vma21	4
Q78WH7	Camk2n2	5
Q78XF5	Ostc	5
Q78XR0	Trappc6a	7
Q78YZ6	Scoc	5
Q791N7	Polr1h	7
Q794H2	Nap1l3	23
Q7M707	Tas2r109	8
Q7M709	Tas2r129	12
Q7M710	Tas2r125	11
Q7M711	Tas2r113	15
Q7M712	Tas2r110	9
Q7M713	Tas2r116	10
Q7M715	Tas2r117	10
Q7M717	Tas2r102	8
Q7M718	Tas2r124	11
Q7M720	Tas2r13	12
Q7M721	Tas2r120	8
Q7M725	Tas2r107	7
Q7M756	Prss54	17
Q7TM99	Slc16a9	15
Q7TMA2	Znf503	17
Q7TML3	Slc35f2	13
Q7TMX5	Shq1	22
Q7TN22	Txndc16	32
Q7TN51	Mrgprb8	8
Q7TN84	Syt14	24
Q7TND5	Rpf1	15
Q7TNG5	Eml2	29
Q7TNI2	Tmem59l	12
Q7TNR9	Arhgef4	28
Q7TNS2	Micos10	3
Q7TNS7	Asic4	18
Q7TNU6	Znf250	29
Q7TNU7	Letm2	25
Q7TNV7	Defb38	2
Q7TNV8	Defb34	6
Q7TNV9	Defb14	2
Q7TPB0	Plppr3	27
Q7TPC1	Cdsn	13
Q7TPD6	Raver2	21
Q7TPG6	Tafa3	5
Q7TPM1	Prrc2b	63
Q7TPM6	Fsd1	24
Q7TPN9	Prr14	27
Q7TPY9	Ldoc1	6
Q7TQ48	Srl	26
Q7TQ69	Tmc3	45
Q7TQA5	Tas2r39	12
Q7TQA6	Tas2r38	9
Q7TQA7	Tas2r3	12
Q7TQA8	Tas2r136	11
Q7TQA9	Tas2r135	12
Q7TQB0	Tas2r134	8
Q7TQB8	Tas2r40	11
Q7TQB9	Tas2r143	7
Q7TQC7	Gpatch2	29
Q7TQF2	Fbxo10	51
Q7TQG0	Zbtb5	24
Q7TQI0	Tmem204	6
Q7TQJ1	Marveld1	8
Q7TQK1	Ints7	53
Q7TQP0	Gpr141	9
Q7TQP2	Gpr135	13
Q7TQP4	Rxfp4	9
Q7TQR9	Or5an1	4
Q7TR96	Or9g19	10
Q7TRF3	Or7d11	7
Q7TRX2	Or1a1	9
Q7TS48	Or5k16	10
Q7TSC1	Prrc2a	97
Q7TSF4	Lrrc75a	18
Q7TSH2	Phkb	54
Q7TSH9	Zfp184	43
Q7TSI0	Znf12	38
Q7TSI3	Ppp6r1	35
Q7TSQ1	Clec18a	25
Q7TT52	Ppp1r14d	6
Q80SS5	Ifna12	7
Q80SU4	Ifna13	8
Q80SU7	Gvin1	124
Q80T03	Muc6	67
Q80T62	Gpr101	18
Q80T74	Klhl29	32
Q80TB8	Vat1l	21
Q80TE0	Rpap1	67
Q80TE4	Sipa1l2	81
Q80TL7	Mon2	79
Q80TM6	R3hdm2	26
Q80TN4	Dnajc16	42
Q80TS8	Sel1l3	45
Q80U22	Rusc2	45
Q80U35	Arhgef17	91
Q80U38	Khnyn	36
Q80U49	Cep170b	95
Q80U56	Avl9	32
Q80UB0		13
Q80UG1	Fads6	17
Q80UK0	Sestd1	33
Q80UK8	Ints2	47
Q80UP5	Ankrd13a	27
Q80UQ2	Rassf6	15
Q80UU2	Rpp38	17
Q80UX8	Abhd13	17
Q80UZ2	Sdad1	36
Q80V03	Adck5	34
Q80V23	Znf32	18
Q80V31	Cep104	50
Q80V86	Ints8	40
Q80VD1	Fam98b	21
Q80VG1	Scml4	22
Q80VM4	Znf579	23
Q80VQ1	Lrrc1	26
Q80VY2	Inka2	14
Q80W04	Tmcc2	35
Q80W15	Igfbpl1	17
Q80W22	Thnsl2	27
Q80W31	Znf569	38
Q80W49	Crybg3	57
Q80WC1	Ubn2	55
Q80WM5	Hapln3	18
Q80WQ4	Trmt9b	20
Q80WT5	Aftph	40
Q80X76	Serpina3f	24
Q80X85	Mrps7	13
Q80XA6	Reps2	29
Q80XD1	Chn2	17
Q80XD9	Clec2e	9
Q80XI1	Fbxo34	31
Q80XI7	Bpifb9a	30
Q80XM9	Slc66a2	7
Q80XS6	Samd4b	24
Q80XS7	Sack1e	26
Q80Y19	Arhgap11a	45
Q80Y72	Cstl1	6
Q80YD3	Spata31f3	17
Q80YD6	Sergef	20
Q80YP6	Zik1	24
Q80YQ8	Rmnd5a	22
Q80YS9	Stkld1	29
Q80YU0	Abhd16b	22
Q80YW0	Cyth4	23
Q80ZE4	Paqr7	11
Q80ZJ6	Zer1	34
Q80ZJ8	Cracr2b	21
Q80ZN5	Cst13	7
Q80ZU7	Bpifb3	16
Q80ZU9	Gpr137	16
Q810A1	Znf18	23
Q810I0	Vps37d	10
Q810K9	Gxylt2	23
Q810M1	Cfap299	11
Q810N6	Ankrd45	11
Q810N9	Ccdc172	17
Q810T2	Ccnb3	82
Q810V0	Mphosph10	25
Q811F1	Zbtb41	43
Q811M1	Arhgap15	24
Q811P0	Slc36a3	13
Q8BFQ6	Slc49a4	7
Q8BFQ8	Gatd1	9
Q8BFQ9	Klhl42	23
Q8BFR2	Fstl5	49
Q8BFR6	Zfand1	17
Q8BFS9	Asnsd1	28
Q8BFU3	Rnf214	31
Q8BFU7	P2ry10	12
Q8BFZ1	Tecrl	14
Q8BFZ6	Idi2	14
Q8BG02	Ppp2r2c	19
Q8BG31	Vxn	10
Q8BG34	Ubxn10	14
Q8BG71	Tyw2	24
Q8BG80	Fbxo46	24
Q8BG81	Poldip3	24
Q8BG92	Clvs2	17
Q8BGA2	Lhfpl2	6
Q8BGA7	Ints15	18
Q8BGA8	Acsm5	33
Q8BGB2	Ttc7a	46
Q8BGB5	Limd2	8
Q8BGD8	Coa6	5
Q8BGD9	Eif4b	24
Q8BGE4	Susd6	4
Q8BGG6	Mospd3	10
Q8BGG9	Acnat2	19
Q8BGH2	Samm50	25
Q8BGH7	Cdc42se2	2
Q8BGI4	Fam13a	31
Q8BGI5	Pex26	19
Q8BGK2	Adprhl1	15
Q8BGL1	Ppm1n	22
Q8BGN8	Synpr	9
Q8BGP5	Tmem127	5
Q8BGR5	Fam53b	18
Q8BGS0	Mak16	12
Q8BGS2	Bola2	6
Q8BGT7	Smndc1	9
Q8BGV0	Nars2	22
Q8BGX2	Timm29	13
Q8BGY2	Eif5a2	8
Q8BGY4	Klhl26	31
Q8BGZ1	Hpcal4	12
Q8BGZ8	Zpld1	17
Q8BH02	Tor4a	18
Q8BH18	Tmem117	17
Q8BH47	Sec22a	11
Q8BH58	Tiprl	15
Q8BH65	Dennd6a	29
Q8BH83	Ankrd9	16
Q8BHA1	Lrrc24	23
Q8BHA9	Pxylp1	20
Q8BHB4	Wdr3	45
Q8BHD4	Frmd3	25
Q8BHD7	Ptbp3	17
Q8BHD8	Pcmtd2	18
Q8BHE1	Gemin8	11
Q8BHE8	Maip1	19
Q8BHG3	Cdc50b	15
Q8BHG9	Cggbp1	12
Q8BHI9	Nim1k	27
Q8BHL3	Tbc1d10b	27
Q8BHL7	Cdc42se1	3
Q8BHL8	Psmf1	9
Q8BHM9	Tmprss11f	19
Q8BHN5	Rbm45	25
Q8BHN7	Rlig1	11
Q8BHP2	Nutm1	41
Q8BHR2	Enox1	30
Q8BHR8	Cstpp1	18
Q8BHT7	Rgp1	19
Q8BHX1	Haus1	18
Q8BI08	Mal2	2
Q8BI21	Rnf38	10
Q8BI38	Fbxw21	26
Q8BI66	Znf526	20
Q8BI69	Znf784	16
Q8BI73	Znf775	32
Q8BI99	Znf879	34
Q8BIF9	Znf787	14
Q8BIJ6	Iars2	44
Q8BIQ3	Znf2	24
Q8BIQ8	Znf770	32
Q8BIV3	Ranbp6	53
Q8BIX3	Arl14ep	14
Q8BIY1	Gpatch3	24
Q8BIZ0	Pcdh20	32
Q8BJ51	Mfsd11	5
Q8BJ90	Znf771	19
Q8BJD1	Itih5	56
Q8BJE2	Btnl9	24
Q8BJI4	Pou6f2	12
Q8BJR6	Prss27	14
Q8BJS7	Map10	42
Q8BJU9	Mtrf1l	15
Q8BJY1	Psmd5	25
Q8BJZ4	Mrps35	18
Q8BK26	Fbxo44	14
Q8BK62	Olfml3	19
Q8BKK5	Znf689	25
Q8BKS9	Pum3	34
Q8BKU8	Tmem87b	21
Q8BKY8	Mterf2	24
Q8BL00	Cdhr3	34
Q8BL07	Gpr150	19
Q8BL74	Gtf3c2	33
Q8BL95	Cfap298	13
Q8BL99	Dop1a	95
Q8BLA1	Dlec1	27
Q8BLB0	Zfp3	31
Q8BLI0	Adamtsl1	73
Q8BLK3	Lsamp	18
Q8BLM0	Klf8	10
Q8BLR2	Cpne4	28
Q8BLR5	Psd4	36
Q8BM14	Lipk	13
Q8BM39	Prpf18	19
Q8BM81	Aadacl4fm1	22
Q8BM88	Ctso	17
Q8BM89	Arsj	23
Q8BMC4	Nop9	27
Q8BMD7	Morc4	51
Q8BMJ3	Eif1ax	7
Q8BMN4	Lmln	31
Q8BMQ8	Mon1b	30
Q8BND4	Ints6l	53
Q8BNE1	Tcaf1	39
Q8BNL5	Kctd6	10
Q8BP31	Rnf122	5
Q8BP56	Pgghg	29
Q8BP92	Rcn2	14
Q8BPC6		18
Q8BQ30	Ppp1r18	28
Q8BQ33	Ticrr	76
Q8BQ89	Lix1l	16
Q8BQC8	Rbak	39
Q8BQH6	Cdcp2	17
Q8BQM4	Heatr3	32
Q8BQM9	Med12l	98
Q8BQR7	Mageb18	14
Q8BQU7	Tmem74	12
Q8BQZ8	Kcns3	14
Q8BR26	Ifitm10	5
Q8BR27	Atosb	17
Q8BR90	Rimoc1	17
Q8BR93	Harbi1	18
Q8BRG8	Tmem209	26
Q8BRJ3	Rell2	11
Q8BRJ4	Ppp1r3e	16
Q8BS03	Pi15	10
Q8BS39	Ccdc32	3
Q8BS90	Bora	24
Q8BSA9	Tyw3	16
Q8BSD4	Gjd4	13
Q8BSL4	Hs3st5	20
Q8BSL7	Arf2	10
Q8BSN9	Fastkd3	31
Q8BT51	COA4	6
Q8BTF8	Ralyl	15
Q8BTG6	Spring1	11
Q8BTH6	Scrt2	13
Q8BTP0	Pigz	19
Q8BTP3	Cd200r5	10
Q8BTR5	Dusp28	10
Q8BTU7	Rccd1	14
Q8BTY8	Scfd2	32
Q8BU03	Pwp2	36
Q8BU04	Ubr7	21
Q8BU14	Sec62	16
Q8BU25	Pamr1	37
Q8BU40	Nlrp4a	53
Q8BUH1	Txnl4b	8
Q8BUL5	Klhl7	34
Q8BUM9	Usp43	57
Q8BUY5	Timmdc1	16
Q8BUY8	Gprasp2	33
Q8BV49	Pyhin1	19
Q8BVB5	Defb42	4
Q8BVC4	Ccdc68	17
Q8BVE3	Atp6v1h	25
Q8BVI4	Qdpr	14
Q8BVM2	Antxrl	33
Q8BVP6	Lypd4	13
Q8BVR6	Rspry1	24
Q8BVU0	Lrch3	33
Q8BVW0	Ganc	37
Q8BW00	Ptrh1	8
Q8BW11	Prss58	9
Q8BW56	Qtman	22
Q8BWA8	Arhgef19	39
Q8BWQ1	Ugt2a3	21
Q8BWQ4	Cmtr2	33
Q8BWR8	Rhpn2	39
Q8BWW4	Larp4	25
Q8BWY2	Clec1a	9
Q8BWY4	Mblac1	11
Q8BWZ3	Naa25	48
Q8BX35	Eda2r	14
Q8BX37	Acp7	18
Q8BX79	Gpr21	10
Q8BX80	Engase	38
Q8BXF8	Actrt3	16
Q8BXJ8	Znf385b	19
Q8BXQ3	Lrtm1	13
Q8BXS7	Gpr152	9
Q8BY02	Nkrf	37
Q8BY46	Znf574	30
Q8BY79	Slc35g1	11
Q8BYH3	Trmt13	28
Q8BYH7	Tbc1d17	25
Q8BYI8	Fam234b	25
Q8BYK5	Phactr3	19
Q8BYK8	Zc3h6	45
Q8BYN5	Fsd1l	29
Q8BYW1	Arhgap25	41
Q8BYZ7	Elmo3	35
Q8BZ05	Arap2	78
Q8BZ09	Slc25a21	19
Q8BZ10	Tmprss11g	19
Q8BZ25	Ankk1	35
Q8BZ33	Tns4	31
Q8BZ34	Znf641	18
Q8BZ36	Rint1	30
Q8BZ52	Fsd2	29
Q8BZA7	Gpr26	8
Q8BZB2	Ppcdc	11
Q8BZI0	Afap1l1	34
Q8BZK4	Slc35f4	16
Q8BZL4	Gpr22	10
Q8BZL8	Lmo3	11
Q8BZN2	Kcnv1	13
Q8BZS9	Dhx32	36
Q8BZW4	Zfp120	26
Q8BZW8	Nhlrc2	29
Q8BZX4	Srek1	9
Q8C013	Tpbgl	18
Q8C0C7	Farsa	24
Q8C0D4	Arhgap12	46
Q8C0D9	Cep68	27
Q8C0F9	Prss35	16
Q8C0K5	Slc25a16	18
Q8C0L8	Cog5	39
Q8C0N0	Gm4922	25
Q8C0P5	Coro2a	24
Q8C0Q9	Rapgef5	42
Q8C0V7	Stk-ps2	17
Q8C0X8		33
Q8C0Z1	Fam234a	17
Q8C152	Tent5b	19
Q8C160	Mslnl	21
Q8C1N8	Defa22	2
Q8C1P2	Defa21	2
Q8C1R0	Tssk5	22
Q8C1Y8	Ccz1	30
Q8C2A2	Tsen54	24
Q8C2E4	Ptcd1	38
Q8C2L6	Tmem161b	21
Q8C2R7	Pigm	18
Q8C2W8	Fbxw19	27
Q8C398	Pigw	18
Q8C3B8	Rft1	19
Q8C3L1	Ssuh2	17
Q8C3S2	Tango6	56
Q8C3X8	Lmf2	22
Q8C3Y4	Kntc1	111
Q8C407	Yipf4	8
Q8C432	Rnf182	7
Q8C4G9	Adgra1	14
Q8C4J7	Tbl3	46
Q8C561	Lmbrd2	24
Q8C5L7	Rbm34	23
Q8C5P5	Nt5dc1	21
Q8C5T4	Morn3	13
Q8C5T8	Cfap263	17
Q8C5V0	Spata32	17
Q8C5W3	Tbcel	22
Q8C6D4	Bend5	26
Q8C6E0	Cfap36	17
Q8C6G8	Wdr26	29
Q8C6J9	Nlrp4b	45
Q8C729	Hycc2	23
Q8C779	Radx	47
Q8C7B6	Fbxl22	15
Q8C7H1	Mmaa	25
Q8C7U1	N4bp3	31
Q8C7V3	Utp15	28
Q8C804	Spice1	46
Q8C850	Scara3	29
Q8C8K3	Srsf12	11
Q8C9H6	Strip2	38
Q8C9M2	Ccdc15	36
Q8C9X1	Sntn	8
Q8CAA7	Pgm2l1	33
Q8CAB8	Castor2	13
Q8CAC8	Spink10	7
Q8CAL5	Gpc5	24
Q8CAM5	Rab36	16
Q8CB12	Gsdmc3	26
Q8CB14	Las2	33
Q8CB49	Tprg1	16
Q8CB96	Rassf4	20
Q8CBC6	Lrrn3	29
Q8CBW7	Chic1	10
Q8CBY0	Gatc	7
Q8CC36	Cdnf	10
Q8CCJ4	Amer2	28
Q8CCM6	Timm21	15
Q8CCT7	Nsun3	21
Q8CDC0	Serpinb13	22
Q8CDC7	Zbtb9	17
Q8CDI6	Ccdc158	71
Q8CDL9	Ccdc87	45
Q8CDN6	Txnl1	15
Q8CDT5	Spmip11	8
Q8CDU4	Fbxl13	42
Q8CDU6	Hectd2	37
Q8CDV0	Ccdc178	45
Q8CDV6	Ccdc63	28
Q8CE33	Klhl11	32
Q8CE46	Pus7l	45
Q8CE50	Snx30	24
Q8CE93	Calhm4	14
Q8CE94	Slc16a13	6
Q8CEC0	Nup88	30
Q8CEC6	Ppwd1	35
Q8CEF1	Fem1c	30
Q8CEG5	Ccdc28b	6
Q8CEK7	Fate1	6
Q8CEQ0	Cdkl1	22
Q8CES1	Pmis2	4
Q8CFA2	Amt	19
Q8CFD4	Snx8	24
Q8CFI5	Pars2	26
Q8CFK6	Dennd1c	32
Q8CFS6	Kcnv2	20
Q8CG27	Actl9	17
Q8CG65	Sspo	125
Q8CG85	Mamdc2	31
Q8CGA2	Tbc1d14	27
Q8CGA4	Mturn	3
Q8CGC6	Rbm28	36
Q8CGD2	Crispld1	26
Q8CGE8	Ifi205a	22
Q8CGF5	Tlcd4	10
Q8CGI1	Fam193a	54
Q8CGZ9	Prl7b1	8
Q8CH02	Sugp1	33
Q8CH09	Sugp2	50
Q8CH19	Csnk2a2ip	38
Q8CH62	Lto1	10
Q8CHH5	Bicral	29
Q8CHJ2	Aqp12	6
Q8CHK2	Rln3	5
Q8CHW5	Bicdl2	24
Q8CHY3	Dym	25
Q8CHY7	Ttc23	30
Q8CI33	Cwf19l1	25
Q8CI96	Clip4	38
Q8CIA5	Slc35b4	10
Q8CIG0	Depdc1a	40
Q8CII0	Zbtb8b	20
Q8CII2	Cdc123	15
Q8CIM1	Lrrc45	37
Q8CIM8	Ints4	57
Q8CIP5	Disp2	51
Q8CIT9	Sbsn	39
Q8HW98	Iglon5	13
Q8JZN3	Kcnj14	19
Q8JZV7	Amdhd2	14
Q8JZW5	Sh2d5	22
Q8JZY2	Commd10	10
Q8K010	Oplah	53
Q8K013	Gtpbp10	22
Q8K015	Cenpo	17
Q8K025	Frat2	9
Q8K031	Stard8	37
Q8K064	Fam174b	4
Q8K070	Samd14	19
Q8K072	Reep4	12
Q8K088	Zbtb6	23
Q8K0C1	Ipo13	39
Q8K0C5	Zg16	7
Q8K0C8	Cox19	6
Q8K0E1	Kctd15	17
Q8K0E7	Serinc2	11
Q8K0G5	Eipr1	14
Q8K0S9	Snapc1	22
Q8K0Y2	Krt33a	26
Q8K0Z9	Gpr153	21
Q8K194	Snrnp27	6
Q8K1D8	Enho	2
Q8K1H7	Tcp11l2	29
Q8K1I3	Spp2	10
Q8K1K4	Cenpi	32
Q8K1L2	Spin4	13
Q8K1N4	Spats2	28
Q8K1T4	Ly6g5b	10
Q8K248	Hpdl	16
Q8K268	Abcf3	33
Q8K274	Fn3krp	14
Q8K288	Tnfaip8l1	10
Q8K2A6	Lipm	20
Q8K2A7	Ints10	37
Q8K2A8	Alg3	14
Q8K2D3	Edc3	29
Q8K2F3	Depp1	9
Q8K2H6	Anapc10	10
Q8K2I2	Cchcr1	44
Q8K2J4	Ccdc14	39
Q8K2J7	Rell1	7
Q8K2M0	Mrpl38	18
Q8K2M3	Srrd	11
Q8K2Q0	Commd9	12
Q8K2Q7	Brox	19
Q8K2R5	Znf668	31
Q8K2T1	Nmral1	18
Q8K2T4	Uqcc3	4
Q8K2U2	Alkbh6	13
Q8K2V1	Ppp4r1	43
Q8K2W3	Txndc11	50
Q8K2X2	Rbm48	16
Q8K2Y7	Mrpl47	17
Q8K2Z2	Prpf39	33
Q8K301	Ddx52	30
Q8K342	Rassf9	22
Q8K370	Acad10	58
Q8K396	Mnd1	10
Q8K3A2	Trpt1	7
Q8K3A4	Rhno1	8
Q8K3A6	Armcx6	13
Q8K3C0	Rnasek	1
Q8K3I8	Defb19	5
Q8K3I9	Glcci1	24
Q8K3P0	Sdr9c7	19
Q8K402	Tbx22	18
Q8K419	Lgals4	15
Q8K443	Rgs13	12
Q8K449	Abca9	52
Q8K459	Pxt1	3
Q8K4G2	Col23a1	25
Q8K4I7	Prss45	16
Q8K4L4	Pof1b	26
Q8K4N3	Defb12	2
Q8K4P1	Npb	7
Q8K4P7	St7l	23
Q8K5B2	Mcfd2	6
Q8QZR7	Pdik1l	21
Q8QZR8	Ccnq	13
Q8QZS1	Hibch	24
Q8QZV0	Dedd2	18
Q8QZV4	Stk32c	16
Q8QZX0	Sbk1	13
Q8QZX5	Lsm10	6
Q8QZY2	Glyctk	17
Q8QZZ7	Tprkb	8
Q8R040	Rpp21	5
Q8R070	Slc37a1	16
Q8R080	Gtse1	34
Q8R089	Fbrs	15
Q8R0A2	Zbtb44	13
Q8R0C0	Polr3gl	5
Q8R0E5	Polr1has	11
Q8R0J1	Plekhg6	45
Q8R0J4	Tmem134	7
Q8R0J8	Idnk	10
Q8R0M8	Slc16a4	10
Q8R0P8	Abhd8	12
Q8R0T2	Znf768	30
Q8R0W5	Ces4a	28
Q8R0X2	Cacul1	17
Q8R100	Calhm5	13
Q8R124	Klhl36	28
Q8R149	Bud13	38
Q8R189	Mmd2	6
Q8R1C6	Mettl22	14
Q8R1C9	Apbb3	23
Q8R1G2	Cmbl	15
Q8R1J1	Tm6sf2	11
Q8R1L4	Kdelr3	9
Q8R1M8	Mptx1	10
Q8R1N4	Nudcd3	22
Q8R1Q3	Angptl7	17
Q8R1U1	Cog4	42
Q8R1U2	Cgref1	10
Q8R205	Zc3h10	14
Q8R218	Tmem150b	6
Q8R239	Tmem268	8
Q8R2E6	V1ra11	10
Q8R2I5	Defb15	6
Q8R2I7	Defb11	3
Q8R2I8	Defb10	3
Q8R2K7	Snapc5	4
Q8R2K8		0
Q8R2L5	Mrps18c	7
Q8R2M2	Dnttip2	34
Q8R2N0	Ccdc59	10
Q8R2Q4	Gfm2	38
Q8R2S1	Rps6kl1	23
Q8R2V5	Adap2	19
Q8R2Y3	Dolk	12
Q8R2Y8	Ptrh2	9
Q8R310	Tmcc3	27
Q8R367	Rerg	10
Q8R395	Commd5	11
Q8R3C0	Mcmbp	30
Q8R3N1	Nop14	43
Q8R3P6	Ints14	25
Q8R3Q0	Saraf	17
Q8R3Q2	Ppp6r2	46
Q8R3W5	Tsen15	5
Q8R3W7	Agr3	8
Q8R404	Micos13	3
Q8R411	Myct1	6
Q8R459	Il1f10	9
Q8R4C2	Rufy2	34
Q8R4E4	Myoz3	13
Q8R4E6	Purg	15
Q8R4H4	Cpa5	18
Q8R4U6	Top1mt	37
Q8R4W6	Pcolce2	21
Q8R4X3	Rbm12	29
Q8R574	Prpsap2	23
Q8R5A6	Tbc1d22a	29
Q8R5M0	Gipc3	15
Q8VBW8	Ttc36	10
Q8VBW9	Or10h28	7
Q8VC04	Tmem106a	6
Q8VC12	Uroc1	32
Q8VC26	Tlcd2	12
Q8VC42	Rmc1	25
Q8VC52	Rbpms2	10
Q8VC60	Glb1l	30
Q8VC65	Nrm	12
Q8VC74	Cox18	12
Q8VC82	Rhbdl1	11
Q8VC88	Gca	9
Q8VC98	Plekha4	31
Q8VCA6	Tmem161a	16
Q8VCC6	Ccm2l	27
Q8VCD3	Lman1l	22
Q8VCE9	Plekhh3	38
Q8VCG9	Rfxap	10
Q8VCH5	Rabepk	15
Q8VCH8	Ubxn4	14
Q8VCJ6	Mrgprf	7
Q8VCK7	Sycn	4
Q8VCM3	Zfyve21	12
Q8VCN9	Tbcc	21
Q8VCR3	Tmem242	8
Q8VCR7	Abhd14b	11
Q8VCU1	Ces3b	18
Q8VCW8	Acsf2	27
Q8VCX6	Kptn	14
Q8VCY6	Utp6	36
Q8VCY8	Plppr2	11
Q8VCZ7	Zbtb7c	24
Q8VCZ8	Rpusd1	12
Q8VD33	Sgtb	12
Q8VDB2	Alg12	21
Q8VDC0	Lars2	44
Q8VDJ3	Hdlbp	66
Q8VDS7	Cep57l1	13
Q8VDT1	Slc5a9	16
Q8VDV3	Rab3il1	18
Q8VDV8	Mitd1	12
Q8VE08	Fbxo33	20
Q8VE18	Smg8	50
Q8VE22	Mrps23	10
Q8VE42	Ankrd49	14
Q8VE62	Paip1	15
Q8VE80	Thoc3	15
Q8VE85	Prelid3a	11
Q8VE94	Fam110c	25
Q8VE97	Srsf4	15
Q8VEA7	Tcta	2
Q8VEB3	Macir	14
Q8VED9	Lgalsl	10
Q8VEH5	Epm2aip1	28
Q8VEH8	Erlec1	26
Q8VEJ1	Gpn2	14
Q8VEJ3	Dkk4	15
Q8VEL9	Rem2	15
Q8VES2	Or5t17	5
Q8VEW2	Or5p73	9
Q8VEW5	Or5p68	6
Q8VEW6	Or5p81	7
Q8VEX5	Or5h18	3
Q8VEX6	Or5h19	3
Q8VEZ1	Or4c12	5
Q8VF12	Or5p70	9
Q8VF13	Or5t9	5
Q8VF65	Or5p51	8
Q8VF66	Or5p50	8
Q8VF76	Or5g29	7
Q8VFB9	Or5h17	7
Q8VFC9	Or5p54	4
Q8VFD0	Or5p62	5
Q8VFD1	Or5p67	6
Q8VFD2	Or5p66	6
Q8VFD3	Or5p60	7
Q8VFK1	Or5g9	8
Q8VFK7	Or5ap2	9
Q8VFL5	Or5m5	8
Q8VFL9	Or5t7	3
Q8VFM9	Or1m1	10
Q8VFR8	Olfr1165-ps	7
Q8VG02	Or5p64	5
Q8VG03	Or5p58	9
Q8VG04	Or5p6	7
Q8VG05	Or5p59	7
Q8VG06	Or5p1	4
Q8VG07	Or5p69	7
Q8VG08	Or5p72	7
Q8VG09	Or5p76	7
Q8VG13	Or5p79	6
Q8VG42	Or5p80	7
Q8VG43	Or5p52	6
Q8VG44	Or5p53	6
Q8VGI1	Or1e16	8
Q8VGI4	Or5p55	6
Q8VGI5	Or5p4	6
Q8VGI6	Or5p56	7
Q8VGR8	Or5j3	6
Q8VGR9	Or8u9	7
Q8VH31	Rfpl4a	14
Q8VHA6	Asb18	26
Q8VHG0	Fmo4	29
Q8VHK1	Caskin2	43
Q8VHL5	Crygn	9
Q8VHP9	Asb17	17
Q8VHS6	Asb15	26
Q8VHT7	Gtf3a	16
Q8VHW3	Cacng6	11
Q8VHW4	Cacng5	10
Q8VHZ7	Imp4	14
Q8VI16	B3gnt9	25
Q8VI21	Clec2f	11
Q8VI23	Slc12a8	19
Q8VI59	Pcnx3	82
Q8VIG0	Zcchc14	28
Q8VII3	Cstdc1	6
Q8VIL2	Rwdd3	12
Q8VIN1	Pbp2	9
Q8WUR0		4
Q91V13	Leap2	4
Q91V16	Etfrf1	4
Q91V61	Sfxn3	18
Q91V70	Defb7	4
Q91V76	Bkgd	16
Q91V80	Apof	9
Q91V83	Tti1	43
Q91VC7	Ppp1r14a	5
Q91VD1	Lgals12	18
Q91VR2	Atp5f1c	12
Q91VU1	Yipf1	6
Q91VU8	Ptov1	23
Q91VW3	Sh3bgrl3	4
Q91VX2	Ubap2	27
Q91VX5	Nxph3	10
Q91VX9	Tmem168	25
Q91VY6	Cytip	15
Q91W29	Cox4i2	8
Q91W45	Paip2b	9
Q91W53	Golga7	9
Q91W67	Ubl7	12
Q91W78	Usb1	14
Q91WA4	Cxxc5	12
Q91WD9	Scgn	16
Q91WE1	Snx15	14
Q91WE3	Rpp25	9
Q91WJ7	Spats2l	33
Q91WK5	Gcsh	8
Q91WL0	Eps8l3	31
Q91WL6	Snx11	11
Q91WN1	Dnajc9	13
Q91WN2	Tmem150a	6
Q91WQ9	Calml4	11
Q91WW4	Mrgpra2b	5
Q91X45	Zbtb3	17
Q91X49	Mall	0
Q91X96	Rabif	5
Q91XB7	Yif1a	8
Q91XC8	Dap	6
Q91XD8	Slc25a38	19
Q91XE7	Atp6v0e2	2
Q91XT6	Tc2n	28
Q91XY4	Pcdhga4	24
Q91YD6	Vill	47
Q91YJ3	Thyn1	16
Q91YK8	Lypd3	12
Q91YM4	Tbrg4	33
Q91YP0	L2hgdh	26
Q91YP3	Dera	20
Q91YQ3	Csdc2	8
Q91YQ7	Rmnd5b	19
Q91YU8	Ppan	22
Q91YV9	Pgap4	20
Q91YY4	Atpaf2	15
Q91Z22	Tmem123	4
Q91Z38	Ttc1	13
Q91Z61	Diras1	12
Q91ZA6	Socs4	17
Q91ZB5	Mrgprg	11
Q91ZB9	Mrgprb5	8
Q91ZC0	Mrgprb4	6
Q91ZC1	Mrgprb3	10
Q91ZC4	Mrgpra8	9
Q91ZC6	Mrgpra6	8
Q91ZC7	Mrgpra5	13
Q91ZT7	Asb10	30
Q91ZT9	Asb8	18
Q91ZU1	Asb6	23
Q91ZV3	Dcbld2	32
Q920C4	Ms4a3	1
Q920D7	Scgb3a1	3
Q920I9	Wdr7	66
Q920M5	Coro6	18
Q921G8	Tubgcp2	52
Q921H9	Coa7	15
Q921I0	Ormdl1	6
Q921K8	Tcaf2	31
Q921L5	Cog2	42
Q921L7	Hemk1	10
Q921R4	Dnajc14	29
Q921R7	Slc35a5	14
Q921R8	Slc41a3	16
Q921W8	Sectm1a	8
Q921X9	Pdia5	23
Q921Y0	Mob1a	10
Q921Y2	Imp3	10
Q921Y4	Slc61a1	11
Q921Z5	Tnfaip8	11
Q922H7	Rasl11b	11
Q922H9	Znf330	16
Q922M5	Cdca7l	23
Q922Q8	Lrrc59	14
Q922Q9	Chid1	19
Q922T2	Mfap3	15
Q922Z1	Ldaf1	3
Q923B0	Ggact	5
Q923D3	Parm1	8
Q923P0	Col20a1	63
Q924H0	Npffr2	12
Q924H9	Dqx1	28
Q924P3	Lcn8	10
Q924T2	Mrps2	14
Q924Z5	Tram2	16
Q925E0	Sntg2	26
Q925E1	Sntg1	23
Q925N1	Sfxn4	14
Q925N2	Sfxn2	17
Q925Q5	Gpha2	6
Q99J10	Ctu1	23
Q99J23	Ghdc	22
Q99J25	Mrm1	16
Q99J59	Tspan1	1
Q99JI4	Psmd6	26
Q99JP4	Cdc26	5
Q99JS0	Ncmap	3
Q99JT6	Tlcd1	10
Q99JU7	Bnipl	15
Q99JY4	Trabd	19
Q99JZ0	Sdcbp2	9
Q99K01	Pdxdc1	40
Q99K95	Rtf2	16
Q99KC7	Smagp	1
Q99KI3	Emc3	13
Q99KJ5	Tcf19	11
Q99KK1	Reep3	12
Q99KK9	Hars2	33
Q99KN2	Ciao1	17
Q99KR3	Lactb2	14
Q99KW9	Itfg1	18
Q99KX1	Mlf2	10
Q99L20	Gstt3	12
Q99L27	Gmpr2	18
Q99L48	Nmd3	24
Q99L60	Atp6v1c2	27
Q99LB6	Mat2b	14
Q99LB7	Sardh	43
Q99LC2	Cstf1	17
Q99LE3	Lysmd3	10
Q99LE6	Abcf2	33
Q99LG2	Tnpo2	34
Q99LH1	Gnl2	36
Q99LH4	Znf672	23
Q99LI7	Cstf3	37
Q99LJ6	Gpx7	12
Q99LM9	Tada1	14
Q99LP8	Yipf2	7
Q99LS1	Mmadhc	13
Q99LV7	Pigx	9
Q99LX8	Ost4	0
Q99M31	Hspa14	28
Q99M74	Krt82	33
Q99ME2	Wdr6	46
Q99ME3	Sncaip	43
Q99ML4	Dipk1b	20
Q99MP3	Calcb	7
Q99MT7	Gpr87	18
Q99MT8	Mrgprh	6
Q99MU1	Tpra1	8
Q99MX0	Tktl1	23
Q99N03	Ms4a10	14
Q99N07	Ms4a6d	4
Q99N08	Ms4a6c	7
Q99N09	Ms4a6b	6
Q99N64	Gmcl2	22
Q99N84	Mrps18b	10
Q99N85	Mrps18a	9
Q99N87	Mrps5	23
Q99N89	Mrpl43	10
Q99N91	Mrpl34	5
Q99N92	Mrpl27	8
Q99N93	Mrpl16	11
Q99N96	Mrpl1	18
Q99NF8	Ranbp17	51
Q99NI3	Gtf2ird2	42
Q99P25	Tsnaxip1	44
Q99P31	Hspbp1	18
Q99P51	Rassf3	12
Q99PG2	Ogfr	36
Q99PG4	Rgs18	16
Q99PQ1	Trim12a	14
Q99PR8	Hspb2	8
Q99PS0	Krt23	26
Q9CPP7	Lipf	12
Q9CPQ5	Cenpq	14
Q9CPQ8	Atp5mg	5
Q9CPR5	Mrpl15	17
Q9CPS7	Pno1	12
Q9CPS8	Akap19	4
Q9CPT0	Bcl2l14	23
Q9CPU3	Tex46	7
Q9CPV3	Mrpl42	4
Q9CPW5	Ssr2	4
Q9CPW7	Zmat2	8
Q9CPX3	Lyzl1	3
Q9CPX7	Mrps16	9
Q9CPY1	Mrpl51	6
Q9CPZ8	Cmc1	4
Q9CQ06	Mrpl24	13
Q9CQ07	Lrrc18	15
Q9CQ18	Rnaseh2c	11
Q9CQ25	Mzt2	6
Q9CQ28	Dph6	11
Q9CQ31	Asb11	15
Q9CQ35	Glipr1l2	16
Q9CQ36	Pole4	6
Q9CQ44	Tmem218	3
Q9CQ48	Nudcd2	7
Q9CQ58	Prl8a9	10
Q9CQ60	Pgls	12
Q9CQ61	Unc50	3
Q9CQ66	Dynlt2b	7
Q9CQ74	Leprotl1	2
Q9CQ80	Vps25	11
Q9CQ85	Timm22	7
Q9CQ89	Cuta	4
Q9CQA0	Cenpm	9
Q9CQA1	Trappc5	11
Q9CQA6	Chchd1	5
Q9CQA8	Cep19	5
Q9CQA9	Ntpcr	11
Q9CQC5	Cdc42ep3	9
Q9CQC6	Bzw1	25
Q9CQD4	Chmp1b2	8
Q9CQD8	Atp6v0e1	2
Q9CQE5	Rgs10	9
Q9CQE8	RTRAF	16
Q9CQF0	Mrpl11	14
Q9CQF4	Mtres1	14
Q9CQF6	Aasdhppt	14
Q9CQF8	Mrpl57	5
Q9CQG0	Tmed6	9
Q9CQG1	Chac2	9
Q9CQG6	Tmem147	12
Q9CQI3	Gmfb	8
Q9CQJ1	Higd2a	2
Q9CQJ6	Denr	9
Q9CQK1	Znhit3	10
Q9CQK3	Rdm1	14
Q9CQL0	Mettl21A	8
Q9CQL2	Ccer1	14
Q9CQL4	Mrpl20	8
Q9CQL5	Mrpl18	8
Q9CQL7	Mrfap1	4
Q9CQM1		2
Q9CQM2	Kdelr2	8
Q9CQN3	Tomm6	3
Q9CQN6	Tmem14c	5
Q9CQN7	Mrpl41	9
Q9CQQ7	Atp5pb	17
Q9CQS2	Nop10	3
Q9CQS3	Fibin	13
Q9CQS9	Haus2	14
Q9CQT1	Mri1	20
Q9CQT5	Pomp	8
Q9CQU0	Txndc12	10
Q9CQU8	Immp1l	8
Q9CQV3	Serpinb11	20
Q9CQW0	Emc6	4
Q9CQW5	Lgals2	9
Q9CQX0	Otub2	11
Q9CQY7	Mmd	8
Q9CQY8	Tm4sf20	3
Q9CQZ1	Hsbp1	5
Q9CQZ7	Polr3k	6
Q9CR00	Psmd9	11
Q9CR02	Tma16	11
Q9CR08	Pop4	11
Q9CR27	Washc3	9
Q9CR30	Josd2	7
Q9CR37	Ppdpf	7
Q9CR47	Nsa2	12
Q9CR59	Gadd45gip1	12
Q9CR60	Golt1b	6
Q9CR63	Cox16	8
Q9CR64	Tmem167a	4
Q9CR70	Lage3	8
Q9CR76	Tmem186	11
Q9CR80	Fam32a	5
Q9CR88	Mrps14	7
Q9CR92	Cfap184	29
Q9CR98	Timcc	10
Q9CRA7	Dmac2l	11
Q9CRA9	Fgfr1op2	15
Q9CRB0	Snx24	9
Q9CRB5	Prl7c1	13
Q9CRB8	Mtfp1	8
Q9CRD2	Emc2	14
Q9CRG1	Tm7sf3	19
Q9CRT8	Xpot	42
Q9CSP9	Ttc14	40
Q9CT10	Ranbp3	21
Q9CTH6	Fcf1	6
Q9CU65	Zmym2	64
Q9CUB6	Otud1	15
Q9CUL5	Drc11	47
Q9CUX1	Thap12	38
Q9CWD8	Nubpl	13
Q9CWE0	Mtfr1l	13
Q9CWH1	Zbtb8a	22
Q9CWH5	Trmt11	22
Q9CWJ3	Katnbl1	18
Q9CWK3	Cd2bp2	13
Q9CWM2	Cdca4	10
Q9CWP8	Pold4	6
Q9CWQ3	Atp23	11
Q9CWR1	Wdr73	20
Q9CWV0	Malsu1	12
Q9CWX2	Ndufaf1	19
Q9CWY4	Gemin7	5
Q9CWY9	Rpain	6
Q9CX11	Utp23	8
Q9CX13	Cnih4	2
Q9CX53	Gemin6	8
Q9CX84	Rgs19	13
Q9CX99	Grap	14
Q9CXA2	L3hypdh	18
Q9CXC3	Mgme1	17
Q9CXE7	Tmed5	12
Q9CXG3	Ppil4	24
Q9CXK8	Nip7	9
Q9CXL1	Tmem50a	6
Q9CXP4	Arhgap8	20
Q9CXP8	Gng10	4
Q9CXP9	Exo5	23
Q9CXR1	Dhrs7	17
Q9CXT7	Tmem192	13
Q9CXV3	Crygf	9
Q9CXW2	Mrps22	23
Q9CXX0	Hyls1	16
Q9CY00	Ift70b	38
Q9CY16	Mrps28	10
Q9CY18	Snx7	22
Q9CY25	Mis12	11
Q9CY45	Eef1akmt1	12
Q9CY62	Rnf181	9
Q9CY94	Gins3	12
Q9CYC3	Tmem39a	21
Q9CYH2	Prxl2a	13
Q9CYH5	Gfod2	16
Q9CYI0		21
Q9CYK1	Wars2	16
Q9CYL5	Glipr2	8
Q9CYN2	Spcs2	11
Q9CYQ7	Narf	24
Q9CYU6	Dph7	17
Q9CYX7	Rrp15	13
Q9CYY7	Prelid3b	13
Q9CYZ8	Ssbp2	10
Q9CZ15	Gins1	13
Q9CZ82	Med18	7
Q9CZ83	Mrpl55	8
Q9CZ92	Cenpp	17
Q9CZ96	Zcrb1	9
Q9CZB3	Thumpd2	31
Q9CZC8	Scrn1	18
Q9CZD5	Mtif3	17
Q9CZG3	Commd8	11
Q9CZJ0	Mpped2	13
Q9CZJ1	Utp11	10
Q9CZP3	Znf655	27
Q9CZR3	Tomm40l	13
Q9CZR8	Tsfm	15
Q9CZT4	Polr3e	39
Q9CZV2	Shld3	17
Q9CZV5	Supt7l	12
Q9CZW2	Cenpn	16
Q9CZX9	Emc4	9
Q9D011	Mplkip	8
Q9D035	Nkain1	5
Q9D051	Pdhb	18
Q9D061	Acbd6	13
Q9D081	Alg14	12
Q9D0A0	Det1	28
Q9D0B1	Znf524	15
Q9D0B8	Ribc1	19
Q9D0G0	Mrps30	22
Q9D0I8	Mrto4	16
Q9D0L4	Adck1	26
Q9D0L7	Armc10	13
Q9D0M1	Prpsap1	21
Q9D0N7	Chaf1b	26
Q9D0N8	Tmem88	6
Q9D0P0	Ebpl	1
Q9D0R8	Lsm12	8
Q9D0T7	Gkn3	9
Q9D0U1	Dtwd2	10
Q9D0V8	Cinp	13
Q9D0Y8	Mrpl52	4
Q9D112	Shld1	6
Q9D113	Dnlz	5
Q9D114	Hddc3	7
Q9D123	Tmem219	5
Q9D136	Ogfod3	16
Q9D173	Tomm7	3
Q9D176	Susd3	6
Q9D187	Ciao2b	6
Q9D1B8	Dcdc2c	20
Q9D1B9	Mrpl28	13
Q9D1C3	Pyurf	6
Q9D1F5	Mrnip	11
Q9D1H0	Rita1	14
Q9D1I2	Card19	13
Q9D1I5	Mcee	10
Q9D1J1	Necap2	12
Q9D1K2	Atp6v1f	8
Q9D1L0	Chchd2	4
Q9D1M7	Fkbp11	8
Q9D1N9	Mrpl21	13
Q9D1P0	Mrpl13	13
Q9D1Q1	Mphosph6	10
Q9D1Q4	Dpm3	3
Q9D1R1	Tmem126b	12
Q9D1X9	Tmem50b	3
Q9D256	Spink12	3
Q9D258	Acbd7	6
Q9D289	Trappc6b	13
Q9D2C2	Saal1	24
Q9D2C6	Polr3h	10
Q9D2C9	Snapc3	17
Q9D2E9	Tmem190	6
Q9D2F5	Stpg1	17
Q9D2G9	Hhipl2	34
Q9D2K4	Iqch	47
Q9D2L5	Cpxm2	40
Q9D2P4	Urm1	4
Q9D2Q2	Trmt44	28
Q9D2Q3	Paat	28
Q9D2Q8	S100a14	7
Q9D2R0	Aacs	32
Q9D2R4	Tmed11	9
Q9D2R6	Coa3	6
Q9D2R8	Mrps33	5
Q9D2W0	Fxyd4	3
Q9D306	Mgat4c	27
Q9D338	Mrpl19	19
Q9D342	Tmem170a	3
Q9D361	Snrnp48	17
Q9D384	Snrnp35	10
Q9D3D0	Ttpal	17
Q9D3I6	Krtap7-1	2
Q9D3J5	Ankrd22	11
Q9D3J9	Tasl	7
Q9D3L0	Fam174a	5
Q9D3N8	Grtp1	19
Q9D3P8	Plgrkt	9
Q9D3S9	Cpvl	19
Q9D3V1	Drc10	28
Q9D428	GOLGA7B	11
Q9D483	Polr3c	33
Q9D486	Cmip	31
Q9D4C1	Lmntd1	17
Q9D4C5	Eaf1	11
Q9D4D4	Tktl2	31
Q9D4D7	Tmem30c	12
Q9D4F8	Tubgcp4	29
Q9D4G1	Epcip	14
Q9D4J3	Dcbld1	25
Q9D4K5	Cimip2a	21
Q9D4P0	Arl5b	11
Q9D4P7	Gstt4	12
Q9D4V4	Taf1d	13
Q9D516	Yju2b	21
Q9D529	Wbp2nl	14
Q9D531	Nxnl2	9
Q9D552	Spata17	21
Q9D565	Wdr64	55
Q9D572	Ubxn11	26
Q9D593	Atp6v1e2	16
Q9D5B7	Tex50	6
Q9D5D8	Cdyl2	19
Q9D5K1	Tmem81	13
Q9D5K4	S100pbp	13
Q9D5R2	Wdr20	24
Q9D5R4	Spata1	21
Q9D5U0	Lpcat2b	26
Q9D5U5	Pudp	7
Q9D5Y0	Spmip4	30
Q9D600	Gins2	10
Q9D620	Rab11fip1	31
Q9D638	Krtap3-2	2
Q9D646	Krt34	23
Q9D668	Arrdc2	21
Q9D695	Serpinb7	21
Q9D6G9	Cmtm5	7
Q9D6I9	Lurap1	12
Q9D6J3	Yju2	18
Q9D6K8	Fundc2	8
Q9D6L8	Ppil3	11
Q9D6M3	Slc25a22	15
Q9D6P8	Calml3	7
Q9D6T1	Tube1	22
Q9D6W8	Borcs6	15
Q9D6X6	Prss23	19
Q9D6Y4	Borcs8	8
Q9D706	Rpap3	34
Q9D742	Ap5s1	8
Q9D773	Mrpl2	15
Q9D786	Haus5	25
Q9D7A6	Srp19	6
Q9D7A8	Armc1	11
Q9D7B7	Gpx8	11
Q9D7D7	Cldn23	11
Q9D7F2	Lypd6b	8
Q9D7G4	Eurl	18
Q9D7H2	Wdr5b	15
Q9D7I5	Lhpp	11
Q9D7I9	Tgm5	30
Q9D7J4	Cox20	5
Q9D7J6	Dnase1l1	17
Q9D7M8	Polr2d	9
Q9D7N3	Mrps9	25
Q9D7N6	Mrpl30	8
Q9D7P9	Serpinb12	20
Q9D7V1	Sh2d4a	19
Q9D7X8	Ggct	11
Q9D7Y9	Slx4ip	21
Q9D7Z3	Nol7	7
Q9D832	Dnajb4	18
Q9D853	Eef1akmt2	13
Q9D864	Actr6	18
Q9D871	Ceacam18	15
Q9D898	Arpc5l	9
Q9D8B4	Ndufa11	7
Q9D8C2	Tspan13	8
Q9D8G5	Reg4	8
Q9D8I2	P2ry13	11
Q9D8N0	Eef1g	25
Q9D8N2	Dennd10	19
Q9D8N6	Lin37	11
Q9D8P4	Mrpl17	10
Q9D8P7	Gtf3c6	3
Q9D8U0	Ifrd2	16
Q9D8U3	Erp27	8
Q9D8U6	Mcemp1	12
Q9D8W7	Ociad2	10
Q9D8X2	Ccdc124	11
Q9D8Y1	Tmem126a	10
Q9D8Z1	Ascc1	18
Q9D902	Gtf2e2	18
Q9D903	Ebna1bp2	15
Q9D924	Isca1	8
Q9D938	Tmem160	8
Q9D958	Spcs1	5
Q9D979	Chct1	11
Q9D9D5	Tmco5a	15
Q9D9D9	Cfap141	6
Q9D9G3	Chic2	11
Q9D9J2	Cimip4	15
Q9D9J3	Actrt1	17
Q9D9M0	Prss52	14
Q9D9N8	Pradc1	8
Q9D9P2	Dnaaf19	11
Q9D9R7	Dmrtc1	3
Q9D9T6	Spata3	7
Q9D9U4	Tex22	7
Q9D9V7	Dennd6b	28
Q9D9Y8	Ssmem1	12
Q9D9Z5	Dda1	7
Q9D9Z7	H2bl1	7
Q9DA03	Lyrm7	4
Q9DA16	Izumo2	10
Q9DA57	Spata25	4
Q9DA73	Ccdc89	22
Q9DAC0	Cmtm2b	7
Q9DAC9	Pou5f2	16
Q9DAD6	Pfn3	9
Q9DAE2	Rbmxl2	18
Q9DAE7		8
Q9DAF3	Ddi1	16
Q9DAJ5	Dynlrb2	6
Q9DAK3	Rhobtb1	35
Q9DAN8	Cst12	6
Q9DAN9	Cfap97d1	7
Q9DAU9	Znf654	49
Q9DAW6	Prpf4	29
Q9DAZ2	Prl2b1	12
Q9DB25	Alg5	13
Q9DB28	Pop5	9
Q9DB38	Znf580	10
Q9DB42	Znf593	6
Q9DB43	Zfpl1	11
Q9DB52	Pabir1	11
Q9DB73	Cyb5r1	13
Q9DB76	Emc9	9
Q9DB91	Med29	10
Q9DBA8	Amdhd1	21
Q9DBB4	Naa16	49
Q9DBB5	Eif4e3	11
Q9DBB9	Cpn2	24
Q9DBL2	Gdap2	25
Q9DBN4	P33monox	19
Q9DBR3	Armc8	40
Q9DBS4	Acoxl	35
Q9DBS5	Klc4	35
Q9DC16	Ergic1	12
Q9DC22	Dcaf6	38
Q9DC61	Pmpca	30
Q9DC71	Mrps15	17
Q9DCA2	Mrps11	10
Q9DCA5	Brix1	18
Q9DCB8	Isca2	11
Q9DCE5	Pak1ip1	23
Q9DCF9	Ssr3	5
Q9DCH2	Pop7	5
Q9DCI9	Mrpl32	10
Q9DCK3	Tspan4	7
Q9DCK4	Znf414	11
Q9DCL2	Ciao2a	7
Q9DCL4	Mettl15	20
Q9DCL8	Ppp1r2	6
Q9DCN7	Rnft1	17
Q9DCQ3	Golt1a	6
Q9DCQ7	Serpina1f	20
Q9DCS1	Tmem176a	11
Q9DCT6	Bacc1	8
Q9DCT8	Crip2	7
Q9DCU0	Paqr5	8
Q9DCU6	Mrpl4	17
Q9DCV4	Rmdn1	19
Q9DCX1	Mad2l1bp	11
Q9DCY0	Keg1	16
Q9DCZ1	Gmpr	17
Q9DD16	Nudt22	15
Q9DD20	Tmt1b	12
Q9DD24	Tceal9	6
Q9EP72	Emc7	9
Q9EPC5	Rbp7	4
Q9EPU4	Cpsf1	68
Q9EPX2	Papln	67
Q9EPX5	Fbxl12	14
Q9EQ48	V1ra8	7
Q9EQG5	Bean1	3
Q9EQI8	Mrpl46	16
Q9EQM3	Nkx2-4	11
Q9EQQ3	Gpr63	11
Q9EQS3	Mycbp	6
Q9EQX4	Aif1l	8
Q9ER10	Prss22	16
Q9ER73	Elp4	26
Q9ERC3	Sertad3	6
Q9ERD8	Parvg	17
Q9ERE2	Krt81	28
Q9ERE8	Tlnrd1	14
Q9ERL7	Gmfg	8
Q9ERN0	Scamp2	5
Q9ERR7	Selenof	9
Q9ERR8	Znf319	23
Q9ERS4	Plekha3	15
Q9ERT9	Ppp1r1a	9
Q9ES81	Popdc3	10
Q9ESC7	Ypel1	8
Q9ESG6	P2ry14	15
Q9ESH5	Wfdc1	7
Q9ESL8	Fgf16	9
Q9ESN1	Doc2g	18
Q9ESP1	Sdf2l1	11
Q9ESQ8	Npvf	8
Q9ESW8	Pgpep1	9
Q9ET30	Tm9sf3	19
Q9ET43	Cldn12	6
Q9JHB2	Or7a40	8
Q9JHE7	Tssc4	12
Q9JHG1	Pigp	4
Q9JHH9	Copz2	7
Q9JHK0	Prl2a1	13
Q9JHN8	Whr1	14
Q9JHU9	Isyna1	19
Q9JHX6	Allc	21
Q9JHY3	Wfdc12	4
Q9JHY4	Wfdc15b	5
Q9JI19	Fibp	20
Q9JI83	Plac1	6
Q9JIA9	Ctsr	8
Q9JIB3	Naip7	68
Q9JIB4	Gtf2h2	21
Q9JIE3	Otor	6
Q9JIG8	Praf2	4
Q9JII2	Prl5a1	10
Q9JII7	Zfand2a	10
Q9JIL5	Tulp4	49
Q9JIM5	Yipf7	0
Q9JIT0	Lmbr1	12
Q9JIT1	Rnf32	16
Q9JIX0	Eny2	5
Q9JJ80	Rpf2	14
Q9JJQ0	Pigb	26
Q9JJR2	Xlr5c	8
Q9JJT0	Rcl1	20
Q9JJU8	Sh3bgrl	7
Q9JJU9	Crybb3	12
Q9JJV0	Cryba4	9
Q9JJV1	Cryba2	8
Q9JJV3	Tmem37	6
Q9JJX8	Stk32b	14
Q9JJY8	Il22b	8
Q9JK39	Btnl10	14
Q9JK84	Pard6g	15
Q9JKA3	Tas2r103	11
Q9JKA5	Gpa33	9
Q9JKF7	Mrpl39	22
Q9JKK0	Rcan3	9
Q9JKP8	Chrac1	6
Q9JKT2	Tas2r119	10
Q9JL89	Ninj2	3
Q9JLG4	Pkd2l2	23
Q9JLH8	Tmod4	16
Q9JLR1	Sec61a2	16
Q9JLS0	Hilpda	4
Q9JLY7	Dusp14	13
Q9JLZ6	Hic2	23
Q9JM83	Calm4	8
Q9JM93	Arl6ip4	9
Q9JME7	Trappc2l	9
Q9JMG2	C1galt1c1	17
Q9JMG4	Nkain4	3
Q9QUL7	Tpsg1	5
Q9QUN5	Prl3c1	12
Q9QVP4	Myl7	10
Q9QWZ1	Rad1	16
Q9QXT1	Dapp1	17
Q9QXW0	Fbxl6	19
Q9QY33	Tspan3	9
Q9QY39	Pdzd4	35
Q9QY83	Actl7b	20
Q9QYC1	Pcnx1	96
Q9QYF9	Ndrg3	15
Q9QYI4	Dnajb12	16
Q9QYI7	Dnajb8	12
Q9QYI8	Dnajb7	8
Q9QYT7	Pigq	23
Q9QYY7	Esm1	11
Q9QYZ6	Smok2a	23
Q9QZ09	Phtf1	34
Q9QZ25	Vnn3	25
Q9QZ49	Ubxn8	13
Q9QZB7	Actr10	25
Q9QZB9	Dctn5	7
Q9QZC7	Plekhb2	7
Q9QZC8	Abhd1	13
Q9QZD5	Chml	35
Q9QZM8	Fbxo17	17
Q9R020	Zranb2	18
Q9R045	Angptl2	30
Q9R099	Tbl2	25
Q9R0D8	Wdr54	15
Q9R0Q9	Mpdu1	6
Q9R1K6	Gpr34	14
Q9R1Q8	Tagln3	14
Q9WTJ8	Fam50b	17
Q9WU63	Hebp2	10
Q9WUD8	Faim	11
Q9WUF2	Egr4	11
Q9WUG6	Insl5	9
Q9WUH1	Tmem115	9
Q9WUJ8	Orc6	18
Q9WUK2	Eif4h	14
Q9WUV0	Orc5	25
Q9WV03	Fam50a	16
Q9WV32	Arpc1b	18
Q9WV96	Timm10b	8
Q9WVA2	Timm8a1	6
Q9WVA4	Tagln2	14
Q9WVL1	Ap4s1	7
Q9Z0G7	Zbtb22	19
Q9Z0H1	Wdr46	31
Q9Z0M9	Il18bp	11
Q9Z0S3	Cldn14	6
Q9Z0S4	Cldn13	7
Q9Z0V7	Timm17b	9
Q9Z0V8	Timm17a	6
Q9Z109	Vsig2	8
Q9Z160	Cog1	54
Q9Z180	Setbp1	70
Q9Z1A9	Tbc1d8	53
Q9Z1D7	Zscan12	24
Q9Z1D8	Zkscan5	45
Q9Z1P7	Kank3	29
Q9Z224	Mocs2	6
Q9Z268	Rasal1	40
Q9Z2C6	Upk1b	9
Q9Z2H7	Gipc2	13
Q9Z2Q5	Mrpl40	11
Q9Z2T6	Krt85	32
Q9Z2U2	Zfp292	128
Q9Z2W0	Dnpep	22
Q9Z324	Dpm2	1
S4R2K0	Pdf	12
V9GWY9	Obox8	3
A0A0U1RQ45	Tmem275	5
A0A140LHF2	Vsig10l2	23
A0A140LIT1	Ccdc194	11
A0A1B0GRQ0	Smim36	4
A0A1W2P7I0	Kantr	2
A0A338P6K9	Qser1	65
A0A571BE98	Lsmem2	6
A0A804C8T0	Hapstr2	12
A0AUP1	Ccdc112	24
A0JP43	Efcab5	80
A1IGU4	Arhgef37	37
A1L0T3	Ssc4d	27
A1L3T7	Ripor3	42
A2A3V2	Slc25a43	16
A2A591	Krtap3-1	2
A2A5E6	Znf385c	14
A2A5H7	Wfdc11	3
A2A5I3	R3hdml	12
A2A5X4	Krtap29-1	3
A2A6H3	Fbxo47	26
A2A6T1	Cdr2l	24
A2A7Z8	Aadacl3	19
A2A9G7	Shisal2a	5
A2A9Q0	Fndc10	8
A2ACP1	Ttc39a	28
A2ADU8	Dgat2l6	12
A2ADZ8	Iqcc	20
A2AED3	Fndc7	27
A2AGB2	Gm12695	32
A2AIL4	Ndufaf6	16
A2AJB2	Tmem141	8
A2ALW5	Dnajc25	14
A2AMZ4	Ndufaf8	4
A2APT9	Klhdc7a	32
A2ARJ3	Tmem236	12
A2AVQ5	Cimap2	27
A2BFL2	Zyg11a	31
A2BIM8	Mup18	11
A2RRY8	Spats1	15
A2RT62	Fbxl16	19
A2RT91	Ankar	71
A2RTL5	Rsrc2	11
A3KGA4	Tceal7	3
A3KGF9	Ccdc9b	21
A3KMN5	Prr16	14
A3KMP2	Ttc38	26
A4FUP9	Glt1d1	12
A6H684	Mgat4e	20
A6H694	Lrrc63	29
A6H6A4	Lrriq4	27
A6H6E9	Ttc23l	24
A6X8Z9	Tex55	18
A6X942	Sh2d4b	17
A7DTG3	Sertad4	14
A7E1Z1	Tmem215	12
A9JSM3	Tmem238	5
A9Z1V5	Vwa5b1	63
B0QZF7	Proca1	11
B1AXH1	Nhsl2	60
B1AZA5	Tmem245	26
B2B9E1	Triqk	3
B2RPU2	Plekhd1	26
B2RRL2	Jrkl	26
B2RTN2	Igsf23	6
B2RU40	Prrt4	21
B2RV46	Spata6l	16
B2RVL6	Zcchc24	10
B2RXA1	Plcxd2	14
B2RXB2	Hsbp1l1	2
B2RXR6	Ankrd44	49
B3GLJ3	Pate3	8
B7ZNG4	Troap	35
B7ZWI3	Tmem92	2
B8JKV0	Amn1	15
B9EJI9	Tmem229a	16
B9EJX3	Spmip1	9
B9EKX1	Ptchd4	33
B9UIU9	Scpppq1	0
C0HKD1	Spata31f1b	46
C0HKD2	Spata31f1c	46
C0HKD3	Spata31f1d	46
C0HLV9	Mldhr	2
C0HML8		4
D3YU32	Tex13c1	23
D3YU81	Rfx8	31
D3YUE4	Fam151b	12
D3YUK8	Pttg1ip2	4
D3YVE8	Slc35g2	13
D3YWX3	Pate13	9
D3YY23	Lonrf1	43
D3Z0R2	Ppp1r36	26
D3Z3C6	Zfand4	35
D3Z4S3	Ptrhd1	8
D3Z690	Izumo4	14
D3Z6S9	Erich6	33
D3Z750	Mroh2a	77
E9PV82	Fam53a	15
E9PW74	Gimd1	11
E9Q0B3		10
E9Q0C6	Kiaa1210	82
E9Q1U1	Ccdc171	83
E9Q343	Gpr137c	12
E9Q349	Wdr25	18
E9Q3C1	C2cd2	26
E9Q6P5	Ttc7b	42
E9Q7F5	Eddm13	13
E9Q942	Smim13	1
E9QMW4		45
F6QRE9	Erich3	87
F6ULY1	Wfdc6b	7
F6XLV1	Crocc2	98
F6XZJ7	Samd15	37
G3X8R9	Tmigd3	9
G5E8D7	Oosp3	6
H3BJG9	Ly6l	5
J3QPZ5	Cfap73	17
O08540	Msmb	7
O08632	Krtap19-5	3
O08800	Serpinb8	15
O08884	Krtap6-2	1
O08976	Pbsn	9
O35347	Dgcr6	9
O35679	Spink4	2
O54891	Lgals6	14
O54974	Lgals7	9
O70561	Sprr2j	6
O70562	Sprr2k	5
P01627	Igkv2-112	4
P01628		6
P01629		3
P01630		6
P01631		5
P01632	Igkv7-33	6
P01634		6
P01635	Igkv12-41	7
P01636		6
P01637		4
P01638		4
P01641	Igkv9-129	5
P01642	Igkv5-48	4
P01643		4
P01644		5
P01645		5
P01646		5
P01647		5
P01648		6
P01649		4
P01650	Igkv11-125	1
P01651		1
P01652		1
P01653		1
P01654		4
P01655		4
P01656		4
P01657		5
P01658		3
P01659		4
P01660		4
P01661		3
P01662		4
P01663		4
P01664		3
P01665		3
P01666		3
P01667		3
P01668		3
P01669		3
P01670		4
P01671		4
P01672		4
P01673		4
P01674		3
P01675		4
P01676		4
P01677		4
P01678		4
P01679		4
P01680		5
P01723		3
P01724		2
P01726		2
P01727		2
P01728		3
P01729		4
P01734		3
P01735		5
P01736		5
P01738		8
P01739		6
P01741		6
P01748		4
P01749	Ighv1-61	4
P01750		5
P01753		3
P01754	Ighv1-62-3	3
P01756		6
P01757		6
P01758	Igh-VJ558	2
P01789		7
P01795		8
P01796		6
P01797		6
P01798		6
P01799		6
P01800		6
P01801		6
P01802		4
P01803		6
P01806		8
P01812		7
P01819		5
P01820		3
P01821	Ighv2-4	3
P01822		3
P01843		5
P01844	Iglc2	6
P01845	Iglc3	6
P01851		10
P01852		10
P01853		11
P01881		12
P02815	Mucl2	0
P03975	Iap	26
P03976		3
P03977		4
P03978	Tcrg-V1	5
P03980		5
P03985		11
P04212		8
P04213		6
P04214		8
P04940		4
P04941		4
P04943		4
P04944		4
P04945		5
P04946		4
P05142	Prh1	1
P05143	Prp2	1
P05531	Xlr	11
P06320		6
P06321		6
P06323		5
P06327	Ighv1-84	2
P06328	Ighv1-72	3
P06329		7
P06330		7
P06334		10
P06335		11
P09926	Surf2	11
P0C1P0	Pigy	0
P0C1V4	Tmco2	7
P0C6B7	Igsf6	9
P0C7A0	Khdc1b	5
P0C7M9	Clec2l	12
P0C7Q1	Drc12	9
P0C8B4	Gon7	3
P0CAX8	Tagap1	20
P0CG09	C2cd4d	14
P0CG14	Derpc	27
P0CG15	Chtf8	5
P0DJE0	Pet100	3
P0DJF2	Pet117	2
P0DMR6	Gm9125	21
P0DN89	Tmem254	4
P10400	Pol	6
P10751	Zfp11	41
P12400	Ctla2b	8
P13438	Tpbpa	1
P13675	Ssty1	13
P17257	Fam167b	6
P17932	Rpl32-ps	9
P18524		7
P18525		7
P18526		6
P18529		7
P18530		6
P18531	Ighv3-6	2
P18532		2
P18533	Ighv3-5	2
P19473	Trap1a	3
P21843	Mcpt3	1
P30933	Svs5	5
P35460	Ly6f	7
P56840	Tcl1b1	7
P56841	Tcl1b2	8
P56842	Tcl1b3	4
P56844	Tcl1b4	7
P56845	Tcl1b5	4
P56983	Tmem14a	4
P58059	Mrps21	6
P58468	Slx9	10
P58500	Map3k7cl	5
P58749	Tm6sf1	10
P59034	Lrrc3	12
P59048	Pdrg1	7
P59096	Stard6	15
P60154	Rnase9	11
P60954	Nol4	24
P61110	Kap	5
P84102	Serf2	2
P84750		7
P84751		6
P85094	Isoc2a	8
P85442	Vgll3	10
P85965	Dppa5b	8
P86045	Tmem207	4
P86050	Tmem170b	3
P86174	Bend4	25
P86448	Trim43b	23
P86449	Trim43c	23
P97400	Clc	3
Q05A13	Sdr16c6	17
Q06666	Srst	2
Q08AT1	Rasl12	15
Q08AU7	Myadml2	8
Q08AU9		19
Q08EA8	Tmem213	3
Q08ED0	Bcl2l15	8
Q09TK9	Spink8	3
Q0KK56	Fam184b	57
Q0P5X5	Zbbx	33
Q0VAY3	Fam187b	17
Q0VBB0	Prelid2	10
Q0VBF2	Tmem52b	5
Q0VBF8	Stum	3
Q0VBL1	Tigd2	23
Q0VBP7	Shisal1	7
Q0VDN7	Rundc1	31
Q0VE29	Samd12	10
Q0VEJ0	Cep76	35
Q0VET5	Lmntd2	37
Q0VF94	Nkpd1	31
Q0VG18	Smim24	6
Q0VG49		8
Q0VG62	Rbis	6
Q0VG85	Ccdc162	47
Q149F5	Tmem71	10
Q149G0		8
Q14AE4	Wfdc3	7
Q14B48	Itprid1	40
Q14B70	Hdx	31
Q14BJ1	Fam89a	8
Q14BK3	Tex35	12
Q14BP6	Lrrc74b	21
Q14DN9	Ankdd1b	26
Q14DQ1	Fam219b	7
Q1RLL3	Cpne9	28
Q24JP3	Fam178b	20
Q2TA51	Krtap5-5	2
Q2TA57	Asphd1	13
Q2YDW2	Msto1	30
Q2YFS1	Pilrb2	11
Q30KM9	Defb43	4
Q30KN3	Defb33	2
Q30KN4	Defb30	5
Q30KP5	Defb18	3
Q32KG4	Rtl9	51
Q32M26		5
Q3B807	Tcerg1l	20
Q3KNY5	Riiad1	7
Q3KQJ0	Tmem69	8
Q3TAP4	Ap5b1	34
Q3TB48	SLC38A12	15
Q3TBN1	Tmem248	10
Q3TC33	Ccdc127	14
Q3TFQ1	Spryd7	11
Q3TMW1	Ccdc102a	23
Q3TNU4	Gm3414	30
Q3TS39	Smim33	4
Q3TTI8	Tex52	15
Q3TV70	Nr2c2ap	7
Q3TW96	Uap1l1	29
Q3TWF6	Wdr70	30
Q3TY60	Fam131b	13
Q3TYE7	Tlcd5	5
Q3TYG6	Togaram2	51
Q3TYL0	Iqank1	25
Q3TYP4	Tmem278	7
Q3TYV2	Hhla1	26
Q3TYX2	Lrrn4cl	5
Q3TZ65	Cimap1d	13
Q3TZI6	Ccnj	13
Q3U095	Nxpe2	28
Q3U0L2	Ankrd33b	20
Q3U0Y2	Tmem35b	5
Q3U155	Ccdc174	21
Q3U1D9	Cfap96	19
Q3U1G5	Isg20l2	17
Q3U269	Tstd2	28
Q3U2E2	Zmym5	34
Q3U3E2	Fam117b	28
Q3U3S3	Cenpl	17
Q3U4G0	Cdin1	13
Q3U4I7	Pyroxd2	26
Q3U6N9		12
Q3U6U5	Gtpbp6	28
Q3U7U4		7
Q3UD01	Atxn7l3b	5
Q3UE31		23
Q3UFS4	Gpatch11	13
Q3UG98	Nat9	11
Q3UHB8	Ccdc177	26
Q3UHD2	Gfod1	18
Q3UHH2	Slc22a23	29
Q3UHI4	Tmed8	10
Q3UHJ8	Rnf44	10
Q3UHK3	Greb1	79
Q3UJB3	Lrrc14b	16
Q3UJZ3	Armc7	8
Q3ULG3	Srarp	10
Q3UM83	Klrg2	18
Q3UM89	Foxr2	17
Q3UMF9	Faxc	20
Q3UNZ8	Cryzl2	17
Q3UP23	Tmem26	17
Q3UPL5	Ag2	9
Q3UPL6	Ms4a15	5
Q3UPR9	Sbspon	15
Q3UQA7	Selenoh	6
Q3UQS2	Lsmem1	6
Q3UR50	Vwa5b2	42
Q3URD2	Rprml	4
Q3URE8	Ctxn2	5
Q3URK1	Ccdc190	17
Q3URQ7	Mthfsd	20
Q3URS3	Lrcol1	8
Q3US16	Tceanc	15
Q3USL1	Klhdc9	20
Q3UTD9	Smim15	2
Q3UTS8	Spink13	7
Q3UUA0	Lhfpl7	6
Q3UUX7		5
Q3UV16	Itpripl2	29
Q3UV31	Rnf223	11
Q3UVV9	Vwa3a	63
Q3UW31	Pate2	7
Q3UW41	Wfdc9	3
Q3UW55	Wfdc6a	3
Q3UX83	Accsl	27
Q3UY23	Fdxacb1	28
Q3UY34	Custos	12
Q3UYG1	Ccdc160	17
Q3UZB0	Armcx5	22
Q3V036	Ccdc27	44
Q3V038	Ttc9	9
Q3V0C1	Zmat1	32
Q3V0C3	Nutm2	23
Q3V0E1	Spata31g1	47
Q3V0G7	Garnl3	41
Q3V0L5	Lrrc43	25
Q3V0M2	Lrrc36	35
Q3V0X1	Smim9	7
Q3V0Y1	Ppp4r3c1	42
Q3V125	Ccdc110	54
Q3V1L6	Mtmr11	31
Q3V209	Tmub2	7
Q3V2C1	Krtap9-3	1
Q3V2D2	Gm94	6
Q3V2G4	Smim31	2
Q3V2K1	Gm614	10
Q3V2T4	Krtdap	3
Q3ZRW6	Clul1	21
Q402B2	Wdr93	26
Q497K7	Tmem247	11
Q497N7	Tex56	13
Q497Q6	Fam228b	15
Q4FJU9	Tmem40	6
Q4FZG7	Timm8a2	8
Q4KL18	Tmem171	7
Q4KL35	Magix	19
Q4KL78	Khdc1c	10
Q4KML4	Abracl	4
Q4KUS1	Wfdc8	16
Q4QQM4	Trp53i11	6
Q4VA45	Zfta	28
Q4VA55	Pwwp3b	31
Q4VAB4	Cnpy1	5
Q4VBF2	R3hdm4	11
Q505F5	Lrrc47	30
Q505K2	Fhip1a	42
Q52KP5	Nxpe4	25
Q571I9	Aldh16a1	22
Q58Y74	Trcg1	28
Q5DQQ6	Wfdc13	2
Q5DTT4	Rtl5	20
Q5F204	Mdh1b	23
Q5F285	Tmem256	3
Q5FW56	Tmem255b	12
Q5FWC3	Ms4a13	4
Q5GAM7	Rnase13	7
Q5GAM8	Rnase12	6
Q5GAM9	Rnase11	12
Q5GH66	Xkr5	27
Q5GH68	Xkrx	18
Q5H8A1	Nms	7
Q5HZI2	C2cd4c	18
Q5IR70	Cage1	46
Q5M6W3	Clhc1	37
Q5M8M2	Cimap1b	16
Q5M8N4	Sdr39u1	12
Q5M9N4	Pigh	11
Q5ND56	Tlcd3a	10
Q5PRE5	Proser1	15
Q5PT54	Slc10a5	19
Q5QNV8	Heatr9	32
Q5QR91	Gm11437	15
Q5RJG1	Nol10	33
Q5RKS2	Smim7	5
Q5SPV6	Cimip6	13
Q5SPX1	Ccdc157	42
Q5SPX3	Rnf215	15
Q5SRT8	Ccnjl	16
Q5SS00	Zdbf2	85
Q5SSN7	Sft2d1	6
Q5SUE8	Ankrd40	15
Q5SW25	Pom121l2	23
Q5SXG7	Vmo1	7
Q5SYL1	Rskr	15
Q5U419	Slc33a2	7
Q5U425	Smim10l3	5
Q5XFZ0	Rmp24	10
Q5XG69	Fam169a	20
Q5XK03	Serinc4	8
Q60589	Emv2	25
Q60595	Xlr3a	13
Q60774	Tmem45a	9
Q61199	Nxph2	13
Q61585	G0s2	7
Q61806	Xlr3c	14
Q61858	Gpank1	20
Q62220	Krtap5-4	3
Q640P4	Glt8d2	14
Q641P0	Actr3b	20
Q64356	Svs6	6
Q64507	Krtap5-1	0
Q64G17	Anp32c	8
Q65Z95	Ypel2	8
Q66JV7		16
Q66JY6	Arhgef39	17
Q673H1	Tusc1	6
Q68FE7	Tmem151b	25
Q69ZB8	Zcchc2	41
Q69ZC8	Gpalpp1	14
Q6A098	Secisbp2l	41
Q6DFV6	Fndc3c1	53
Q6DFV8	Vwde	42
Q6DG52	Churc1	7
Q6DI92	Zswim9	26
Q6DIA2	Exoc3l4	36
Q6DIB4	Nol4l	18
Q6GQU0		10
Q6GQU2	Klhl23	31
Q6GQV1	Insyn2b	28
Q6GQV7	Edrf1	64
Q6JVL5	Lcn12	7
Q6NS59	Fam135a	53
Q6NS69	Amer3	38
Q6NXH8	Mettl25	34
Q6NXM2	Rcbtb1	15
Q6NXM3	Tmem130	18
Q6NXN1	Szrd1	8
Q6NXZ1	Krabd3	46
Q6NZK5	Kiaa1328	39
Q6NZR2	Msantd2	23
Q6P1G0	Heatr6	49
Q6P1J0	Maneal	14
Q6P205	Xlr3b	14
Q6P3A4	Vsig8	16
Q6P3B2	Ubald1	3
Q6P3B9	Rbfa	18
Q6P4U0	Thsd7b	76
Q6P539	Fam222b	13
Q6P566	Lix1	11
Q6P5C7	Znf728	44
Q6P5U7	Nwd2	89
Q6P5U8	Ccdc148	22
Q6P9P8	Dennd2c	46
Q6PAN7	Prr18	18
Q6PCW6	Cnfn	2
Q6PDC0	Rundc3b	20
Q6PDE8	Slc68a1	12
Q6PDF3	Svopl	16
Q6PE13	Prrt3	32
Q6PE55	Pdgfrl	19
Q6PE65	Gpatch2l	25
Q6PEM6	Gramd2b	25
Q6PFD7	Naif1	10
Q6PG04	Ccdc82	24
Q6PGC7	Slc35e3	10
Q6PGE4	Znf316	36
Q6PGH0	Ubtd2	10
Q6PHN7	Tmem164	8
Q6PIP5	Nudcd1	31
Q6PJN8	Dalrd3	24
Q6QR59	Tcaf3	38
Q6TU36	Defb50	4
Q6UGQ3	Scgb2b2	5
Q6UJB9	Tmem270	10
Q6UL01	Morn2	4
Q6V5K9	Znf474	16
Q6W8Q3	Pcp4l1	5
Q6WBX7	Rad9b	14
Q6YCH1	Tdpoz5	17
Q6ZPR1	Cfap97	32
Q70KL2	Defb40	3
Q70KL3	Defb39	2
Q710D3	Unc93a	8
Q76I25	Higd1c	4
Q78HU7	Gypc	4
Q78JW9	Ubfd1	11
Q78RX3	Smim12	5
Q78S06	Sys1	5
Q7M722	Tas2r114	7
Q7M723	Tas2r104	9
Q7M724	Tas2r106	9
Q7M742	Scgb1c1	5
Q7M747	Scgb2b24	3
Q7TM95	Tigd3	26
Q7TMD2	Defb37	1
Q7TNB4	Mro	14
Q7TNE3	Spag7	11
Q7TNF9	Fam117a	26
Q7TPD7	Lrrc75b	10
Q7TPE5	Slc7a6os	12
Q7TPM9	Mtmr10	45
Q7TPX8	Oog2	21
Q7TPX9	Lgalsl2	12
Q7TQE7	Matcap2	30
Q7TQG1	Plekha6	55
Q7TQI7	Abtb2	47
Q7TSA6	Proser3	17
Q7TSG5	Sh3d21	27
Q7TSQ8	Pdpr	44
Q7TST3	Samd10	7
Q7TT23	Dnaaf9	57
Q80SV1	Lhfpl1	4
Q80SY5	Prpf38b	17
Q80TC5	Pogk	28
Q80TC6	Zswim5	47
Q80TI1	Plekhh1	68
Q80U59	Kiaa0232	50
Q80V70	Megf6	50
Q80VF6	Fam181b	12
Q80VK6	Arhgef38	42
Q80VM8	Pnma8a	18
Q80VP8	Tmem106c	9
Q80VP9	Asphd2	15
Q80VV3	Eif4ebp3	4
Q80W69		15
Q80WR5		10
Q80X32		10
Q80X45	Tmem167b	5
Q80X53	Ccdc116	21
Q80X59	Tmco5b	16
Q80X60	Efcab3	23
Q80X91	Fam110d	12
Q80XA0	Tmem121	16
Q80Y55	Bsdc1	18
Q80YG3	Klhdc1	25
Q80YR3	Skida1	35
Q80YR9	Rbm12b1	53
Q80YS5	Lrrc27	31
Q80YT5	Spata20	42
Q80ZA7	Fmr1nb	8
Q80ZC9	Psors1c2	0
Q80ZK0	Mrps10	8
Q80ZS3	Mrps26	11
Q80ZU0	Arl5a	7
Q80ZU4	Smim19	3
Q80ZW2	Them6	15
Q810L4	Tmem39b	21
Q810P2	Cimap1c	16
Q810U2	Teddm1a	11
Q811B5	Prr3	6
Q811W1	Aard	13
Q8BFQ2	TMEM229B	5
Q8BFR1	Zc3hav1l	17
Q8BFT2	Haus4	22
Q8BFT9	Svop	21
Q8BFZ8	Fam72a	4
Q8BG09	Tmem184b	12
Q8BG50	Tmem169	13
Q8BG73	Sh3bgrl2	5
Q8BG75	Tmem198	12
Q8BG94	Commd7	12
Q8BGC1		18
Q8BGD0	Cep15	9
Q8BGF3	Dnaaf10	19
Q8BGF6	Elmod2	17
Q8BGI1	Rnf24	5
Q8BGI7	Lrrc39	16
Q8BGK5	Slc35f1	9
Q8BGK9		4
Q8BGN2	D3Ertd751e	10
Q8BGN5	Nipal3	8
Q8BGN9		6
Q8BGQ6	Efcab14	26
Q8BGT8	Phyhipl	19
Q8BGV4	Tti2	27
Q8BGW4	Dcaf12l2	25
Q8BGW9	Defb29	3
Q8BGX1	Pced1b	21
Q8BGX4	Ofcc1	9
Q8BGY3	Luzp2	17
Q8BGY5	Tmem140	7
Q8BGZ2	Fam168a	6
Q8BH07	Arl6ip6	6
Q8BH51	Cox14	3
Q8BH55	Thnsl1	37
Q8BH88	Depdc1b	33
Q8BH89	Wfdc15a	4
Q8BH93	Mapk1ip1l	1
Q8BHB7		24
Q8BHC4	Dcakd	13
Q8BHE0	Prr11	18
Q8BHG2	Czib	9
Q8BHH8	Clrn3	5
Q8BHH9	Tmem179	7
Q8BHI4	Kbtbd3	35
Q8BHK0	Pnma2	19
Q8BHL6	Faap24	8
Q8BHN9	Clba1	19
Q8BHW2	Oscp1	24
Q8BHW5	Tmem255a	10
Q8BHW6	Spata21	29
Q8BHW9	Slfnl1	21
Q8BHZ0	Cyria	18
Q8BI17	Sh2d7	21
Q8BI29	Sarg	34
Q8BID8	Fbxl14	19
Q8BIG7	Comtd1	14
Q8BIL2	Msantd1	14
Q8BIS8	Ccdc126	7
Q8BJ25	Thap3	8
Q8BJG4	Mob3c	8
Q8BJH1	Zc2hc1a	21
Q8BJM3	R3hcc1l	26
Q8BJN4	Fndc9	8
Q8BJW5	Nol11	30
Q8BK08	Tmem11	8
Q8BK58	Hspbap1	23
Q8BKE5	Fsbp	18
Q8BKE6	Cyp20a1	28
Q8BKK4	Ppp1r1c	6
Q8BKR5	Ppp1r37	26
Q8BLB8	Ankrd34c	35
Q8BLD6	Ankrd55	25
Q8BLH7	Hirip3	33
Q8BLJ3	Plcxd3	12
Q8BLQ0	Fam124b	22
Q8BLQ7	Slc7a4	10
Q8BLS7	Sowaha	22
Q8BM86	Lhfpl6	6
Q8BMJ7	Cgrrf1	16
Q8BMK5	Ccdc184	9
Q8BML2	Oacyl	21
Q8BNN1	Spata2l	16
Q8BNU0	Armc6	21
Q8BNW9	Kbtbd11	25
Q8BNX7	Nrac	7
Q8BP01	Vmac	12
Q8BP07	Tmem220	6
Q8BP78	Fra10ac1	17
Q8BPE4	Tmem177	14
Q8BPW0	Iqcj	4
Q8BQB6	Saxo2	23
Q8BQH4	Ubald2	2
Q8BQM7	Smco3	10
Q8BQM8	Eml5	104
Q8BQS4	Eeig2	19
Q8BQU3	Sdhaf3	7
Q8BQX5	Tmco6	14
Q8BR21	Fam180a	9
Q8BR63	Fam177a	11
Q8BRV5	Kiaa1671	14
Q8BSD5	She	26
Q8BSF5	Klhl38	30
Q8BSI6	R3hcc1	26
Q8BSU7	Mob3a	11
Q8BSV3	Bend7	21
Q8BT88		4
Q8BTG3	Tcp11l1	24
Q8BTI7	Ankrd52	41
Q8BTN6	Leng9	21
Q8BTX9	Hsdl1	16
Q8BTZ5	Ankrd46	7
Q8BU51	Bpifb6	19
Q8BU88	Mrpl22	13
Q8BUM6	Fam163b	6
Q8BUZ3	Tigd4	28
Q8BV42	Znf786	39
Q8BV66	Ifi44	22
Q8BV79	Trank1	163
Q8BVA2	Tmem222	9
Q8BVD7	C1qtnf7	14
Q8BVF4	Ccdc30	43
Q8BVF9	Amz1	19
Q8BVG8	Nat14	8
Q8BVM9	Phf11a	10
Q8BVR0	Banf2	9
Q8BVT6	Pp2d1	30
Q8BVV7	Cep95	37
Q8BW49	Ttc12	39
Q8BW86	Arhgef33	39
Q8BW88	Plekhs1	20
Q8BXC6	Commd2	11
Q8BXJ9	Tmem62	25
Q8BXQ8	Fam53c	14
Q8BXT9	Sec22c	7
Q8BXV2	Bri3bp	8
Q8BXX9	Ccdc169	10
Q8BXZ0	Ctxn3	5
Q8BY98	Sowahd	22
Q8BYC4	Gpr20	11
Q8BYG0	Ttc24	13
Q8BYY9	Serpina3b	21
Q8BZ94	Zmat4	13
Q8BZE1	Cdcp3	27
Q8BZG5	Mettl25b	22
Q8BZJ8		23
Q8BZW2	Sowahb	36
Q8C008	Dzank1	41
Q8C088	Egfem1	26
Q8C0J6	Sowahc	24
Q8C0R9	Lrrd1	38
Q8C0T7	Slc67a2	14
Q8C0W1	Ankmy1	48
Q8C0X0	Lca5l	29
Q8C186	Bpifc	19
Q8C190	Vps9d1	32
Q8C1A9	Abhd18	22
Q8C1C8	Pnma1	18
Q8C1E1	Bpifb2	11
Q8C1I6	Krtap16-3	1
Q8C1M2	Znf428	5
Q8C3F2	Fam120c	41
Q8C3F7	Klhl30	26
Q8C3I8	Hgh1	18
Q8C3I9	Dipk2b	22
Q8C3K5	Tmem72	7
Q8C3W1		16
Q8C3X2	Ccdc90b	18
Q8C494	Prr33	13
Q8C4H2	Samd3	24
Q8C4J0	Ccdc60	22
Q8C4P0		27
Q8C4Q9	Tmem154	5
Q8C4S8	Dennd2a	51
Q8C4U2	Tmem145	24
Q8C525	Mb21d2	23
Q8C569	Fam118b	15
Q8C581	Tmem91	4
Q8C5C9		8
Q8C5K5		20
Q8C5N5	Pdcd2l	12
Q8C5R2	Proser2	25
Q8C5U4	Spem2	23
Q8C5U9	Ubqln3	23
Q8C5V8	Ccdc187	47
Q8C627	Fam221b	27
Q8C6C7	Fam204a	9
Q8C6C9	Leg1	10
Q8C6U2	Slc66a3	9
Q8C6Z1	Muc15	9
Q8C708		6
Q8C739	Fam110b	21
Q8C790	Fam221a	15
Q8C7B8	Zswim4	55
Q8C811	Slc35e2a	15
Q8C817	Tmem200a	22
Q8C8T8	Tsr2	6
Q8C966	Phf21b	24
Q8C9R9	Efcab8	12
Q8CA71	Shisa4	6
Q8CAA5	Fam163a	9
Q8CAF4	Nhsl1	65
Q8CAI1	Ccdc142	29
Q8CAK1	Iba57	14
Q8CAT8	Fbxo48	9
Q8CAV0	Ybey	6
Q8CB19	Phtf2	28
Q8CB59	Fam161b	28
Q8CB65	Nemp2	14
Q8CBA2	Slfn5	43
Q8CBB2	Slc15a5	22
Q8CBW4	Dcaf12l1	22
Q8CBX9	Bivm	25
Q8CBY3	Leng8	34
Q8CC70	Cfap300	19
Q8CC84	Lysmd4	9
Q8CC96	Bnip5	34
Q8CCB5	Mettl24	19
Q8CCG1	Zc2hc1c	29
Q8CCH2	Nhlrc3	15
Q8CCT4	Tceal5	14
Q8CCX5	Krt222	18
Q8CD19	Lancl3	14
Q8CD26	Slc35e1	15
Q8CD78	Sertm1	1
Q8CD92	Ttc27	39
Q8CD94	Lin52	8
Q8CDM4	Ccdc73	66
Q8CDM8	Fhip2a	37
Q8CDN1		40
Q8CDN9	Lrrc9	83
Q8CDT9		16
Q8CDW1	Fam228a	15
Q8CDZ2	Mettl21e	10
Q8CE13	Ccdc17	28
Q8CE47	Slc49a3	12
Q8CE97	Gm14137	8
Q8CEF8	Rnf222	15
Q8CEF9	Tmem132c	52
Q8CEZ0	Kctd2	15
Q8CEZ1	Smco1	11
Q8CF25		11
Q8CF27	Fam24a	5
Q8CFL8	Zswim3	38
Q8CG80	Shf	10
Q8CGN8	Sprr4	6
Q8CH20	Cypt1	6
Q8CHQ6	Tmem125	7
Q8CHR9	Pih1d2	17
Q8CHS2	Dnajc22	12
Q8CHS4	Plcxd1	11
Q8CI12	Smtnl2	19
Q8CI17	Mab21L3	22
Q8CI78	Rmnd1	23
Q8CIE0	Serpina11	13
Q8CIG9	Fbxl8	23
Q8CIL4	Fsaf1	14
Q8CJ96	Rassf8	24
Q8JZM2	Prr15l	2
Q8JZS9	Mrpl48	11
Q8JZU6	Pxdc1	13
Q8JZV4	Rbm41	25
Q8JZW8	Pnma3	25
Q8JZZ6	Ammecr1l	15
Q8K003	Tma7	2
Q8K039		9
Q8K071	Tmem221	4
Q8K0B3	Lrrc66	40
Q8K0G7	Phgr1	0
Q8K0R6	Gltpd2	14
Q8K0W3	Rnf208	10
Q8K124	Plekho2	22
Q8K126	Mtrf1	25
Q8K129	Ctxn1	5
Q8K158	Cnppd1	10
Q8K177	Krtcap3	5
Q8K199	Cmc2	4
Q8K1C7	Slc16a14	10
Q8K1K6	Serpinb10	25
Q8K201	Kct2	11
Q8K259	Gin1	23
Q8K262	Plac9	4
Q8K2D0	Fam199x	10
Q8K2H3	Fam13b	38
Q8K2J9	Btbd6	22
Q8K2P1	Lurap1l	8
Q8K2P6	Rfesd	10
Q8K2Q5	Chchd7	6
Q8K2W9		25
Q8K2Y3	Eva1b	3
Q8K305	Nsl1	16
Q8K353	Cystm1	2
Q8K375	Lrrc56	26
Q8K3C3	Lzic	9
Q8K3D6	Slc35e4	6
Q8K3U4	Defb36	5
Q8K572	Hus1b	12
Q8K5B8	Hoxc12	7
Q8N9S3	Ahsa2	19
Q8QZR0	Tram1l1	10
Q8QZW3	Fam151a	21
Q8R033	Lyrm2	7
Q8R034	Anapc13	4
Q8R043	Smim29	3
Q8R060	Zwilch	26
Q8R0A5	Tceal3	12
Q8R0F9	Sec14l4	21
Q8R0I4	Tm2d2	5
Q8R0K4	Ccdc137	14
Q8R115	Tmem82	14
Q8R127	Sccpdh	20
Q8R179	Kbtbd4	26
Q8R1D1	Znf426	28
Q8R1E7	Tmem234	6
Q8R1F0	D8Ertd738e	5
Q8R1F5	Hyi	14
Q8R1F9	Rpp40	17
Q8R1J3	Zcchc9	17
Q8R1Y2	Bmerb1	11
Q8R2I3	Defb35	2
Q8R2I4	Defb13	3
Q8R2I6	Defb9	2
Q8R2M0	Tceanc2	14
Q8R2R3	Aagab	15
Q8R2U7	Lrrc42	23
Q8R2V2	Iffo2	19
Q8R314	Slc35f5	16
Q8R344	Ccdc12	10
Q8R370	Ushbp1	32
Q8R3C1		30
Q8R3I3	Cog6	32
Q8R3N2	Mfsd6l	14
Q8R3Q6	Mix23	8
Q8R3R5	Tmem185b	18
Q8R3T5	Stxbp6	13
Q8R3V6	Cuedc1	10
Q8R3Y5		22
Q8R448	Otos	1
Q8R5C5	Actr1b	19
Q8VBT1	Txlnb	28
Q8VBX0	Asb13	14
Q8VC10	Osgin1	15
Q8VC16	Lrrc14	26
Q8VC31	Ccdc9	20
Q8VC70	Rbms2	11
Q8VCA8	Scrn2	17
Q8VCE1	Dnajc28	25
Q8VCH9	Lrrc3b	13
Q8VCR9	Ocel1	13
Q8VCV9	Mfsd4b1	7
Q8VD24	Zcchc18	16
Q8VD26	Tmem143	19
Q8VD57	Sft2d2	7
Q8VD62	Bles03	16
Q8VD63	Tspyl4	21
Q8VDQ9	Kri1	28
Q8VDT9	Mrpl50	8
Q8VDY9	Caap1	11
Q8VE04	Mob3b	9
Q8VE09	Ttc39c	30
Q8VE33	Gdap1l1	16
Q8VE38	Oxnad1	20
Q8VE52	Ogfrl1	23
Q8VE88	Fam114a2	28
Q8VEG0	Ccdc71	24
Q8VEH0	Tmem144	8
Q8VHS5	Asb16	21
Q8VHZ5	Ddit4l	9
Q8VIH7	Cyyr1	6
Q8VIK1	Snrnp25	4
Q8VIK2	Mpv17l2	9
Q91V09	Wdr13	23
Q91V64	Isoc1	13
Q91VH6	Memo1	16
Q91VK1	Bzw2	27
Q91VP7	Tmem101	8
Q91VT8	Smim14	3
Q91VV4	Dennd2d	19
Q91W34	Rusf1	21
Q91W52	Tmem19	5
Q91WB7	Ubtd1	8
Q91WC7	Nipal2	11
Q91WE4		5
Q91WK1	Spryd4	16
Q91WM2	Hdhd5	21
Q91WR6	Ginm1	14
Q91WR8	Gpx6	9
Q91WS7	Depdc7	26
Q91WU4	Tmco4	20
Q91X21	Kiaa2013	18
Q91XA5	Snapc2	13
Q91XD3	Tm4sf4	5
Q91XE8	Tmem205	7
Q91Y02	Pcdhb18	27
Q91YN0	Ferry3	28
Q91YN1	Fam118a	16
Q91YU3	Msantd4	11
Q91Z58		57
Q91ZC5	Mrgpra7	11
Q91ZG2	Mpped1	14
Q921I2	Klhdc4	30
Q921P9	Tceal1	6
Q921S7	Mrpl37	32
Q921V7	Slc44a3	24
Q921W4	Cryzl1	18
Q922G2	Fam76a	17
Q922M7	AI597479	15
Q922R1	Phaf1	17
Q925H2	Krtap19-1	3
Q925H3	Krtap6-5	4
Q925H6	Krtap19-3	3
Q925H7	Krtap19-4	1
Q925I0	Krtap19-2	3
Q99J08	Sec14l2	21
Q99J19	Smim11	2
Q99J36	Thumpd1	20
Q99J55	Ier5l	7
Q99JH1	Rpp25l	8
Q99JT5	Krcc1	12
Q99JY6	Higd1b	5
Q99K99	Pgcka1	12
Q99KC8	Vwa5a	39
Q99L28	Rsl24d1	4
Q99LG1	Tmem51	10
Q99LH9	Sh3bp5l	23
Q99LJ2	Abtb1	25
Q99LW0	Ankrd10	11
Q99LX5	Mmtag2	16
Q99MX2	Fthl17e	7
Q99MX7	Tmem121b	20
Q99N05	Ms4a4d	4
Q99N90	Mrpl36	5
Q99N94	Mrpl9	17
Q99N95	Mrpl3	18
Q99NC0	Vgll1	18
Q99NG9	Krtap19-9b	0
Q99PE5	Smim3	2
Q9CPR1	Rwdd4	6
Q9CPR7	Sike1	14
Q9CPT5	Nop16	10
Q9CPV4	Glod4	21
Q9CPW3	Mrpl54	7
Q9CPY6	Gid4	10
Q9CPZ3		8
Q9CQ00	Dmac1	3
Q9CQ02	Commd4	11
Q9CQ04	Ogfod2	17
Q9CQ21	Mcts2	10
Q9CQ24	Fbxo36	9
Q9CQ40	Mrpl49	11
Q9CQ46	Drc8	8
Q9CQ84	Ubl4b	9
Q9CQ88	Tspan31	8
Q9CQ90		7
Q9CQ94	Dnajc5b	8
Q9CQB7	Lyrm1	7
Q9CQD7	Pinlyp	8
Q9CQE1	Nipsnap3b	13
Q9CQE2	Tmem223	9
Q9CQE3	Mrps17	5
Q9CQH0	Pdzk1ip1	3
Q9CQH7	Btf3l4	5
Q9CQH8	Rpp14	9
Q9CQJ5	Prr13	1
Q9CQL6	Mrpl35	11
Q9CQM0	Nicn1	14
Q9CQM6	Ankrd61	16
Q9CQP0	Mrpl33	4
Q9CQP3	Chchd5	6
Q9CQQ0	Smim8	4
Q9CQR5	Zmat5	11
Q9CQV5	Mrps24	10
Q9CR04	H2ap	2
Q9CR10	Oxld1	7
Q9CR29	Ccdc43	10
Q9CR33	Mansc1	22
Q9CR34		10
Q9CR40	Klhl28	26
Q9CR55		7
Q9CR78	Msantd3	11
Q9CR83	Rbm18	10
Q9CR96	Tmem208	4
Q9CRC3		4
Q9CRC8	Lrrc40	39
Q9CSV6	Sft2d3	11
Q9CTN8	Lhfpl3	8
Q9CU24	Themis3	37
Q9CVI2	Fam133b	8
Q9CWB7		9
Q9CWD0	Gtsf1l	8
Q9CWG1	Glipr1	12
Q9CWN7	Cnot11	22
Q9CWU4		10
Q9CWU9	Nup37	15
Q9CWV4	Mageb16	17
Q9CWV7	Zswim1	23
Q9CX19	Fam162b	9
Q9CX48	Zcchc10	4
Q9CX66	Nopchap1	9
Q9CXR4	Pigc	5
Q9CXU9	Eif1b	5
Q9CY24	Tmem179b	6
Q9CY28	Gtpbp8	15
Q9CY86	Sapcd1	6
Q9CYQ5	Hcfc1r1	8
Q9CYS6		10
Q9CYW4	Hdhd3	9
Q9CYZ2	Tpd52l2	13
Q9CZ00	Dbndd1	5
Q9CZ05	Atxn7l1	5
Q9CZ49	Klhl35	31
Q9CZH7	Mxra7	7
Q9CZH8	Ccdc77	24
Q9CZJ2	Hspa12b	40
Q9CZJ9	Dnajc18	13
Q9CZL2	Fam241a	5
Q9CZR4	Cmtm8	2
Q9CZT6	Cmss1	12
Q9CZY2	Tceal8	8
Q9D0B5	Tstd3	10
Q9D0B6	Pbdc1	12
Q9D0E3	Lysmd1	12
Q9D0E5	Efcab11	10
Q9D0I6	Wdsub1	21
Q9D0J8	Ptms	3
Q9D0Q7	Mrpl45	20
Q9D0R9	Wdr89	18
Q9D119	Ppp1r27	8
Q9D125	Mrps25	9
Q9D162	Ccdc167	4
Q9D172	Gatd3	13
Q9D1A0	Prxl2c	13
Q9D1A4	Asb5	9
Q9D1D1	Tspan11	9
Q9D1E4	Cysrt1	4
Q9D1F3	Eola1	9
Q9D1G5	Lrrc57	14
Q9D1H8	Mrpl53	9
Q9D1I6	Mrpl14	9
Q9D1R2	Kti12	20
Q9D1T5	Prr15	5
Q9D1U0	Grifin	6
Q9D1Y9	Shisal2b	7
Q9D211	Xtbd1	6
Q9D226	Krtap5-3	5
Q9D232	Spns3	7
Q9D240	Plekhj1	10
Q9D263	Spint4	9
Q9D267	Lcn9	8
Q9D2D9	Klhdc8b	15
Q9D2F0	Tmem210	3
Q9D2H5	Trim42	41
Q9D2H8	Fndc8	16
Q9D2V5	Aar2	18
Q9D2X0	Ankrd39	8
Q9D300	Rasgef1c	21
Q9D305	Thap2	10
Q9D321	Slc35a4	8
Q9D3H0	Tmem80	3
Q9D3P1	Tchhl1	33
Q9D3R5	Fam187a	22
Q9D3S3	Snx29	43
Q9D3S5	Noxred1	17
Q9D3W5	Lrrc71	26
Q9D3X5	Pacrgl	17
Q9D413	Sh2d6	17
Q9D416	Arl13a	18
Q9D498	Iqcf3	11
Q9D4A5		9
Q9D4C6	Lrp2bp	16
Q9D4H2	Gcc1	43
Q9D4H7	Lonrf3	38
Q9D4K4	Fancd2os	9
Q9D4V0	Etnk1	18
Q9D4V3	Ccdc83	14
Q9D4V6	Tomm20l	7
Q9D504	Ankrd7	10
Q9D518	Fam227b	25
Q9D534	Zc2hc1b	10
Q9D541	Ccdc7a	84
Q9D5I4	Dynlt5	9
Q9D5N8	Satl1	28
Q9D5Q8		24
Q9D5W4	Ccdc81	37
Q9D5Z5	Mss51	9
Q9D5Z7	Krtap5-2	5
Q9D618	Kbtbd12	31
Q9D650	Lratd1	14
Q9D665	Sdr42e1	19
Q9D6B9	Hrct1	3
Q9D6D8	Ppil6	17
Q9D6E4	Ttc9b	7
Q9D6G5	Tmem138	4
Q9D6I7	Dipk1a	22
Q9D6K7	Ttc33	13
Q9D6S7	Mrrf	11
Q9D6W7	Cd164l2	6
Q9D701	Upk3bl1	9
Q9D702	Tmem52	5
Q9D722	Oser1	16
Q9D727	Pex39	6
Q9D735	Trir	5
Q9D738	Asb12	14
Q9D772	Fam219a	7
Q9D799	Mtfmt	19
Q9D7D1	Rnf225	11
Q9D7D2	Serpina9	21
Q9D7H4	Avpi1	6
Q9D7J7	Capns2	10
Q9D7J9	Echdc3	14
Q9D7K5	Dmac2	12
Q9D7N2	Krtap26-1	2
Q9D7P0	Krtap3-3	1
Q9D7Q0	Lyg1	12
Q9D7S1	Tmem54	7
Q9D7S7	Rpl22l1	4
Q9D7T1	Rep15	14
Q9D7U6	Cldn22	9
Q9D7V2	Lysmd2	9
Q9D7Z7	Lypd5	8
Q9D820	Prorsd1	11
Q9D844	Dnajc4	12
Q9D845	Tex9	23
Q9D882	Fam241b	6
Q9D8L0		8
Q9D8M4	Rpl7l1	13
Q9D8N1		16
Q9D8S9	Bola1	8
Q9D8T4	Tvp23b	10
Q9D8U2	Tmem41a	9
Q9D8U7	Dtwd1	13
Q9D8X0	Manbal	4
Q9D8X1	Cutc	14
Q9D937	Rsmc	6
Q9D994	Wdr38	14
Q9D9A7	Ptges3l	6
Q9D9B0	Ccdc70	13
Q9D9B4	Lrmda	7
Q9D9C7		14
Q9D9F8	Mipol1	20
Q9D9G2	Pebp4	13
Q9D9H2	Cldnd2	3
Q9D9H3	Mbd3l1	8
Q9D9H8		18
Q9D9J8	Bpifa3	10
Q9D9K3	Aven	19
Q9D9L5	Actrt2	20
Q9D9M5	Phospho2	10
Q9D9N5	Cib4	6
Q9D9Q0	Lrrc69	21
Q9D9R3	Spata9	14
Q9D9R9	FAM186A	56
Q9DA04	Tmem89	6
Q9DA15	Spmap2l	30
Q9DA21	Smco2	14
Q9DA44	Tsacc	8
Q9DA60	Tex44	18
Q9DA77	Tex29	10
Q9DAH1	Scp2d1	8
Q9DAI6	Fam135b	61
Q9DAI9	Morn5	9
Q9DAK4	Fabp12	6
Q9DAK8	Lrrc51	8
Q9DAL0	Smim23	8
Q9DAL3	Ccdc54	21
Q9DAL9	Fam24b	3
Q9DAM3	Hspb9	11
Q9DAM7	Tmem263	6
Q9DAQ4		21
Q9DAY5		3
Q9DAZ5	Fam174c	3
Q9DB16	Cab39l	20
Q9DB26	Phyhd1	14
Q9DB29	Iah1	11
Q9DB32	Haghl	15
Q9DB72	Btbd17	23
Q9DB94	Wdr53	11
Q9DB98	Leng1	10
Q9DBM1	Gpatch1	38
Q9DBQ9	Swt1	46
Q9DBR2	Fam13c	28
Q9DBT3	Ccdc97	16
Q9DBU0	Tm9sf1	21
Q9DBW3	Natd1	7
Q9DC07	Nebl	17
Q9DC53	Cpne8	30
Q9DCB3	Rnf227	10
Q9DCC3	Ccdc107	6
Q9DCC7	Isoc2b	9
Q9DCM4	Dnal4	7
Q9DCQ2	Aspdh	18
Q9DCT5	Sdf2	8
Q9DD19	Rassf7	16
Q9DD23	Lypd2	1
Q9EPQ7	Stard5	10
Q9EPV8	Ubl5	4
Q9EPV9	Defb5	3
Q9EPW4	Clec3a	12
Q9ER81	Tor1aip2	4
Q9ERY9	Erg28	6
Q9JHA8	Vwa7	32
Q9JHB4	Wdr31	14
Q9JHT5	Ammecr1	14
Q9JI02	Scgb2b20	5
Q9JIS3	Smco4	1
Q9JJA2	Cog8	27
Q9JJB1	Tmem191	15
Q9JJB9	Tmem183	15
Q9JJC9	Herpud2	9
Q9JJF0	Nap1l5	4
Q9JJF6	Efcc1	29
Q9JJR5	Akip1	11
Q9JJR8	Tmem9b	10
Q9JJR9	Nrip3	12
Q9JJW0	Pxmp4	8
Q9JK88	Serpini2	20
Q9JKL4	Ndufaf3	9
Q9JKV5	Scamp4	3
Q9JME9	Vstm2b	12
Q9NWG9	Mageh1	11
Q9QVY8	Rai2	17
Q9QXJ4	Arl10	11
Q9QY66	Znhit2	18
Q9QZ10	Anxa10	17
Q9QZ57	Hspb3	8
Q9QZM9	Fbxo16	20
Q9QZN0	Fbxo15	22
Q9QZN3	Fbxo8	15
Q9QZU5	Krtap15-1	4
Q9R0P4	Smap	5
Q9R1Q7	Plp2	5
Q9WU12	Snurf	4
Q9WUZ7	Sh3bgr	10
Q9Z1L2	Syngr4	7
Q9Z287	Krtap12-1	0
Q9Z2M6	Ubl3	8
Q9Z2V9	Ccni	21
Q9Z2Y8	Plpbp	15
A0A140LIA7	Gm29797	7
A0A1B0GQX3	Ctxnd2	3
A0A1B0GST9	Ctxnd1	3
A0A5F8MPE6		20
A2AFE9	Prr32	11
A2AKE7	Actl10	13
A2ARS0	Ankrd63	14
A2RSX4	Stpg3	13
B1ARI9	Prr29	1
B1ARW8		8
B1AUF7	P3r3urf	5
B2KGE5	Fam229a	5
B9EK06	Exoc1l	9
D3YUG0	Samd13	7
D3Z070		9
E0CYV9		82
E9PVB3	Ccdc175	43
E9Q173	Btbd16	31
E9Q2Z6	Smim35	2
G3UW36	Cfap97d2	3
G3UW99	Tex54	6
J3QM76	Ccdc179	4
P01626		6
P01725		5
P01740		7
P01745		4
P01746		6
P01747		7
P01759		6
P01786		7
P01787		7
P01788		7
P01790		7
P01791		7
P01792		7
P01793		7
P01794		7
P01804		6
P01807		7
P01808		7
P01809		6
P01810		7
P01811		6
P01823		3
P04219		4
P06324		6
P06325	Tcrg-V1	6
P08399	Phxr5	20
P0C913		4
P0DW86	Tmem276	2
P11370	Fv4	29
P15972	Phxr2	6
P15973	Phxr1	1
P15974	Phxr4	1
P18527		5
P18528		5
P38639		0
P38640		1
P38641		1
P38642		0
P38643		1
P38644		1
P83853		1
P83854		1
P83855		1
P99031		0
P99032		1
Q08EJ0	Plac8l1	7
Q0VB26	Tex26	13
Q0VF22	Ccdc138	41
Q14C37	Lemd1	5
Q14DL0	Ubqlnl	15
Q24JP4		9
Q3KNL4		5
Q3TTJ4		14
Q3TTL0		15
Q3TUU5	Tex30	11
Q3TX51	Lrrc28	22
Q3UHV4	Trpc5os	4
Q3UIW8	Rnf224	7
Q3UJC8		40
Q3UKZ7	Arl14epl	9
Q3UN90	Lyrm9	4
Q3UNB8	Tmem253	4
Q3UNU4	Erich4	9
Q3UP44	Nhlrc4	4
Q3UPC7		65
Q3UUE9	Ankub1	11
Q3UV48	Lrrc30	15
Q3UWS6	Myocos	7
Q3V037	Gm136	20
Q3V0A6	Gm5592	28
Q3V0P1	Cpxcr1	16
Q3V3I5	Gm525	4
Q5EBG8		10
Q5SS90	Gm11992	19
Q62249	Sox19	3
Q6P1G6	Fam167a	9
Q6P1Z5	Pced1a	17
Q6P2K3	Cfap20dc	33
Q7TPD2	Fam185a	22
Q80SW5	Etd	3
Q80W35	Tmem202	10
Q80WB0	Fndc11	15
Q80Y39		10
Q80ZQ3		13
Q810A3	Ttc9c	5
Q810N5		16
Q810S2		10
Q8BGJ3		6
Q8BIG2	Lkaaear1	12
Q8BP99		10
Q8BQN5	Fam78b	12
Q8BT42	Smim5	2
Q8BTE5	Cebpzos	5
Q8BUP8	Fam43a	15
Q8BV84	Prr9	4
Q8BVN0	Ccdc122	19
Q8BWG4		55
Q8BWU3	Fam131a	14
Q8BZI6	Gucd1	10
Q8C0Q3	Ttc34	27
Q8C159	Ttc22	27
Q8C1F5	Ttc16	36
Q8C1R3		10
Q8C353	Tmem252	5
Q8C3M9		12
Q8C552	Fam78a	12
Q8C5S3		3
Q8C5V5	Wdr27	27
Q8C6V3	Tmem212	3
Q8C8J0	Stpg2	31
Q8CC14	Fam216b	9
Q8CCC3		23
Q8CDI7	Ccdc150	57
Q8CDS7	Fam243	12
Q8CEZ4	Mab21l4	26
Q8CF02	Fam25a	6
Q8CF36	Fam229b	3
Q8CFV2	Fam149a	33
Q8CHT6	Fam169b	19
Q8CHZ8	Dleu7	9
Q8CI70	Lrrc20	11
Q8K0S2	Erich5	22
Q8K174	Tmem60	5
Q8K207		10
Q8QZR4	Oaf	13
Q8R0A7	Kiaa0513	20
Q8R2R5	Lrrc61	12
Q8R3A2	Cdpf1	4
Q8VC23		7
Q8VCE4		8
Q8VDB8	Lrrc2	22
Q8VDR5	Tmem267	10
Q8VE95		16
Q91VN2	Gm5617	5
Q91WD4		23
Q91XA8	Klhdc8a	19
Q922C1		30
Q99J64	Rbm43	20
Q99LU8		13
Q99M03	Rwdd2b	12
Q9CQE9	Flywch2	6
Q9CR22	Tmem42	2
Q9CRW3		8
Q9CVW4	Spata45	6
Q9CWB5	Pgpep1l	6
Q9CWP9	Prr23a3	3
Q9CX25		6
Q9CYZ6	Rex1bd	11
Q9CZB9	Tmem128	4
Q9D174	Ss18l2	6
Q9D1Z2		4
Q9D2J7	Ankef1	38
Q9D2X8		20
Q9D454		25
Q9D4Y8	Tmem269	8
Q9D581	Efcab10	6
Q9D5W8	Tex47	12
Q9D7E4		6
Q9D7X1	Kctd4	15
Q9D8I3	Glod5	11
Q9D9B7	Prr30	20
Q9D9C6	Ccdc182	5
Q9D9M4	Pdzd9	11
Q9D9S1		10
Q9D9S3	Rwdd2a	14
Q9D9W6	Fam217a	16
Q9DA17	Tsga13	17
Q9DA42	Cimip1	8
Q9DA47	Tmem239	4
Q9DA64	Cdrt4	8
Q9DAA3		8
Q9DAA7	SPMIP3	9
Q9DAC7	Ttc32	8
Q9DAE3	Lelp1	4
Q9DAE8		11
Q9DAF8		12
Q9DAL7	Iqcf5	9
Q9DAQ5	Spmap1	9
Q9DB54	Fam216a	15
Q9DCS2	Mettl26	13
Q9JJ93	MNCb-2990	7
Q9JJR6	D7h11orf16	20
Q9WUQ7	Dexi	0
Q9WVB6	Lenep	4
Q9Z1R4	D17h6s53e	12
