accession	gene	tryptic_peptides
A0A096MJN4	Septin4	25
A0A096MJY4	Mef2c	14
A0A096MK47	Mlip	44
A0A0G2JTR4	Abr	43
A0A0G2JTY4	Nfatc3	31
A0A0G2JTZ2	Sox6	40
A0A0G2JUG7	Iqsec1	50
A0A0G2JV04	Gga3	24
A0A0G2JXN2	Trim46	42
A0A0G2JXT6	Mtmr6	37
A0A0G2JZ79	Sirt1	34
A0A0G2K047	Acss3	38
A0A0G2K1Q8	Abca3	71
A0A0G2K2P5	Tjp1	78
A0A0G2K309	Slc25a15	16
A0A0G2K344	Pik3ca	63
A0A0G2K5B0	Tbc1d24	27
A0A0G2QC33	Atg4b	16
A0A4Z3	A3galt2	15
A0A6N3IN21	Sdsl	15
A0A8I5ZN27	Cngb1	43
A0A8I5ZNK2	Oxsr1	24
A0A8I6G2K8	Kdm1a	37
A0A8I6G705	Rbpms	10
A0A8I6GM68	Hdac6	35
A0JPL0	Znf382	32
A0JPN2	Slc39a4	17
A0JPN4	Zc3h12a	34
A0JPQ4	Trim72	27
A0MZ67	Shtn1	38
A1A5Q0	Lmod2	28
A1A5Q5	Kdm4d	17
A1A5R1	Rbfox2	12
A1BPI0	Oaz3	7
A1L1K8	Habp4	19
A1L1L6	Rhot1	29
A2RRU1	Gys1	31
A2RRU4	Scap	44
A2RUV9	Aebp1	44
A2RUW1	Tollip	12
A2TGX5	Cd300a	11
A2VCW5	Slc38a5	16
A2VD12	Pbxip1	33
A4GG66	Gjc1	15
A4GTP4	Elk1	10
A4L691	Pinx1	10
A4L9P5	Hipk1	39
A6HD62	Stub1	21
A6IBC5	Prickle2	42
A6JNN4	Icam5	36
A6K136	Ppm1k	17
A6N6J5	Wdr35	62
A6P320	Marchf11	23
A6YP92	Arx	22
A7E3N2	Ncf2	31
A7VJC2	Hnrnpa2b1	19
A8WCF8	Tprg1l	13
A9CMA6	Tmem163	14
B0BMY1	Slc66a1	4
B0BN28	Ska1	12
B0BND0	Enpp6	24
B0BNF1	Septin8	20
B0BNF9	Hao1	21
B0BNK7	Lrfn3	27
B0BNM1	Naxe	13
B0K011	Osr1	7
B0K019	Bag1	15
B0K020	Cisd1	6
B0LPN4	Ryr2	263
B0LT89	Stk24	21
B1H234	Flrt3	35
B1H267	Snx5	22
B1H278	Trim11	20
B1PRL5	Cavin4	14
B1Q005	Mboat4	14
B1WBP0	Mpped2	13
B1WC10	Wdpcp	30
B1WC40	Ncbp2	9
B1WC58	Rbbp8	46
B1WC61	Acad9	37
B1WC68	Hdac8	14
B2DD29	Brsk1	44
B2GUY0	Man1b1	33
B2GUY1	Plk4	41
B2GUZ1	Usp4	48
B2GV06	Oxct1	24
B2GV17	Agbl5	38
B2GV22	Ptdss2	18
B2GV24	Ufl1	47
B2GV46	Ffar3	12
B2GV50	Rfx2	32
B2GV72	Cbr3	16
B2GV87	Ptpre	33
B2RYF7	Washc1	17
B2RYG6	Otub1	15
B2RYG8	Elp6	15
B2RYM5	Brcc3	16
B2RYN2	Fbxo31	25
B2RYN7	Spast	36
B2RYR0	Rnf168	34
B2RZ55	Sirt7	20
B3GNI6	Septin11	20
B3GSH5	Asmt	17
B4F769	Smarcal1	41
B4F779	Appl2	39
B4F7B7	Dusp15	15
B4F7C5	Lrrtm4	25
B4F7E7	Pals1	40
B5D5N9	Slc7a2	27
B5DEH0	Limd1	29
B5DEI4	Ube2w	4
B5DF27	Loxl2	33
B5DF45	Traf6	23
B5DF51	Mmgt1	5
B5DF89	Cul3	44
B5DF91	Elavl1	15
B5DF94	Srpx2	21
B5DFG1	Pink1	28
B5DFI8	Ube2s	11
B5DFN2	Ahcyl1	24
B7SBD2	Tox3	12
C0HL12	Adgrb1	72
C6K2K4	Neto2	29
D0Q0Y7	Cnih3	3
D0RB01	Usp12	17
D2KX21	Plaat1	5
D2XV59	Gtpbp1	28
D3Z8C9	Pde6a	50
D3Z8D9	Mad2l2	10
D3Z8E6	Camsap1	81
D3Z8K2	Ccdc39	51
D3Z8L7	Rras	15
D3Z902	Fbxw7	39
D3Z9H7	Nfatc4	41
D3Z9Z9	Smarcad1	46
D3ZAA9	Mpp2	32
D3ZAR1	Ldlrap1	15
D3ZAW2	Pisd	24
D3ZAZ5	Bcar3	50
D3ZB51	Igsf9b	46
D3ZB94	Gfral	20
D3ZBE5	Nek7	18
D3ZBM7	Hace1	34
D3ZBN0	H1-5	9
D3ZBP4	Mical1	46
D3ZCM3	Abcg4	24
D3ZD32	Chd5	88
D3ZDI6	Mylip	24
D3ZDI8	Pde6b	47
D3ZDK2	Ube2d1	4
D3ZDK7	Pgp	18
D3ZDM7	Ddo	20
D3ZE55	Pcdh8	46
D3ZEF4	Cul7	84
D3ZEH5	Sidt2	25
D3ZEN0	Micall2	65
D3ZER2	Bfsp2	27
D3ZEY4	Dgkq	44
D3ZF77	Akr1c15	19
D3ZF92	Tnfrsf21	35
D3ZFB6	Prrt2	10
D3ZFD0	Myo18a	102
D3ZFJ3	Sh3bp1	36
D3ZG27	Ubiad1	10
D3ZG52	Dna2	66
D3ZG83	Map3k10	42
D3ZGB1	Nfat5	32
D3ZGQ5	Nek8	24
D3ZGS3	Ocrl	44
D3ZHA0	Flnc	140
D3ZHH1	Dll4	24
D3ZHP7	Ulk3	23
D3ZHR2	Abcd1	35
D3ZHS6	Bap1	32
D3ZHV2	Macf1	310
D3ZI76	Gpat2	35
D3ZID8	Ubxn2a	15
D3ZIE4	Fyb1	31
D3ZJ25	Slc1a5	20
D3ZJ86	Slc9a6	23
D3ZJ96	Usp28	54
D3ZJP6	Myo10	96
D3ZKB9	Tshz3	53
D3ZKD3	Alkbh5	18
D3ZKX9	Aloxe3	30
D3ZLB7	Fosb	9
D3ZLH5	Plxnb3	61
D3ZMK9	Prag1	67
D3ZML2	Brsk2	37
D3ZMM8	Slc7a6	16
D3ZMY7	Nt5c2	25
D3ZN95	Hcfc1	58
D3ZPG5	Usp30	22
D3ZPX4	Plxna3	87
D3ZQF4	Fkbp6	15
D3ZQF9	Alox12e	35
D3ZQJ0	Cldn15	5
D3ZQL6	Micall1	34
D3ZQL7	Tppp	11
D3ZR10	Dcdc2	20
D3ZRC4	Pnpla8	38
D3ZS74	Oma1	27
D3ZSI8	Pip5k1a	23
D3ZSZ3	Nlk	23
D3ZTD8	Sema5a	48
D3ZTE0	F12	26
D3ZTL1	Pou4f3	14
D3ZTT2	Lypd6	8
D3ZTV3	Flrt2	31
D3ZU57	Riox1	23
D3ZUA0	Mthfd2l	19
D3ZUE1	Gas2l2	50
D3ZUI5	Cobl	61
D3ZUM2	Sarm1	44
D3ZUQ0	Rilpl1	22
D3ZVK1	Mcm8	45
D3ZVM4	Trim71	39
D3ZVU1	Sprtn	32
D3ZVU9	Nat8l	11
D3ZVV1	Khdc3	29
D3ZW55	Itpa	11
D3ZWK4	L3mbtl1	38
D3ZY60	Plekha8	26
D3ZYR1	Fcho2	33
D3ZYW7	Fxn	12
D3ZZC3	Klhl22	34
D3ZZX1	Inpp5a	22
D4A055	Cacnb4	27
D4A1F2	Mical2	96
D4A1J4	Bdh2	13
D4A1R8	Cpne1	23
D4A1W8	Mttp	45
D4A1X2	Exosc10	53
D4A208	Srgap2	45
D4A280	Pak5	32
D4A2B7	Afg2b	39
D4A2H2	Sptlc1	20
D4A2Z8	Dhx36	48
D4A3K5	H1-1	7
D4A4D7	E2f7	44
D4A4K3	Atg14	16
D4A4L4	Map7d2	37
D4A4P4	Flad1	31
D4A523	Nlrp3	55
D4A540	Ecrg4	8
D4A612	Elovl2	6
D4A631	Arfgef1	96
D4A693	Azin2	18
D4A6D8	Lrrtm1	22
D4A6L0	Gpr158	59
D4A6Z8	Kcnu1	45
D4A702	Synpo2	54
D4A734	Slc16a12	8
D4A7E1	Batf	4
D4A7H1	Slc9a9	19
D4A7K7	Gpr183	15
D4A7P2	Lrrtm2	28
D4A7T3	Brdt	40
D4A7V9	Eif2ak4	78
D4A8G3	Lurap1	14
D4AA47	Atp8b1	46
D4AB34	Erfe	9
D4ABL6	Mctp1	45
D4ACE5	Intu	44
D4ACP5	Recql5	57
D4ACX8	Dchs1	110
D4AD37	Bpnt2	16
D4AD53	Kcng1	15
D4ADX7	Kcnf1	20
D4ADY9	Elovl7	8
D4AE59	Stk11	20
D4AEC2	Camsap2	74
D9I2F9	Nlrp1a	63
D9I2G1	Nlrp1a	63
D9I2G3	Nlrp1a	64
D9I2G4	Nlrp1a	64
D9I2H0	Nlrp1a	63
E9PSK7	Mapk8ip3	55
E9PSL7	Cit	126
E9PT37	Rbm20	42
E9PT87	Mylk3	36
E9PTA2	Trpm2	75
E9PTT0	Zdhhc17	23
E9PU28	Impdh2	21
F1LM81	Tom1l1	13
F1LM93	Yes1	23
F1LMN3	E2f8	34
F1LMV6	Dsp	166
F1LMY4	Ryr1	234
F1LN46	Cpt1c	31
F1LNJ2	Snrnp200	113
F1LP64	Trip12	98
F1LP90	Mink1	57
F1LQ48	Hnrnpl	24
F1LQ70	Alox12	35
F1LQQ7	Scn7a	60
F1LQX4	Arhgap44	29
F1LQY6	Necab2	22
F1LR10	Lima1	44
F1LRS8	Cd2ap	34
F1LTE0	Tanc2	81
F1LVW7	Diaph3	60
F1LX07	Slc25a12	30
F1LXF1	Bcr	57
F1LYL9	Sox9	12
F1LYQ8	Farp1	55
F1LZF0	Klhl2	28
F1LZW6	Slc25a13	32
F1M0Z1	Trio	144
F1M386	Rapgef2	63
F1M391	Sting1	15
F1M3G7	Akap13	119
F1M3J4	Abcc4	69
F1M3L7	Eps8	35
F1M4A4	Kif1a	94
F1M5F3	Mcm9	57
F1M5M3	Tex14	73
F1M5N7	Kif21b	72
F1M625	Usp46	17
F1M707	Ncf1	25
F1M775	Diaph1	63
F1M7L9	Pkp2	49
F1M7Y5	Prkci	22
F1M8W4	Sox5	36
F1MA98	Tpr	108
F1MAB7	Dgki	44
F1MAD2	Patj	85
G3V6S8	Srsf6	16
G3V6U9	Setd3	33
G3V735	Amotl2	35
G3V7L1	Utrn	171
G3V7L5	Pou4f2	14
G3V7P1	Stx12	13
G3V7R4	Foxo1	26
G3V7W1	Pdcd6	9
G3V7X8	Cyp26b1	25
G3V801	Prss12	43
G3V8D4	Apoc2	3
G3V8H4	Cblc	24
G3V8R8	Kcnk6	11
G3V8V5	Kcnk4	8
G3V909	Atf6	26
G3V928	Lrp1	217
G3V9D0	Poglut1	22
G3V9H8	Ret	52
G3V9M2	Mapk8ip2	24
G3V9R8	Hnrnpc	19
G3V9T7	Get3	15
M0R3K6	Fam107a	8
M0R4F8	Dnmbp	82
M0R5D6	Rnf157	24
M0R6D8	Mnx1	13
M0R7Z9	Plin5	25
M0R8L2	SPX	6
M0R8U1	Dnah5	178
M0RC99	Rab5a	11
O08556	Ccr5	11
O08557	Ddah1	17
O08560	Dgkz	41
O08561	Pi4kb	37
O08562	Scn9a	67
O08564	Plpp1	9
O08565	Cxcr4	11
O08589	Fxyd1	2
O08590	Aoc3	28
O08617	Ptprr	34
O08623	Sqstm1	15
O08625	Syt10	28
O08629	Trim28	29
O08651	Phgdh	22
O08656	Hoxa1	9
O08662	Pi4ka	118
O08678	Mark1	44
O08679	Mark2	39
O08680	Epha3	49
O08697	Arl2	9
O08699	Hpgd	15
O08701	Arg2	16
O08719	Evl	21
O08721	Unc5a	41
O08722	Unc5b	42
O08725	Ghsr	8
O08726	Galr2	8
O08727	Tnfrsf11b	24
O08730	Gyg1	11
O08773	Rgs14	29
O08774	Rgs12	51
O08775	Kdr	64
O08812	Slc7a3	17
O08815	Slk	56
O08816	Wasl	22
O08835	Syt11	14
O08836	Igbp1	19
O08837	Cdc5l	35
O08838	Amph	27
O08839	Bin1	28
O08873	Madd	74
O08874	Pkn2	54
O08875	Dclk1	16
O08876	Klf10	21
O08878	Gper1	6
O08949	Gtf2a1	5
O08954	Snai2	12
O08961	Znf423	55
O08962	Kcnh2	52
O08984	Lbr	20
O09014	Slc15a4	17
O09017	Nr2f6	19
O09018	Nr2f2	19
O09027	Ackr2	12
O09028	Gabrp	21
O09032	Elavl4	20
O09139	E2f1	16
O09171	Bhmt	23
O09175	Rnpep	30
O19477	Mr1	13
O35048	Hsd3b7	15
O35049	Smpd3	30
O35052	Cds1	17
O35078	Dao	14
O35095	Ncdn	32
O35112	Alcam	27
O35115	Fhl2	18
O35116	Ctnnd2	14
O35119	Trpc4	50
O35132	Cyp27b1	21
O35142	Copb2	47
O35147	Bad	10
O35152	Bet1l	6
O35158	Cdon	53
O35165	Gosr2	7
O35167	Colq	19
O35179	Sh3gl2	15
O35180	Sh3gl3	21
O35186	Ctsk	12
O35217	Minpp1	23
O35240	Asic3	21
O35244	Prdx6	14
O35251	Vegfd	18
O35254	Gorasp1	9
O35260	Nacc1	24
O35263	Pafah1b3	15
O35264	Pafah1b2	8
O35274	Ppp1r9b	30
O35276	Nrp2	46
O35303	Dnm1l	52
O35312	Mstn	18
O35314	Chgb	40
O35331	Pdxk	15
O35346	Ptk2	54
O35394	Rabac1	4
O35397	Casp6	15
O35412	Sipa1l1	96
O35413	Sorbs2	59
O35430	Apba1	33
O35431	Apba2	22
O35433	Trpv1	37
O35458	Slc32a1	19
O35460	Angpt1	31
O35462	Angpt2	28
O35476	Opn1mw	10
O35485	Vegfb	8
O35509	Rab11b	15
O35543	Hpgds	10
O35547	Acsl4	34
O35548	Mmp16	25
O35550	Rabep1	53
O35552	Pfkfb3	36
O35567	Atic	34
O35568	Efemp1	23
O35569	Nrg2	44
O35750	Shox2	13
O35757	Vegfc	23
O35762	Nkx6-1	13
O35763	Msn	34
O35764	Nptxr	21
O35767	Nkx2-5	14
O35776	Has2	29
O35779	Bhlhb3	18
O35780	Bhlhe40	23
O35783	Calu	14
O35786	Cmklr1	10
O35787	Kif1c	60
O35789	B3gat1	14
O35793	Grem1	9
O35795	Entpd2	19
O35796	C1qbp	12
O35799	Hfe	18
O35800	Hif1a	35
O35811	P2ry4	14
O35814	Stip1	34
O35815	Atxn3	17
O35819	Klf6	9
O35820	Dnph1	8
O35826	Gne	36
O35831	Cdk17	28
O35854	Bcat2	18
O35867	Ppp1r9a	50
O35876	Smn1	7
O35889	Afdn	87
O35910	Slc16a3	15
O35913	Slco1a4	25
O35921	Slc1a6	17
O35923	Brca2	170
O35932	Ptgdrl	11
O35952	Hagh	13
O35956	Slc22a6	20
O35964	Sh3gl1	19
O35987	Nsfl1c	21
O54697	Naaladl1	32
O54698	Slc29a1	13
O54699	Slc29a2	11
O54701	Slc24a2	21
O54702	Chst10	19
O54715	Atp6ap1	12
O54728	Plb1	75
O54735	Pde5a	45
O54747	Pold1	63
O54748	Stk3	28
O54753	Hsd17b6	15
O54766	Zp1	21
O54767	Zp2	22
O54800	Cdh8	25
O54814	Ccr3	9
O54835	Smad9	20
O54838	Dusp5	15
O54842	Nupr1	1
O54852	Kcnh7	59
O54853	Kcnh6	43
O54857	Pten	17
O54861	Sort1	30
O54874	Cdc42bpa	85
O54880	Rph3al	12
O54888	Polr1b	52
O54889	Polr1a	89
O54898	Cacna1g	79
O54902	Slc11a2	8
O54912	Kcnk3	12
O54922	Exoc7	32
O54924	Exoc8	45
O54937	Pdk4	22
O54939	Hsd17b3	18
O54947	Havcr1	11
O54952	Brca1	93
O54960	Nos1ap	27
O54963	Rest	39
O54968	Nfe2l2	14
O54975	Xpnpep1	35
O54980	Syngr2	3
O55000	Ppp1r10	45
O55005	Robo1	68
O55012	Picalm	23
O55034	Spag4	18
O55035	Ppig	20
O55043	Arhgef7	36
O55096	Dpp3	37
O55099	Aurkb	19
O55145	Cx3cl1	21
O55156	Clip2	59
O55159	Epcam	14
O55164	Mpdz	89
O55165	Kif3c	39
O55166	Vps52	38
O55170	Sox10	12
O55171	Acot2	22
O55173	Pdpk1	24
O55174	Slc30a4	14
O55193	Ccr2	11
O55197	C3ar1	11
O55207	Synj2	62
O55232	Hcrt	6
O70127	Abcb11	60
O70132	Fev	7
O70143	Shc3	33
O70150	Pnck	14
O70156	Olr1	15
O70173	Pik3c2g	73
O70196	Prep	44
O70215	Klrk1	14
O70239	Axin1	38
O70240	Axin2	36
O70244	Cubn	124
O70247	Slc5a6	16
O70249	Ogg1	18
O70257	Stx7	11
O70260	Pias3	26
O70276	Rpe65	20
O70277	Trim3	33
O70351	Hsd17b10	14
O70377	Snap23	12
O70418	Rnf112	36
O70436	Smad2	18
O70437	Smad4	19
O70441	Syn3	28
O70444	Pim3	14
O70467	Prmt3	22
O70490	Acsm2	31
O70511	Ank3	130
O70521	Rgs19	11
O70531	Slc26a2	21
O70534	Dlk1	14
O70535	Lifr	60
O70536	Soat1	22
O70593	Sgta	12
O70594	Slc22a5	20
O70595	Abcb6	32
O70596	Kcnj14	19
O70597	Pex11a	14
O70600	Rsad2	19
O70601	Lat	8
O70608	Sycp2	84
O70631	Ces2c	18
O88181	Barhl2	11
O88182	Fgf18	12
O88202	Aspg	23
O88267	Acot1	20
O88269	Abcc6	56
O88272	Mmp23	15
O88275	Pparg	19
O88277	Fat2	174
O88278	Celsr3	140
O88279	Slit1	59
O88280	Slit3	69
O88339	Epn1	11
O88368	Mitf	17
O88370	Pip4k2c	18
O88377	Pip4k2b	18
O88382	Magi2	63
O88387	Fgd4	45
O88397	Slco1a5	30
O88406	Smad7	21
O88407	Faim2	3
O88419	B4galt6	17
O88420	Scn8a	62
O88422	Galnt5	46
O88436	Pax4	18
O88446	Slc22a3	17
O88450	Deaf1	19
O88453	Safb	37
O88457	Scn11a	68
O88480	Cabin1	104
O88483	Pdp1	32
O88484	Pdp2	25
O88488	Ptprq	98
O88496	Ggcx	23
O88498	Bcl2l11	10
O88506	Stk39	21
O88563	Abcc3	61
O88582	Socs2	13
O88583	Socs3	10
O88600	Hspa4	50
O88618	Ftcd	25
O88658	Kif1b	96
O88664	Taok1	45
O88671	Dll3	19
O88751	Cabp1	17
O88763	Pik3c3	46
O88764	Dapk3	18
O88766	Mmp8	22
O88767	Park7	12
O88775	Emb	14
O88777	Psen2	13
O88778	Bsn	169
O88780	Klk8	10
O88797	Dab2	31
O88801	Homer2	19
O88807	Padi4	32
O88808	Tub	21
O88813	Acsl5	33
O88828	Polr2f	3
O88831	Camkk2	33
O88846	Rnf4	6
O88850	Hipk3	45
O88867	Kmo	26
O88869	Rassf9	21
O88871	Gabbr2	43
O88873	Gmeb2	14
O88881	Begain	40
O88884	Akap1	29
O88900	Grb14	27
O88902	Ptpn23	56
O88917	Adgrl1	64
O88923	Adgrl2	66
O88943	Kcnq2	45
O88944	Kcnq3	38
O88984	Nxf1	29
O88989	Mdh1	14
O89000	Dpyd	50
O89035	Slc25a10	15
O89038	Mef2d	16
O89039	Ackr3	7
O89040	Plcb2	60
O89042	Pola1	73
O89046	Coro1b	19
O89047	Kcnh3	32
O89049	Txnrd1	24
O89107	Dnase1l3	17
P00159	Mt-cyb	4
P00173	Cyb5a	6
P00176	Cyp2b1	27
P00185	Cyp1a1	25
P00388	Por	35
P00481	Otc	18
P00502	Gsta1	11
P00507	Got2	26
P00539	Mos	19
P00684	Rnase1	6
P00697	Lyz1	7
P00714	Lalba	6
P00759	Klk2	6
P00762	Prss1	4
P00763	Prss2	5
P00773	Cela1	9
P00786	Ctsh	14
P00787	Ctsb	15
P00884	Aldob	18
P01015	Agt	20
P01026	C3	99
P01048	Map1	21
P01134	Tgfa	6
P01143	Crh	12
P01150	Trh	11
P01161	Nppa	7
P01179	Oxt	7
P01186	Avp	7
P01194	Pomc	10
P01237	Prl	8
P01244	Gh1	10
P01257	Calca	7
P01283	Vip	9
P01322	Ins1	5
P01323	Ins2	5
P01346	Igf2	8
P01347	Rln1	12
P01355	Cck	5
P01581	Ifng	9
P01830	Thy1	8
P01855	IGHE	21
P01946	Hba1	9
P02091	Hbb	11
P02262		5
P02454	Col1a1	72
P02466	Col1a2	68
P02523	Crybb1	16
P02563	Myh6	101
P02564	Myh7	100
P02625	Pvalb	8
P02631	Ocm	7
P02650	Apoe	16
P02651	Apoa4	24
P02680	Fgg	24
P02683	Nsg1	10
P02688	Mbp	10
P02692	Fabp1	6
P02693	Fabp2	5
P02696	Rbp1	10
P02706	Asgr1	13
P02761		12
P02764	Orm1	11
P02767	Ttr	7
P02770	Alb	36
P02773	Afp	34
P02803	Mt1	3
P03957	Mmp3	22
P03994	Hapln1	25
P04041	Gpx1	13
P04055	Pla2g1b	8
P04089	Pth	9
P04094	Penk	12
P04157	Ptprc	52
P04166	Cyb5b	6
P04167	Cyp2b2	26
P04176	Pah	29
P04177	Th	28
P04182	Oat	17
P04218	Cd200	9
P04256	Hnrnpa1	18
P04276	Gc	26
P04355	Mt2	3
P04631	S100b	3
P04633	Ucp1	19
P04634	Lipf	13
P04636	Mdh2	20
P04638	Apoa2	7
P04639	Apoa1	13
P04640	Bglap	3
P04642	Ldha	18
P04692	Tpm1	16
P04694	Tat	24
P04757	Chrna3	22
P04762	Cat	29
P04764	Eno1	22
P04774	Scn1a	69
P04775	Scn2a	61
P04785	P4hb	32
P04797	Gapdh	16
P04799	Cyp1a2	30
P04800	Cyp3a1	24
P04823	Il3	9
P04897	Gnai2	17
P04903	Gsta2	12
P04904	Gsta3	12
P04905	Gstm1	17
P04906	Gstp1	10
P04916	Rbp4	11
P04917	Srgn	5
P04937	Fn1	102
P04961	Pcna	16
P05065	Aldoa	22
P05178	Cyp2c6	26
P05179	Cyp2c7	26
P05182	Cyp2e1	25
P05183	Cyp3a2	23
P05197	Eef2	45
P05369	Fdps	17
P05370	G6pdx	32
P05371	Clu	20
P05426	Rpl7	13
P05432	Errfi1	18
P05503	Mt-co1	5
P05539	Col2a1	71
P05540	Cd4	21
P05545	Serpina3k	21
P05554	Cebpa	7
P05696	Prkca	32
P05708	Hk1	47
P05710	Prlr	31
P05712	Rab2a	14
P05714	Rab4a	14
P05942	S100a4	6
P05943	S100a10	4
P05964	S100a6	5
P05982	Nqo1	15
P06211	Esr1	22
P06214	Alad	15
P06238	A2m	73
P06300	Pdyn	9
P06302	Ptma	3
P06349	H1-6	9
P06399	Fga	34
P06494	Erbb2	44
P06536	Nr3c1	39
P06685	Atp1a1	46
P06686	Atp1a2	47
P06687	Atp1a3	44
P06757	Adh1	14
P06759	Apoc3	4
P06760	Gusb	31
P06761	Hspa5	32
P06762	Hmox1	14
P06765	Pf4	5
P06766	Polb	16
P06767	Tac1	7
P06768	Rbp2	7
P06866	Hp	19
P06882	Tg	101
P06883	Gcg	9
P06907	Mpz	9
P07092	Serpine2	20
P07150	Anxa1	21
P07151	B2m	5
P07154	Ctsl	14
P07171	Calb1	14
P07174	Ngfr	12
P07308	Scd1	11
P07314	Ggt1	24
P07323	Eno2	20
P07335	Ckb	16
P07338	Ctrb1	9
P07340	Atp1b1	15
P07379	Pck1	36
P07483	Fabp3	9
P07490	Gnrh1	4
P07522	Egf	56
P07632	Sod1	9
P07647	Klk9	9
P07687	Ephx1	26
P07722	Mag	22
P07725	Cd8a	11
P07727	Glra1	16
P07756	Cps1	70
P07808	Npy	4
P07824	Arg1	15
P07825	Syp	12
P07861	Mme	38
P07867	Lipc	19
P07871	Acaa1b	21
P07872	Acox1	32
P07882	Cel	24
P07895	Sod2	12
P07896	Ehhadh	38
P07897	Acan	53
P07936	Gap43	13
P07943	Akr1b1	18
P07953	Pfkfb1	33
P08009	Gstm7	17
P08010	Gstm2	17
P08011	Mgst1	5
P08025	Igf1	5
P08033	Gjb1	14
P08050	Gja1	19
P08081	Clta	7
P08082	Cltb	9
P08104	Scn3a	64
P08154	Egr1	10
P08289	Alpl	29
P08290	Asgr2	11
P08413	Camk2b	27
P08424	Ren1	12
P08427	Sftpa1	10
P08430	Ugt1a6	24
P08460	Nid1	11
P08461	Dlat	33
P08482	Chrm1	12
P08483	Chrm3	15
P08485	Chrm4	13
P08494	Mgp	4
P08503	Acadm	21
P08516	Cyp4a10	29
P08523	Omp	10
P08542	Ugt2b17	23
P08592	App	34
P08635	Olah	15
P08644	Kras	9
P08649	C4	81
P08650	C5	82
P08661	Mbl2	13
P08683	Cyp2c11	27
P08699	Lgals3	8
P08721	Spp1	14
P08733	Myl2	10
P08753	Gnai3	15
P08909	Htr2c	14
P08911	Chrm5	18
P08921	Cd2	12
P08932		24
P08934	Kng1	32
P09006	Serpina3n	23
P09011	Mip	5
P09034	Ass1	21
P09057	Odc1	18
P09117	Aldoc	22
P09118	Uox	16
P09139	Agxt	18
P09215	Prkcd	38
P09216	Prkce	42
P09217	Prkcz	25
P09330	Prps2	16
P09367	Sds	18
P09414	Nfia	19
P09416	Myc	14
P09456	Prkar1a	19
P09483	Chrna4	29
P09495	Tpm4	15
P09527	Rab7a	14
P09605	Ckmt2	20
P09606	Glul	15
P09626	Atp4a	46
P09634	Hoxa7	4
P09655	Spink1	4
P09660	Chrne	22
P09739	Tnnt3	7
P09759	Ephb1	53
P09760	Fer	42
P09810	Tph1	27
P09811	Pygl	49
P09812	Pygm	51
P09875	Ugt2b1	24
P09895	Rpl5	11
P09916	Ghrh	5
P09951	Syn1	28
P0C089	Ptpmt1	13
P0C0A9	Svip	4
P0C0K5	Havcr2	15
P0C0R5	Pik3r4	56
P0C0S7	H2az1	5
P0C0T0	Litaf	1
P0C0T2	Anks6	44
P0C152	Tmem67	42
P0C169		5
P0C170		5
P0C1G9	Sox11	10
P0C1Q3	Lpcat2	27
P0C1S9	Daglb	29
P0C1T0	Mmel1	32
P0C1X8	Aak1	37
P0C279	Cpeb1	27
P0C2N5	Kmt5b	35
P0C2N6	Kmt5c	24
P0C548	Pnpla2	22
P0C588	Cnnm4	36
P0C5E3	Palld	29
P0C5H6	Igsf9	43
P0C5H9	Manf	9
P0C5W1	Map1s	36
P0C5X8	Ttyh1	12
P0C5Y8	Als2	70
P0C606	Sgf29	11
P0C627	Ubxn2b	18
P0C644	Ppip5k1	59
P0C6P7	Fem1b	35
P0C6S7	Anks1b	56
P0C6T3	Prr7	7
P0C6Y7	Prdm9	40
P0C7J6	Lrfn1	34
P0C865	Mapk7	27
P0C8E4	Map3k7	30
P0CAX5	Ophn1	53
P0CC10	Lrrc4b	29
P0CE43	Grb10	28
P0CE46	Slc30a8	12
P0CF24	Foxp2	18
P0CG51	Ubb	19
P0CH38	Fbxo45	11
P0DJJ3	Sgip1	36
P0DL28	Fbxw8	29
P0DMW0	Hspa1a	33
P0DMW1	Hspa1b	33
P0DP29	Calm1	9
P0DP30	Calm2	9
P0DP31	Calm3	9
P0DP76	Apela	2
P0DSP1	Sorl1	110
P0DX21	Slc17a9	15
P10037	Pou1f1	11
P10111	Ppia	10
P10158	Fosl1	6
P10247	Cd74	15
P10252	Cd48	11
P10354	Chga	19
P10361	Tp53	19
P10362	Scg2	36
P10499	Kcna1	21
P10536	Rab1b	15
P10608	Adrb2	13
P10631	Pyy	4
P10633	Cyp2d1	28
P10634	Cyp2d26	25
P10683	Gal	6
P10686	Plcg1	57
P10687	Plcb1	57
P10688	Plcd1	35
P10719	Atp5f1b	27
P10758	Reg1	6
P10760	Ahcy	26
P10824	Gnai1	15
P10860	Glud1	31
P10868	Gamt	11
P10937	Pnmt	11
P10959	Ces1c	25
P10960	Psap	30
P10980	Chrm2	10
P11030	Dbi	3
P11101	Tnp2	2
P11167	Slc2a1	11
P11232	Txn	7
P11275	Camk2a	23
P11345	Raf1	37
P11348	Qdpr	14
P11384	Sct	4
P11442	Cltc	88
P11466	Crot	33
P11475	Esrrb	20
P11497	Acaca	121
P11505	Atp2b1	50
P11506	Atp2b2	55
P11507	Atp2a2	46
P11517		11
P11530	Dmd	186
P11598	Pdia3	28
P11654	Nup210	67
P11685	Sftpc	10
P11711	Cyp2a1	33
P11715	Cyp17a1	31
P11730	Camk2g	24
P11762	Lgals1	9
P11883	Aldh3a1	22
P11884	Aldh2	23
P11915	Scp2	25
P11960	Bckdha	25
P11980	Pkm	31
P12007	Ivd	22
P12336	Slc2a2	12
P12346	Tf	36
P12368	Prkar2a	21
P12369	Prkar2b	23
P12371	Fcer1a	12
P12389	Chrna2	22
P12390	Chrnb2	22
P12391	Chrnb3	22
P12392	Chrnb4	25
P12526	Mas1	7
P12527	Alox5	34
P12711	Adh5	18
P12749	Rpl26	6
P12760	Nmu	5
P12785	Fasn	113
P12839	Nefm	46
P12841	Fos	9
P12843	Igfbp2	15
P12847	Myh3	102
P12928	Pklr	32
P12939	Cyp2d10	26
P12969	Iapp	7
P13053	Vdr	21
P13084	Npm1	12
P13085	Pthlh	7
P13086	Suclg1	14
P13107	Cyp2b3	24
P13109	Fgf2	7
P13195	Alas1	32
P13205	Nppb	4
P13207	Edn3	8
P13221	Got1	23
P13233	Cnp	26
P13234	Camk4	31
P13255	Gnmt	15
P13264	Gls	34
P13265	Gpc3	20
P13286	Phkg1	22
P13383	Ncl	35
P13386	Ms4a2	7
P13432	Vcsa1	2
P13437	Acaa2	21
P13444	Mat1a	17
P13471	Rps14	4
P13589	Adcyap1	8
P13596	Ncam1	38
P13599	Fcgrt	10
P13601	Aldh1a7	22
P13635	Cp	48
P13638	Atp1b2	14
P13668	Stmn1	9
P13676	Apeh	32
P13697	Me1	29
P13721	St6gal1	20
P13838	Spn	9
P13852	Prnp	9
P13941	Col3a1	65
P14056	Araf	30
P14095	Cxcl1	5
P14137	Cyp11a1	28
P14141	Ca3	15
P14173	Ddc	20
P14200	Pmch	8
P14270	Pde4d	36
P14272	Klkb1	38
P14408	Fh	27
P14423	Pla2g2a	6
P14480	Fgb	29
P14562	Lamp1	18
P14600	Tacr1	12
P14604	Echs1	16
P14630	Apom	8
P14646	Pde4b	34
P14650	Tpo	50
P14659	Hspa2	35
P14668	Anxa5	22
P14669	Anxa3	21
P14740	Dpp4	39
P14841	Cst3	8
P14842	Htr2a	18
P14844	Ccl2	6
P14881	Cryba1	12
P14882	Pcca	44
P14925	Pam	42
P14942	Gsta4	10
P15083	Pigr	33
P15087	Cpe	24
P15127	Insr	70
P15129	Cyp4b1	28
P15146	Map2	87
P15205	Map1b	101
P15207	Ar	34
P15257	Hnf1a	15
P15304	Lipe	56
P15337	Creb1	4
P15383	Kcne1	3
P15384	Kcna3	19
P15385	Kcna4	24
P15387	Kcnb1	36
P15389	Scn5a	69
P15390	Scn4a	56
P15393	Cyp11b1	25
P15429	Eno3	20
P15431	Gabrb1	18
P15473	Igfbp3	16
P15589	Sts	16
P15650	Acadl	21
P15651	Acads	21
P15684	Anpep	33
P15693	Alpi	24
P15709	Sult2a1	20
P15725	Tnfrsf4	11
P15791	Camk2d	26
P15800	Lamb2	92
P15823	Adra1b	17
P15865	H1-4	10
P15943	Aplp2	32
P15999	Atp5f1a	31
P16067	Npr2	56
P16086	Sptan1	143
P16177	Tacr3	13
P16228	Ctse	5
P16232	Hsd11b1	18
P16235	Lhcgr	31
P16257	Tspo	6
P16259	Capn3	48
P16290	Pgam2	13
P16296	F9	18
P16303	Ces1d	23
P16310	Ghr	25
P16409	Myl3	13
P16446	Pitpna	18
P16453	Hdc	33
P16573	Ceacam1	21
P16598	Il1a	16
P16599	Tnf	13
P16610	Tacr2	8
P16612	Vegfa	8
P16617	Pgk1	24
P16636	Lox	19
P16638	Acly	57
P16884	Nefh	40
P16970	Abcd3	35
P16975	Sparc	13
P17046	Lamp2	17
P17074	Rps19	10
P17105	Itpka	26
P17108	Il2	8
P17136	Snrpb	13
P17164	Fuca1	17
P17178	Cyp27a1	29
P17220	Psma2	10
P17246	Tgfb1	20
P17256	Mvk	13
P17325	Jun	10
P17425	Hmgcs1	22
P17431	Zfp36l1	13
P17475	Serpina1	19
P17490	Inha	12
P17491	Inhbb	16
P17559	Scgb1a1	2
P17625	Gys2	35
P17659	Kcna6	21
P17708	Amd1	18
P17712	Gck	20
P17764	Acat1	23
P17777	Lif	11
P17945	Hgf	42
P17955	Nup62	10
P17977	Ctsg	11
P17982	Art2a	15
P17988	Sult1a1	16
P18088	Gad1	22
P18090	Adrb1	14
P18113	Thrb	21
P18125	Cyp7a1	25
P18163	Acsl1	37
P18211	RT1-Db1	13
P18265	Gsk3a	17
P18266	Gsk3b	21
P18280	Ntf3	17
P18291	Gzmb	14
P18292	F2	28
P18297	Spr	12
P18298	Mat2a	19
P18331	Inhba	26
P18418	Calr	22
P18420	Psma1	18
P18422	Psma3	12
P18424	Lcat	16
P18484	Ap2a2	49
P18506	Gabrd	19
P18508	Gabrg2	20
P18576	Nfya	2
P18588	Mx1	34
P18589	Mx2	40
P18590	Mx3	37
P18596	Atp2a3	41
P18614	Itga1	44
P18666	Myl12b	10
P18757	Cth	22
P18864	Hoxb7	6
P18886	Cpt2	30
P18901	Drd1	14
P18910	Npr1	55
P18916	Chrng	23
P19020	Drd3	11
P19024	Kcna5	25
P19112	Fbp1	20
P19132	Fth1	12
P19139	Csnk2a1	18
P19218	Gp2	20
P19313	Cst4	6
P19327	Htr1a	10
P19328	Adra2b	12
P19332	Mapt	26
P19335	Myf6	11
P19356	Hmbs	17
P19357	Slc2a4	9
P19359	Ascl1	5
P19360	Ascl2	14
P19468	Gclc	27
P19490	Gria1	45
P19491	Gria2	43
P19492	Gria3	39
P19493	Gria4	43
P19527	Nefl	35
P19627	Gnaz	17
P19629	Ldhc	17
P19633	Casq1	9
P19637	Plat	27
P19643	Maob	25
P19686	Gucy1a1	34
P19804	Nme2	11
P19814	Ttgn1	15
P19836	Pcyt1a	23
P19939	Apoc1	3
P19944	Rplp1	3
P19945	Rplp0	13
P19969	Gabra5	19
P19999	Mbl1	13
P20037	RT1-Ba	9
P20068	Nts	8
P20070	Cyb5r3	14
P20096	Il4	9
P20156	Vgf	34
P20171	Hras	10
P20236	Gabra3	30
P20266	Pou4f1	15
P20267	Pou3f1	12
P20272	Cnr1	19
P20291	Alox5ap	5
P20294	Cntf	9
P20395	Fshr	28
P20411	Fcer1g	2
P20417	Ptpn1	24
P20420	Chrna5	25
P20428	Myog	11
P20595	Gucy1b1	38
P20607	Il6	11
P20611	Acp2	17
P20646	Acp3	18
P20650	Ppm1a	21
P20651	Ppp3cb	25
P20673	Asl	24
P20689	Mylk2	27
P20695	Ifrd1	20
P20717	Padi2	30
P20720	Ugt1a2	22
P20781	Glrb	22
P20786	Pdgfra	49
P20788	Uqcrfs1	14
P20789	Ntsr1	12
P20793	Mak	40
P20812	Cyp2a3	32
P20814	Cyp2c13	23
P20816	Cyp4a2	28
P20817	Cyp4a14	28
P20909	Col11a1	89
P20961	Serpine1	22
P20974	Art2b	16
P21263	Nes	94
P21272	Cebpb	9
P21396	Maoa	25
P21451	Ednrb	22
P21463	Tshr	31
P21531	Rpl3	20
P21533	Rpl6	16
P21555	Npy1r	10
P21571	Atp5pf	6
P21575	Dnm1	46
P21581	Kitlg	11
P21588	Nt5e	28
P21643	Tdo2	24
P21674	Fst	18
P21677	Tcf3	19
P21704	Dnase1	14
P21707	Syt1	20
P21708	Mapk3	22
P21743	Igfbp1	13
P21744	Igfbp4	12
P21775	Acaa1a	20
P21807	Prph	31
P21816	Cdo1	10
P21818	Stmn2	9
P21913	Sdhb	18
P21932	Adcy3	46
P21994	Gjb2	11
P22002	Cacna1c	83
P22057	Ptgds	5
P22062	Pcmt1	11
P22063	Cntn2	49
P22071	Hsd3b1	14
P22086	Adra2c	11
P22199	Nr3c2	45
P22273	Il6r	17
P22288	Gch1	15
P22355	Sftpb	13
P22388	Edn1	10
P22443	Cyp19a1	28
P22449	Hnf4a	16
P22462	Kcnc2	20
P22509	Fbl	20
P22717	Gucy1b2	42
P22734	Comt	15
P22756	Grik1	47
P22771	Glra2	14
P22789	Sult2a6	20
P22791	Hmgcs2	20
P22829	Nr4a1	22
P22909	Adra2a	11
P22934	Tnfrsf1a	21
P22985	Xdh	49
P23097	Mmp13	25
P23270	Or6a2	11
P23347	Slc4a2	45
P23348	Slc4a3	47
P23363	Bdnf	16
P23377	Furin	32
P23385	Grm1	51
P23441	Nkx2-1	10
P23457	Akr1c9	19
P23512	Foxa1	11
P23514	Copb1	48
P23562	Slc4a1	38
P23565	Ina	32
P23570	Irf1	11
P23574	Gabrg1	15
P23576	Gabra2	22
P23593	Apod	9
P23606	Tgm1	46
P23640	Rab27a	13
P23680	Apcs	11
P23693	Tnni3	7
P23711	Hmox2	18
P23739	Si	75
P23785	Grn	24
P23811	Sctr	18
P23897	Gucy2c	54
P23899	Hnf1b	17
P23928	Cryab	10
P23943	Edn2	9
P23944	Adra1d	17
P23965	Eci1	18
P23977	Slc6a3	19
P23978	Slc6a1	17
P24008	Srd5a1	10
P24062	Igf1r	64
P24090	Ahsg	12
P24135	Plcg2	64
P24155	Thop1	40
P24268	Ctsd	19
P24329	Tst	11
P24338	Areg	7
P24368	Ppib	13
P24388	Crhbp	16
P24389	Dio1	13
P24392	Pex2	19
P24393	Grp	6
P24464	Cyp4a12	26
P24470	Cyp2c23	28
P24473	Gstk1	16
P24483	Fdx1	10
P24524	Glra3	16
P24528	Mgmt	8
P24587	Akap5	28
P24594	Igfbp5	13
P24623	Cryaa	11
P24898	Junb	13
P24942	Slc1a3	15
P25023	Bdkrb2	11
P25031	Reg3b	6
P25086	Il1rn	10
P25094	Pmp22	1
P25095	Agtr1	13
P25099	Adora1	4
P25102	Hrh2	14
P25108	Chrna1	19
P25109	Chrnb1	26
P25110	Chrnd	21
P25113	Pgam1	13
P25114	Pfkfb4	31
P25115	Drd5	13
P25122	Kcnc1	24
P25236	Selenop	15
P25286	Atp6v0a1	32
P25304	Agrn	78
P25409	Gpt	23
P25427	Ngf	12
P25809	Ckmt1	19
P25886	Rpl29	7
P25961	Pth1r	20
P25977	Ubtf	37
P26051	Cd44	17
P26255	Adrb3	13
P26260	Sdc1	9
P26284	Pdha1	22
P26342	Tgfbr3	32
P26376	ifitm3	5
P26431	Slc9a1	23
P26433	Slc9a3	26
P26434	Slc9a4	25
P26435	Slc10a1	10
P26453	Bsg	17
P26644	Apoh	17
P26684	Ednra	16
P26769	Adcy2	45
P26770	Adcy4	40
P26794	Pim1	16
P26801	Cebpg	1
P26817	Grk2	36
P26819	Grk3	37
P26824	F2r	13
P26896	Il2rb	19
P26897	Il2ra	11
P27008	Parp1	49
P27049	Btg2	8
P27139	Ca2	13
P27158	Tk1	5
P27213	Pts	9
P27274	Cd59	9
P27321	Cast	34
P27364	Hsd3b5	15
P27435	Tpsab1	7
P27590	Umod	25
P27605	Hprt1	12
P27615	Scarb2	21
P27645	Fcgr3	7
P27653	Mthfd1	47
P27657	Pnlip	25
P27704	Mapk6	34
P27732	Cacna1d	90
P27791	Prkaca	18
P27867	Sord	20
P27881	Hk2	50
P27926	Hk3	43
P27952	Rps2	18
P28023	Dctn1	60
P28037	Aldh1l1	55
P28073	Psmb6	11
P28075	Psmb5	15
P28077	Psmb9	8
P28234	Gja5	15
P28470	Ppp3r2	10
P28471	Gabra4	28
P28473	Gabrg3	14
P28480	Tcp1	31
P28494	Man2a1	59
P28564	Htr1b	7
P28565	Htr1d	8
P28570	Slc6a8	19
P28572	Slc6a9	16
P28573	Slc6a7	18
P28576	Pdgfa	9
P28646	Sstr1	10
P28647	Adora3	7
P28648	Cd63	8
P28818	Rasgrf1	61
P28826	Mep1b	28
P28840	Pcsk1	33
P28841	Pcsk2	25
P29066	Arrb1	19
P29067	Arrb2	20
P29089	Agtr1b	12
P29101	Syt2	21
P29117	Ppif	13
P29147	Bdh1	18
P29276	Adora2b	8
P29288	Acp5	11
P29293	Acr	19
P29321	Epha8	23
P29348	Gnat3	18
P29410	Ak2	14
P29411	Ak3	17
P29414	Gja3	14
P29456	Il10	10
P29457	Serpinh1	23
P29476	Nos1	71
P29534	Vcam1	36
P29596	Atf3	6
P29598	Plau	21
P29676	Epo	9
P29826	RT1-Bb	17
P29975	Aqp1	7
P29994	Itpr1	135
P29995	Itpr2	137
P30009	Marcks	13
P30082	Gcgr	20
P30099	Cyp11b2	31
P30100	Cyp11b3	30
P30120	Timp1	11
P30121	Timp2	9
P30152	Lcn2	4
P30191	Gabra6	21
P30277	Ccnb1	19
P30348	Cxcl2	4
P30349	Lta4h	36
P30427	Plec	293
P30543	Adora2a	12
P30551	Cckar	17
P30553	Cckbr	16
P30560	Avpr1a	14
P30680	Sstr2	8
P30713	Gstt2	12
P30729	Drd4	9
P30823	Slc7a1	17
P30835	Pfkl	30
P30836	Sell	13
P30839	Aldh3a2	20
P30904	Mif	5
P30919	Aga	17
P30936	Sstr3	13
P30937	Sstr4	6
P30938	Sstr5	6
P30994	Htr2b	17
P31000	Vim	32
P31016	Dlg4	33
P31042	Cd28	10
P31044	Pebp1	9
P31210	Akr1d1	18
P31211	Serpina6	19
P31214	Srd5a2	8
P31246	Hoxa2	14
P31325	Phkg2	22
P31388	Htr6	11
P31390	Hrh1	18
P31392	Ackr5	10
P31394	Proc	19
P31421	Grm2	40
P31422	Grm3	41
P31423	Grm4	40
P31424	Grm5	61
P31430	Dpep1	23
P31503	Pou2f1	9
P31596	Slc1a2	23
P31643	Slc6a6	16
P31646	Slc6a13	17
P31647	Slc6a11	16
P31652	Slc6a4	15
P31662	Slc6a17	32
P31720	C1qa	13
P31721	C1qb	12
P31722	C1qc	13
P31977	Ezr	34
P32038	Cfd	11
P32089	Slc25a1	16
P32182	Foxa2	10
P32183	Foxa3	8
P32198	Cpt1a	38
P32214	Calcr	11
P32215	Adcyap1r1	18
P32232	Cbs	23
P32244	Mc3r	7
P32301	Glp1r	18
P32305	Htr7	12
P32362	Urod	15
P32577	Csk	27
P32736	Opcml	17
P32738	Chat	32
P32755	Hpd	25
P32851	Stx1a	13
P33124	Acsl6	38
P33274	Cyp4f1	28
P33436	Mmp2	31
P33533	Oprd1	11
P33535	Oprm1	9
P33568	Rb1	49
P33671	Sdc3	12
P34058	Hsp90ab1	35
P34067	Psmb4	12
P34080	Aqp2	4
P34158	Cftr	69
P34900	Sdc2	11
P34901	Sdc4	9
P34926	Map1a	111
P34975	Oprk1	9
P34978	Tbxa2r	10
P34980	Ptger3	11
P35053	Gpc1	27
P35213	Ywhab	14
P35231	Reg3a	7
P35233	Ptpn2	26
P35234	Ptpn5	20
P35248	Sftpd	16
P35280	Rab8a	13
P35281	Rab10	13
P35284	Rab12	20
P35286	Rab13	12
P35289	Rab15	13
P35349	Grm6	35
P35351	Agtr2	12
P35353	Crhr1	17
P35355	Ptgs2	29
P35364	Htr5a	12
P35370	Oprl1	8
P35400	Grm7	42
P35407	Cxcr2	11
P35411	Cx3cr1	10
P35426	Cdk4	16
P35427	Rpl13a	9
P35429	Hes2	7
P35433	Ppat	22
P35434	Atp5f1d	3
P35439	Grin1	48
P35444	Comp	31
P35465	Pak1	24
P35467	S100a1	3
P35524	Clcn1	37
P35525	Clcn2	34
P35559	Ide	47
P35560	Kcnj1	12
P35563	Htr3a	17
P35565	Canx	24
P35570	Irs1	49
P35577	Serpina7	18
P35704	Prdx2	9
P35739	Ntrk1	30
P35763	Prf1	25
P35815	Ppm1b	20
P35952	Ldlr	41
P36198	Lhx2	20
P36202	Pdlim4	18
P36364	Fgf9	9
P36365	Fmo1	27
P36370	Tap1	41
P36372	Tap2	28
P36373	Klk7	10
P36375	Klk10	7
P36407	Trim23	26
P36506	Map2k2	16
P36510	Ugt2a1	21
P36511	Ugt2b15	21
P36633	Aoc1	33
P36860	Ralb	9
P36876	Ppp2r2a	21
P36877	Ppp2r2b	19
P36940	Faslg	9
P36970	Gpx4	12
P36972	Aprt	12
P37089	Scnn1a	32
P37090	Scnn1b	20
P37091	Scnn1g	18
P37136	Ache	23
P37199	Nup155	56
P37230	Ppara	16
P37285	Klc1	34
P37361	Mt3	2
P37377	Snca	6
P37397	Cnn3	14
P37727	Chm	31
P37996	Arl3	11
P38062	Metap2	24
P38406	Gnal	19
P38438	Tgfbr2	31
P38444	Acvr2a	23
P38445	Acvr2b	25
P38483	Apobec1	16
P38650	Dync1h1	257
P38652	Pgm1	32
P38656	Ssb	22
P38659	Pdia4	34
P38918	Akr7a3	15
P38983	Rpsa	13
P39020	Meox2	10
P39052	Dnm2	46
P39069	Ak1	11
P39948	Ccnd1	18
P39949	Ccne1	19
P39951	Cdk1	19
P40146	Adcy8	55
P40190	Il6st	39
P40241	Cd9	6
P40329	Rars1	38
P40615	Dkc1	28
P40748	Syt3	23
P41034	Ttpa	15
P41135	Id1	9
P41137	Id2	4
P41138	Id3	4
P41156	Ets1	18
P41224	Tef	9
P41232	P2ry2	15
P41350	Cav1	11
P41413	Pcsk5	91
P41498	Acp1	9
P41499	Ptpn11	39
P41516	Top2a	77
P41542	Uso1	42
P41562	Idh1	24
P41682	Adh7	18
P41738	Ahr	30
P41739	Arnt	31
P41740	Npr3	31
P41777	Nolc1	40
P42123	Ldhb	17
P42203	Il13	6
P42260	Grik2	40
P42264	Grik3	47
P42335	Itpkb	46
P42346	Mtor	133
P42533	F3	17
P42571	Pou2f3	15
P42676	Nln	37
P42854	Reg3g	7
P42893	Ece1	41
P42930	Hspb1	11
P43114	Ptger4	16
P43138	Apex1	14
P43140	Adra1a	17
P43143	Chrna6	17
P43144	Chrna9	14
P43145	Adm	11
P43219	Gipr	22
P43245	Abcb1	61
P43253	Ptgir	11
P43278	H1-0	7
P43303	Il1r2	22
P43322	Nrg1	30
P43427	Slc2a5	10
P43428	G6pc1	12
P43429	Gata1	10
P43527	Casp1	23
P43884	Plin1	28
P45352	Tyms	16
P45380	Slc26a1	19
P45446	Rorb	23
P45479	Ppt1	15
P45592	Cfl1	10
P45953	Acadvl	40
P46002	Ptafr	7
P46101	Dpp6	39
P46152	Gata4	11
P46153	Gata6	18
P46413	Gss	25
P46462	Vcp	42
P46720	Slco1a1	30
P46844	Blvra	17
P46892	Cdk11b	33
P46933	Apbb1	24
P46953	Haao	19
P47196	Akt1	29
P47197	Akt2	30
P47245	Nrdc	53
P47709	Rph3a	35
P47727	Cbr1	17
P47742	Gabrr2	20
P47752	S1pr2	14
P47819	Gfap	30
P47820	Ace	58
P47824	P2rx1	18
P47858	Pfkm	33
P47860	Pfkp	36
P47861	Syt5	21
P47862	Aqp3	3
P47863	Aqp4	7
P47864	Aqp5	8
P47866	Crhr2	12
P47942	Dpysl2	30
P47967	Lgals5	9
P47971	Nptx1	22
P47973	Zfp36	7
P47987	Pllp	5
P48032	Timp3	11
P48037	Anxa6	43
P48056	Slc6a12	14
P48199	Crp	7
P48284	Ca4	16
P48303	S1pr1	16
P48317	Gadd45a	10
P48442	Casr	38
P48450	Lss	38
P48500	Tpi1	16
P48508	Gclm	9
P48548	Kcnj5	17
P48550	Kcnj6	16
P48675	Des	31
P48679	Lmna	43
P48721	Hspa9	38
P48750	Csf2	5
P48763	Slc9a2	26
P48768	Slc8a2	33
P48769	Dck	13
P48961	Ccnd3	16
P48965	Cdc25a	33
P48966	Cdc25b	35
P48973	Cxcl10	4
P48974	Avpr1b	14
P49000	Amh	21
P49001	Bmp2	15
P49088	Asns	31
P49134	Itgb1	36
P49185	Mapk8	20
P49186	Mapk9	21
P49187	Mapk10	22
P49192	Cartpt	5
P49242	Rps3a	17
P49287	Mtnr1b	7
P49430	Tbxas1	24
P49445	Ptpn7	20
P49616	Plaur	10
P49620	Dgkg	35
P49621	Dgkb	36
P49651	P2ry1	14
P49653	P2rx2	19
P49654	P2rx3	23
P49655	Kcnj10	11
P49684	Uts2r	11
P49743	Rxrb	22
P49744	Thbs4	41
P49745	Thpo	14
P49791	Nup153	54
P49793	Nup98	70
P49799	Rgs4	12
P49803	Rgs7	20
P49804	Rgs8	12
P49805	Rgs9	41
P49816	Tsc2	86
P49864	Gzmk	15
P49897	Dio3	12
P49911	Anp32a	9
P49950	Bcl2	10
P49952	Wt1	15
P50115	S100a8	7
P50116	S100a9	8
P50123	Enpep	52
P50137	Tkt	29
P50170	Rdh16	19
P50229	Ccl3	3
P50230	Ccl4	2
P50231	Ccl5	4
P50232	Syt4	19
P50233	Hsd11b2	19
P50279	Stx2	14
P50280	Mmp7	10
P50282	Mmp9	31
P50297	Nat1	15
P50298	Nat2	18
P50339	Cma1	11
P50393	Pla2g4a	36
P50398	Gdi1	24
P50430	Arsb	22
P50442	Gatm	23
P50463	Csrp3	11
P50475	Aars1	47
P50503	St13	13
P50545	Hck	28
P50554	Abat	31
P50569	Nr5a1	17
P50572	Gabrr1	20
P50573	Gabrr3	15
P50575	Dlx5	9
P50596	Lep	8
P50617	Ddn	38
P50745	Sh2b3	17
P50753	Tnnt2	10
P50878	Rpl4	17
P50904	Rasa1	48
P51111	Htt	140
P51145	Fosl2	12
P51146	Rab4b	14
P51156	Rab26	11
P51158	Rab28	13
P51179	Nr4a3	17
P51400	Adarb1	30
P51433	Pla2g5	8
P51489	Rho	8
P51514	Tcf12	30
P51538	Cyp3a9	24
P51556	Dgka	38
P51574	Slc15a1	23
P51577	P2rx4	17
P51578	P2rx5	24
P51579	P2rx6	16
P51583	Paics	19
P51593	Huwe1	177
P51607	Renbp	22
P51635	Akr1a1	21
P51638	Cav3	7
P51639	Hmgcr	38
P51647	Aldh1a1	22
P51650	Aldh5a1	28
P51652	Akr1c18	16
P51653	Gpc2	26
P51657	Hsd17b1	18
P51672	Xcl1	4
P51740		23
P51774	Egr2	12
P51792	Clcn3	33
P51794	Clcn4	27
P51796	Clcn5	30
P51799	Clcn7	22
P51802	Clcnkb	22
P51839	Gucy2d	42
P51840	Gucy2e	43
P51842	Gucy2f	55
P51868	Casq2	13
P51869	Cyp4f4	31
P51907	Slc1a1	18
P51952	Cdk7	16
P51974	Pax8	15
P52020	Sqle	29
P52164	Max	10
P52188	Kcnj12	18
P52190	Kcnj4	15
P52191	Kcnj16	18
P52296	Kpnb1	35
P52303	Ap1b1	45
P52500	Grpr	13
P52555	Erp29	11
P52591	Pom121	27
P52631	Stat3	39
P52632	Stat5b	38
P52759	Rida	8
P52796	Efnb1	20
P52844	Sult1e1	18
P52847	Sult1b1	17
P52873	Pc	57
P52909	Jund	9
P52925	Hmgb2	8
P52944	Pdlim1	16
P52947	Pdx1	8
P52949	Hoxa5	9
P52953	Msx2	5
P53042	Ppp5c	25
P53369	Nudt1	5
P53534	Pygb	48
P53563	Bcl2l1	10
P53565	Cux1	69
P53610	Pggt1b	19
P53669	Limk1	35
P53670	Limk2	33
P53678	Ap3m2	22
P53767	Flt1	76
P53790	Slc5a1	22
P53792	Slc5a2	20
P53812	Pitpnb	19
P53813	Pros1	29
P53817	Plaat3	4
P53987	Slc16a1	13
P54100	Vav1	45
P54256	Hap1	31
P54258	Atn1	27
P54275	Msh2	43
P54282	Cacna1a	84
P54283	Cacnb1	28
P54287	Cacnb3	23
P54290	Cacna2d1	52
P54311	Gnb1	13
P54313	Gnb2	13
P54316	Pnliprp1	25
P54318	Pnliprp2	27
P54319	Plaa	45
P54370	Oaz1	15
P54645	Prkaa1	25
P54690	Bcat1	17
P54708	Atp12a	47
P54748	Pde4a	41
P54757	Epha5	49
P54759	Epha7	43
P54777	Pex6	41
P54842	Mafb	8
P54844	Maf	9
P54900	Scn2b	11
P54921	Napa	18
P55009	Aif1	6
P55016	Slc12a1	43
P55018	Slc12a3	28
P55053	Fabp5	7
P55062	Tmbim6	5
P55067	Ncan	38
P55068	Bcan	39
P55090	Ucn	6
P55094	Nr2c2	33
P55108	Gdf10	21
P55146	Tyro3	40
P55159	Pon1	14
P55161	Nckap1	60
P55207	Nppc	5
P55213	Casp3	17
P55215	Casp2	23
P55248		6
P55260	Anxa4	21
P55266	Adar	65
P55272	Cdkn2b	7
P55280	Cdh6	30
P55281	Cdh17	33
P55770	Snu13	8
P55926	Asic1	20
P56222	Pou3f2	9
P56261	Cebpe	10
P56403	Aqp7	5
P56405	Aqp8	4
P56478	Il7	9
P56499	Ucp3	18
P56500	Ucp2	17
P56522	Fdxr	30
P56536	Kif5c	57
P56558	Ogt	47
P56574	Idh2	24
P56603	Scamp1	13
P56627	Aqp9	4
P56718	Hcrtr1	13
P56719	Hcrtr2	18
P56720	Srebf1	39
P56741	Mybpc3	64
P56745	Cldn1	7
P56819	Bace1	17
P57093	Phyh	18
P57097	Mertk	38
P57113	Gstz1	13
P57756	Fcn2	15
P57760	Stk16	14
P57769	Snx16	20
P57790	Keap1	36
P58195	Plscr1	11
P58197	Tfap2a	18
P58200	Vti1b	12
P58295	Slc6a5	26
P58365	Cdh23	118
P58405	Strn3	27
P58428	Abcg8	18
P58751	Reln	118
P58775	Tpm2	16
P58821	Caly	10
P59215	Gnao1	17
P59241	Aurka	22
P59649	Fxyd7	2
P59722	Egln1	20
P59798	Selenok	6
P59824	Il1rapl1	37
P59895	Nek6	17
P59996	Pcsk9	31
P60042	Sst	3
P60123	Ruvbl1	20
P60192	Snapin	8
P60203	Plp1	10
P60517	Gabarap	3
P60570	Panx1	18
P60571	Panx2	35
P60705	Apobec3	20
P60711	Actb	20
P60756	Mdga2	46
P60815	Flvcr2	8
P60825	Cirbp	10
P60881	Snap25	13
P60892	Prps1	16
P60901	Psma6	13
P60905	Dnajc5	7
P60924	Dele1	27
P61016	Pln	2
P61023	Chp1	10
P61078	Ube2d3	4
P61107	Rab14	15
P61131	St3gal4	20
P61149	Fgf1	8
P61150	Fgf12	13
P61169	Drd2	9
P61203	Cops2	22
P61212	Arl1	9
P61227	Rap2b	11
P61265	Stx1b	16
P61295	Hand2	7
P61312	Adm2	7
P61374	Isl1	16
P61459	Pcbd1	7
P61589	Rhoa	9
P61751	Arf4	10
P61765	Stxbp1	31
P61794	Lpar1	10
P61810	Cdk5r1	14
P61959	Sumo2	3
P61972	Nutf2	7
P61980	Hnrnpk	24
P61983	Ywhag	16
P62024	Phactr1	27
P62083	Rps7	11
P62138	Ppp1ca	18
P62142	Ppp1cb	17
P62168	Ncs1	11
P62193	Psmc1	26
P62198	Psmc5	24
P62255	Ube2g1	10
P62260	Ywhae	17
P62268	Rps23	6
P62278	Rps13	9
P62329	Tmsb4x	2
P62332	Arf6	7
P62483	Kcnab2	17
P62494	Rab11a	14
P62501	Tsc22d1	12
P62510	Esrrg	19
P62516	Pou3f4	10
P62630	Eef1a1	19
P62632	Eef1a2	19
P62634	Cnbp	13
P62716	Ppp2cb	16
P62738	Acta2	20
P62744	Ap2s1	6
P62747	Rhob	9
P62755	Rps6	9
P62775	Mtpn	6
P62804	H4c2	6
P62813	Gabra1	25
P62815	Atp6v1b2	25
P62824	Rab3c	13
P62828	Ran	10
P62832	Rpl23	9
P62836	Rap1a	10
P62839	Ube2d2	4
P62845	Rps15	6
P62850	Rps24	6
P62870	Elob	9
P62882	Gnb5	17
P62898	Cycs	6
P62909	Rps3	19
P62914	Rpl11	9
P62916	Gtf2b	18
P62944	Ap2b1	42
P62957	Cacng7	11
P62959	Hint1	8
P62961	Ybx1	12
P62963	Pfn1	9
P62982	Rps27a	6
P62986	Uba52	6
P62994	Grb2	14
P62997	Tra2b	11
P63004	Pafah1b1	24
P63007	Lhx1	15
P63012	Rab3a	13
P63014	Prrx1	10
P63016	Pax6	13
P63018	Hspa8	33
P63025	Vamp3	5
P63033	Rasd2	14
P63035	Cyth2	20
P63036	Dnaja1	19
P63039	Hspd1	33
P63041	Cplx1	5
P63045	Vamp2	5
P63055	Pcp4	4
P63059	Thra	29
P63074	Eif4e	11
P63079	Gabrb3	17
P63081	Atp6v0c	3
P63086	Mapk1	22
P63088	Ppp1cc	17
P63090	Ptn	8
P63095	Gnas	20
P63100	Ppp3r1	9
P63102	Ywhaz	14
P63116	Slc7a10	8
P63138	Gabrb2	18
P63140	Nfyb	4
P63142	Kcna2	18
P63144	Kcnab1	21
P63149	Ube2b	3
P63159	Hmgb1	7
P63161	Kcne2	6
P63164	Snrpn	14
P63170	Dynll1	5
P63182	Cbln1	12
P63245	Rack1	20
P63251	Kcnj3	19
P63259	Actg1	20
P63269	Actg2	18
P63278	Amelx	3
P63281	Ube2i	7
P63319	Prkcg	36
P63322	Rala	10
P63329	Ppp3ca	23
P63331	Ppp2ca	16
P67779	Phb1	17
P67874	Csnk2b	10
P67999	Rps6kb1	20
P68035	Actc1	20
P68101	Eif2s1	22
P68136	Acta1	20
P68182	Prkacb	18
P68370	Tuba1a	21
P68403	Prkcb	34
P68511	Ywhah	16
P69478	Chst11	20
P69735	Rab3gap1	40
P69736	Edf1	10
P69897	Tubb5	19
P70470	Lypla1	11
P70473	Amacr	19
P70475	Myt1l	72
P70478	Apc	155
P70483	Strn	35
P70486	Atrx	22
P70492	Fgf10	7
P70496	Pld1	52
P70498	Pld2	51
P70499	Ifnb1	6
P70500	Cdipt	9
P70501	Rbm10	36
P70502	Slco1a3	27
P70503	Nr0b1	18
P70505	Adam1	24
P70507	Grk4	28
P70512	Onecut1	15
P70531	Eef2k	39
P70536	Oxtr	15
P70539	Acvr1c	22
P70541	Eif2b3	23
P70545	Slc13a2	17
P70549	Slc8a3	34
P70550	Rab8b	12
P70551	Dio2	9
P70552	Gchfr	4
P70553	Slc11a1	10
P70562	Bhlha15	8
P70569	Myo5b	96
P70579	Grm8	42
P70580	Pgrmc1	8
P70581	Nup58	14
P70582	Nup54	27
P70583	Dut	13
P70584	Acadsb	22
P70587	Lrrc7	73
P70595	Neurog1	8
P70596	Mc4r	5
P70597	Ptger1	9
P70600	Ptk2b	63
P70604	Kcnn2	25
P70605	Kcnn3	30
P70610	Doc2b	21
P70615	Lmnb1	36
P70617	Ninj1	4
P70618	Mapk14	19
P70619	Gsr	18
P70623	Fabp4	8
P70627	Folh1	39
P70673	Kcnj11	13
P70705	Atp7a	56
P70712	Kynu	22
P80020	Fabp6	7
P80067	Ctsc	18
P80201	Acvr1	16
P80202	Acvr1b	21
P80203	Acvrl1	24
P80204	Tgfbr1	26
P80225	B4galt1	0
P80254	Ddt	9
P80299	Ephx2	28
P80385	Prkag1	20
P80386	Prkab1	14
P81062	Pitx3	12
P81128	Arhgap35	77
P81155	Vdac2	15
P81278	Prlh	5
P81377	Prkar1b	18
P81556	Timp4	11
P81563	Mmp1	0
P81718	Ptpn6	38
P81795	Eif2s3	23
P81799	Nagk	16
P82252	Slc7a9	12
P82450	Siae	25
P82458	Mid1	30
P82471	Gnaq	19
P82808	Gfpt1	41
P82995	Hsp90aa1	34
P83006	Pafah2	23
P83581	Hspa4l	1
P83645	Gpx2	12
P83748	Prss30	14
P83860	Qrfp	6
P83868	Ptges3	9
P83871	Phf5a	8
P83888	Tubg1	21
P83953	Kpna1	18
P84025	Smad3	19
P84060	Dtnb	32
P84076	Hpca	15
P84079	Arf1	10
P84087	Cplx2	5
P84092	Ap2m1	26
P84109	Sorbs1	3
P84245	H3-3b	4
P84586	Rbmxrtl	26
P84817	Fis1	7
P84850	D2hgdh	21
P84889	Vangl2	27
P84903	Stim1	31
P85107	Tgs1	39
P85108	Tubb2a	19
P85125	Cavin1	14
P85171	Mdga1	48
P85845	Fscn1	29
P85968	Pgd	21
P85969	Napb	19
P85970	Arpc2	19
P85972	Vcl	74
P85973	Pnp	16
P97519	Hmgcl	18
P97520	C5ar1	12
P97521	Slc25a20	19
P97523	Met	63
P97524	Slc27a2	32
P97525	Tnfrsf8	19
P97526	Nf1	137
P97531	Trip10	26
P97532	Mpst	13
P97534	Fkbp1b	3
P97536	Cand1	61
P97541	Hspb6	7
P97544	Plpp3	15
P97545	Ccl11	3
P97546	Nptn	20
P97553	Efna1	9
P97562	Acox2	34
P97564	Gpam	37
P97570	Pla2g6	40
P97571	Capn1	41
P97573	Inpp5d	73
P97574	Stc1	10
P97577	Fez1	17
P97583	Bdkrb1	13
P97584	Ptgr1	17
P97588	Smad1	22
P97603	Neo1	57
P97604	Il15	8
P97605	Efna5	12
P97607	Jag2	47
P97609	Hr	54
P97610	Syt12	23
P97612	Faah	22
P97613	Pttg1	9
P97615	Txn2	6
P97629	Lnpep	50
P97633	Csnk1a1	19
P97636	Il18	13
P97639	Mchr1	6
P97675	Enpp3	42
P97677	Dll1	29
P97678	Kcnmb1	10
P97679	Mlh1	49
P97685	Nfasc	48
P97686	Nrcam	57
P97687	Entpd1	17
P97689	Slc14a1	9
P97690	Smc3	61
P97691	Foxm1	33
P97694	Cyth1	21
P97697	Impa1	15
P97698	Smo	31
P97700	Slc25a11	18
P97708	Zp3	10
P97710	Sirpa	24
P97711	Grk6	28
P97756	Camkk1	26
P97826	Star	17
P97829	Cd47	12
P97831	Twist2	9
P97832	Hand1	7
P97836	Dlgap1	38
P97837	Dlgap2	48
P97838	Dlgap3	43
P97839	Dlgap4	43
P97846	Cntnap1	58
P97849	Slc27a1	28
P97852	Hsd17b4	35
P97874	Gak	60
P97878	Exoc5	41
P97879	Grip1	56
P97884	Ccl20	4
P97885	Cxcl5	7
P97887	Psen1	19
P97924	Kalrn	146
P97943	Scarb1	19
P97947	Nr0b2	6
P98089		31
P98105	Sele	22
P98106	Selp	24
P98158	Lrp2	207
P98166	Vldlr	50
Q00195	Cnga2	29
Q00238	Icam1	19
Q00438	Ptbp1	20
Q00495	Csf1r	32
Q00566	Mecp2	23
Q00657	Cspg4	79
Q00715		6
Q00728		6
Q00729	H2bc1	8
Q00788	Avpr2	12
Q00900	Hivep2	101
Q00910	Slco2a1	24
Q00918	Ltbp1	74
Q00939	Foxg1	15
Q00954	Scn1b	10
Q00959	Grin2a	64
Q00960	Grin2b	61
Q00961	Grin2c	54
Q00969	Atf2	16
Q00972	Bckdk	20
Q00981	Uchl1	10
Q01062	Pde2a	51
Q01066	Pde1b	27
Q01129	Dcn	20
Q01134	Chka	21
Q01177	Plg	44
Q01205	Dlst	21
Q01460	Ctbs	17
Q01579	Gstt1	10
Q01621	Lck	23
Q01714	Sp1	10
Q01728	Slc8a1	35
Q01812	Grik4	40
Q01818	Slc18a1	12
Q01827	Slc18a2	13
Q01956	Kcnc3	25
Q01984	Hnmt	16
Q01986	Map2k1	16
Q01992	Mipep	41
Q02195	Fgf7	8
Q02253	Aldh6a1	28
Q02293	Fntb	10
Q02294	Cacna1b	92
Q02346	Myod1	15
Q02353	Ndst1	48
Q02401	Lct	83
Q02435	Bfsp1	27
Q02485	Cacna1s	64
Q02527	Mgat3	27
Q02563	Sv2a	26
Q02644	Ghrhr	17
Q02734	St3gal3	19
Q02759	Alox15	37
Q02765	Ctss	11
Q02769	Fdft1	22
Q02874	Macroh2a1	16
Q02955	Il1r1	37
Q02974	Khk	16
Q02975	Znf354a	32
Q03061	Crem	4
Q03062	Hes5	9
Q03114	Cdk5	16
Q03190	Gja4	13
Q03248	Upb1	17
Q03336	Rgn	19
Q03343	Adcy6	43
Q03344	Atp5if1	6
Q03346	Pmpcb	24
Q03348	Ptpra	35
Q03351	Ntrk3	33
Q03410	Sycp1	58
Q03484	Cebpd	7
Q03555	Gphn	40
Q04400	Adcy5	45
Q04589	Fgfr1	36
Q04631	Fnta	16
Q04666	Hes1	10
Q04667	Hes3	7
Q04679	Fxyd2	4
Q04753	Clns1a	8
Q04827	Ccnd2	16
Q04906	Bmp6	18
Q04931	Ssrp1	30
Q04940	Nrgn	2
Q04970	Nras	10
Q05028	Pdgfb	12
Q05030	Pdgfrb	43
Q05096	Myo1b	63
Q05140	Snap91	23
Q05175	Basp1	10
Q05343	Rxra	23
Q05511	Hpn	20
Q05546	Tnr	55
Q05683	Gad2	22
Q05695	L1cam	52
Q05754	Dbh	24
Q05764	Add2	35
Q05941	Chrna7	16
Q05961	Oas1a	16
Q05962	Slc25a4	20
Q05982	Nme1	11
Q06000	Lpl	20
Q06145	Gip	8
Q06175	Hbegf	9
Q06226	Sgk1	21
Q06332	Lta	8
Q06393	Clcnka	25
Q06486	Csnk1d	22
Q06496	Slc34a1	25
Q06518	Nos2	63
Q06605		12
Q06645	Atp5mc1	5
Q06646	Atp5mc2	5
Q06647	Atp5po	12
Q06826	Bmp4	16
Q06BI3	Caln1	14
Q07008	Notch1	70
Q07009	Capn2	34
Q07014	Lyn	27
Q07071	Gckr	27
Q07116	Suox	28
Q07120	Gfi1	22
Q07205	Eif5	22
Q07257	Tgfb2	18
Q07258	Tgfb3	17
Q07266	Dbn1	29
Q07303	Epor	18
Q07310	Nrxn3	71
Q07490	Cd24	1
Q07523	Hao2	20
Q07647	Slc2a3	11
Q07652	Cacna1e	86
Q07731	Gdnf	7
Q07782	Slc13a1	8
Q07917	Nr4a2	17
Q07936	Anxa2	21
Q07969	Cd36	17
Q07977	St8sia2	19
Q08125	Il5	7
Q08201	Abcb4	70
Q08388	Pemt	2
Q08406	Cntfr	14
Q08415	Kyat1	16
Q08420	Sod3	9
Q08463	Fzd1	23
Q08464	Fzd2	20
Q08469	Slc6a15	31
Q08602	Rabggta	40
Q08603	Rabggtb	12
Q08755	Insig1	9
Q08834	Mgat5	38
Q08849	Stx3	11
Q08850	Stx4	15
Q08851	Stx5	18
Q08877	Dnm3	48
Q09073	Slc25a5	20
Q09128	Cyp24a1	30
Q09137	Prkaa2	24
Q09167	Srsf5	8
Q09326	Mgat2	20
Q09426	Ugt8	24
Q09429	Abcc8	70
Q0D2L3	Agmat	10
Q0HA29	Nmnat2	16
Q0KL00	Piezo1	91
Q0PMD2	Antxr1	22
Q0VGK0	Gabarapl1	3
Q0VGK4	Gdpd1	19
Q10468	B4galnt1	29
Q10473	Galnt1	28
Q10728	Ppp1r12a	47
Q10739	Mmp14	21
Q10743	Adam10	40
Q10746	Cxcl3	3
Q10758	Krt8	30
Q10836	Trhde	52
Q10980	Fut1	9
Q10984	Fut2	18
Q11205	St3gal2	18
Q157S1	Crtc1	13
Q1AAU6	Asap1	51
Q1EHB3	Adamts7	52
Q1H5H1	Selenot	11
Q1HAQ0	Lpcat1	20
Q1HG60	Pif1	35
Q1JU68	Eif3a	66
Q1LZ50	Dnmt3l	23
Q1LZ53	Dnmt3a	54
Q1M168	Atcay	12
Q1WIM1	Cadm4	15
Q1WIM2	Cadm2	12
Q1WIM3	Cadm3	14
Q25C79	Akirin2	10
Q27W01	Rbm8a	8
Q29YR5	Sult2b1	18
Q2A121	Fto	29
Q2A865	Slc6a19	13
Q2AC31	Ffar4	14
Q2EJA0	Yap1	13
Q2HWF0	Fnbp1l	30
Q2IBC5	Cav2	9
Q2IBD4	Cttnbp2	86
Q2KJ09	Usp16	42
Q2KMM4	Alox12b	34
Q2KN99	Specc1l	53
Q2LAM0	Fa2h	21
Q2LC84	Numb	19
Q2M2R8	Pex5	32
Q2MJT0	Mef2a	14
Q2PQA9	Kif5b	58
Q2PS20	Jph2	29
Q2PWT8	Ap4m1	25
Q2Q0I9	Fndc1	82
Q2TA68	Opa1	55
Q2TBJ5	Atg12	3
Q2TGJ4	Zdhhc15	17
Q2TGK3	Zdhhc3	11
Q2THW7	Zdhhc5	30
Q2TL32	Ubr4	229
Q2VUH7	Dixdc1	36
Q2WEA5	Trpm1	89
Q2YDU3	Otud5	18
Q2YDU8	Spns1	14
Q32Q05	Yod1	18
Q32Q86	Cry1	30
Q32WR5	Bloc1s2	7
Q3B756	Fuz	21
Q3B7D0	Cpox	27
Q3B7D2	Sptlc2	31
Q3B7U9	Fkbp8	18
Q3B8P0	Parl	16
Q3B8Q1	Ddx21	44
Q3B8Q2	Eif4a3	22
Q3B8Q3	Slc38a9	20
Q3BCU4	Popdc1	14
Q3HS83	Odam	2
Q3KR51	Nsg2	7
Q3KR59	Usp10	34
Q3KR82	Slc39a9	4
Q3KRC6	Lrrc8e	41
Q3KRE0	Atad3a	35
Q3KRE8	Tubb2b	19
Q3L7M0	Ggta1	17
Q3LUD4	Lzts2	37
Q3MHC1	Naa60	12
Q3MHT4	Tut1	34
Q3MHU3	Tdrd9	79
Q3MIB4	Lonp2	42
Q3MID3	Arfgap2	26
Q3MIE4	Vat1	16
Q3MJK5	Cdk12	59
Q3MKQ2	Bex1	7
Q3MQ06	Atg5	14
Q3SWT0	Pecam1	33
Q3SWT1	Nabp2	8
Q3SWU0	Tarbp2	13
Q3T1H5	Tdp2	11
Q3T1I5	Srebf2	47
Q3T1J1	Eif5a	8
Q3T1J2	Mboat2	17
Q3ZAV1	Slc22a12	15
Q3ZU82	Golga5	39
Q45R42	Lrrc4	21
Q460M5	Lrfn2	34
Q498D1	Foxp1	22
Q498D6	Fgfr4	34
Q498M4	Wdr5	16
Q498M5	Sh3rf2	37
Q498R1	Mtrr	22
Q498R3	Dnajc10	35
Q498S8	Fzd8	28
Q498T9	Lrrc8c	44
Q499N6	Ubxn1	13
Q499Q5	Mks1	23
Q499S5	Mmp11	19
Q499U4	Drc4	26
Q4AE70	Carm1	23
Q4AEG6	Bmp10	22
Q4FZT0	Stoml2	18
Q4FZT2	Ppme1	17
Q4FZT6	H2ac25	5
Q4G005	Ercc3	41
Q4G017	Nisch	60
Q4G050	Mknk1	21
Q4JEI2	Defal1	4
Q4JM44	Sgms2	17
Q4KLF8	Arpc5	10
Q4KLJ8	Pdcl3	15
Q4KLL9	Kif18b	42
Q4KLM6	P3h2	39
Q4KLN5	Plaat5	12
Q4KLN6	Rrm2	23
Q4KLN8	Rnf8	25
Q4KLY4	Rnf2	13
Q4KLY6	Dclre1b	26
Q4KLZ6	Tkfc	30
Q4KM32	Mus81	18
Q4KM34	Cdk20	16
Q4KM35	Psmb10	12
Q4KM65	Nudt21	13
Q4KM73	Cmpk1	10
Q4KM74	Sec22b	12
Q4KM92	Pus1	28
Q4KM98	Mff	8
Q4KMA2	Rad23b	12
Q4KSH7	Map2k7	21
Q4L1J4	Magi1	47
Q4L208	Slc9a8	17
Q4QQT3	Celf1	16
Q4QQV7	Ch25h	6
Q4QQV8	Chmp5	6
Q4QQW4	Hdac1	23
Q4QR75	Exosc9	16
Q4QR83	Stra6	19
Q4QR99	Qtrt1	16
Q4QRB4	Tubb3	19
Q4TU93	Mrc2	56
Q4V7C6	Gmps	35
Q4V7C7	Actr3	21
Q4V7D2	Rogdi	20
Q4V7D7	Rbm22	22
Q4V7G1	Skap1	13
Q4V887	Slc39a6	18
Q4V898	Rbmx	26
Q4V8A0	Nsmce2	12
Q4V8A3	Dyrk3	34
Q4V8A6	Bloc1s6	6
Q4V8C7	Prkra	15
Q4V8C8	Cdc73	34
Q4V8F3	Rhbdd1	8
Q4V8F5	Tada3	20
Q4V8G5	Septin12	18
Q4V8H8	Ehd2	30
Q4V8I7	Lrrc8a	44
Q4V8J4	Gpat3	22
Q4V8K1	Steap4	24
Q4V8P4	Spaca9	9
Q4VSI4	Usp7	64
Q501R9	Nbr1	37
Q505J9	Atad1	17
Q53AQ4	Tmub1	4
Q53B90	Rab43	17
Q53UA7	Taok3	42
Q562C9	Adi1	10
Q564G3	Degs2	11
Q566C7	Nudt3	9
Q566E6	Cd300lf	10
Q566R0	Them4	11
Q568Y7	Olfm2	20
Q569C1	Chmp4c	14
Q569C4	Hdac10	17
Q56A18	Smarce1	17
Q56A24	Klhl24	32
Q56A27	Ncbp1	33
Q56AP7	Crbn	20
Q56B11	Pelp1	31
Q58DZ9	Syndig1	12
Q58FK9	Kyat3	21
Q5BJ92	Ppp4c	16
Q5BJ95	Il17f	10
Q5BJK8	Golim4	33
Q5BJM8	Slc30a7	13
Q5BJN8	Sde2	24
Q5BJQ0	Coq8a	27
Q5BJQ5	Rit2	13
Q5BJR8	Rxrg	23
Q5BJS0	Dhx30	71
Q5BJU5	Cnih2	3
Q5BJU7	Wasf1	18
Q5BJY9	Krt18	26
Q5BJZ6	Carnmt1	16
Q5BK26	Pnpla7	66
Q5BK54	Lag3	26
Q5BK67	Tifab	9
Q5BKC9	Ngef	37
Q5BKE0	Taf9	17
Q5BLX8	Wdr83	15
Q5BQE6	Dhcr24	20
Q5DRK1	Entpd8	16
Q5EB77	Rab18	13
Q5EBA1	Supv3l1	38
Q5EBA8	Slc46a1	11
Q5EGY4	Ykt6	14
Q5EGZ1	Ace2	37
Q5EIC4	Irf2bpl	35
Q5EXX3	Zbtb38	57
Q5EZ72	Enpp7	22
Q5F2L1	Pofut3	28
Q5FVC2	Arhgef2	52
Q5FVC7	Acap2	42
Q5FVG2	Epb41l5	27
Q5FVH2	Pld3	16
Q5FVH8	Rgs7bp	12
Q5FVJ0	Rufy3	26
Q5FVM4	Nono	17
Q5FVM5	Creb3l3	13
Q5FVN0	Lpcat3	16
Q5FVN1	Stbd1	25
Q5FVP8	Dgat2	16
Q5FVQ0	Slc39a8	7
Q5FVR4	Eri1	12
Q5FWU3	Atg9a	39
Q5FX52	Plcz1	23
Q5GH54	Xkr9	11
Q5HZE0	Slc25a29	17
Q5HZY2	Sar1b	10
Q5I0E5	Cldn18	9
Q5I0E7	Tmed9	13
Q5I0E9	Slc47a1	13
Q5I0G4	Gars1	39
Q5I0H3	Sumo1	6
Q5I0I2	Marchf2	13
Q5I0K3	Clybl	22
Q5I0M0	Setmar	17
Q5I2P1	Tbx5	25
Q5I6B8	Pip5k1c	27
Q5KTC7	Naaa	14
Q5M7U6	Actr2	13
Q5M7V1	Trim13	22
Q5M7V8	Thrap3	43
Q5M7W1	Txnip	19
Q5M7W5	Map4	44
Q5M807	Rnf5	7
Q5M824	Shc1	23
Q5M828	Adtrp	6
Q5M834	Dtnbp1	9
Q5M848	Orai1	5
Q5M854	Mgat4a	25
Q5M862	Ccdc134	10
Q5M868	Gba2	36
Q5M871	Fcmr	17
Q5M886	Adprm	7
Q5M939	Hat1	15
Q5M9G3	Caprin1	22
Q5MPA9	Dclk2	40
Q5MYT7	Oas3	53
Q5MYU0	Oas2	38
Q5PPI4	Lamp5	11
Q5PPI9	Ttll1	24
Q5PPK9	Eipr1	14
Q5PPL3	Nsdhl	22
Q5PQK4	Uimc1	33
Q5PQL2	Cnot9	18
Q5PQL3	Sppl2b	22
Q5PQM9	Slc25a30	13
Q5PQP9	Armc5	34
Q5PQT2	Mtmr3	67
Q5PQV5	Tpbg	19
Q5PQX0	Uxs1	16
Q5PQX1	Tor1aip1	28
Q5Q0U0	Slc17a5	16
Q5QD51	Akap12	62
Q5QE80	Aox3	58
Q5QJC9	Bag5	23
Q5QJV7	Esrra	20
Q5QT56	Cldn19	5
Q5RJL0	Ermn	11
Q5RJM1	Srd5a3	12
Q5RJP0	Akr1b7	18
Q5RJQ4	Sirt2	19
Q5RJR2	Twf1	21
Q5RJY4	Dhrs7b	14
Q5RJZ1	Rtel1	74
Q5RK19	Snf8	9
Q5RK27	Slc12a7	45
Q5RKH0	Glyr1	28
Q5RKH1	Prp4k	40
Q5RKH6	Os9	31
Q5RKI0	Wdr1	31
Q5RKJ1	Maea	23
Q5RKJ2	Cybrd1	5
Q5RKL5	Steap3	24
Q5RLM2	Slc22a7	23
Q5SGE0	Lrpprc	86
Q5TKR9	Kat6a	76
Q5U1Y1	Rab34	17
Q5U1Z0	Rab3gap2	59
Q5U211	Snx3	9
Q5U216	Ddx39a	21
Q5U2N3	Pitpnm1	52
Q5U2P2	Igsf11	12
Q5U2Q4	Parp16	15
Q5U2R4	Trmt10c	23
Q5U2S1	Ndfip1	9
Q5U2S6	Asb2	34
Q5U2U2	Crkl	15
Q5U2W9	Rnls	14
Q5U2X5	Tnk2	45
Q5U2Y1	Gtf2i	47
Q5U2Z2	Ajuba	29
Q5U300	Uba1	53
Q5U303	Tab2	22
Q5U308	Lrrc8d	41
Q5U311	Slfn13	47
Q5U312	Rai14	59
Q5U315	Tent2	23
Q5U316	Rab35	12
Q5U349	Usp2	29
Q5U367	Plod3	37
Q5U777	Pmaip1	5
Q5VJS5	Dnaaf4	21
Q5XFW6	Wdr6	46
Q5XFW8	Sec13	13
Q5XI06	Kat8	25
Q5XI22	Acat2	15
Q5XI32	Capzb	16
Q5XI33	Cidec	10
Q5XI42	Aldh3b1	22
Q5XI50	Marchf7	30
Q5XI59	Rnf10	31
Q5XI64	Abhd6	18
Q5XI73	Arhgdia	8
Q5XI78	Ogdh	45
Q5XI81	Fxr1	29
Q5XI99	Lamp3	18
Q5XIC0	Eci2	17
Q5XIC2	Ecsit	23
Q5XIC8	Alkbh3	18
Q5XIE5	Marchf3	13
Q5XIE6	Hibch	23
Q5XIE8	Itm2b	14
Q5XIF3	Ndufs4	11
Q5XIF5	Degs1	7
Q5XIF6	Tuba4a	21
Q5XIH0	Maf1	8
Q5XIH7	Phb2	22
Q5XII5	Wrap53	13
Q5XIJ1	Hmces	26
Q5XIJ5	Abhd17a	15
Q5XIK5	Rnf146	14
Q5XIL0	Rnf167	8
Q5XIM7	Kars1	30
Q5XIM9	Cct2	33
Q5XIN1	Mdm4	24
Q5XIN3	Ift54	28
Q5XIN6	Letm1	41
Q5XIN7	Pomgnt1	33
Q5XIP6	Fen1	19
Q5XIQ4	Mgrn1	19
Q5XIS9	Prkd2	30
Q5XIT1	Mapre3	15
Q5YLM1	Dagla	45
Q60587	Hadhb	24
Q60I18	Mill1	23
Q61453	Il17a	9
Q62598	Dspp	19
Q62599	Mta1	44
Q62600	Nos3	56
Q62609	Olfm1	22
Q62611	Il1rl1	29
Q62622	Eif4ebp1	2
Q62623	Cdc20	21
Q62625	Map1lc3b	4
Q62627	Pawr	12
Q62630	Egln3	14
Q62633	Slc10a2	6
Q62634	Slc17a7	19
Q62635	Muc2	57
Q62636	Rap1b	10
Q62638	Glg1	60
Q62639	Rheb	9
Q62640	Grid1	46
Q62645	Grin2d	51
Q62651	Ech1	20
Q62655	Tcf4	19
Q62656	Ptprz1	86
Q62658	Fkbp1a	3
Q62661	Hbp1	23
Q62666	Slc18a3	15
Q62667	Mvp	45
Q62668	Slc14a2	25
Q62671	Ubr5	124
Q62673	Plk1	34
Q62674	Slc28a1	18
Q62685	Nr1h3	22
Q62687	Slc6a18	20
Q62688	Plcl1	53
Q62689	Jak2	64
Q62696	Dlg1	36
Q62698	Dync1li2	27
Q62711	Plcd4	31
Q62717	Cadps	62
Q62718	Ntm	17
Q62720	Slc30a1	20
Q62726	Cilk1	36
Q62730	Hsd17b2	20
Q62733	Tmpo	24
Q62735	Nr1h4	21
Q62736	Cald1	22
Q62737	Cyba	7
Q62739	Rab3ip	18
Q62745	Cd81	7
Q62746	Syt6	25
Q62747	Syt7	20
Q62751	Ireb2	46
Q62753	Stxbp2	32
Q62755	Nr1h2	19
Q62758	Htr4	12
Q62760	Tomm20	5
Q62761	Csnk1g1	20
Q62762	Csnk1g2	19
Q62763	Csnk1g3	26
Q62764	Ybx3	15
Q62765	Nlgn1	28
Q62767	Dusp4	15
Q62768	Unc13a	84
Q62769	Unc13b	83
Q62770	Unc13c	102
Q62771	Stat5a	41
Q62773	Slc28a2	16
Q62774	Myo1a	48
Q62782	Phox2a	11
Q62784	Inpp4a	43
Q62789	Ugt2b7	23
Q62796	Ralbp1	28
Q62798	Drgx	13
Q62799	Erbb3	52
Q62805	Galr1	10
Q62806	Znf148	32
Q62809	Nog	8
Q62812	Myh9	102
Q62813	Lsamp	18
Q62818	Eif2b2	16
Q62824	Exoc4	56
Q62825	Exoc3	33
Q62826	Hnrnpm	46
Q62829	Pak3	24
Q62833	Grk5	29
Q62838	Musk	40
Q62839	Golga2	42
Q62844	Fyn	28
Q62845	Cntn4	45
Q62847	Add3	29
Q62848	Arfgap1	17
Q62849	Pcsk7	30
Q62857	Ddit3	5
Q62862	Map2k5	22
Q62865	Pde3a	42
Q62866	Slc19a1	16
Q62867	Ggh	15
Q62868	Rock2	79
Q62871	Dync1i2	19
Q62876	Syngr1	5
Q62878	Hsd3b6	17
Q62881	Nol3	10
Q62888	Nlgn2	28
Q62889	Nlgn3	24
Q62893	Amhr2	22
Q62896	Bet1	3
Q62897	Kcnd3	25
Q62901	Rere	50
Q62902	Lman1	18
Q62904	Hsd17b7	14
Q62909	Kif2c	30
Q62910	Synj1	80
Q62915	Cask	49
Q62918	Nell2	39
Q62919	Nell1	44
Q62920	Pdlim5	30
Q62921	Rbck1	31
Q62923	Pnoc	10
Q62924	Akap11	42
Q62925	Map3k1	62
Q62927	Cnga1	21
Q62928	Ptger2	9
Q62930	C9	27
Q62931	Gosr1	16
Q62935	Vwf	18
Q62936	Dlg3	38
Q62940	Nedd4	43
Q62941	Slc30a2	12
Q62947	Zeb1	41
Q62950	Crmp1	31
Q62952	Dpysl3	29
Q62956	Erbb4	58
Q62959	Lepr	51
Q62962	Asic2	18
Q62967	Mvd	19
Q62968	Scn10a	79
Q62969	Ptgis	32
Q62976	Kcnma1	50
Q62985	Sh2b1	21
Q62986	Esr2	22
Q62991	Scfd1	31
Q62994	Fut4	24
Q62997	Gfra1	19
Q63008	Slc5a5	20
Q63009	Prmt1	20
Q63014	Akap8	25
Q63016	Slc7a5	16
Q63028	Add1	26
Q63035	Nlrp6	40
Q63041	A1m	74
Q63042	Gfer	9
Q63046	Runx1	19
Q63053	Arc	15
Q63060	Gk	28
Q63065	Pdk1	24
Q63068	Phax	17
Q63072	Bst1	17
Q63081	Pdia6	17
Q63083	Nucb1	27
Q63085	Pde3b	49
Q63087	Alx1	18
Q63089	Slc22a1	17
Q63092	Camkv	23
Q63099	Kcnb2	36
Q63100	Dync1i1	20
Q63108	Ces1e	24
Q63113	Fxyd4	3
Q63117	Clk3	22
Q63118	Calcrl	10
Q63120	Abcc2	59
Q63132	Ros1	93
Q63135	Cr1l	20
Q63147	Alas2	32
Q63148	Chrd	44
Q63150	Dpys	22
Q63151	Acsl3	32
Q63155	Dcc	56
Q63159	Coq3	14
Q63175	Serinc5	17
Q63180	Adam7	38
Q63184	Eif2ak2	26
Q63185	Eif2ak1	30
Q63186	Eif2b4	24
Q63187	Eloa	35
Q63190	Emd	15
Q63198	Cntn1	52
Q63199	Fas	13
Q63202	Adam2	33
Q63203	Fcgr2	13
Q63207	F10	25
Q63210	Gna12	21
Q63226	Grid2	45
Q63246	Foxc2	17
Q63247	Foxj1	11
Q63250	Foxe3	8
Q63257	Il4r	27
Q63258	Itga7	45
Q63259	Ptprn	36
Q63262	Pou3f3	9
Q63264	Il1b	9
Q63269	Itpr3	137
Q63270	Aco1	42
Q63272	Jak3	54
Q63273	Grik5	41
Q63276	Baat	22
Q63279	Krt19	31
Q63285	Uhmk1	21
Q63302	Tfec	14
Q63313	Lbp	22
Q63315	Cdh22	26
Q63321	Plod1	41
Q63340	Dusp7	13
Q63341	Mmp12	24
Q63342	Dmgdh	45
Q63344	Slc16a7	12
Q63347	Psmc2	25
Q63355	Myo1c	54
Q63356	Myo1e	58
Q63357	Myo1d	62
Q63358	Myo9b	110
Q63364	Pja2	27
Q63369	Nfkb1	47
Q63371	P2ry6	15
Q63372	Nrxn1	66
Q63373	Nrxn1	18
Q63374	Nrxn2	80
Q63376	Nrxn2	24
Q63377	Atp1b3	9
Q63379	Mycn	16
Q63384	Ntsr2	12
Q63398	Ebf1	22
Q63400	Cldn3	7
Q63406	Mcf2l	62
Q63413	Ddx39b	21
Q63415	Pcsk6	50
Q63421	Pde1c	38
Q63424	Slc15a2	28
Q63425	Prx	59
Q63433	Pkn1	41
Q63434	Pgf	6
Q63448	Acox3	39
Q63449	Pgr	33
Q63450	Camk1	15
Q63470	Dyrk1a	27
Q63472	Kcnh1	39
Q63474	Ddr1	37
Q63475	Ptprn2	51
Q63481	Rab29	11
Q63484	Akt3	28
Q63486	Rraga	14
Q63487	RragB	17
Q63488	Slc20a2	18
Q63493	Cd1d	15
Q63495	Ager	12
Q63503	Nr1d1	25
Q63504	Nr1d2	31
Q63511	Kcnj9	14
Q63514	C4bpa	30
Q63520	Sycp3	14
Q63524	Tmed2	9
Q63528	Rpa2	9
Q63531	Rps6ka1	43
Q63537	Syn2	21
Q63538	Mapk12	21
Q63540	Atxn1	30
Q63544	Sncg	8
Q63548	Sema3a	40
Q63553	Snrk	40
Q63560	Map6	69
Q63562	Map3k8	25
Q63563	Abcc9	65
Q63564	Sv2b	25
Q63569	Psmc3	26
Q63570	Psmc4	21
Q63572	Tesk1	27
Q63584	Tmed10	9
Q63604	Ntrk2	33
Q63610	Tpm3	16
Q63615	Vps33a	36
Q63616	Vps33b	36
Q63617	Hyou1	52
Q63618	Espn	26
Q63619	Coq7	14
Q63621	Il1rap	31
Q63622	Dlg2	43
Q63623	Scaf8	36
Q63632	Slc12a4	48
Q63633	Slc12a5	44
Q63634	Npy5r	16
Q63635	Stx6	12
Q63638	Speg	139
Q63639	Aldh1a2	21
Q63644	Rock1	81
Q63645	F2rl1	13
Q63648	Nf2	33
Q63651	Grk1	25
Q63652	Opn1sw	12
Q63661	Muc4	73
Q63663	Gbp2	25
Q63664	Kcnj8	15
Q63665	Usf2	10
Q63666	Vamp1	4
Q63673	Shh	24
Q63679	Kdm3a	71
Q63686	Cdk16	28
Q63688	Cyp7b1	20
Q63689	Neurod2	18
Q63690	Bax	8
Q63691	Cd14	13
Q63692	Cdc37	17
Q63699	Cdk2	19
Q63704	Cpt1b	37
Q63707	Dhodh	22
Q63716	Prdx1	14
Q63722	Jag1	48
Q63734	Kcnc4	27
Q63744	Dlc1	57
Q63746	Nfkbia	10
Q63754	Sncb	5
Q63755	Prdm2	74
Q63767	Bcar1	48
Q63768	Crk	18
Q63772	Gas6	38
Q63787	Pik3r1	34
Q63788	Pik3r2	39
Q63796	Map3k12	33
Q63801	Taf6	40
Q63802	Wee1	35
Q63803	Gnas	35
Q63862	Myh11	64
Q63881	Kcnd2	23
Q63921	Ptgs1	25
Q63941	Rab3b	13
Q63942	Rab3d	14
Q63945	Set	10
Q64057	Aldh7a1	24
Q64060	Ddx4	41
Q64093	Slc6a20	18
Q64121	Prlhr	9
Q64194	Lipa	16
Q641X3	Hexa	24
Q641X8	Eif3e	28
Q641Y2	Ndufs2	25
Q641Y5	Atg7	37
Q641Y7	Nudt18	18
Q641Y8	Ddx1	39
Q641Z4	Cdk9	18
Q641Z6	Ehd1	29
Q641Z8	Pef1	7
Q64201	Otx2	0
Q64202	Dlx1	2
Q64204	Dlx2	1
Q64230	Mep1a	34
Q64232	Tecr	14
Q64240	Ambp	19
Q64244	Cd38	14
Q64259	Vhl	8
Q64270	Eif2b1	16
Q64273	Kcnj2	14
Q64289	Neurod1	10
Q64294	Pdpn	5
Q642G2	Sostdc1	8
Q642G4	Pex14	16
Q64303	Pak2	23
Q64305	Ptf1a	11
Q64319	Slc3a1	38
Q64346	Dusp6	12
Q64349	Mal	1
Q64350	Eif2b5	28
Q64359	Cnga4	21
Q64380	Sardh	45
Q64428	Hadha	36
Q64535	Atp7b	61
Q64536	Pdk2	19
Q64537	Capns1	11
Q64541	Atp1a4	47
Q64542	Atp2b4	46
Q64550	Ugt1a1	18
Q64559	Acot7	19
Q64560	Tpp2	65
Q64562	Cyp21	28
Q64563	Adh4	18
Q64565	Agxt2	27
Q64566	Atp2c1	42
Q64568	Atp2b3	52
Q64573	Ces1f	29
Q64578	Atp2a1	42
Q64591	Decr1	19
Q64595	Prkg2	42
Q64598		6
Q64602	Aadat	18
Q64604	Ptprf	94
Q64605	Ptprs	81
Q64610	Enpp2	39
Q64611	Csad	28
Q64612	Ptprv	52
Q64617	Prkch	32
Q64623	Dusp1	14
Q64627	Neu2	16
Q64632	Itgb4	95
Q64633	Ugt1a7	21
Q64634	Ugt1a8	22
Q64637	Ugt1a3	21
Q64638	Ugt1a5	20
Q64640	Adk	18
Q64649	Phka1	56
Q64654	Cyp51a1	25
Q64663	P2rx7	30
Q64666	Aanat	11
Q64678	Cyp1b1	26
Q64680	Cyp2d4	26
Q64686	St6galnac3	17
Q64716	Insrr	58
Q64725	Syk	35
Q65Z14	Osmr	44
Q65Z15	Osm	14
Q66H15	Rmdn3	22
Q66H62	Cyld	47
Q66H70	Il33	13
Q66H76	Pxn	28
Q66H84	Mapkapk3	21
Q66H88	Plpp6	13
Q66H98	Cavin2	17
Q66HA1	Map3k11	40
Q66HA2	Creb3l1	22
Q66HA5	Cc2d1a	42
Q66HA6	Arl8b	10
Q66HA8	Hsph1	46
Q66HB3	Ift80	35
Q66HC3	C9orf72	21
Q66HD0	Hsp90b1	39
Q66HE5	Nuak2	29
Q66HF8	Aldh1b1	23
Q66HG0	Rnf13	10
Q66HG9	Mavs	19
Q66HH1	B4galt4	20
Q66HH2	Emp2	1
Q66HL2	Cttn	22
Q66HR2	Mapre1	15
Q66HS7	Pdlim3	17
Q66X93	Snd1	50
Q673L6	Tert	58
Q675A5	Pla2g15	16
Q67EQ0	Clec4a	15
Q67EQ1	Clec4e	9
Q68A21	Purb	10
Q68EJ0	Cyb5r4	31
Q68FP1	Gsn	32
Q68FP2	Pon3	15
Q68FQ0	Cct5	34
Q68FQ2	Jam3	16
Q68FR8	Tuba3a	21
Q68FS3	Fbxo7	14
Q68FS4	Lap3	30
Q68FT6	Rhbg	7
Q68FT9	Scly	19
Q68FV1	Tmem38b	15
Q68FX7	Thoc5	35
Q68FX9	Sirt5	16
Q68G30	Klc3	28
Q68G38	Tor1a	18
Q68LP1	Mib2	50
Q68SB1	Stau2	35
Q69CM7	Mycbpap	42
Q69FH1	Clec4d	9
Q6AXM5	Cept1	11
Q6AXQ4	Mtm1	36
Q6AXR4	Hexb	22
Q6AXS0	Slc8b1	16
Q6AXS4	Atp6ap2	15
Q6AXS5	Serbp1	19
Q6AXT5	Rab21	13
Q6AY05	Tmem175	11
Q6AY06	Izumo1	18
Q6AY17	Abhd17b	16
Q6AY25	Tmed3	12
Q6AY34	Osr2	9
Q6AY41	cdc50a	11
Q6AY43	Dync2li1	16
Q6AY47	Ficd	23
Q6AY56	Tuba8	21
Q6AY63	Nudt5	11
Q6AY80	Nqo2	15
Q6AYA5	Tmem106b	13
Q6AYC2	Irgm	19
Q6AYD3	Pa2g4	22
Q6AYD6	Pdlim2	15
Q6AYD9	Nudt19	19
Q6AYE2	Sh3glb1	15
Q6AYE3	Tada2a	21
Q6AYF1	Mapkap1	25
Q6AYF4	Itgb6	36
Q6AYG3	Prune1	21
Q6AYH3	Rnf34	16
Q6AYI4	Nhej1	10
Q6AYI5	Shoc2	21
Q6AYJ1	Recql	31
Q6AYJ4	Rec8	30
Q6AYK2	Jmjd6	14
Q6AYK3	Isyna1	23
Q6AYK6	Cacybp	11
Q6AYK9	Cdyl	26
Q6AYL6	Spata18	21
Q6AYM9	Cln8	10
Q6AYP5	Cadm1	18
Q6AYQ2	Akr1c21	17
Q6AYQ8	Fahd1	12
Q6AYS7	Acy1a	25
Q6AYT2	Nfe2	7
Q6AYT3	Rtcb	25
Q6AYT7	Abhd12	19
Q6AYU3	Dnajb6	13
Q6AYU4	Egln2	27
Q6AYX5	Odf2	41
Q6AYZ1	Tuba1c	21
Q6AZ28	Pias2	27
Q6AZ50	Atg3	11
Q6B4M5	Pard6a	15
Q6B959	Apold1	10
Q6BDS1	Spi1	8
Q6DGG0	Ppid	21
Q6DGG9	Camlg	17
Q6DTM3	Ahi1	55
Q6E0V2	Katna1	30
Q6EV70	Pofut1	19
Q6EV76	Fut8	30
Q6F596	Ggps1	17
Q6F6B3	Tanc1	88
Q6GMN2	Baiap2	34
Q6GQP4	Rab31	13
Q6GX84	Fignl1	39
Q6IE75	Bace2	17
Q6IFU8	Krt17	28
Q6IFV1	Krt14	30
Q6IFW6	Krt10	27
Q6IMF3	Krt1	32
Q6IMG5	Nhlrc1	14
Q6IMY8	Hnrnpu	32
Q6IN01	Ppp1r3b	14
Q6IN02	Ppp1r15a	18
Q6IN33	Rcan1	7
Q6IN36	Wipf1	20
Q6IRE4	Tsg101	16
Q6IRK9	Cpq	19
Q6IUR5	Nenf	10
Q6IUU3	Qsox1	38
Q6IYF9	Sucnr1	11
Q6J1Y9	Usp19	60
Q6J4I0	Ppp1r1b	10
Q6JAM9	Tmem35a	7
Q6JE36	Ndrg1	13
Q6JHU9	Crebbp	74
Q6JP77	Akap7	15
Q6LED0		4
Q6MFZ5	Trim39	26
Q6MG11	Atat1	27
Q6MG49	Bag6	30
Q6MG55	Abhd16a	29
Q6MG61	Clic1	15
Q6MG77	Dxo	16
Q6MG82	Prrt1	4
Q6MGA9	Brd2	34
Q6MGB5	Hsd17b8	12
Q6MGB6	Ring1	14
Q6NX65	Pdcd10	12
Q6NYB7	Rab1A	15
Q6P0K8	Jup	43
Q6P689	Wls	19
Q6P6Q2	Krt5	32
Q6P6Q9	Micu1	26
Q6P6R2	Dld	21
Q6P6S9	Entpd5	18
Q6P6T1	C1s	22
Q6P6T5	Ocln	16
Q6P6U0	Fgr	27
Q6P6V0	Gpi	28
Q6P6V1	Galnt11	30
Q6P6W3	Hdac3	23
Q6P730	Dab2ip	59
Q6P768	B4galt3	18
Q6P788	Atf5	4
Q6P791	Lamtor1	9
Q6P799	Sars1	25
Q6P7A1	Large2	40
Q6P7A9	Gaa	35
Q6P7B7	Zfyve27	14
Q6P7B9	Scd2	11
Q6P7C7	Gpnmb	21
Q6P7Q4	Glo1	11
Q6P7R8	Hsd17b12	16
Q6P7S1	Asah1	21
Q6P9T8	Tubb4b	19
Q6P9V9	Tuba1b	21
Q6PCT5	Pqbp1	10
Q6PCU2	Atp6v1e1	13
Q6PDU1	Srsf2	9
Q6PDU5	Bex3	2
Q6PDV7	Rpl10	8
Q6PEC3	Yif1b	8
Q6PEC4	Skp1	10
Q6PST4	Atl1	28
Q6Q0N0	Clstn1	36
Q6Q0N1	Cndp2	24
Q6Q1P3	Kcnk18	14
Q6Q629	Dpp10	46
Q6Q760	Nalcn	61
Q6Q7Y5	Gna13	25
Q6QA69	Abhd5	13
Q6QBQ4	Plscr3	10
Q6QD51	Ccdc80	47
Q6QDP7	Creb3l2	23
Q6QI68	Psenen	4
Q6QIX3	Slc30a3	15
Q6QLM7	Kif5a	57
Q6QMY6	Tsku	8
Q6R6I6	Rxfp1	32
Q6RFZ7	Plekhg5	44
Q6RI86	Trpa1	58
Q6RI88	Slc4a5	44
Q6RJR6	Rtn3	39
Q6RUV5	Rac1	7
Q6RVG2	Slc4a8	48
Q6SKG1	Acsm3	32
Q6T3U3	Npc1l1	39
Q6TEK4	Vkorc1	2
Q6TLK4	Arhgap27	36
Q6TMA8	Angptl4	15
Q6TMG5	Ikbkg	22
Q6TRW4	Pds5b	75
Q6UPE1	Etfdh	32
Q6UPR8	Ermp1	31
Q6URK4	Hnrnpa3	19
Q6UVM4	Kcnt2	56
Q6W3B0	Dsg4	37
Q6WAY2	Plppr1	10
Q6WN19	Rtn2	15
Q6X936	Kirrel1	34
Q6X9T7	Tyrobp	2
Q6XKD3	Ptgdr2	16
Q6XPU4	Fcgr3a	11
Q6XUX2	Dstyk	47
Q6XVN8	Map1lc3a	5
Q6Y1S1	Myd88	19
Q6ZXC8	St8sia5	20
Q704E8	Abcb7	34
Q704S8	Crat	27
Q70EX6	Slc10a6	7
Q712G6	Fut7	21
Q712U5	Arpp19	6
Q715S9	Nme8	27
Q71F54	Sh3rf1	35
Q71MB6	Slco4c1	22
Q71QF9	Prickle1	32
Q71RJ2	Cacng2	12
Q71RP1	Hpse	28
Q71S46	Atp5mc3	5
Q71TY3	Rps27	4
Q71UE8	Nedd8	4
Q75Q39	Tomm70	32
Q75Q40	Tomm40	11
Q75Q41	Tomm22	7
Q761X5	Unc5c	37
Q765A7	Pgap1	42
Q767I8	Pcdha4	36
Q769K2	Napepld	22
Q76EI6	Ffar2	12
Q76EQ0	Srr	16
Q76HM9	Hyal3	15
Q76HN1	Hyal1	12
Q76IC6	Zdhhc23	16
Q76JQ2	Flcn	30
Q76LD0	Chrdl1	23
Q76LT8	Usp48	52
Q76M68	Iqsec3	51
Q76MX4	Mafg	12
Q78E60	Arnt2	28
Q78E65	Jdp2	7
Q78EA7	Bmpr1a	24
Q78EG7	Ptp4a1	9
Q78EH2	Pcsk4	23
Q78EJ9	Capn8	35
Q78P75	Dynll2	5
Q78PB6	Ndel1	21
Q792H5	Celf2	17
Q792I0	Lin7c	11
Q792Q4	Cript	4
Q792S6	Bok	13
Q793F9	Vps4a	26
Q794F9	Slc3a2	24
Q7M730	Scn4b	11
Q7M767	Ube2v2	10
Q7TMA5	Apob	249
Q7TMB7	Plppr4	34
Q7TN78	Acsm4	32
Q7TNB2	Tnnt1	8
Q7TNJ2	Abca7	85
Q7TNJ4	Amigo2	25
Q7TNJ7	Camk1g	22
Q7TNK0	Serinc1	17
Q7TNK7	Rhag	9
Q7TNN9	Rhcg	8
Q7TNY1	Tnfaip1	21
Q7TNY7	Myrip	31
Q7TNZ6	Strada	18
Q7TP36	Shroom2	79
Q7TP47	Syncrip	28
Q7TP54	Ripor2	67
Q7TPB1	Cct4	32
Q7TPB4	Cd276	12
Q7TPK1	Uhrf1	41
Q7TPK6	Wnk4	40
Q7TPL3	Kctd10	19
Q7TQ20	Dnajc2	29
Q7TQM4	Soat2	18
Q7TQN4	Rela	20
Q7TQP6	Tnni3k	36
Q7TSA0	Rhot2	22
Q7TSB7	Kiss1	6
Q7TSE9	Hax1	15
Q7TSF2	Slc17a8	21
Q7TST9	Tbx3	24
Q7TSU1	Arfgef2	100
Q7TSX5	Sgms1	20
Q7TT47	Spg7	42
Q7TT49	Cdc42bpb	84
Q80U96	Xpo1	53
Q80UA9	Insig2	9
Q80W57	Abcg2	25
Q80W83	Ppp2r5b	23
Q80W98	Sgtb	12
Q80WD0	Rtn4rl1	18
Q80WD1	Rtn4rl2	21
Q80WE1	Fmr1	31
Q80WF4	Tmem132a	41
Q80WK7	Slc29a3	14
Q80WL1	Gldn	28
Q80WY6	Tnfrsf1b	14
Q80XF7	Gjc2	17
Q80YE2	Trp53inp1	4
Q80YN4	Corin	51
Q80Z29	Nampt	28
Q80Z30	Ppm1e	28
Q80Z36	Zhx3	33
Q80Z39	Hcar2	14
Q80Z70	Sel1l	37
Q80ZA5	Slc4a10	50
Q80ZC8	Klre1	12
Q80ZD5	Amigo3	21
Q80ZD7	Amigo1	20
Q80ZF7	Rdh10	16
Q80ZG1	Ric8a	28
Q80ZG2	Itpkc	35
Q80ZG5	Slu7	34
Q80ZG6	Bbc3	8
Q810D1	Chp2	11
Q810H6	Disc1	46
Q810T5	Kat7	28
Q810W7	Mast1	73
Q810W9	Whrn	44
Q811A2	Bst2	6
Q811M5	C6	51
Q811Q2	Clic6	26
Q811R2	Ppargc1b	37
Q811S9	Gnl3	29
Q811U3	Erc1	46
Q812D1	Psip1	28
Q812E9	Gpm6a	9
Q8CF82	Abca5	62
Q8CF97	Vcpip1	68
Q8CFC4	Abo2	15
Q8CFC9	Lzts1	34
Q8CFG5	Cacna2d3	44
Q8CFG6	Cacna2d2	49
Q8CFM6	Stab2	63
Q8CFN2	Cdc42	9
Q8CG07	Wrnip1	27
Q8CG08	Cthrc1	9
Q8CG09	Abcc1	70
Q8CG45	Akr7a2	15
Q8CGS4	Chmp3	9
Q8CGU4	Agap2	48
Q8CGU6	Ncstn	27
Q8CGU9	Tph2	29
Q8CGX0	Igf2bp1	30
Q8CGZ2	Ssx2ip	35
Q8CH34	Zp4	20
Q8CH87	Gcnt3	26
Q8CHI5	Per1	37
Q8CHL0	Fzd5	22
Q8CHM1	Aqp11	4
Q8CHM7	Hacl1	28
Q8CHN6	Sgpl1	26
Q8CHN8	Masp1	33
Q8CIN9	Rffl	13
Q8CIY2	Duox1	80
Q8CIZ5	Dmbt1	39
Q8CJ11	Adgrg2	28
Q8CJ44	Slc13a5	17
Q8CJ52	Prom2	37
Q8CJ99	Sclt1	44
Q8CJB9	Rnf40	53
Q8CJH2	Dab1	16
Q8CJH6	Npas4	14
Q8JZQ0	Csf1	24
Q8K1G0	Clmp	19
Q8K1P7	Smarca4	60
Q8K1P8	SLC16A2	9
Q8K1P9	Fads3	14
Q8K1Q3	Gpr3	8
Q8K1Q4	Lzts3	34
Q8K3K1	Ush2a	201
Q8K3L6	Gimap5	19
Q8K3M6	Erc2	47
Q8K3P6	Slc25a25	28
Q8K3R0	Ces2a	21
Q8K3T4	Ffar1	7
Q8K3U6	F7	24
Q8K3V3	Adgrg1	26
Q8K3X0	Casc3	27
Q8K3Y6	Zc3hav1	47
Q8K415	Slc36a2	17
Q8K430	Klhl17	29
Q8K4C0	Fmo5	26
Q8K4C8	Fzd9	22
Q8K4D8	Aldh1a3	23
Q8K4F2	Alox15b	29
Q8K4F7	Dcps	20
Q8K4F8	Ccnf	40
Q8K4G6	Macrod1	13
Q8K4H4	Aptx	15
Q8K4I6	Cby1	6
Q8K4K5	Llgl1	38
Q8K4Q9	Gja8	22
Q8K4R8	Slc34a3	17
Q8K4S7	Cblb	49
Q8K4T4	Filip1	66
Q8K4V2	Slc4a9	39
Q8K4V4	Snx27	28
Q8K4Y5	Lgi1	28
Q8K4Y7	Cant1	25
Q8K585	Hmga1	6
Q8K593	Plpp2	12
Q8K5A9	Nradd	9
Q8K5E0	Lpar3	15
Q8N7M5	Hjv	18
Q8QZV1	Pde9a	26
Q8QZZ9	Cdkn2a	10
Q8R2H2	Itgb3	40
Q8R2H5	Gpld1	43
Q8R2H7	Trak2	35
Q8R424	Stambp	19
Q8R426	Kcnip1	13
Q8R431	Mgll	17
Q8R455	Trpm8	46
Q8R456	Opn4	12
Q8R491	Ehd3	28
Q8R4A1	Ero1a	26
Q8R4C1	Atp2c2	40
Q8R4G1	Mrgprx1	7
Q8R4S8	Crlf2	13
Q8R4T2	Siah2	9
Q8R4T5	Tamalin	20
Q8R4U9	Sgk2	15
Q8R4V0	Sgk3	20
Q8R4Z9	Mfn1	42
Q8R500	Mfn2	38
Q8R511	Fnbp1	29
Q8R553	Clstn3	34
Q8R560	Ankrd1	17
Q8R5G2	Mutyh	17
Q8R5I7	Myocd	34
Q8R5M3	Lrrc15	16
Q8R5M4	Optn	37
Q8VBU2	Ndrg2	15
Q8VBX1	Lipg	22
Q8VD48	Dhrs9	18
Q8VD52	Pdxp	16
Q8VDA1	Clstn2	39
Q8VDA5	Zbp1	13
Q8VGC3	Cacnb2	31
Q8VH46	Afap1	27
Q8VHF0	Mark3	43
Q8VHF5	Cs	19
Q8VHI8	Bnip1	14
Q8VHJ4	Tmprss11d	11
Q8VHK0	Acot8	16
Q8VHK2	Caskin1	64
Q8VHK7	Hdgf	15
Q8VHN2	Grin3b	43
Q8VHQ7	Sytl4	37
Q8VHT6	As3mt	25
Q8VHV7	Hnrnph1	17
Q8VHV8	Selenos	9
Q8VHW5	Cacng8	12
Q8VHW8	Cacng5	10
Q8VHW9	Cacng4	10
Q8VHX0	Cacng3	11
Q8VHZ8	Dscam	98
Q8VHZ9	Ddit4	10
Q8VI04	Asrgl1	17
Q8VI60	Sulf1	37
Q8VI82	Fgf23	15
Q8VIB2	Daxx	25
Q8VID1	Dhrs4	13
Q8VID6	Pde11a	43
Q8VIF7	Selenbp1	31
Q8VIH3	Slc28a3	25
Q8VII6	Slc44a1	30
Q8VIJ4	Nr2c1	30
Q8VIJ5	Oga	46
Q8VIP2	Mlxipl	32
Q91V26	Sphk1	13
Q91V33	Khdrbs1	12
Q91WW1	Ucn2	5
Q91XJ0	Ss18l1	7
Q91XJ1	Becn1	20
Q91XQ2	Epm2a	14
Q91XS8	Stk17b	9
Q91XT9	Asah2	21
Q91XU1	Qki	14
Q91XU8	Cds2	16
Q91Y55	Cldn16	11
Q91Y77	Slc16a10	10
Q91Y78	Uchl3	11
Q91Y80	Sh3bp5	24
Q91Y81	Septin2	20
Q91Z62	Fbxo32	20
Q91Z63	Trim63	20
Q91Z79	Ppfia3	62
Q91Z84	Il23a	10
Q91ZN1	Coro1a	19
Q91ZN7	Chek1	23
Q91ZQ0	Vmp1	10
Q91ZS3	Sdf4	17
Q91ZT1	Flt4	59
Q91ZW1	Tfam	17
Q91ZW6	Tmlhe	27
Q91ZY6	Psmc3ip	10
Q91ZY8	Trim9	35
Q920B6	Kcnk2	18
Q920D2	Dhfr	12
Q920D5	Casp12	26
Q920E0	F2rl3	12
Q920E1	F2rl2	10
Q920F5	Mlycd	28
Q920G2	Nherf2	20
Q920K5	Baalc	6
Q920L2	Sdha	33
Q920L6	Elovl6	10
Q920L7	Elovl5	8
Q920M9	Siah1	11
Q920P0	Dcxr	14
Q920P6	Ada	20
Q920Q0	Palm	21
Q920R3	Fads1	18
Q921A2	Slc2a13	20
Q921A4	Cygb	13
Q923G5	Zdhhc7	12
Q923I8	Cry2	27
Q923K9	A1cf	28
Q923M1	Msra	15
Q923S8	Pank4	42
Q923U9	Slc40a1	15
Q924A5	Slc36a1	16
Q924B5	Tex101	10
Q924C3	Enpp1	39
Q924C9	Slc26a3	30
Q924I2	Map4k3	42
Q924N5	Acsbg1	33
Q924S5	Lonp1	40
Q924T4	Lfng	18
Q924U1	Kiss1r	13
Q924U5	Tesk2	30
Q924V1	Nox4	25
Q924V4	Slc15a3	19
Q924Y4	Gata2	13
Q924Z9	Ntn1	29
Q925B3	Trpm7	92
Q925B4	Syt8	16
Q925C0	Syt9	25
Q925G0	Rbm3	8
Q925G1	Hdgfl2	32
Q925N3	Pex5l	27
Q925Q9	Sh3kbp1	37
Q925R7	Galnt10	30
Q925S8	Yme1l1	38
Q925T8	Brinp1	37
Q925U2	Ltc4s	6
Q99041	Tgm4	35
Q99068	Lrpap1	20
Q99372	Eln	6
Q99376	Tfrc	39
Q99J82	Ilk	24
Q99J86	Atrn	60
Q99JA8	Ngb	8
Q99JB3	Fut9	16
Q99JD4	Clasp2	72
Q99JE4	Rasgrf2	55
Q99JE6	Plcb3	54
Q99M64	Pi4k2a	29
Q99M66	Bcl2l10	10
Q99M75	Rtn4r	22
Q99MA2	Xpnpep2	29
Q99MF4	Il11ra1	19
Q99MG9	Kcnip4	14
Q99MH3	Hamp	5
Q99MH9	Bbs2	34
Q99MI7	Uba3	24
Q99MK2	Kat5	28
Q99MY2	Nudt4	8
Q99MZ4	Ggt7	21
Q99N01	Slco4a1	25
Q99N02	Slco3a1	20
Q99N27	Snx1	23
Q99N34	Dffb	19
Q99N37	Arhgap17	32
Q99NA7	Pitx1	11
Q99NB7	Acot12	26
Q99NI4	Ipmk	25
Q99P39	Nfs1	26
Q99P67	Sost	13
Q99P74	Rab27b	13
Q99P75	Rab9a	12
Q99P77	Gtpbp4	34
Q99P84	Plce1	103
Q99P96	Hdac7	12
Q99P99	Hdac4	47
Q99PD2	Rnf138	9
Q99PD6	Tgfb1i1	25
Q99PE7	Abcg5	27
Q99PF5	Khsrp	33
Q99PP0	Ccn4	19
Q99PS8	Hrg	22
Q99PV3	Mkln1	42
Q99PW3	Neu1	20
Q99PW5	Neu3	21
Q99PW6	Mmp24	24
Q99PW7	Fstl3	9
Q9EP80	Pick1	20
Q9EPA0	Drp2	46
Q9EPB1	Dpp7	18
Q9EPC6	Pfn2	7
Q9EPF2	Mcam	30
Q9EPH0	Slc26a5	27
Q9EPH2	Marcksl1	7
Q9EPH8	Pabpc1	31
Q9EPI0	Xylt2	30
Q9EPI1	Xylt1	39
Q9EPI2	Gfra4	13
Q9EPI6	Nsmf	32
Q9EPI9	Kcnh5	35
Q9EPQ0	Slc24a3	15
Q9EPT8	Clic5	13
Q9EPU2	Ncoa3	42
Q9EPU7	Znf354c	31
Q9EPV5	Apaf1	63
Q9EPW1	Bmal1	24
Q9EPX4	P2ry12	15
Q9EPY0	Card9	27
Q9EPZ7	Slco1c1	29
Q9EQ25	Slc38a4	18
Q9EQ60	Cacna1h	76
Q9EQ76	Fmo3	26
Q9EQE1	Senp2	31
Q9EQG6	Kidins220	88
Q9EQH1	Gab2	30
Q9EQH5	Ctbp2	18
Q9EQJ4	Znf384	20
Q9EQL9	Sharpin	10
Q9EQN5	Ighmbp2	49
Q9EQR2	Agps	33
Q9EQS0	Taldo1	16
Q9EQS5	Sc5d	9
Q9EQT1	Pdgfd	18
Q9EQV6	Tpp1	20
Q9EQV8	Cpn1	20
Q9EQV9	Cpb2	23
Q9EQX6	Pdgfc	20
Q9EQX9	Ube2n	10
Q9ER24	Atxn10	28
Q9ER30	Klhl41	29
Q9ER31	Entpd6	20
Q9ER33	Cnga3	29
Q9ER34	Aco2	36
Q9ERB4	Vcan	78
Q9ERC1	Myo16	75
Q9ERC5	Otof	100
Q9ERD9	Ido1	20
Q9ERE4	Golph3	16
Q9ERM3	Dgat1	17
Q9ERQ6	Cspg5	13
Q9ERS0	Kcnk13	17
Q9ERW3	Fgf13	14
Q9ERZ8	Trpv4	34
Q9ES08	Kcnk9	10
Q9ES14	Gabre	20
Q9ES19	Atf4	10
Q9ES21	Sacm1l	36
Q9ES38	Slc27a5	27
Q9ES39	Nde1	23
Q9ES40	Arl6ip5	6
Q9ES45	Duox2	75
Q9ES53	Ufd1	16
Q9ES54	Nploc4	29
Q9ES58	Cd200r1	13
Q9ES66	Capn10	36
Q9ES71	Gnpat	39
Q9ES72	Ccn1	26
Q9ES73	Maged1	27
Q9ES87	Prss8	8
Q9ESC1	Adgrl4	23
Q9ESE2	Tnfsf11	15
Q9ESG3	Cltrn	10
Q9ESH6	Glrx	6
Q9ESI7	Dcx	20
Q9ESP4	Gpr88	5
Q9ESP7	Adamts4	28
Q9ESQ4	Nmur2	10
Q9ESQ5	Trpm4	47
Q9ESQ7	Psd	29
Q9ESQ9	Npvf	11
Q9ESR9	Abca2	92
Q9EST6	Anp32b	10
Q9ESV1	Luzp1	60
Q9ESV6	Gapdhs	20
Q9ESW0	Ddb1	50
Q9ESZ0	Xrcc1	30
Q9ET32	Abo	19
Q9ET55	Noct	22
Q9ET58	Klf2	11
Q9ET64	Smpd2	23
Q9HB97	Parva	16
Q9JHC6	Ccn5	8
Q9JHE5	Slc38a2	11
Q9JHF3	Ptges	7
Q9JHG3	Aplnr	12
Q9JHI3	Slco2b1	24
Q9JHJ1	Ramp2	5
Q9JHL3	Ecel1	42
Q9JHL4	Dbnl	20
Q9JHS1	Epas1	35
Q9JHS2	Hif3a	32
Q9JHU6	Stmn3	10
Q9JHW1	Cpd	64
Q9JHW5	Vamp7	14
Q9JHX0	Rgs2	12
Q9JHX4	Casp8	28
Q9JHY1	F11r	11
Q9JHY7	Birc5	7
Q9JHY8	Lig1	45
Q9JHZ4	Gripap1	47
Q9JHZ9	Slc38a3	14
Q9JI03	Col5a1	84
Q9JI12	Slc17a6	22
Q9JI15	Camk2n1	4
Q9JI24	Il24	9
Q9JI51	Vti1a	11
Q9JI61	Lrat	12
Q9JI66	Slc4a4	40
Q9JI85	Nucb2	21
Q9JI92	Sdcbp	8
Q9JI93	A4galt	20
Q9JID1	Pdcd4	23
Q9JID2	Gna11	19
Q9JIH7	Wnk1	56
Q9JII9	Cxcr3	11
Q9JIK1	Cdhr5	28
Q9JIL3	Ilf3	35
Q9JIL8	Rad50	72
Q9JIL9	Nbn	40
Q9JIM0	Mre11	35
Q9JIM4	Dusp12	13
Q9JIP0	Trpv5	29
Q9JIR3	Rims3	17
Q9JIR4	Rims1	79
Q9JIS1	Rims2	85
Q9JIS4	Kcnk10	22
Q9JIT3	Tle3	34
Q9JIX3	Fhit	10
Q9JIX5	Chd8	107
Q9JJ05	C1galt1	15
Q9JJ09	Slc34a2	23
Q9JJ16	Htr3b	16
Q9JJ19	Nherf1	23
Q9JJ22	Erap1	45
Q9JJ25	Mefv	42
Q9JJ31	Cul5	46
Q9JJ40	Pdzk1	32
Q9JJ46	Ebp	4
Q9JJ50	Hgs	26
Q9JJ54	Hnrnpd	13
Q9JJ73	Ramp3	4
Q9JJ74	Ramp1	8
Q9JJ79	Dync2h1	238
Q9JJH5	Pfkfb2	39
Q9JJI5	Nmur1	16
Q9JJK1	Gpm6b	5
Q9JJK4	Pex3	15
Q9JJL4	Rhoq	10
Q9JJM9	Septin5	19
Q9JJP6	Tp63	28
Q9JJP9	Ubqln1	14
Q9JJS8	Masp2	35
Q9JJV7	Kcne3	4
Q9JJZ1	Slc2a8	15
Q9JK00	Scn3b	10
Q9JK11	Rtn4	37
Q9JK25	Clip1	75
Q9JK41	Slc31a1	2
Q9JK66	Prkn	25
Q9JK71	Magi3	74
Q9JK96	Kcnq4	29
Q9JKA7	Hcn4	46
Q9JKA8	Hcn3	38
Q9JKA9	Hcn2	33
Q9JKB0	Hcn1	32
Q9JKC9	Synrg	55
Q9JKD6	Cldn5	5
Q9JKF8	Rasd1	17
Q9JKL8	Adnp	63
Q9JKR5	Zdhhc2	17
Q9JKS6	Pclo	220
Q9JKU3	Ift172	103
Q9JKY3	Zbtb18	31
Q9JL55	Gde1	18
Q9JLA3	Uggt1	77
Q9JLB5	Chrna10	15
Q9JLH5	Cdk5rap2	90
Q9JLH6	Cdk5rap1	30
Q9JLH7	Cdk5rap3	24
Q9JLI4	Ncoa6	9
Q9JLJ3	Aldh9a1	23
Q9JLN4	Pglyrp1	9
Q9JLP1	Khdrbs3	10
Q9JLS3	Taok2	48
Q9JLS4	Sfrp4	18
Q9JLT0	Myh10	100
Q9JLT6	Bid	9
Q9JLU4	Shank3	67
Q9JLZ1	Glrx3	19
Q9JM01	Cdkl3	28
Q9JM15	Slc38a1	19
Q9JM47	Kcnip3	12
Q9JM53	Aifm1	31
Q9JM59	Kcnip2	11
Q9JM80	Pag1	15
Q9JMB5	Adrm1	11
Q9JMC1	Inpp5j	43
Q9JMD7	Slc5a7	18
Q9JMG6	Tfpt	8
Q9JMH2	Lrit1	28
Q9JMI1	Aacs	31
Q9JMI9	Trpc3	44
Q9JMJ4	Prpf19	18
Q9JMK8	Vps54	45
Q9QUH3	Apoa5	21
Q9QUH6	Syngap1	50
Q9QUL6	Nsf	43
Q9QUR2	Dctn4	19
Q9QUS1	Nr1i3	16
Q9QVC8	Fkbp4	29
Q9QW07	Plcb4	68
Q9QW30	Notch2	79
Q9QWE9	Ggt5	21
Q9QWG5	Inpp4b	50
Q9QWJ9	Nrp1	40
Q9QWM1	Nr5a2	21
Q9QWN8	Sptbn2	132
Q9QWS8	Kcnh8	47
Q9QX01	Trpc1	35
Q9QX05	Tlr4	47
Q9QX27	St18	62
Q9QX72	Secisbp2	32
Q9QX73	Arhgef9	25
Q9QX74	Shank2	66
Q9QX75	Trdn	19
Q9QX78	Socs1	15
Q9QXF7	CYP2J4	28
Q9QXL7	Nme7	21
Q9QXN1	Lef1	13
Q9QXQ0	Actn4	55
Q9QXQ5	Wnt4	19
Q9QXQ7	Wnt5a	20
Q9QXU8	Dync1li1	28
Q9QXU9	Pcsk1n	12
Q9QXY2	Srcin1	73
Q9QXY8	Ccl7	3
Q9QY02	Ythdc1	26
Q9QY16	Ddx25	22
Q9QY17	Pacsin2	23
Q9QY44	Abcd2	37
Q9QY78	Ikbkb	41
Q9QYC5	Gpr37l1	11
Q9QYC6	Gpr37	24
Q9QYF3	Myo5a	101
Q9QYG8	Uck2	12
Q9QYH7	Ghrl	5
Q9QYJ4	Abcb9	33
Q9QYJ6	Pde10a	42
Q9QYK2	Ppargc1a	36
Q9QYK3	Nrbf2	15
Q9QYM0	Abcc5	63
Q9QYM2	Parg	53
Q9QYN5	Bcl10	11
Q9QYN8	Hrh3	9
Q9QYP0	Megf8	92
Q9QYP1	Lrp4	95
Q9QYP2	Celsr2	93
Q9QYU1	Pex19	17
Q9QYU4	Crym	12
Q9QYV0	Adam15	32
Q9QYV8	Polg	52
Q9QYW0	Aatf	21
Q9QYW1	Kcnn4	18
Q9QYW3	Mob4	11
Q9QZ48	Zbtb7a	20
Q9QZ76	Mb	7
Q9QZ81	Ago2	45
Q9QZ86	Nop58	23
Q9QZA2	Pdcd6ip	46
Q9QZC5	Grb7	24
Q9QZH0	Fzd4	19
Q9QZH2	Bard1	36
Q9QZH4	Prkab2	14
Q9QZH8	Aadac	18
Q9QZK5	Htra1	20
Q9QZL2	Chst3	20
Q9QZM5	Abi1	19
Q9QZM6	Slc24a1	49
Q9QZN9	Cnr2	11
Q9QZP2	Prdm4	20
Q9QZQ4	Uts2	5
Q9QZQ5	Ccn3	19
Q9QZR6	Septin9	37
Q9QZR8	Pdzd2	140
Q9QZT3	Pla2g10	8
Q9QZX8	Slco1b2	28
Q9R010	Cib1	14
Q9R011	Plk3	33
Q9R012	Plk2	39
Q9R037	Wdr44	52
Q9R044	Nphs1	54
Q9R063	Prdx5	14
Q9R064	Gorasp2	13
Q9R066	Cxadr	23
Q9R080	Gpsm1	37
Q9R085	Usp15	50
Q9R095	Spef2	85
Q9R0C9	Sigmar1	6
Q9R0E0	Ugcg	18
Q9R0I6	Xiap	29
Q9R0I8	Pip4k2a	18
Q9R0J8	Lgmn	15
Q9R0K8	Stc2	9
Q9R0R3	Apln	2
Q9R0S5	Slc7a7	11
Q9R0T3	Dnajc3	22
Q9R0T4	Cdh1	27
Q9R0U1	Ip6k2	23
Q9R0W1	Pitx2	12
Q9R0W2	Slc22a2	17
Q9R0W5	Asic5	20
Q9R103	Il12a	16
Q9R141	Slc22a4	16
Q9R154	Slc26a4	21
Q9R168	Sfrp1	4
Q9R172	Notch3	75
Q9R186	Trpv6	29
Q9R189	Unc13d	50
Q9R1A7	Nr1i2	20
Q9R1D1	Ctcf	27
Q9R1E9	Ccn2	21
Q9R1J4	Myoc	26
Q9R1J8	P3h1	33
Q9R1K2	Tenm2	115
Q9R1K8	Rasgrp1	41
Q9R1M7	Grin3a	51
Q9R1N3	Slc4a7	57
Q9R1Q2	Ccnl1	20
Q9R1S4	Xbp1	11
Q9R1S9	Mdk	8
Q9R1T1	Banf1	5
Q9R1T3	Ctsz	15
Q9R1T5	Aspa	16
Q9R1T7	Icos	8
Q9R1U5	Sik1	25
Q9R1U7	Slc22a8	20
Q9R1V3	Smad5	22
Q9R1Z0	Vdac3	15
Q9R237	Mapk8ip1	31
Q9R261	Ptgdr	11
Q9R283	Trpc2	52
Q9R2C1	Serp1	1
Q9WTL3	Sema6c	39
Q9WTN5	Tpcn1	28
Q9WTP0	Epb41l1	45
Q9WTQ0	Prkcq	36
Q9WTQ1	Prkd1	28
Q9WTQ2	Podxl	17
Q9WTQ6	Trib3	20
Q9WTR8	Phlpp1	74
Q9WTS8	Fcn1	16
Q9WTV0	Preb	19
Q9WTV1	Chi3l1	21
Q9WTW1	Grip2	53
Q9WTW7	Slc23a1	16
Q9WTW8	Slc23a2	15
Q9WTY0	Aqp6	8
Q9WTY9	Mapk13	21
Q9WTZ3	Mbtps1	44
Q9WU06	Avil	35
Q9WU34	Septin3	17
Q9WU61	Clcc1	25
Q9WU70	Stxbp5	45
Q9WU74	Lsr	23
Q9WU82	Ctnnb1	41
Q9WUB5	Ncor1	21
Q9WUD2	Trpv2	32
Q9WUD9	Src	24
Q9WUF4	Vamp8	6
Q9WUI9	Ncoa2	54
Q9WUJ3	Pde4dip	113
Q9WUK0	Insl3	7
Q9WUL0	Top1	39
Q9WUQ1	Adamts1	46
Q9WUS0	Ak4	13
Q9WUW3	Cfi	33
Q9WUW8	Sult1c2	19
Q9WV48	Shank1	79
Q9WV57	Mpeg1	30
Q9WV63	Kif2a	34
Q9WV75	Spon2	13
Q9WV78	Plvap	23
Q9WV87	Nox1	24
Q9WVA9	Npff	9
Q9WVB1	Rab6a	13
Q9WVB9	Dvl1	29
Q9WVC0	Septin7	22
Q9WVC1	Slit2	38
Q9WVC7	Akap6	109
Q9WVE9	Itsn1	73
Q9WVH8	Fbln5	17
Q9WVJ4	Synj2bp	8
Q9WVJ6	Tgm2	34
Q9WVK3	Pecr	12
Q9WVK7	Hadh	14
Q9WVM4	Icmt	9
Q9WVR1	Inpp5e	32
Q9WVR3	Inppl1	67
Q9WVR6	Slc7a8	14
Q9WVR7	Ppm1f	17
Q9WVR8	Men1	28
Q9WVS9	Clock	25
Q9WVT0	Adgrf5	52
Q9Z0G8	Wipf3	20
Q9Z0J5	Txnrd2	20
Q9Z0J6	Gdf15	19
Q9Z0J8	Negr1	13
Q9Z0L5	Ereg	6
Q9Z0M4	Cd46	13
Q9Z0N7	Kcnq1	29
Q9Z0R7	Tas1r2	35
Q9Z0U4	Gabbr1	42
Q9Z0U5	Aox1	65
Q9Z0V5	Prdx4	15
Q9Z0V6	Prdx3	14
Q9Z0W5	Pacsin1	25
Q9Z0W7	Clic4	15
Q9Z0X2	Slc9a5	33
Q9Z0Y8	Cacna1i	63
Q9Z0Z5	Slc13a3	10
Q9Z122	Fads2	17
Q9Z136	Tsc1	56
Q9Z137	B3gat2	18
Q9Z143	Sema4f	30
Q9Z158	Stx17	13
Q9Z173	Adgrl3	70
Q9Z1A5	Nae1	24
Q9Z1B2	Gstm5	15
Q9Z1C7	Rapgef4	24
Q9Z1C8	Rapgef3	46
Q9Z1E1	Flot1	28
Q9Z1F2	Slc5a11	19
Q9Z1H9	Cavin3	11
Q9Z1K9	Adam17	41
Q9Z1L0	Pik3cb	55
Q9Z1L1	Cldn7	3
Q9Z1M9	Smc1a	69
Q9Z1N1	Fbp2	15
Q9Z1N3	Myo9a	142
Q9Z1N4	Bpnt1	20
Q9Z1P2	Actn1	53
Q9Z1P3	Mcl1	17
Q9Z1T4	Cnksr2	47
Q9Z1W6	Mtdh	24
Q9Z1Y0	Rhov	12
Q9Z1Y3	Cdh2	30
Q9Z1Z1	Eif2ak3	57
Q9Z1Z3	Epn2	21
Q9Z1Z9	Pdlim7	23
Q9Z200	Sh2b2	26
Q9Z214	Homer1	22
Q9Z217	Gdf11	16
Q9Z250	Lin7a	12
Q9Z252	Lin7b	12
Q9Z254	Gipc1	15
Q9Z258	Kcnt1	57
Q9Z269	Vapb	12
Q9Z270	Vapa	13
Q9Z272	Git1	39
Q9Z286	Adcy10	90
Q9Z2A6	Mapk15	27
Q9Z2F5	Ctbp1	18
Q9Z2G8	Nap1l1	13
Q9Z2H4	Lgr4	23
Q9Z2I6	Sv2c	22
Q9Z2J4	Nexn	30
Q9Z2J9	Runx2	11
Q9Z2K5	Mlst8	14
Q9Z2L0	Vdac1	17
Q9Z2L9	Ndrg4	13
Q9Z2M4	Decr2	16
Q9Z2P3	Tnfsf4	9
Q9Z2P4	Rgcc	5
Q9Z2P5	Ripk3	22
Q9Z2P6	Snap29	13
Q9Z2Q1	Sec31a	51
Q9Z2Q3	Hyal2	14
Q9Z2Q4	Mtr	67
Q9Z2Q7	Stx8	11
Q9Z2S9	Flot2	27
Q9Z2T2	Kcnk1	8
Q9Z2V2	Cd40lg	11
Q9Z2Y1	Timeless	60
Q9Z2Y9	Kl	45
Q9Z2Z8	Dhcr7	13
Q9Z301	Per2	48
Q9Z311	Mecr	15
Q9Z325	Dpm2	1
Q9Z327	Synpo	43
Q9Z330	Dnmt1	84
Q9Z335	Sbk1	13
Q9Z336	Dynlt1	6
Q9Z339	Gsto1	14
Q9Z340	Pard3	73
A0A0G2K0D3	Lmod1	27
A0A0G2K5L2	Slc25a22	15
A0A0G2K7V7	Mill2	22
A0A0G2KBC9	Lilrb3l	28
A0A8I6A2H6	Micu3	26
A0A8I6AGW3	Fignl2	25
A0A8I6B1J2	Mbnl1	12
A0A8I6GJ95	Hsd17b14	12
A0FKI7	Acbd5	23
A0JPK3	Zfp57	29
A1A5P0	Cdc42ep1	18
A1A5S1	Prpf6	56
A1L134	Aup1	16
A1L1I3	Numbl	21
A1L1K7	Acsbg2	27
A2RRT9	Cyp4v2	29
A2VCW9	Aass	39
A3QPB9	Il21	9
A4F267	Tomm40l	13
A4KWA1	Klrb1b	12
A4L9P8	Cep295	92
A4V8B4	Sav1	24
A6JFQ6	Clvs1	20
A6JUQ6	Clvs2	17
A6ZIQ8	Tmem38a	11
A7E3N7	Noxa1	25
A9UMV8	H2aj	5
A9ZSY0	Cntln	39
B0BMW8	Rce1	9
B0BMZ6	Cfap119	17
B0BN85	Sugt1	21
B0BN93	Psmd13	26
B0BNA7	Eif3i	19
B0BNE2	Polr2e	12
B0BNF0	Tmem86b	5
B0BNF8	Htatip2	12
B0BNL4	Slc48a1	4
B0BNL6	Arrdc1	13
B0BNM9	GLTP	15
B0BNN3	Ca1	14
B0K012	Camkmt	18
B2GUV7	Eif5b	51
B2GUX4	Usp21	29
B2GUY2	Tfr2	35
B2GUZ2	Ska3	24
B2GUZ5	Capza1	13
B2GV36	Slc22a13	17
B2GV52	Bloc1s5	11
B2GV54	Nceh1	18
B2RYM0	Angel1	14
B2RZ50	Cdkn3	7
B2RZ78	Vps29	10
B3DMA2	Acad11	43
B3EY83	Lcn12	9
B3STU3	Chac1	5
B4F777	Hmgn5	33
B4F785	Egflam	48
B4F795	Slc44a2	28
B4F7A7	Cep57	20
B4F7E8	Niban2	34
B4F7E9	Znf76	20
B5DEH2	Erlin2	21
B5DEQ3	Xpnpep3	22
B5DF07	Prorp	33
B5DF11	Zfand5	11
B5DF21	Samd4a	26
B5DF41	Snph	25
B5DF93	Patl1	35
B5DFA1	Tbc1d2	49
B5DFC8	Eif3c	40
B5DFC9	Nid2	57
B5DFF2	Rbpms2	9
B5DFK3	Hoxd9	8
B5DFK7	Abhd17c	16
B5MEV3	Slc52a2	7
B6VQA5	Spata31	44
B8ZHC9	Slc25a41	19
C0HJX2	Lilrb3a	24
C0HJX3	Lilrb3b	24
C0HLM6	Smim20	3
C0HLU6		2
C9WPN6	Eif2s3y	23
D3Z8N2	Rnf187	13
D3Z8N4	Klhl20	36
D3Z8X7	Cep104	50
D3Z9M3		6
D3ZA12	Chd6	126
D3ZA76	Htra3	16
D3ZAL8	Lrrtm3	26
D3ZBM4	Rnf182	7
D3ZCL3	Snrpc	3
D3ZD05	Kank2	43
D3ZDX9	Mcidas	15
D3ZE85	Frrs1l	14
D3ZEY0	Ccdc141	84
D3ZGP9	Dhrs7c	19
D3ZGX1	Nexmif	60
D3ZGZ6	Fbxw7-as1	7
D3ZH22	Slc50a1	6
D3ZIS0	Slc5a4	21
D3ZJ47	Minar1	48
D3ZJK7	Tbx6	14
D3ZK93	Gsg1l	9
D3ZKM3	Gpr15lg	5
D3ZKT0	Tamm41	17
D3ZKU7	Bloc1s1	7
D3ZL52	Pheta1	12
D3ZLZ7	Impdh1	20
D3ZND0	Uvssa	39
D3ZNF5	Tmem63c	23
D3ZNT6	Mafa	9
D3ZQD3	Ogdhl	46
D3ZQG6	Trim2	34
D3ZS28	Rbl1	59
D3ZSK5	Setd6	19
D3ZSP7	Ttc3	88
D3ZTX0	Tmed7	12
D3ZUU2	Gzf1	36
D3ZV31	Zcchc4	30
D3ZVR9	Pgm5	30
D3ZVT0	ZNF418	43
D3ZW91	Poc1b	23
D3ZWE7	Hormad1	24
D3ZWT9	CLEC6A	9
D3ZWZ9	Gpr107	25
D3ZX08	Aars2	42
D3ZX63	Wdr54	15
D3ZXK7	Rnf123	59
D3ZYB7	Taf1b	25
D3ZZ07	Cts7	14
D3ZZ80	Obsl1	76
D3ZZL9	Gcc2	104
D3ZZN9	Syde1	37
D3ZZP4	Prima1	4
D4A0C3	Hid1	32
D4A0X3	Btbd8	84
D4A1J9	Lrfn5	29
D4A2Y9	Pex13	16
D4A2Z2	Eppin	5
D4A3T6	Adgrf2	26
D4A4Q2	Gpr171	16
D4A5C3	Hmgcll1	17
D4A5U3	Tgm3	39
D4A615	Tonsl	58
D4A723	Rnf152	7
D4A7N1	Chchd6	12
D4A7U2	Carf	20
D4A8G9	Zfyve26	124
D4A8X0	Zbtb4	34
D4A929	Wdr81	82
D4A9I3	Cacfd1	4
D4A9K4	Slc18b1	8
D4AAA5	Faap20	8
D4AAT7	Naxd	19
D4AB66	Ston2	40
D4ABB4	Fbxl15	15
D4ABB8	Atp9b	53
D4ABH7	Bcdin3d	16
D4ABW7	Lyzl4	10
D4ABX8	Lrfn4	25
D4ABY2	Copg2	39
D4AC13	Lgr5	31
D4AE48	Midn	18
D4AEP3	Fam168b	3
E9PT23	Slc38a10	54
E9PTG8	Stk10	43
F1LMZ8	Psmd11	27
F1LNI5	Ppm1g	21
F1LPQ2	Ascc3	114
F1LSG8	Vps50	49
F1LU71	Auh	18
F1LW30	Unc5d	41
F1LZ52	Klhl3	27
F1M2Z5	Ncmap	3
F1M649	Nlrc4	53
F1M928	Izumo1r	11
F8WLE0	Kif28	50
G3V7J5	Ces2e	19
G3V7Q0	Dennd5a	59
G3V893	Znf335	38
G3V8T1	Mphosph8	34
H1UBN0	Cpne7	27
I6L9G5	Rcn3	14
M0R7T6	Rbm24	5
M0R7X9	Tafa5	4
M0RCI4	Slc16a9	15
M0RDU0	F8a1	11
O08587	Nup50	24
O08593	Pde7a	21
O08618	Prpsap2	23
O08619	F13a1	35
O08628	Pcolce	19
O08653	Tep1	119
O08658	Nup88	31
O08700	Vps45	32
O08770	Gp5	27
O08781	Zmat3	13
O08950	Gtf2a2	7
O08957	Nrn1	4
O09178	Ampd3	32
O35077	Gpd1	21
O35092	Timm17a	6
O35094	Timm44	30
O35293	Cyp2f2	24
O35353	Gnb4	14
O35532	Msmo1	8
O35760	Idi1	10
O35774	Akap4	50
O35775	Sycn	6
O35777	Magt1	14
O35778	Klrd1	11
O35790	Pigl	12
O35806	Ltbp2	53
O35817	Akap14	21
O35821	Mybbp1a	72
O35824	Dnaja2	20
O35827	Apbb3	23
O35828	Coro7	39
O35832	Cdk18	24
O35920	Capn9	32
O54769	Fgf16	9
O54772	Smarcd2	27
O54783	Chkb	22
O54858	Cpz	26
O54921	Exoc2	45
O54923	Exoc6	46
O55007	Ralgapa1	86
O55081	Rbl2	61
O55148	Gas7	17
O55162	Lypd3	14
O55227	Unc50	3
O70141	Sema6b	31
O70199	Ugdh	27
O70248	Apba3	18
O70280	Wfdc1	7
O70367	Cnmd	17
O70461	Slc16a8	14
O70540	Madcam1	11
O70610	Gjd2	16
O70617	Kcnj13	10
O88177	Pex12	15
O88178	B3galt4	13
O88204	Lrp3	31
O88350	Rbbp9	11
O88426	Nme6	11
O88514	Defb4	2
O88588	Pacs1	38
O88626	Galr3	10
O88628	Or51e2	9
O88758	Kcns1	19
O88759	Kcns3	14
O88761	Psmd1	45
O88788	Alg10b	18
O88794	Pnpo	13
O88806	Padi1	31
O88941	Mogs	41
O88994	Mtarc2	17
O89043	Pola2	26
O89117	Defb1	4
P00406	Mt-co2	6
P00564	Ckm	19
P00689	Amy2	24
P00731	Cpa1	18
P00758	Ngfg	9
P00770	Mcpt2	7
P00774	Cela2a	11
P01039	Csta	6
P01041	Cstb	5
P02317	Tnp1	0
P02401	Rplp2	5
P02524	Crybb3	12
P02600	Myl1	12
P02634	S100g	4
P02780	Scgb2a2	5
P02781	Psbpc2	3
P02783	Svs4	6
P02793	Ftl1	10
P03889	Mt-nd1	6
P04073	Pgc	3
P04143	Thrsp	7
P04462	Myh8	15
P04550	Ptms	3
P04563	Gast	7
P04652	Tshb	5
P05505	Mt-co3	1
P05506	Mt-nd3	1
P05508	Mt-nd4	11
P05541	Cd8b	9
P05544	Serpina3l	23
P06341	RT1-B	16
P06911	Lcn5	11
P07152	Mmp10	21
P07153	Rpn1	36
P07633	Pccb	29
P08435	Tac3	6
P08541	Ugt2b	22
P08689	Shbg	19
P08937	Obp1f	10
P09650	Mcpt1	12
P09656	Spink1l	4
P0C0A2	Vps36	24
P0C0K7	Ephb6	47
P0C0L6	Npsr1	9
P0C0P7	Nps	4
P0C219	Slmap	55
P0C2X9	Aldh4a1	27
P0C546	Slc25a42	18
P0C595	Dusp29	11
P0C5J5	Wfikkn1	20
P0C643	Rasgrp2	33
P0C6B8	Svep1	126
P0C6P5	Arhgef28	77
P0C7L8	Ppp1r3e	16
P0C7W2	Tor2a	10
P0CB49	Ylpm1	46
P0CC09	H2ac18	5
P0CI71		37
P10067	Crygd	9
P10118	Prm1	0
P10610	Cyp2g1	30
P10715	Cyct	7
P10716	Clec4f	30
P10759	Ampd1	33
P10817	Cox6a2	3
P10867	Gulo	22
P10888	Cox4i1	12
P11240	Cox5a	9
P11510	Cyp2c12	26
P11608	Mt-atp8	4
P11962	Cga	5
P12001	Rpl18	7
P12020	Crisp1	10
P12075	Cox5b	8
P12788	Try4	11
P12938	Cyp2d3	24
P13803	Etfa	20
P13839	Ibsp	7
P14046	A1i3	56
P14644	Pde4c	20
P15149	Cyp2a2	28
P15178	Dars1	34
P15242	Testin	14
P15887	Sag	19
P15950	Klk3	6
P15978	RT1-Aw2	18
P16036	Slc25a3	20
P16221	Cox8b	2
P16391		19
P16443	Dbp	14
P17078	Rpl35	4
P17084	Clps	7
P17267	Cblif	15
P17438	Prph2	11
P18395	Csde1	48
P18421	Psmb1	13
P18427	Fshb	8
P18437	Hmgn2	4
P18445	Rpl27a	7
P18598	Atp4b	11
P18645	Gale	19
P18863	Hoxb8	5
P18865	Hoxc4	4
P18866	Hoxc8	5
P18867	Hoxd3	4
P18889	Porf1	2
P19222	Cpa2	18
P19223	Cpb1	23
P19225	Cyp2c70	28
P19377	Cd3d	10
P19511	Atp5pb	17
P20059	Hpx	24
P20069	Pmpca	31
P20759		13
P20850	Col9a1	13
P20942	Pdc	13
P21213	Hal	33
P21670	Psma4	13
P21769	Odf1	11
P21961	Cpa3	23
P22006	Svs2	28
P22072	Hsd3b	14
P22282	Andpro	9
P22831	Synpr	8
P23358	Rpl12	9
P23571	Mpg	15
P23764	Gpx3	11
P24049	Rpl17	9
P24050	Rps5	11
P24051	Rps27l	4
P24053	Nmbr	16
P24054	Sparcl1	36
P24485	Cd53	4
P25030	Krt20	29
P25235	Rpn2	22
P25305	Gjb3	15
P26772	Hspe1	8
P27471	Klrb1a	13
P27682	Scg5	9
P27768	Tnni2	5
P28042	Ssbp1	9
P28064	Psmb8	18
P28232	Gjb5	19
P28233	Gja6	9
P28492	Gls2	31
P29266	Hibadh	14
P29314	Rps9	11
P29315	Rnh1	25
P29418	Atp5f1e	3
P29419	Atp5me	4
P30083	Vipr1	19
P30337	Chn1	19
P30940	Htr1f	11
P30951	Gpr12	7
P30969	Gnrhr	10
P31232	Tagln	16
P31399	Atp5pd	10
P32551	Uqcrc2	19
P33272	Cyp2b12	26
P33273	Cyp2c55	28
P33579	Prl8a5	11
P34064	Psma5	10
P34131	Ntf4	9
P34207	Prl3d4	9
P34997	Cxcr5	11
P35000	Vipr2	21
P35171	Cox7a2	4
P35332	Hpcal4	12
P35345	Mc5r	9
P35365	Htr5b	9
P35435	Atp5f1c	11
P35446	Spon1	35
P35571	Gpd2	42
P35572	Igfbp6	10
P35738	Bckdhb	16
P35745	Acyp2	7
P35859	Igfals	21
P36374	Klk6	10
P36376	Klk12	9
P36394	Sry	9
P36576	Arr3	3
P38718	Mpc2	8
P39878	Pla2g2c	7
P39947	Ccnc	12
P39950	Ccng1	16
P40112	Psmb3	9
P40307	Psmb2	10
P41243	Matk	21
P42667	Sec11a	10
P43118	Ptgfr	12
P43165	Ca5a	13
P43244	Matr3	38
P43301	Egr3	9
P43424	Galt	18
P43425	Gng7	4
P46418	Gsta5	11
P47198	Rpl22	4
P47728	Calb2	19
P47816	Pdcd2	17
P47853	Bgn	17
P47868	Scg3	23
P48004	Psma7	14
P48807	Fgf5	12
P49002	Bmp3	23
P49301	Clec10a	12
P49432	Pdhb	18
P49797	Rgs3	44
P49806	Rgs10	8
P50237	Sult1c1	17
P50343	Tpsb2	10
P50399	Gdi2	27
P50408	Atp6v1f	8
P50411	Ppp1r2	7
P50480	Isl2	14
P50609	Fmod	15
P51590	Cyp2j3	32
P51651	Gpr6	6
P51673	Crabp2	8
P51882	Cd5	26
P51886	Lum	16
P52287	Gnb3	15
P52481	Cap2	28
P52504	Ndufs6	7
P52590	Nup107	50
P53676	Ap3m1	22
P54001	P4ha1	26
P54758	Epha6	44
P54825	Lim2	4
P55051	Fabp7	6
P55063	Hspa1l	35
P55205	Gucy2g	47
P55314	C8b	30
P56163	Dpf1	22
P56223	Pou6f1	8
P56374	Cryba4	9
P56932	Ppp2r2d	18
P59692	Siva1	8
P59924	Thoc1	21
P60486	Dazap2	1
P60522	Gabarapl2	8
P60572	Panx3	14
P60841	Ensa	8
P60868	Rps20	5
P60889	Cbx7	4
P61314	Rpl15	12
P61354	Rpl27	5
P61365	Ostn	7
P61376	Lhx5	16
P61515	Rpl37a	4
P61621	Sec61a1	16
P61805	Dad1	5
P61928	Rpl37	4
P62243	Rps8	10
P62246	Rps15a	9
P62250	Rps16	11
P62271	Rps18	9
P62275	Rps29	2
P62282	Rps11	10
P62425	Rpl7a	10
P62603	Trim26	28
P62628	Dynlrb1	6
P62697	Crybb2	14
P62703	Rps4x	15
P62718	Rpl18a	9
P62752	Rpl23a	7
P62762	Vsnl1	13
P62853	Rps25	5
P62856	Rps26	5
P62859	Rps28	3
P62907	Rpl10a	11
P62912	Rpl32	8
P62919	Rpl8	11
P63003	Tle5	8
P63029	Tpt1	7
P63043	Stmn4	9
P63057	Olfm3	23
P63076	Fgf17	10
P63077	Gng8	4
P63083	S100a5	6
P63155	Crnkl1	41
P63174	Rpl38	3
P63219	Gng5	4
P63249	Pkia	5
P63255	Crip1	4
P63301	Selenow	4
P63324	Rps12	7
P63326	Rps10	10
P68255	Ywhaq	14
P68907	Pdzrn3	53
P68943	Med28	6
P69060	Cmas	23
P69526	Tmprss9	48
P69682	Necap1	12
P70490	Mfge8	23
P70555	Pth2r	20
P70560	Col12a1	15
P70563	Nudt6	15
P70566	Tmod2	20
P70567	Tmod1	15
P70606	Kcnn1	23
P70611	Doc2a	21
P70612	Cxcr1	14
P70628	Impg2	51
P70645	Blmh	26
P70668	Guca2b	5
P70709	Rnase3	5
P70711	Ube2d2b	3
P80433	Cox8a	3
P83732	Rpl24	9
P83829	Ift81	40
P83858	Qrfpr	21
P83941	Eloc	7
P84039	Enpp5	18
P84100	Rpl19	6
P85515	Actr1a	19
P85834	Tufm	30
P86091	Tmprss7	45
P86252	Pura	8
P86410	Ralgapb	67
P86411	Ralgapa2	95
P97527	Cntn5	57
P97528	Cntn6	48
P97535	Pla1a	19
P97538	Mras	13
P97554	Dnajb9	12
P97557	Kcnv1	12
P97576	Grpel1	14
P97586	Cgref1	9
P97592	Mcpt4	8
P97616	Adarb2	39
P97680	Rin1	36
P97696	Cyth3	20
P97707	Cacng1	5
P97738	Nptx2	21
P97779	Hmmr	30
P97834	Gps1	18
P97840	Lgals9	11
P97876	Batf3	3
P97881	Muc13	21
P98087	Cbln2	12
P98193	Dmp1	19
Q00911	Egr4	13
Q01713	Klf9	9
Q01717	Trhr	15
Q01750	Gtf2f2	17
Q02356	Ampd2	36
Q02445	Tfpi	14
Q02589	Adprh	17
Q03070	Chn2	14
Q03238	Gzmm	18
Q03626	Mug1	56
Q04462	Vars1	57
Q05820	Lyz2	6
Q06437	Pdha2	21
Q06606	Mcpt10	12
Q06880	Nbl1	5
Q07066	Pxmp2	10
Q07141	Tle4	31
Q07803	Gfm1	40
Q07984	Ssr4	6
Q08163	Cap1	27
Q09030	Tff2	3
Q09325	Mgat1	20
Q09QM4	Gpr17	13
Q0V8T4	Cntnap5c	47
Q0V8T5	Cntnap5b	47
Q0ZHH6	Atl3	22
Q27W02	Magoh	10
Q29RW1	Myh4	102
Q2ABP3	Pgap2	8
Q2LCV6	Eqtn	9
Q2M1K6	Slc39a13	12
Q2MHH0	Trarg1	9
Q2TGI8	Zdhhc22	4
Q2TGJ1	Zdhhc18	11
Q32KJ2	Arsk	25
Q32KJ6	Galns	26
Q32KJ9	Arsg	18
Q32PX2	Aimp2	15
Q32PX7	Fubp1	31
Q32Q06	Ap1m1	25
Q3B725	Zbtb24	28
Q3B7D1	Ube2z	14
Q3B7D5	Rassf2	16
Q3B7T6	Ctdnep1	9
Q3B8N8	Pes1	26
Q3B8Q0	Mapre2	16
Q3C2P8	Spred2	17
Q3HS82	Amtn	2
Q3KR56	Gramd1a	36
Q3KR66	Psrc1	13
Q3KR92	Tpst1	18
Q3KR97	Baiap2l1	34
Q3KR99	Spdl1	33
Q3KRC5	Dus3l	33
Q3KRD0	Dars2	38
Q3KRD8	Eif6	9
Q3LRZ1	Crtc2	18
Q3MHC2	Ints11	28
Q3MHS2	Znf830	18
Q3MID2	Cyp4f3	28
Q3MIF2	L3mbtl2	26
Q3MKP9	Bex4	8
Q3MKQ1	Bex2	7
Q3SWS8	Rae1	13
Q3SWS9	Jakmip1	33
Q3T1H6	Ube3d	16
Q3ZB98	Bcas1	33
Q496Z2	Tril	39
Q496Z9	Trmt1l	37
Q497B0	Nit2	16
Q497B8	Kdm8	22
Q498T2	Chtop	8
Q498T3	Ing3	16
Q498U4	Sarnp	9
Q499N4	Coq2	14
Q499R4	Yrdc	13
Q499T2	Ifi30	9
Q499U6	Nsmce1	15
Q4AEF8	Copg1	47
Q4FZR5	Acd	16
Q4FZT9	Psmd2	49
Q4FZU2	Krt6a	29
Q4FZU3	Nsrp1	21
Q4FZU8	Ripor1	46
Q4FZU9	Slc52a3	8
Q4FZV0	Manba	39
Q4G019	Sptssa	2
Q4G033	Piwil4	45
Q4G056	Tdp1	36
Q4G061	Eif3b	36
Q4G063	Creld2	15
Q4G075	Serpinb1a	18
Q4KLG3	Svbp	4
Q4KLG9	Zfand2b	13
Q4KLH4	Pspc1	19
Q4KLH5	Agfg1	17
Q4KLH6	Cep162	79
Q4KLH9	Gpr4	15
Q4KLI2	Trmt10a	16
Q4KLI9	Fbxw5	23
Q4KLL0	Tcea1	17
Q4KLN4	Gle1	30
Q4KLN7	Arfgap3	29
Q4KLP0	Dhtkd1	34
Q4KLY0	Cep63	28
Q4KM30	Desi1	5
Q4KM33	Plek	11
Q4KM47	Cdk10	20
Q4KM49	Yars1	37
Q4KM52	Blnk	23
Q4KM62	Palmd	24
Q4KM64	Jagn1	6
Q4KM77	Ei24	12
Q4KM79	Dusp11	16
Q4KM84	Mettl18	17
Q4KM91	Cdca7	17
Q4KMC4	Gfpt2	41
Q4PJT6	Spata24	11
Q4QQS0	Irak2	31
Q4QQS1	Tmem184a	14
Q4QQS8	Nup85	30
Q4QQT0	Rpusd4	22
Q4QQW3	Adhfe1	18
Q4QQW8	Plbd2	25
Q4QR85	Wdr77	12
Q4QRB2	Syf2	10
Q4V793	Hipk4	40
Q4V7A0	Skic8	15
Q4V7A6	Phf10	22
Q4V7C1	Cep43	16
Q4V7C8	Cep55	30
Q4V7D3	Maco1	34
Q4V7E1	Elf3	15
Q4V7F2	Creld1	20
Q4V7F5	Pih1d1	16
Q4V882	Epn3	18
Q4V885	Colec12	38
Q4V886	Paf1	30
Q4V890	Fem1a	26
Q4V892	Sigirr	19
Q4V899	Tmem165	14
Q4V8A2	Cdc27	39
Q4V8A9	Pomk	15
Q4V8B0	Oxr1	39
Q4V8B2	Dcun1d3	16
Q4V8B3	Med24	47
Q4V8C2	Zw10	43
Q4V8C3	Eml1	40
Q4V8C5	Arl2bp	8
Q4V8D1	Cyp2u1	26
Q4V8D6	Brf2	19
Q4V8E9	Nrif1	42
Q4V8F8	Mgat4d	22
Q4V8G7	Cenpu	21
Q4V8G8	Tekt3	26
Q4V8I2	Ncaph2	23
Q4V8J2	Ube2l6	8
Q4V8J7	Spin1	14
Q4V8K3	Naa11	13
Q4W8E7	Ajap1	16
Q501W4	Vtcn1	10
Q52KJ8	Msrb1	7
Q52KK4	Naf1	11
Q535K8	Gon4l	92
Q561R0	Mzb1	11
Q562A2	Zfr	38
Q562B4	Nacc2	25
Q562B5	Pgam5	18
Q562C2	Bop1	31
Q566E5	Poglut3	29
Q566R4	Fam89b	7
Q568Y3	Rnf185	6
Q568Z6	Ist1	10
Q568Z7	Cib2	9
Q569A6	Kdelr1	8
Q569C0	Tmem100	5
Q569C3	Usp1	37
Q5BJN5	Chchd4	4
Q5BJT6	Lsg1	29
Q5BJX0	Ntmt1	10
Q5BJZ0	Castor1	9
Q5BK17	Iyd	13
Q5BK32	Faf2	16
Q5BK48	Ttc5	24
Q5BK56	Gstm4	15
Q5BK57	Haus8	15
Q5BK63	Ndufa9	25
Q5BK65	Nrros	32
Q5BK75	Slc46a3	9
Q5BK81	Ptgr2	14
Q5BK82	Trim69	31
Q5BK84	Adam5	36
Q5BK85	Tmed1	6
Q5CD77	Tbc1d14	27
Q5CZZ9	Pip5k1b	21
Q5D006	Usp11	47
Q5D1Z3	Nol12	9
Q5DT37	Klri2	15
Q5DT39	Klri1	14
Q5DWV1	Cdh20	29
Q5DWV2	Cdh7	28
Q5EAN7	Terf2ip	20
Q5EB62	Slc25a46	21
Q5EB68	Ak6	9
Q5EB76	Atp6v0e2	2
Q5EB94	Myzap	28
Q5EB96	Septin1	23
Q5EBA0	Eral1	21
Q5FVH0	C1qtnf5	12
Q5FVH4	Aktip	13
Q5FVI6	Atp6v1c1	27
Q5FVI9	Dusp26	10
Q5FVJ6	Bscl2	13
Q5FVK6	Cc2d1b	39
Q5FVL7	Dnaaf2	39
Q5FVM3	Retreg1	17
Q5FVN2	Tmem41b	9
Q5FVN6	Gimap6	17
Q5FVP2	Nabp1	11
Q5FVQ5	Lax1	18
Q5FVQ9	Tbce	32
Q5FVR0	Timd2	8
Q5FVR1	Zdhhc4	9
Q5FWY5	Aip	15
Q5GH59	Xkr4	24
Q5H8A2	Nms	7
Q5HZA6	Prepl	38
Q5HZE2	Tmem120a	16
Q5HZF2	Wbp4	13
Q5I0C3	Mccc1	38
Q5I0D6	Nostrin	28
Q5I0E6	Rpap2	28
Q5I0E8	Kif22	34
Q5I0F1	ABRAXAS1	18
Q5I0H4	Tmco1	6
Q5I0J4	Ska2	11
Q5I0K5	Abhd10	18
Q5I0L4	Nubp1	10
Q5I0M2	Qprt	9
Q5J3K5	Vom1r102	10
Q5J3L7	Vom1r93	8
Q5J3M3	Vom1r101	9
Q5J3M9	Vom1r97	11
Q5K2P9	Prss36	30
Q5KR61	Pigv	15
Q5M7A4	Uba5	15
Q5M819	Psph	13
Q5M821	Ppm1h	22
Q5M865	Pagr1	10
Q5M869	Sit1	7
Q5M872	Dpep2	25
Q5M875	Hsd17b13	18
Q5M876	Acy3	14
Q5M883	Clic2	14
Q5M8C6	Fgl1	16
Q5M929	Rnf135	18
Q5M934	Trub1	19
Q5M965	Thg1l	16
Q5M969	Nanp	11
Q5M9F8	Scyl1	36
Q5M9G0	Dctd	11
Q5M9G1	Hexim1	11
Q5M9G6	Snip1	18
Q5M9I5	Uqcrh	6
Q5NDF0	Pomgnt2	25
Q5NKN2	Klrb1b	11
Q5NKN4	Klrb1b	12
Q5PPG4	Znf639	22
Q5PPJ9	Sh3glb2	17
Q5PPM7	Rom1	8
Q5PPM8	Pip4p1	11
Q5PPN7	Ccdc51	24
Q5PQJ5	Arhgap29	70
Q5PQK1	Septin10	21
Q5PQL4	Clp1	18
Q5PQL7	Itm2c	14
Q5PQN0	Ncald	13
Q5PQN2	Bfar	17
Q5PQN5	Trim55	21
Q5PQN6	Vipas39	26
Q5PQP4	Cdc42ep2	8
Q5PQP5	Slx1b	14
Q5PQQ5	Letm2	27
Q5PQS0	Plekhm1	46
Q5PQS2	Znf365	23
Q5PQT3	Glyat	20
Q5PT50	Slc10a7	6
Q5PT56	Slc10a4	8
Q5QE78	Aox2	67
Q5QE79	Aox4	58
Q5QSK2	Tmprss11g	19
Q5RJN4	Shfl	9
Q5RJQ0	Chst1	18
Q5RJR8	Lrrc59	14
Q5RJS8	Tpst2	18
Q5RJT2	Ftsj3	36
Q5RK09	Eif3g	17
Q5RK30	Sbds	17
Q5RKG2	Hcfc2	40
Q5RKG6	Trim35	30
Q5RKI3	Poll	31
Q5RKI7	Slc7a13	14
Q5RKI8	Abcb8	39
Q5S6T3	Crppa	21
Q5SGD7	Cnksr3	30
Q5U1W4	Laptm4b	6
Q5U1X0	Taf11	12
Q5U1X1	Rexo2	12
Q5U203	Ube2f	9
Q5U208	Thap1	9
Q5U2M8	Mdc1	52
Q5U2N0	Ctps2	29
Q5U2N4	Mknk2	18
Q5U2N8	Ift56	35
Q5U2P0	Dis3l	57
Q5U2P1	Cnnm2	45
Q5U2P6	Pianp	8
Q5U2Q7	Etf1	24
Q5U2R1	Pdss2	23
Q5U2R5	Ppp1r3c	20
Q5U2R7	Mesd	13
Q5U2S3	Zup1	31
Q5U2T6	Plag1	17
Q5U2T8	Cirsr	17
Q5U2T9	Fkbp5	25
Q5U2U0	Clpx	40
Q5U2U7	Rnmt	22
Q5U2V4	Plbd1	21
Q5U2W7	Cyb561a3	5
Q5U2X0	Cdkn2aip	32
Q5U2X6	Ccdc47	20
Q5U2Y0	Wdr45	17
Q5U2Y3	Mpp7	28
Q5U2Y6	Tfip11	49
Q5U2Y9	Lca5	31
Q5U2Z3	Nap1l4	16
Q5U2Z5	Cmtr1	49
Q5U2Z7	Arhgap24	35
Q5U305	Kdelr2	8
Q5U3Y7	Tmem97	6
Q5U4E6	Golga4	135
Q5U4E8	Prmt7	24
Q5U4F0	Rrp8	22
Q5U4F4	Tmem135	25
Q5UEM7	Creb3l4	14
Q5VJ70	Igsf5	11
Q5XFW2	Trub2	21
Q5XFX8	Ell3	16
Q5XHX6	Txndc2	25
Q5XHZ0	Trap1	40
Q5XHZ9	Trip13	23
Q5XI01	Larp7	33
Q5XI29	Cpsf7	20
Q5XI43	Mxra8	17
Q5XI52	Vezt	30
Q5XI55	Ngly1	37
Q5XI57	Ttll10	37
Q5XI63	Kifc1	44
Q5XI65	Drc1	39
Q5XI68	Dr1	7
Q5XI94	Firrm	40
Q5XIA3	Lcmt2	30
Q5XIA8	Ghitm	11
Q5XIC1	Gmppa	17
Q5XID0	Yipf5	2
Q5XID1	Ciapin1	17
Q5XIE0	Anp32e	8
Q5XIG0	Nudt9	15
Q5XIG8	Strap	21
Q5XIH4	Lias	17
Q5XII0	Epdr1	9
Q5XIJ6	Babam1	14
Q5XIK7	Katnal1	28
Q5XIK8	Ctdspl2	20
Q5XIL2	Pi4k2b	31
Q5XIL8	Dnai1	34
Q5XIP9	Tmem43	21
Q5XIQ3	Cxxc5	12
Q5XIS1	Ssh3	23
Q5XIS2	Cptp	11
Q5XIS8	Mief1	18
Q5XIT6	Desi2	6
Q5XIT9	Mccc2	30
Q5XIU2	Znf143	24
Q5XIU9	Pgrmc2	12
Q5XIV2	Marchf10	31
Q5XIW8	Sart1	39
Q5XIX0	Dnajc14	28
Q5XIX3	Dclre1c	31
Q5Y4N8	Adgre1	23
Q60GF7	Pigx	9
Q62632	Fstl1	21
Q62662	Frk	30
Q62682	Cntn3	52
Q62703	Rcn2	14
Q62714	Np4	6
Q62715	Defa	5
Q62716		5
Q62722	Nab1	26
Q62724	Mcm6	28
Q62725	Nfyc	8
Q62728	Ptpn21	55
Q62780	Ddx46	55
Q62786	Ptgfrn	47
Q62792	Nrf1	0
Q62803	Spam1	24
Q62814	E2f5	11
Q62834	Cdc123	15
Q62875	Milr1	14
Q62880	Taf9b	14
Q62885	Unc119	14
Q62894	Ecm1	27
Q62908	Csrp2	11
Q62929	Il1rl2	30
Q62946	Mia	6
Q62949	Cort	2
Q62981	Znf260	23
Q63010		29
Q63054	Ica1	27
Q63073	Btg1	9
Q63164	Dnah1	244
Q63170	Dnah7	214
Q63191	Mamdc4	35
Q63245	Foxd3	6
Q63251	Foxd1	6
Q63327	Mobp	9
Q63345	Mog	13
Q63396	Sub1	7
Q63410	Otx1	8
Q63429	Ubc	53
Q63447	Npy4r	8
Q63454	Mapk4	19
Q63468	Prpsap1	21
Q63494	Kcnab3	16
Q63507	Rpl14	6
Q63525	Nudc	21
Q63530	Pter	17
Q63598	Pls3	37
Q63624	Scaf1	46
Q63625	Phrf1	52
Q63678	Azgp1	15
Q63713	Rasa2	43
Q63737	Pdcl	15
Q63764	Azin1	14
Q63798	Psme2	15
Q63799	Tcea2	12
Q63965	Sfxn1	15
Q64119	Myl6	10
Q64122	Myl9	9
Q64159	Cd3g	8
Q641W3	Nufip1	18
Q641W4	Rfc2	22
Q641W9	Actl7a	21
Q641Z7	Smpdl3a	17
Q642A2	Agtrap	3
Q642A5	Pole3	8
Q642B6	Thap4	22
Q642F4	Sec22a	11
Q64375	P3h4	21
Q64548	Rtn1	26
Q64581	Cyp3a18	22
Q64620	Ppp6c	16
Q64709	Hlf	9
Q66H04	Fbxo43	33
Q66H12	Naga	22
Q66H20	Ptbp2	19
Q66H21	Chpt1	9
Q66H50	Far1	28
Q66H60	Ccdc146	51
Q66H61	Qars1	48
Q66H68	Rbm47	21
Q66H74	Golph3l	17
Q66H80	Arcn1	26
Q66H85	Ankzf1	37
Q66H91	Git2	33
Q66H96	Cabp7	11
Q66HA4	Tax1bp1	44
Q66HC9	Dnai2	28
Q66HD3	Nasp	38
Q66HF1	Ndufs1	39
Q66HF9	Lrrfip1	35
Q66HG3	Cndp1	23
Q66HG4	Galm	14
Q66HG7	Ddx59	29
Q66HG8	Ik	23
Q66HP6	Spata2	29
Q66HR5	Calcoco1	35
Q66HR9	Saxo4	27
Q672K1	Nox3	24
Q68FP5	Snupn	18
Q68FP8	Ak8	31
Q68FR2	Bin2	23
Q68FR6	Eef1g	25
Q68FR9	Eef1d	16
Q68FS6	Pyroxd1	17
Q68FT1	Coq9	12
Q68FU3	Etfb	13
Q68FU7	Coq6	18
Q68FV3	Pofut4	24
Q68FW4	Stx18	16
Q68FW9	Cops3	25
Q68FX6	Cabs1	20
Q68FY0	Uqcrc1	19
Q68FY1	Nup35	13
Q68G12	St3gal5	21
Q68H95	Repin1	28
Q695P6	C5ar2	10
Q6AXM8	Pon2	14
Q6AXN4	Ndc1	25
Q6AXN6	Knstrn	18
Q6AXQ5	Pde12	25
Q6AXQ8	Mns1	28
Q6AXT7	Rbm42	12
Q6AXT8	Sf3a2	14
Q6AXU0	Bpi	18
Q6AXU5	Cxcl16	7
Q6AXU9	Cnot6	24
Q6AXV9	Gsto2	12
Q6AXW0	Cdca8	14
Q6AXW1	Glrx2	7
Q6AXW4	PHD	19
Q6AXW7	Dusp18	9
Q6AXY4	Pold2	21
Q6AXZ5	Zmynd10	24
Q6AY01	Rnf133	13
Q6AY14	Fam161a	23
Q6AY19	Coq8b	33
Q6AY20	M6pr	16
Q6AY23	Pycr2	17
Q6AY33	Acrbp	26
Q6AY46	Trmt61a	12
Q6AY53	Dhps	18
Q6AY57	Wipi2	17
Q6AY59	Mocs2	12
Q6AY65	Arfip2	15
Q6AY86	Vps26a	18
Q6AY96	Gtf2f1	19
Q6AYA0	Rilpl2	12
Q6AYA1	Gar1	14
Q6AYB5	Srp54	30
Q6AYB8	Blzf1	23
Q6AYC4	Capg	14
Q6AYD4	Esam	22
Q6AYE8	Artn	10
Q6AYH4	Cyren	7
Q6AYH5	Dctn2	20
Q6AYH9	Dnaaf1	22
Q6AYJ5	Ift38	20
Q6AYK1	Rnps1	13
Q6AYK5	Lyar	16
Q6AYK8	Eif3d	24
Q6AYM2	Tekt2	26
Q6AYP7	Nt5c3b	19
Q6AYQ3	Fars2	26
Q6AYS4	Fuca2	24
Q6AYS6	Snx17	23
Q6AYT0	Cryz	19
Q6AYT5	Dcph1	24
Q6AZ60	Egfl7	13
Q6AZ61	Lmbrd1	14
Q6AZ83	G6pc3	8
Q6B345	S100a11	5
Q6DGF5	Zdhhc12	8
Q6DGF8	Tmem18	5
Q6DKG0	Naa35	37
Q6HA10	Gdf6	22
Q6IE08	Ggt6	11
Q6IE14	Tmprss11bnl	20
Q6IE59	Prss57	9
Q6IE70	Pan2	50
Q6IFT6	Ano7	30
Q6IFV3	Krt15	29
Q6IFV4	Krt13	27
Q6IFW2	Krt40	16
Q6IFW3	Krt39	30
Q6IFX0	Krt25	22
Q6IFX1	Krt24	28
Q6IG00	Krt4	28
Q6IG01	Krt77	33
Q6IG02	Krt2	39
Q6IG03	Krt73	29
Q6IG04	Krt72	31
Q6IG05	Krt75	30
Q6IG12	Krt7	29
Q6IMF1	Krt80	29
Q6IMY1	Mtus1	27
Q6IMZ0	Nfil3	25
Q6IN38	Wif1	19
Q6IRI9	Fmo2	25
Q6IV68	Fancd2	71
Q6J2U6	Rnf114	14
Q6JWR2	Slc38a7	13
Q6L711	Habp2	19
Q6MFY6	Ppp1r11	5
Q6MFY8	Trim40	14
Q6MG08	Abcf1	37
Q6MG59	Mpig6b	13
Q6MG71	Slc44a4	25
Q6MGB4	Slc39a7	10
Q6P502	Cct3	32
Q6P6R7	Sgsm3	37
Q6P6S0	Snap47	26
Q6P6S3	Bspry	22
Q6P6S5	Get1	12
Q6P6T4	Eml2	30
Q6P747	Hp1bp3	27
Q6P767	Pttg1ip	6
Q6P777	Mvb12a	11
Q6P7B0	Wars1	28
Q6P7C4	Lrrc26	15
Q6P7D5	Mid1ip1	11
Q6P7Q1	Babam2	18
Q6P9U8	Eif3h	20
Q6P9X4	Ptp4a2	10
Q6P9X9	Parm1	6
Q6P9Z6	Tacstd2	13
Q6P9Z8	Orc4	24
Q6PCT8	Sdhd	6
Q6PNM1	Btla	11
Q6Q0N3	Nt5dc2	26
Q6QA27	Trim44	12
Q6QGW5	Sra1	10
Q6RIA2	Pclaf	7
Q6RY07	Chia	14
Q6SA80	Rnd3	11
Q6TEK3	Vkorc1l1	7
Q6TUG0	Dnajb11	17
Q6TXF1	Arrdc3	18
Q6U6G5	Zc3h15	23
Q6UE39	Galnt13	28
Q6UPE0	Chdh	33
Q6W3E9	P4ha3	24
Q6WRH9	Igsf10	113
Q6WWW3	Slc38a6	13
Q6X9T8	Hcst	2
Q6XQG8	Chst7	30
Q6XQN1	Naprt	25
Q6Y290	Rnf130	20
Q6Y306	Abcc12	54
Q6YFQ1	Cox6b2	6
Q70VB1	Gprc6a	34
Q710E6	Suco	54
Q719N3	Mmd	8
Q71LX6	Xirp2	189
Q71UF4	Rbbp7	15
Q75N33	Sec16b	42
Q75NT5	Ahrr	31
Q75UQ2	Cfdp1	14
Q765I2	Uts2b	7
Q76IC5	Pgpep1	9
Q76IQ7	Tox2	14
Q76M99	Slc22a24	20
Q76MT4	Esf1	40
Q78ZR5	Hopx	3
Q794E4	Hnrnpf	16
Q7M0E3	Dstn	11
Q7M6Z3	Smyd2	18
Q7M733	Hps6	33
Q7M734	Otop1	12
Q7TM96	Znf622	21
Q7TMD5	Zc3h14	37
Q7TNI4	Il22ra2	13
Q7TNK3	Znf24	20
Q7TNL4	Stk40	25
Q7TNY6	Acbd3	19
Q7TNZ5	Rhebl1	13
Q7TP17	U2af1l4	9
Q7TP65	Ankle2	51
Q7TQ16	Uqcrq	5
Q7TQM3	Fgfrl1	21
Q7TS56	Cbr4	10
Q7TSL3	Fbxo11	39
Q7TSN4	Pigw	17
Q7TSN5	Gpr151	11
Q7TSP2	Kif15	84
Q7TSX9	Zar1	18
Q7TSY2	Lhfpl4	7
Q7TSY4	Zp3r	20
Q80T02	Gpbar1	7
Q80T22	Slc60a2	10
Q80VL0	Ipcef1	15
Q80VX4	Zhx2	45
Q80W66	Hs3st2	21
Q80W90	Lhx9	17
Q80W92	Vac14	39
Q80WA4	Nova1	19
Q80WL2	Bysl	25
Q80X08	Washc2	59
Q80XX4	Mustn1	3
Q80Z32	Orc1	48
Q80ZF0	Col27a1	85
Q810F4	Fam3c	13
Q810I1	Trim50	28
Q810Y4	Col23a1	24
Q811A3	Plod2	40
Q811Q0	Kcnmb2	11
Q811Q1	Smug1	15
Q811X5	Eaf2	17
Q812E8	Nadsyn1	25
Q8CFC1	Riox2	22
Q8CFD0	Sfxn5	13
Q8CFD9	Ncr3	11
Q8CGL2	Lat2	4
Q8CGS5	Elac2	44
Q8CH01	Tac4	12
Q8CH27	Rcan2	8
Q8CHI9	Chst15	28
Q8CHJ1	Pigu	10
Q8CIN7	Impa2	11
Q8CIS9	Krt9	22
Q8CIX1	Rims4	13
Q8CJ58	Clrn1	9
Q8CJD3	Zg16	7
Q8CJE2	Per3	41
Q8K1M7	Brinp3	30
Q8K1M8	Brinp2	26
Q8K1Q0	Nmt1	21
Q8K3E9	Homez	17
Q8K3P4	Msi1	13
Q8K3P7	Hint3	10
Q8K3V5	Fndc5	8
Q8K3Y7	Tnfsf15	14
Q8K4G9	Nphs2	17
Q8K4I4	Bpifa1	7
Q8K4K7	Abra	24
Q8K4M9	Osbpl1a	49
Q8K4P2	Npb	7
Q8K4S3	Slc45a1	22
Q8K582	Dus1l	24
Q8K589	Bmf	8
Q8R1R5	Cd99l2	13
Q8R2H3	Bsnd	12
Q8R2H4	Klhl12	27
Q8R415	Prokr2	15
Q8R416	Prokr1	14
Q8R478	Wbp2	6
Q8R496	Spdya	18
Q8R4Z1	Serpina12	19
Q8R508	Fat3	168
Q8R512	Ubxn11	29
Q8R515	Zhx1	27
Q8R523	Kcng3	12
Q8R5I4	Rasgrp4	31
Q8R5K6	Tob1	11
Q8R5L7	Fgf14	13
Q8R5M5	Acmsd	17
Q8VH49	Higd1a	4
Q8VHD7	Gpr83	18
Q8VHK6	Il13ra2	13
Q8VHM6	Crcp	6
Q8VHU4	Elp1	58
Q8VIL3	Zwint	12
Q91VC0	Dctpp1	8
Q91XN4	Bambi	14
Q91XQ4	Polr2m	17
Q91XT5	Bco1	30
Q91XU7	Cdhr1	33
Q91XV6	Fxyd6	5
Q91XV7	Tmem158	11
Q91Z80	Ppfia4	52
Q91ZF1	Kcnj15	19
Q91ZR7	Slc35a4	8
Q91ZY1	Hrh4	13
Q920A6	Scpep1	18
Q920F3	Khdrbs2	14
Q920H8	Heph	48
Q920I0	Prl8a9	10
Q921A3	Ubd	11
Q923K1	Tas1r3	30
Q923V4	Fbxo6	17
Q923V8	Selenof	9
Q923Y6	Taar9	8
Q923Y7	Taar4	6
Q923Y9	Taar1	8
Q924K2	Faf1	25
Q924S1	Agpat4	19
Q924S4	Kremen1	19
Q924T8	Cysltr1	15
Q924T9	Cysltr2	14
Q924Y8	Gpr149	24
Q925B5	Syt13	15
Q925N6	Igsf1	44
Q99JA2	Asip	5
Q99M63	Smu1	26
Q99M76	Stag3	55
Q99ML5	Pcyox1	25
Q99MS0	Sec14l2	21
Q99MU5	Spata6	27
Q99MZ8	Lasp1	14
Q99NA5	Idh3a	20
Q99NH3	Rab3il1	17
Q99P55	Sgpp1	16
Q99P63	Micu2	19
Q99PK0	Xab2	50
Q99PM1	Tox4	15
Q99PR0	Pomt1	26
Q99PT0	Ddx52	29
Q9EP86	Npffr1	13
Q9EPJ0	Nucks1	11
Q9EPX0	Hspb8	10
Q9EPZ8	Rnf103	26
Q9EQ10	Parpbp	35
Q9EQC9	Cxxc4	6
Q9EQD2	Npffr2	13
Q9EQY6	Pigm	19
Q9ER26	Kcns2	19
Q9ERA7	Msln	26
Q9ERE6	Mprip	58
Q9ERR2	Commd5	11
Q9ERS1	Kcnk12	23
Q9ERU2	Znf22	13
Q9ES02	Mepe	21
Q9ES67	Arhgef11	68
Q9ESC2	Tnmd	12
Q9ESK8	Kcnmb4	6
Q9ESM0	Ip6k1	21
Q9ESN0	Niban1	46
Q9ESS6	Bcam	31
Q9EST9	Fgf20	10
Q9ET09	Mrs2	23
Q9ET61	Cd93	22
Q9JHB5	Tsnax	18
Q9JHS6	Asic4	19
Q9JHW0	Psmb7	11
Q9JIA3	Nfkbib	14
Q9JIR0	Tspoap1	79
Q9JIR1	Rimbp2	39
Q9JIY6	Nat8b	11
Q9JJP0	Slc20a1	22
Q9JK15	Adap2	18
Q9JK72	Ccs	14
Q9JK79	Cklf	3
Q9JKB5	Arid4b	54
Q9JKB8	Prpf18	19
Q9JKE3	Scamp5	4
Q9JKE7	Tas2r41	9
Q9JKF0	Tas2r123	8
Q9JKL7	Srek1	10
Q9JKM5	S1pr5	16
Q9JKT7	Tas2r13	10
Q9JKU0	Tas2r16	13
Q9JKU1	Tas2r119	9
Q9JKU6	Strbp	39
Q9JLD2	Serpini1	17
Q9JLM2	Cd244	18
Q9JLS8	Leprot	4
Q9JLT7	Rax	16
Q9JLZ9	Vax2	14
Q9JM00	Vax1	13
Q9JM04	Ipo13	39
Q9NQR8	Ndufaf4	12
Q9QUZ8	Gmeb1	19
Q9QX69	Lancl1	17
Q9QX82	Cd164	2
Q9QXN4	Miox	11
Q9QXT3	Nat8	10
Q9QY10	Fgfbp1	10
Q9QYE2	Slco1a6	27
Q9QYE7	Itgad	52
Q9QYH1	Mpp4	26
Q9QYL8	Lypla2	12
Q9QYU3	Kcng2	21
Q9QZA1	Phlda1	18
Q9QZA6	Cd151	12
Q9QZC4	Pcyt1b	23
Q9QZE9	Tmem150a	6
Q9QZK8	Dnase2	16
Q9QZK9	Dnase2b	24
Q9QZT0	Cuzd1	22
Q9QZU7	Bbox1	22
Q9R050	Ssbp3	10
Q9R0A3	Spata7	29
Q9R0C5	Galnt7	35
Q9R0L4	Cand2	57
Q9R0Q2	Ltb4r	16
Q9R193	Atp1b4	12
Q9R1A0	Ccnh	18
Q9R1R4	Tdrd7	69
Q9R1T9	Kcnh4	45
Q9R1U9	Rfng	13
Q9WTR7	Sec11c	10
Q9WTT2	Clpb	35
Q9WTT6	Gda	29
Q9WTV5	Psmd9	11
Q9WTY8	Zbtb10	33
Q9WU49	Carhsp1	7
Q9WUC4	Atox1	4
Q9WUQ3	Olig1	12
Q9WUW9	Sult1c2a	20
Q9WV25	Puf60	23
Q9WV59	Trim17	23
Q9WV97	Timm9	6
Q9WVI4	Gucy1a2	46
Q9Z0H5	Ncr1	8
Q9Z0R8	Tas1r1	21
Q9Z142	Tmem33	10
Q9Z1I6	Arhgef1	43
Q9Z1X1	Esyt1	48
Q9Z1Z6	Ilkap	23
Q9Z220	Tsga10	46
Q9Z221	Pmfbp1	56
Q9Z288	Gcm1	17
Q9Z2J5	Vamp5	3
Q9Z2K0	Dedd	23
Q9Z2K3	Znf394	29
Q9Z2N6	Camk2n2	5
Q9Z2X3	Psmd10	13
Q9Z2X5	Homer3	23
Q9Z2Y0	Keg1	16
A0A096MJZ0	Dnal1	12
A0A8I5ZM56	Map7d1	31
A0A8I5ZT12	Gapvd1	58
A0A8I6ASZ5	Tcf25	30
A0JN27	Gtf2h2	23
A0JPJ7	Ola1	25
A0JPM9	Eif3j	15
A0JPN1	Hlx	12
A0JPN6	Med22	7
A0JPP1	Drap1	9
A0JPP4	Spesp1	14
A0JPP7	Ddi1	17
A0JPP8	Ccdc61	28
A0JPQ8	Agmo	19
A0JPQ9	Chid1	19
A1A5P2	Rrs1	19
A1A5P5	Armc9	43
A1A5P9	Magee1	33
A1A5Q4	Cfap206	33
A1A5Q6	Smok	29
A1A5S3	Gpr18	12
A1KXW8	Fam72a	4
A1L108	Arpc5l	9
A1L131	Cuedc2	7
A1L1J6	Znf652	31
A1L1K1	Prr5l	12
A1L1K3	Anapc5	42
A1L1K4	Cdc42se2	2
A1L1L1	Cenpw	5
A1L1L2	Tmem214	35
A1L1L3	Ptpn20	24
A2RRU3	Utp15	29
A2VD13	Ptcd1	39
A4KWA5	Clec2d2	17
A4KWA6	Clec2d3	12
A4KWA8	Clec2d6	17
A4L9P7	Pds5a	72
A4ZYQ5	Slc2a7	13
A5HK05	Appbp2	30
A6H909	Tbpl2	12
A6IPG1	Eef1b2	12
A7VL23	Kcnmb3	8
A7XYI6	Sobp	33
B0BLS0	Ost4	0
B0BMX9	Meiob	28
B0BN13	Insyn1	9
B0BN18	Pfdn2	10
B0BN44	Tp53i13	16
B0BN49	Rbmx2	17
B0BN72	Mcrip1	7
B0BN94	Timcc	10
B0BNA5	Cotl1	9
B0BNE4	Pabpn1l	15
B0BNE5	Esd	14
B0BNG0	Emc2	14
B0BNK8	Tent5b	19
B0K004	Slc35g3	6
B0K025	Ostc	5
B1H222	Gorab	19
B1H224	Pwwp3a	29
B1H228	Odad1	35
B1H268	Mcmbp	30
B1H285	Kbtbd8	38
B1H299	Dcaf17	28
B1WBS3	Zbtb42	23
B1WBU4	Zbtb8a	24
B1WBU5	Sbk2	11
B1WBV0	Ctu1	24
B1WBW4	Armc10	13
B1WC15	Zcchc7	22
B1WC37	Trmu	27
B1WC86	Mppe1	18
B1WC97	Kctd7	10
B2GUW6	Aen	12
B2GV05	Rbm5	35
B2GV38	Ubl4a	9
B2GV71	Ndufaf5	16
B2RYD2	Esrp1	29
B2RYD6	Ift70b	38
B2RYE5	Epb41l4b	21
B2RYG7	Dok3	22
B2RYH9	Slc71a2	13
B2RYI0	Wdr91	38
B2RYJ4	Aasdhppt	14
B2RYJ8	Esrp2	27
B2RYT9	Taco1	14
B2RYW8	Micos10	3
B2RYW9	Fahd2a	16
B2RZ27	Sh3bgrl3	4
B2RZ37	Reep5	7
B2RZ42	Alkal2	8
B2RZ59	Sh2d1a	7
B2RZC4	Mis18a	10
B2RZC9	Krtcap2	4
B2RZD2	Tmem126b	12
B4F766	Dym	25
B4F7C4	Tdrd5	46
B4F7F3	Arvcf	45
B5DEK8	Vopp1	6
B5DEL1	Kctd5	11
B5DEL3	Ttc17	60
B5DEN9	Vps28	12
B5DFH9	Tmem150c	5
B5DFM7	Catsperd	24
B5DFN3	Uqcc2	7
B6CZ62	Tomt	11
B6ID01	Tmem216	2
B9TQX4	Ucma	8
C0HLN0	Pigbos1	2
D3Z813	Slc38a11	12
D3Z987	Rbm44	51
D3Z9R8	Atp5mpl	3
D3ZA50	Klhl15	31
D3ZAF6	Atp5mf	4
D3ZAP3	Map10	39
D3ZCM9	Dnaaf3	24
D3ZF42	Senp7	41
D3ZFW5	Tmem107	4
D3ZKF5	Htra4	23
D3ZLY0	Atpsckmt	12
D3ZNQ3	Glt6d1	13
D3ZQE1	Ceacam16	18
D3ZQH1	Srrm3	28
D3ZQX2	Nilr1	13
D3ZQX4	Anapc15	1
D3ZRP6	Ap1m2	25
D3ZRW8	Etnk2	21
D3ZSC8	Dnajc17	17
D3ZT86	Ntn5	20
D3ZTQ1	Sfswap	38
D3ZU96	Usp42	56
D3ZUC4	Aunip	16
D3ZUK3	Dlk2	10
D3ZVP0	Spink13	5
D3ZVR1	Ntmt2	15
D3ZVR7	Prxl2b	10
D3ZXS4	Lrrc39	16
D3ZXW3	Fsbp	17
D3ZZW6	H1-9	5
D4A039	Dzank1	39
D4A218	Dmrt3	24
D4A2K4	Klhl21	26
D4A3U0	Gpr22	10
D4A4T9	Chordc1	17
D4A6D7	Ttc19	21
D4A770	Ferry3	29
D4A7C0	Gpn2	13
D4A7T8	Fam81a	21
D4AB98	Afap1l1	35
D4ABP9	Fbxo3	16
D4ACN8	Plgrkt	9
D4AD02	Clec9a	13
D4AD75	Dpy19l1	31
E9PU17	Abca17	77
F1LTR1	Wdr26	27
F1LV46	Ido2	22
F1LXS7	Lyset	8
F1M8G0	Phtf1	34
F2Z3T4	Mbnl2	11
F6WEQ6	Znf692	20
F7F3Q2	Tekt5	31
G3V645	Oasl	26
G3V8Y7	Tepsin	24
G3V9A7	Mtfr1	11
G3V9Q9	Ggta1l1	13
M0R3Q7	Ptchd3	28
M0R7T9	Tbc1d12	34
M0RAS4	Igsf21	23
M0RAU5	Catip	18
M0RCP6	Pfn3	9
M0RD54	CEFIP	71
O08654	Phaf1	19
O08764	Abtb2	45
O08776	Ndufaf3	9
O09015	Mxi1	10
O35093	Timm23	9
O35141	Rassf5	26
O35162	Hspa13	20
O35870	Fancc	29
O35878	Hspb2	8
O35881	P2ry14	13
O35986	Zranb2	18
O55004	Rnase4	8
O55006		10
O70142	Shc2	30
O70210	Chad	16
O70301	Pspn	5
O70352	Cd82	10
O70417	Pip	4
O70453	Hmox3	15
O70454	Bud31	8
O70489	Ppt2	10
O70512	Cish	10
O70513	Lgals3bp	22
O88201	Clec11a	17
O88281	Megf6	53
O88298	Rhd	8
O88302	Gna15	20
O88501	Capn6	31
O88553	Zfp37	35
O88599	Mybph	20
O88637	Pcyt2	20
O88656	Arpc1b	18
O88779	Rhbdl1	4
O88823	Jtb	7
O88954	Mpp3	35
O88959	Inhbe	20
O88969	Cst8	8
O89044	Prim2	28
P01174	Wap	6
P01230	Lhb	5
P01256	Calca	7
P02528	Cryge	9
P02529	Crygc	10
P02661	Csn1s1	10
P02665	Csn2	4
P02667	Csn1s2a	8
P02782	Psbpc1	4
P03926	Mt-nd6	0
P04466	Myl11	11
P04468	Csn3	7
P04644	Rps17	5
P04646	Rpl35a	7
P05011	Ifna1	8
P05504	Mt-atp6	2
P05507	Mt-nd4l	2
P05765	Rps21	5
P06303	Ppy	4
P08426	Try3	11
P08462	Grpcb	3
P08568	Grpca	2
P08723	Sbp	15
P09320	Prl4a1	9
P09321	Prl3b1	10
P09635	Hoxa4	2
P0C0A1	Vps25	11
P0C0W8	Gpr139	7
P0C172	Pth2	6
P0C1X9	Lair1	13
P0C2B9	Mrpl42	5
P0C2C0	Mrpl22	14
P0C2C1	Mrpl30	8
P0C2C4	Mrpl10	14
P0C5E9	Crygs	7
P0C5I0	Cdnf	11
P0C5J2	B9d1	10
P0C5J3	B9d2	7
P0C5J9	Shkbp1	32
P0C6B3	Ptcra	7
P0C6C0	Sphkap	81
P0C6P6	Yy2	14
P0CD94	Uqcc3	3
P0DY58	Rasal2-as1	4
P10065	Cryga	9
P10066	Crygb	9
P10068	Crygf	9
P10093	Calcb	7
P10818	Cox6a1	6
P11248	Prm2	2
P11250	Rpl34	7
P11661	Mt-nd5	12
P11662	Mt-nd2	10
P11950	Cox6c1	4
P11951	Cox6c2	5
P13413	Tnni1	7
P13832	Rlc-a	9
P14730	Wfdc18	3
P15399	Pbsn	10
P16261	Slc25a16	18
P17077	Rpl9	9
P17209	Myl4	13
P17702	Rpl28	9
P18665	Mrpl3	21
P18890	Arhgap39	7
P19103	Ppp1r1a	7
P19234	Ndufv2	16
P19488	Ugt2b37	22
P20280	Rpl21	7
P20289	Vegp1	10
P21139	Man2c1	44
P21702	Prl3d1	10
P22283	Crp2	10
P23265	Olr1078	5
P23266	Or1f45	6
P23267	Olr287	11
P23268	Olr1082	5
P23269	Olr1496	6
P23271	Olr1493	6
P23272		6
P23273	Olr1500	8
P23274	Olr1468	5
P23505		9
P23749	Mrgprf	7
P23999	Mycs	16
P24800	Prl6a1	9
P25093	Fah	18
P27775	Pkib	4
P28902	Guca2a	2
P29188		1
P29524	Serpinb2	17
P30710	Gpx5	13
P31053	Cd37	12
P32821		9
P32822		9
P33578	Prl8a7	13
P33580	Prl8a4	12
P34987	Olr867	6
P35895	Olr1145	7
P35896	Olr1174	8
P35897		5
P35898	Olr1073	4
P35899	Olr1571	7
P36380	Gjb4	16
P36953	Afm	35
P37805	Tagln3	14
P38552	Lgals4	15
P39032	Rpl36	3
P41123	Rpl13	10
P41565	Idh3g	16
P46090	Cmklr2	11
P47875	Csrp1	11
P47940	Resp18	4
P48998	Ivl	33
P49218	Mtnr1a	5
P49801	Rgs6	3
P49807	Rgs11	5
P50235	Sult2a2	20
P51646	Arl5a	9
P51870	Cyp4f5	30
P51871	Cyp4f6	31
P53809	Pctp	12
P55006	Rdh7	18
P55043	Rrad	12
P55054	Fabp9	9
P55091	Ctrc	9
P55797	Apoc4	4
P56225	Pou5f2	18
P56700	Rgs16	11
P56702	Dbil5	5
P58366	Ankh	21
P59382	Pxmp4	10
P59622	Sla	16
P59645	Fxyd3	4
P59647	Fxyd5	6
P59926	Syt15	23
P60669	Plekha4	45
P60895	Gpr85	15
P61206	Arf3	10
P61214	Arl4a	8
P61250	Pde6h	1
P61480	Wdr12	22
P61808	Snn	3
P61943	St3gal6	16
P61954	Gng11	3
P62025	Phactr2	19
P62074	Timm10	7
P62078	Timm8b	7
P62489	Polr2g	11
P62521	Ccdc8	48
P62749	Hpcal1	15
P62817	Hrk	5
P62819	S100a3	7
P62890	Rpl30	6
P62893	Rpl39	1
P62902	Rpl31	7
P62948	Rpl41	0
P62966	Crabp1	10
P63031	Mpc1	6
P63047	Sult4a1	13
P63156	Barhl1	15
P63312	Tmsb10	2
P69527	Aopep	43
P70526	Olfr1	8
P70564	Serpinb5	22
P70585	Gpr19	10
P70708	Padi3	26
P80250		0
P80431	Cox7b	2
P80432	Cox7c	5
P82106		5
P83556	Kir3dl1	12
P83565	Mrpl40	11
P83883	Rpl36a	4
P83900	Rapgef5	32
P84082	Arf2	10
P84083	Arf5	11
P84551	Skor1	46
P85007	Ier3ip1	4
P85118	Nat8f2	10
P85411	Krtdap	3
P85967	Gsdmc	25
P85971	Pgls	12
P86173	Actl6b	18
P86182	Ccdc22	37
P97578	Fez2	19
P97587	Cgrrf1	15
P97594	Mcpt8	13
P97608	Oplah	54
P97682	Esm1	11
P97776	Adam18	18
P97830	Uncx	14
P97844	Rgs1	14
P97888	Ppp2r2c	19
Q03191	Tff3	4
Q03386	Ralgds	31
Q04807	Glycam1	5
Q05095	Cdx1	2
Q05474	Fau	1
Q05701	Bpifb3	16
Q05704	Bpifb4	20
Q08013	Ssr3	5
Q08290	Cnn1	14
Q08326	Rabif	5
Q0H8B9	Clec2d11	13
Q0PGW2	Dennd11	25
Q0V8T3	Cntnap5d	51
Q0V8T6	Cntnap5a	47
Q0VGK3	Glyctk	19
Q0ZUP0	Klrb1	13
Q1HCL7	Nadk2	24
Q1XID0	Lbx1	11
Q29TV8	Gkn2	8
Q2KJ10	Rita1	13
Q2L4T2	Pax9	17
Q2LAP6	Tes	26
Q2QDE7	Dnase1l1	20
Q2TA63	Tmem147	12
Q2TGI5	Zdhhc24	8
Q2V057	Prodh2	25
Q2VWP9	Prtg	44
Q32KJ8	Arsi	20
Q32PX9	Afg1l	25
Q32PY2	Liph	21
Q32PY6	Henmt1	15
Q32PZ3	Unc45a	55
Q32PZ9	Yju2b	21
Q32Q07	Lrrn1	27
Q32Q90	Coa8	9
Q32ZG7	Defb25	3
Q32ZH5	Defb17	4
Q32ZH6	Defb15	6
Q32ZH7	Defb14	2
Q32ZI3	Defb5	1
Q3B7D3	Tctn2	35
Q3B7D8	Otulinl	16
Q3B7T8	Cep44	17
Q3B7T9	Rab11fip1	32
Q3B7U4	Ctu2	24
Q3B8N7	Tsc22d4	18
Q3B8P2	Fcrla	15
Q3B8R1	Ermard	34
Q3KR53	Gpbp1l1	27
Q3KR54	Adad1	35
Q3KR73	Kansl3	38
Q3KR86	Immt	35
Q3KRC4	Gprc5c	11
Q3KRD5	Tomm34	19
Q3KRE6	Klhdc2	26
Q3KRF1	Sp110	20
Q3LUD3	N4bp3	31
Q3MHT3	Sohlh2	22
Q3MHU5	Retreg2	11
Q3MIE0	Echdc3	14
Q3SWT4	Iws1	35
Q3SWT6	Ppef1	32
Q3SWU3	Hnrnpdl	17
Q3T1G7	Cog7	41
Q3T1H2	Ngrn	15
Q3T1H8	Tmem79	20
Q3T1I4	Prrc1	13
Q3T1J8	Rtf2	17
Q3T1J9	Mob1a	10
Q3T1K5	Capza2	13
Q3T1L5	Alg6	17
Q3ZAV8	Edc4	54
Q3ZBA0	Tecpr1	41
Q45GW3	Iqub	48
Q496Z0	Elp2	35
Q498C8	Rer1	9
Q498D5	Rmdn2	22
Q498E0	Txndc12	10
Q498E2	Tdrp	8
Q498U3	Slc25a40	15
Q499M7	Lrif1	31
Q499N2	Ap5m1	18
Q499N3	Wdr18	18
Q499N5	Acsf2	29
Q499P3	C1galt1c1	16
Q499R0	Znf518a	70
Q499S9	Rhbdf1	34
Q499T7	Cfap20	7
Q499U1	Slc25a38	19
Q499V6	Zcrb1	9
Q499W2	Gins4	13
Q4FZU1	Coq4	16
Q4FZU4	Adamtsl4	56
Q4FZU6	Anxa8	21
Q4FZV3	Dnali1	15
Q4FZX5	Msrb2	11
Q4FZX7	Srprb	16
Q4FZY0	Efhd2	11
Q4FZZ1	Pxk	23
Q4G009	Mcts1	10
Q4G012	Fmc1	5
Q4G055	Rnpc3	23
Q4G059	Cdca7l	23
Q4G064	Coq5	20
Q4G069	Rmdn1	21
Q4G072	Lpar6	12
Q4G073	Trdmt1	20
Q4G074	Kifbp	36
Q4G078	Mterf4	21
Q4G2Y1	Rpain	6
Q4KLG2	Gimap8	44
Q4KLI1	Zkscan1	27
Q4KLK9	Ssu72	11
Q4KLL3	Lrrc55	11
Q4KLL4	Tm9sf4	22
Q4KLL5	Ropn1	12
Q4KLM4	Klhl25	40
Q4KLM5	Abt1	18
Q4KLN0	Sdcbp2	9
Q4KLY2	Fbxo46	25
Q4KLY3	Vsig1	6
Q4KM31	Limd2	8
Q4KM37	Cep41	18
Q4KM46	Il34	12
Q4KM51	Tefm	19
Q4KM86	Ggact	6
Q4QQS2	Ift70a2	38
Q4QQT4	Ppp2r1b	30
Q4QQT6	Brix1	17
Q4QQU1	Bud13	39
Q4QQU5	Yipf6	8
Q4QQU6	Smndc1	9
Q4QQV1	Tax1bp3	4
Q4QQV2	Dok1	24
Q4QQV3	Fam162a	9
Q4QQW1	Reep4	12
Q4QQW5	Ccnq	13
Q4QR88	Tipin	8
Q4R180	Orc3	39
Q4V7A9	Matcap1	21
Q4V7C9	Nkap	14
Q4V7D6	Nif3l1	18
Q4V7E0	Trmo	23
Q4V7E5	Mtrf1l	14
Q4V7E8	Lrrfip2	21
Q4V7F3	Osgepl1	16
Q4V888	Pip4p2	15
Q4V891	Poc5	29
Q4V896	Snx15	16
Q4V8A1	Lpcat2b	27
Q4V8A8	Zfp90	34
Q4V8B1	Slc36a3	15
Q4V8B8	Tyw2	22
Q4V8E0	Tspan17	11
Q4V8E4	Cfap36	17
Q4V8E6	Gstt4	12
Q4V8F9	Hsdl2	26
Q4V8G2	Eid3	15
Q4V8G4	Dnai4	45
Q4V8I1	Procr	7
Q4V8I3	Tns4	35
Q4V8I5	Arl6ip4	9
Q4V8K2	Ctnnbl1	24
Q4V8K4	Slc25a39	21
Q4V8K5	Brox	19
Q4V8Q1	Capn11	36
Q4V9H5	Phf20l1	47
Q4VHE7	Tas2r38	9
Q504L7	Znf574	30
Q505J3	Wscd1	29
Q505J6	Slc25a18	20
Q505J8	Farsa	23
Q52KK3	Slc25a51	17
Q52RG8	Frs3	28
Q53E76	Qtman	18
Q561Q8	Med4	15
Q561R1	Cenpt	24
Q561R2	Adat3	16
Q561R7	Gtf2h3	14
Q561R8	Calhm6	15
Q561R9	Lactb2	16
Q561S0	Ndufa10	18
Q562C4	Tmt1b	12
Q562C6	Lztfl1	15
Q562C7	Pum3	35
Q566C8	Ankrd54	9
Q566D0	Upk1b	9
Q568Y2	Dph2	17
Q568Z4	Spcs3	10
Q569A2	Tspan12	11
Q56A20	Pik3ip1	11
Q56R16	Kpna5	25
Q56UD9	Npbwr1	9
Q5BIV7	Sprn	5
Q5BJL5	Sbno1	62
Q5BJM5	Plekho1	18
Q5BJM7	Cdc42se1	3
Q5BJP2	Cwc15	8
Q5BJP3	Ufm1	4
Q5BJP5	Tmem230	6
Q5BJP6	Gfm2	36
Q5BJQ2	Mindy1	17
Q5BJQ7	Tada1	14
Q5BJS4	Fundc1	6
Q5BJT0	Arglu1	11
Q5BJT4	Txndc15	15
Q5BJT7	Ccdc93	36
Q5BJU3	Samd14	19
Q5BJU6	Crebl2	6
Q5BJV9	Ntaq1	9
Q5BJX1	Mrpl41	9
Q5BJY3	Ino80c	11
Q5BJY4	Josd1	12
Q5BJY6	Amdhd2	14
Q5BK06	Ccndbp1	13
Q5BK09	Dram2	6
Q5BK13	Vma12	11
Q5BK18	Ciao3	29
Q5BK20	Jpt2	12
Q5BK30	Daw1	22
Q5BK43	Epsti1	18
Q5BK46	Rnaseh1	13
Q5BK49	Cd96	30
Q5BK61	Snx20	15
Q5BK62	Mpv17	7
Q5BK68	Snapc3	17
Q5BKC6	Hspbap1	25
Q5BKD0	Oas1b	17
Q5EAJ6	Ikbip	24
Q5EB59	Med23	71
Q5EB73	Pgap4	20
Q5EB81	Cyb5r1	13
Q5EBA3	Spib	4
Q5FB95	Lman1l	24
Q5FVF9	Btd	21
Q5FVG1	Gpr157	12
Q5FVI4	Cend1	6
Q5FVJ3	Plpp7	14
Q5FVJ4	Rell2	11
Q5FVJ8	Senp8	8
Q5FVL0	Atp6v0d2	17
Q5FVL2	Emc8	11
Q5FVM1	Tmem231	16
Q5FVM6	Mtmr12	38
Q5FVM7	Dnajc16	42
Q5FVQ4	Mlec	16
Q5FVQ8	Nlrx1	47
Q5FVR2	Tymp	28
Q5FVR3	Cd302	6
Q5FVR7	Cpsf4	14
Q5FWS4	Calhm5	13
Q5FWS6	Kazn	37
Q5FWT5	Qrsl1	25
Q5FWT7	Ublcp1	14
Q5FWT8	Rcor2	25
Q5FWU5	Znf513	26
Q5GAM0	Rnase10	6
Q5GF25	Manea	15
Q5GFD9	Impact	17
Q5GH61	Xk	21
Q5GRG2	Ces5a	25
Q5HZA3	Zcchc12	17
Q5HZA9	Tmem126a	10
Q5HZB0	Tmem123	4
Q5HZB6	Clasrp	19
Q5HZE4	Mri1	18
Q5HZE5	Tmem17	9
Q5HZE8	Tmem59l	12
Q5HZV9	Ppp1r7	21
Q5HZW5	Cd320	15
Q5HZW7	Plet1	6
Q5HZX7	Ldah	17
Q5HZY0	Ubxn4	16
Q5I0D5	Lhpp	12
Q5I0D7	Pepd	24
Q5I0H5	Ccnl2	21
Q5I0I5	Usb1	15
Q5I0I8	Noc4l	22
Q5I0J5	Mitd1	12
Q5I0K7	Alg13	10
Q5I0K8	Mrps7	13
Q5I0L3	Yars2	27
Q5I0L6	Cytip	14
Q5I0P2	Gcsh	9
Q5IRJ7	Pfn4	7
Q5J3E5	Vom1r98	11
Q5J3F6	Vom1r90	11
Q5J3G9	Vom1r95	10
Q5J3L4	Vom1r96	11
Q5J3L6	Vom1r100	10
Q5J3M4	Vom1r94	12
Q5J3N1	Vom1r92	8
Q5JCS6	Sipa1l2	82
Q5M7A7	Cnrip1	8
Q5M7T3	Brms1	15
Q5M7U5	Rab19	15
Q5M7U7	Vstm5	6
Q5M7V7	Fastkd2	40
Q5M7W4	Tmc5	37
Q5M808	Hikeshi	5
Q5M820	Mrfap1	4
Q5M827	Pir	18
Q5M836	Lysmd3	9
Q5M843	Ogfod3	17
Q5M844	Syne4	13
Q5M856	Spc25	10
Q5M864	Bora	26
Q5M870	Neurl3	10
Q5M877	Spsb2	12
Q5M936	Tor3a	22
Q5M947	Rrp15	12
Q5M954	Tsen2	22
Q5M962	Tmem204	6
Q5M971	Mllt11	7
Q5M9F5	Dph6	13
Q5M9G7	Utp25	43
Q5M9G8	Dcaf11	25
Q5M9G9	Tbrg4	30
Q5M9H0	Anks3	36
Q5M9H1	Lrrc41	33
Q5M9I1		17
Q5MJ12	Fbxl16	19
Q5MYT9	Oasl2	23
Q5MYW4	Znf667	34
Q5NDL0	Eogt	26
Q5NSW5	Dbx1	14
Q5PPF5	Zgpat	26
Q5PPG7	Eif2d	28
Q5PPH0	Enoph1	10
Q5PPI1	Srsf9	15
Q5PPI3	Gskip	4
Q5PPI7	Lhfpl5	9
Q5PPJ2	Rsrc1	13
Q5PPJ4	Dohh	17
Q5PPL2	Dcun1d5	13
Q5PPN2	Rpp25	9
Q5PPN4	Ca8	11
Q5PPN5	Tppp3	11
Q5PQJ6	Pycr3	11
Q5PQJ7	Tbcel	22
Q5PQK8	Tbrg1	8
Q5PQL5	Ptdss1	19
Q5PQM2	Klc4	36
Q5PQN1	Herc4	49
Q5PQN4	Saxo6	41
Q5PQP2	Ebag9	7
Q5PQQ1	Gtpbp3	18
Q5PQQ2	Wbp11	25
Q5PQQ6	Drc9	19
Q5PQQ8	Itgbl1	25
Q5PQQ9	Cep70	35
Q5PQR3	Btbd9	30
Q5PQS3	Veph1	42
Q5PQS4	Gulp1	16
Q5PQS6	Smg9	19
Q5PQT7	Phlda3	9
Q5PXE9	Ippk	28
Q5QD23	Taar5	12
Q5QD24	Taar3	10
Q5QD25	Taar2	9
Q5RJK3	Trmt10b	12
Q5RJK8	Acbd6	13
Q5RJL2	Mettl23	8
Q5RJL6	Metrnl	8
Q5RJM0	Nifk	12
Q5RJQ7	Sdhaf2	9
Q5RJQ8	Calhm2	16
Q5RJS9	Rpf1	16
Q5RJZ6	Scoc	5
Q5RK23	Abhd1	13
Q5RKG1	Spice1	43
Q5RKG3	H1-7	17
Q5RKH7	Slc35f6	13
Q5RKI1	Eif4a2	22
Q5RKI6	Eif1ad	7
Q5RKJ0	Fam110c	17
Q5U1W5	Snrnp35	10
Q5U1X7	Slc39a3	11
Q5U1Y4	Akr1e2	19
Q5U1Z2	Trappc3	9
Q5U1Z7	Itgb3bp	8
Q5U204	Lamtor3	6
Q5U206	Calml3	7
Q5U209	Rnaseh2a	17
Q5U2M6	Dcaf8	30
Q5U2P3	Zfand2a	10
Q5U2Q3	Bkgd	15
Q5U2R0	Mat2b	14
Q5U2R3	Frmd8	22
Q5U2R6	P33monox	19
Q5U2S5	Snx24	9
Q5U2T1	Tlcd1	10
Q5U2T7	Tfb2m	24
Q5U2U6	Cdip1	4
Q5U2V5	Crls1	13
Q5U2V8	Emc3	13
Q5U2W5	Tbl3	48
Q5U2W6	Ptov1	23
Q5U2X1	Fbxo9	27
Q5U2X2	Spag1	46
Q5U2X4	Dpep3	25
Q5U2X7	Timm21	16
Q5U2Z0	Znf367	12
Q5U301	Akap2	32
Q5U310	Armcx1	21
Q5U317	Fip1l1	18
Q5U3Y0	Klhdc10	18
Q5U3Z0	Cfap298	13
Q5U3Z6	Deup1	31
Q5XHX2	Tprn	29
Q5XHX8	Spmap2	25
Q5XHY1	Carmil3	63
Q5XHY3	Tex19.1	14
Q5XHY4	Art5	14
Q5XHY5	Tars1	40
Q5XHY7	Stam2	24
Q5XHZ2	Syce1	20
Q5XHZ6	Klhl7	34
Q5XI00	Tcp11	26
Q5XI02	Pdilt	34
Q5XI05	Sel1l2	33
Q5XI07	Lpp	22
Q5XI13	Grwd1	18
Q5XI28	Raver1	28
Q5XI31	Pigs	30
Q5XI37	Mrps15	16
Q5XI41	Tram1	11
Q5XI46	Paat	27
Q5XI51	Kif2b	26
Q5XI54	Drc3	26
Q5XI58	Ccin	33
Q5XI60	Reep6	9
Q5XI67	Fbxo30	32
Q5XI69	Dhx40	39
Q5XI70	Pcgf6	17
Q5XI79	Ndufaf7	26
Q5XI83	Vps35l	49
Q5XI95	Adh6	18
Q5XI96	Rnaseh2b	13
Q5XI97	Aarsd1	21
Q5XIA0	Dzip1l	43
Q5XIA1	Ncln	22
Q5XIA4	Cnot10	35
Q5XIB1	Tssc4	12
Q5XIB2	Cwc27	18
Q5XIB3	Adprhl1	16
Q5XIB4	Ufsp2	22
Q5XIB5	Ccdc86	12
Q5XIB9	Tifa	7
Q5XIC3	Cdc37l1	15
Q5XIC4	Spg21	14
Q5XID7	Armcx3	18
Q5XIE2	Mterf2	23
Q5XIE9	Med20	9
Q5XIF4	Sumo3	4
Q5XIG2	C1qtnf1	14
Q5XIG4	Ociad1	12
Q5XIG5	Gkap1	20
Q5XIG6	Galk2	16
Q5XIH2	Shisa5	0
Q5XIH6	Trim54	19
Q5XIH9	Hpdl	16
Q5XII8	Ltap1	13
Q5XIJ4	Mims1	16
Q5XIJ8	Drc2	28
Q5XIJ9	Oxct2a	29
Q5XIK2	Tmx2	17
Q5XIL3	Polr3c	32
Q5XIL6	Abhd16b	22
Q5XIM4	Dmac2l	12
Q5XIP1	Pelo	21
Q5XIQ2	Elmod3	21
Q5XIR6	Drc10	28
Q5XIR9	Ubac1	20
Q5XIS7	Ubap1	21
Q5XIT0	Cdkl2	24
Q5XIT3	Yipf2	7
Q5XIU5	Psmf1	9
Q5XIV0	Tent5c	20
Q5XJW2	Gadd45gip1	13
Q5XXR3	Arhgef6	42
Q5ZQU0	Sned1	49
Q62649	Nnat	4
Q62665	Lgals8	18
Q62713		4
Q62740	Spp2	11
Q62785	Pdap1	7
Q62795	Slc17a1	12
Q62807	Syt17	29
Q62835	Rabep2	29
Q62840	Ambn	11
Q62850	Vom1r105	9
Q62912	Mxd3	9
Q62951	Dpysl4	29
Q62975	Serpina10	22
Q63055	Arfrp1	12
Q63064	Cd52	4
Q63086	Ctf1	11
Q63088	Ctsj	16
Q63111	Ceacam3	35
Q63149	Cdh4	11
Q63189	Prg2	9
Q63228	Gmfb	8
Q63244	Foxq1	15
Q63248	Foxi2	7
Q63362	Ndufa5	5
Q63366	Nxph1	15
Q63378	Klrb1f	11
Q63416	Itih3	33
Q63418	Pcdh3	23
Q63430	Csdc2	8
Q63467	Tff1	4
Q63471	Bpifa2	5
Q63505	Gtf3c1	109
Q63515	C4bpb	13
Q63517	Cenpi	29
Q63532	Sprr1a	11
Q63603	Dock9	41
Q63627	Scaf4	21
Q63630	Rhox5	11
Q63751	Bpifb9	25
Q63769	Srpx	24
Q63789	Pik3r3	22
Q63797	Psme1	15
Q63ZY7	Uxt	8
Q64017	Gpr176	17
Q641W2	Myg1	21
Q641W7	Ttll9	19
Q641X2	Leo1	33
Q641Y0	Ddost	19
Q641Y1	Cyb561d2	3
Q641Y6	Ppm1j	25
Q641Z1	Lin54	33
Q641Z2	Ptpn9	32
Q641Z5	Chac2	9
Q64256	Prm3	4
Q64268	Serpind1	23
Q64298	Smcp	6
Q642A6	Vwa1	18
Q642B9	Znf18	21
Q64335	Klrg1	9
Q64361	Lxn	7
Q64583	Cyp2b15	25
Q64LC9	Rbm4b	19
Q66H02	Cenpq	14
Q66H07	Fank1	22
Q66H16	Fsip1	21
Q66H17	Spata32	21
Q66H19	Srfbp1	26
Q66H23	Slc25a37	14
Q66H28	Pacc1	15
Q66H38	Garin3	31
Q66H39	Abcf3	33
Q66H40	Hmgn3	4
Q66H42	Lypd1	4
Q66H52	Itpripl1	27
Q66H54	Fhip1b	36
Q66H58	Ints14	25
Q66H59	Npl	17
Q66H65	N4bp2l2	29
Q66H69	B3gnt7	19
Q66H71	Cpped1	12
Q66H78	Pxylp1	20
Q66H89	Cep83	32
Q66H94	Fkbp9	25
Q66H95	Slc49a4	7
Q66HC1	Tdrd3	35
Q66HC5	Nup93	53
Q66HE7	Cdkl1	20
Q66HG1	Dmtf1	20
Q66HG5	Tm9sf2	17
Q66HG6	Ca5b	14
Q66HH3	Lyl1	9
Q66HR0	Slc12a9	31
Q675B7	Tas2r136	7
Q675B8	Tas2r117	11
Q675B9	Tas2r109	11
Q67ER8	Tas2r116	12
Q67ER9	Tas2r39	10
Q67ES0	Tas2r140	10
Q67ES1	Tas2r113	13
Q67ES3	Tas2r143	8
Q67ES5	Tas2r124	11
Q67ES6	Tas2r129	12
Q67ES7	Tas2r134	10
Q67ET0	Tas2r4	10
Q67ET1	Tas2r106	8
Q67ET2	Tas2r40	10
Q67ET3	Tas2r120	9
Q67ET7	Tas2r3	14
Q68A65	Spata21	29
Q68AX7	Reg4	8
Q68FN9	Fastkd3	30
Q68FP3	Ccl6	5
Q68FQ7	Rpap3	34
Q68FR3	Ints12	17
Q68FR5	Tmem209	24
Q68FR7	Ltv1	19
Q68FS1	Nubp2	8
Q68FS2	Cops4	26
Q68FT5	Bhmt2	18
Q68FU1	Plekhf1	15
Q68FU4	Sugct	18
Q68FU8	Sugp1	33
Q68FV0	Tmem178a	11
Q68FV6	Glmp	9
Q68FW2	Cdca3	13
Q68FW7	Tars2	40
Q68FW8	Bin3	16
Q68FX0	Idh3B	19
Q68FX1	Mpi	12
Q68G31	Pbld	14
Q68VK5	Tspan5	9
Q69AB1	Txndc8	4
Q69BT7	Trappc4	14
Q69FB3	Jph4	22
Q6AXM7	Hbs1l	37
Q6AXN3	Tmed5	10
Q6AXN9	Ribc2	21
Q6AXP6	Catsper2	16
Q6AXQ0	Sae1	23
Q6AXQ7	Drc11l	43
Q6AXQ9	Ift46	12
Q6AXR5	Slc35a3	9
Q6AXR8	Orai3	5
Q6AXS3	Dek	21
Q6AXS9	Rflnb	6
Q6AXT4	Ccdc172	17
Q6AXU4	Rnf181	8
Q6AXU6	Jpt1	6
Q6AXU7	Mif4gd	14
Q6AXU8	Mettl6	14
Q6AXV2	Tekt4	31
Q6AXV4	Samm50	26
Q6AXW8	Tmem81	12
Q6AXX4	Utp3	15
Q6AXX6	Prxl2a	13
Q6AXY0	Gsta6	13
Q6AXY9	Spz1	16
Q6AXZ0	Paip2	5
Q6AXZ2	Lrrc46	17
Q6AXZ3	Ppp2r3c	27
Q6AXZ4	Cep57l1	19
Q6AXZ6	Prss40	16
Q6AY09	Hnrnph2	18
Q6AY12	Cyb5r2	10
Q6AY16	Actl9	22
Q6AY26	Rhno1	6
Q6AY28	Prss54	22
Q6AY39	B3galnt1	20
Q6AY40	Jmjd8	8
Q6AY69	Atg101	11
Q6AY70	Kansl2	22
Q6AY75	Phf23	13
Q6AY78	Slc67a1	11
Q6AY82	Emcn	14
Q6AY84	Scrn1	16
Q6AY85	Alg14	12
Q6AY87	Thoc6	18
Q6AY88	Kdf1	16
Q6AY91	Nmrk1	5
Q6AY97	Ccdc91	24
Q6AYA6	Cybc1	11
Q6AYB3	Isy1	14
Q6AYB4	Hspa14	27
Q6AYC5	Arhgap15	24
Q6AYD1	Mblac1	10
Q6AYD2	Stn1	24
Q6AYE4	Atp6v1c2	27
Q6AYF7	Mfap3	14
Q6AYF9	Irgc	24
Q6AYG5	Echdc1	16
Q6AYG7	Nfatc2ip	13
Q6AYH2	Ino80e	6
Q6AYH6	Emc10	5
Q6AYI2	Klhdc3	21
Q6AYJ2	Bod1	9
Q6AYJ8	Tnfaip8l2	7
Q6AYL0	Slc25a19	17
Q6AYL2	Gsg1	10
Q6AYL5	Sf3b4	12
Q6AYL9	Nuf2	26
Q6AYM4	Dpcd	12
Q6AYM7	Majin	11
Q6AYN2	Saraf	16
Q6AYN9	Ccdc181	22
Q6AYP2	Mfap3l	21
Q6AYP6	Saxo1	31
Q6AYQ1	Golga7	9
Q6AYQ4	Tmem109	8
Q6AYR4	Tor2a	14
Q6AYR9	Tspan1	2
Q6AYS5	Tmem98	9
Q6AYS8	Hsd17b11	16
Q6AYT4	Pabir1	11
Q6AYT8	Mpzl1	11
Q6AYT9	Acsm5	31
Q6AYU1	Morf4l1	17
Q6AYY8	Slc33a1	20
Q6AZ51	Il17re	34
Q6AZ54	Hemgn	26
Q6BBI8	Ufc1	8
Q6BEA2	Prss27	16
Q6DGF4	Zfand6	9
Q6DGF6	Fam220a	11
Q6DGG1	Abhd14b	10
Q6DLV9	Pcgf1	11
Q6ED65	Eml5	103
Q6EIX2	Magmas-ps1	6
Q6GUG4	P2ry13	11
Q6GV27	Tmem225	9
Q6GV29	Qtgal	16
Q6GVH5	Ggnbp2	30
Q6GX83	Gxylt1	21
Q6GX86	Hrob	25
Q6I7R5	Tceal8	8
Q6IE06	Prss58	9
Q6IE24	Usp54	71
Q6IE46	Spink14	4
Q6IE47	Spink6	3
Q6IE49	Spink2	4
Q6IE51	Spink7	4
Q6IE52	Mug2	60
Q6IE62	Prss45	14
Q6IE63	Prss46	9
Q6IE64	C1rl	16
Q6IFU7	Krt42	29
Q6IFW5	Krt12	17
Q6IFW8	Krt27	21
Q6IM78	Top1mt	36
Q6IMA3	Rasl11a	8
Q6IMA7	Rasl11b	11
Q6IML7	Dnajc27	13
Q6IMX7	Hspbp1	18
Q6IUP3	Elp5	14
Q6J1I7	Rnf166	10
Q6J329	Slc25a47	15
Q6JEL3	Klhl10	37
Q6KC51	Ablim2	31
Q6MFY5	Polr1h	5
Q6MG21	Vars2	47
Q6MG22	Mucl3	23
Q6MG48	Prrc2a	100
Q6MG56	Ly6g6f	11
Q6MG58	Ly6g6d	4
Q6MG60	Ddah2	15
Q6MG62	Msh5	38
Q6MG84	Egfl8	13
Q6MG88	Gpsm3	8
Q6MG97	Btnl2	23
Q6MGD0	Cuta	3
Q6P4Z6	Lcmt1	18
Q6P4Z9	Cops8	8
Q6P5P5	Mest	8
Q6P6G2		15
Q6P6G5	Yipf1	7
Q6P6Q6	Mterf3	22
Q6P6R0	Grina	4
Q6P6S2	Slc39a11	8
Q6P6S4	Sil1	22
Q6P6V6	Gpr108	28
Q6P719	Mmgt2	6
Q6P720	Arhgef25	26
Q6P734	Serping1	25
Q6P752	Tor1aip2	21
Q6P756	Necap2	12
Q6P773	Taf1c	41
Q6P7A2	Ube4a	47
Q6P7D3	Ier2	9
Q6P7Q0	Etfbkmt	9
Q6P9U3	Commd3	9
Q6PCU8	Ndufv3	7
Q6PDU4	Leprotl1	2
Q6PDU7	Atp5mg	6
Q6PEC0	Nudt2	10
Q6PEC1	Tbca	7
Q6PTT0	Acy1b	24
Q6Q3F5	Sidt1	20
Q6QI25	Ormdl3	6
Q6QI44	Naa25	49
Q6QI89	Morf4l2	17
Q6R518	Gpn3	10
Q6R556	Scgn	16
Q6REY9	Arhgap20	43
Q6RFY2	Phactr3	19
Q6SLE7	Sln	1
Q6TA25	Fgfr1op2	15
Q6TA48	Mptx1	8
Q6TQE1	Zc3h18	43
Q6TUD4	Yipf3	15
Q6TUF2	Sdhaf3	7
Q6TXG9	Sfr1	11
Q6V0K7	Oit3	27
Q6V7K3	Slc35b1	5
Q6V7V2	Rtkn	32
Q6VBQ5	Myadm	8
Q6VEU1	Nob1	18
Q6VV72	Eif1a	7
Q6W5G4	Plppr2	11
Q6X782	Zpbp2	13
Q6Y1R5	Oxgr1	8
Q6YAT4	Sgce	15
Q6YDN7	Cdc26	5
Q700K0	Sspo	119
Q701R3	St6gal2	21
Q703I1	Oser1	16
Q711G3	Iah1	11
Q71HP2	Gprasp3	23
Q75PQ8	Orc2	29
Q76HP2	Tmem132d	51
Q791F6	Tpra1	8
Q792G6	Gnas	10
Q794C0	Atp6v0e1	2
Q7M0E7	Mrpl14	9
Q7M6Z5	Kif27	71
Q7TMB0	Plppr3	26
Q7TMR7	Slc16a6	16
Q7TN38	Mrgprh	9
Q7TN39	Mrgprg	9
Q7TN40	Mrgpre	3
Q7TN41	Mrgprd	8
Q7TN44	Mrgprb5	17
Q7TN45	Mrgprb4	7
Q7TN49	Mrgpra	9
Q7TNK6	Trmt11	24
Q7TNN2	Cox8c	2
Q7TP90	Arrdc4	14
Q7TP98	Ilf2	22
Q7TPF1	Smagp	1
Q7TPJ0	Ssr1	12
Q7TQ72	Mis12	10
Q7TQ84	Fyttd1	17
Q7TQ94	Nit1	20
Q7TQN7	Gpr135	12
Q7TQN8	Gpr119	9
Q7TSV3	Zmynd19	11
Q7TSW6	Stimate	11
Q7TT51	Lgsn	27
Q80VJ4	Gpcpd1	34
Q80W87	Robo4	41
Q80W89	Ndufa11	5
Q80W96	Isca1	8
Q80Z34	Nrep	3
Q80ZG0	Ric8b	24
Q810U0	Ccdc50	14
Q811P6	Tfb1m	20
Q811X6	Cryl1	15
Q812D3	Ppil3	11
Q812E4	Sytl5	43
Q8BFS3	Rln3	6
Q8CFD1	Rbm45	25
Q8CGV7	Thtpa	11
Q8CH84	Elavl2	16
Q8CHM3	Tp53inp2	1
Q8CHN2	Ly6g5c	3
Q8CHN3	Wfdc2	10
Q8CJ42	Prl7b1	10
Q8K1M5	Npw	8
Q8K3E7	Dpy30	4
Q8K3F3	Ppp1r14b	5
Q8K3K4	Serpinb10	25
Q8K3K9	Gimap4	17
Q8K418	Brs3	11
Q8K451	Gpr156	29
Q8K4B7	Fmo4	28
Q8K4D6	Cyp4x1	23
Q8K581	Txndc9	13
Q8K586	Rasl2-9	11
Q8K5A3	Cst11	7
Q8K5B3	Mcfd2	6
Q8R2H1	Nfkbil1	20
Q8R413	Prok2	4
Q8R4C0	Capn5	35
Q8R4E1	Itfg1	18
Q8R4G8	Kctd1	14
Q8R4R9	Ppp1r14c	6
Q8R5H8	Faim	11
Q8R5I0	Kcnk15	10
Q8R5K5	Utp11	11
Q8VBV2	Spag11a	5
Q8VD88	Rnase1d	7
Q8VD89		6
Q8VHE9	Retsat	30
Q8VHT8	Gtf3a	18
Q8VHW7	Cacng6	11
Q8VIG2	Marf1	81
Q91Y53	Dnttip1	19
Q91Y94	Cox4i2	8
Q91ZV2	Dcbld2	35
Q920G0	Skap2	19
Q920M2	Rnf39	19
Q920Q3	Spata19	8
Q920R4	Gprasp1	61
Q923J6	Dnah12	169
Q923W4	Hdgfl3	9
Q923X5	Taar7d	11
Q923X6	Taar7e	10
Q923X8	Taar7b	11
Q923X9	Taar8a	8
Q923Y0	Taar8c	7
Q923Y1	Taar7g	10
Q923Y2	Taar7a	10
Q923Y3	Taar8b	7
Q923Y4	Taar7h	11
Q923Y5	Taar6	10
Q924U0	Ltb4r2	10
Q925D4	Tmem176b	12
Q925N7	Ocil	13
Q925Q4	Gpha2	6
Q99JD2	Tekt1	24
Q99JD3	Slc25a21	19
Q99MA0	Cited4	3
Q99MB4	Zng1	17
Q99MB5	Lmo3	11
Q99MC0	Ppp1r14a	5
Q99MF5	Il11	11
Q99MM4	Trafd1	29
Q99NB2	B3gnt5	17
Q99ND9	Rwdd1	8
Q99P82	Cldn11	5
Q99P85	Retnla	3
Q99PD4	Arpc1a	21
Q99PJ7	Znf689	24
Q9EPH1	A1bg	23
Q9EPI8	Mterf1	25
Q9EQP5	Prelp	22
Q9EQT5	Tinagl1	20
Q9EQZ1	Tsc22d3	6
Q9ERE0	Ccl17	5
Q9ERH3	Wdr7	68
Q9ES75	Prap1	7
Q9ESB5	Necab1	12
Q9ESG5	Hs3st1	11
Q9ESM2	Hapln2	21
Q9ESY6	Lrrn3	31
Q9ET20	Scamp4	3
Q9ET62	Impg1	38
Q9JHB9	Scgb2a1	5
Q9JHE8	Ninj2	7
Q9JHU0	Dpysl5	28
Q9JHU5	Arfip1	20
Q9JHY2	Sfxn3	18
Q9JII3	Prl2a1	11
Q9JII4	Prl5a1	8
Q9JJH2	Gpr173	17
Q9JJH3	Gpr27	13
Q9JJM7	Gp1bb	6
Q9JJS5	Sh3bp4	49
Q9JJW1	Tspan2	7
Q9JJW3	Atp5mk	3
Q9JKE8	Tas2r110	10
Q9JKE9	Tas2r7	8
Q9JKL9	Prl2b1	14
Q9JKT5	Tas2r105	9
Q9JKT8	Tas2r114	8
Q9JKT9	Tas2r107	7
Q9JKW1	Timm22	6
Q9JLG9	Aipl1	17
Q9JMD2	Sfmbt1	44
Q9P290	Slc22a17	11
Q9QUL0	Prl3c1	10
Q9QX67	Dap	6
Q9QX79	Fetub	16
Q9QXJ0	Ttl	17
Q9QXN2	Pate14	5
Q9QXQ6	Galp	6
Q9QXS4	Nat8f3	11
Q9QXS7	Nat8f5	12
Q9QXT4	Nat8f1	13
Q9QXY4	Ogfr	23
Q9QYJ2	Rasa3	52
Q9QYU2	Tsfm	14
Q9QYU7	Nsa2	12
Q9QYV1	Tmeff1	16
Q9QZE3	Ctsq	14
Q9QZH7	Fbxl20	16
Q9QZI7	Trnau1ap	10
Q9QZP1	Gemin2	11
Q9QZX9	Cep19	5
Q9R006	Prl7a2	14
Q9R0A8	Haus1	18
Q9R0D6	Tcn2	24
Q9R0Z3	Cdkn2a	9
Q9R1B1	Timm10b	8
Q9R1M3	Tspy1	15
Q9WTQ7	Gadd45g	6
Q9WTT7	Bzw2	27
Q9WTY2	Rem2	16
Q9WU68	Plekhb1	10
Q9WUC8	Plrg1	28
Q9WUH4	Fhl1	15
Q9WUK5	Inhbc	15
Q9WUV6	Capza3	22
Q9WV41	Insl6	11
Q9WV50	Nip7	9
Q9WVA1	Timm8a	6
Q9WVS2	Osgep	21
Q9Z0T0	Tpmt	15
Q9Z0W0	Glp2r	23
Q9Z118	Ptbp3	17
Q9Z144	Lgals2	9
Q9Z1F1		4
Q9Z1S7	Omd	11
Q9Z213	Gnas	33
Q9Z244	Gmpr	17
Q9Z2I7	Svop	21
Q9Z2N4	Nxph4	12
Q9Z2N5	Nxph3	10
A0A0G2K6Z9	Odaph	6
A0JPI9	Lrrc74a	26
A0JPN3	Bpifb1	23
A0JPQ7		22
A1A5R7	Rexo5	38
A1A5R8	Sanbr	38
A1EC95	Heatr6	53
A1IGU3	Arhgef37	39
A1L112	Wdr55	19
A1L1J9	Lmf2	22
A1L1L7	Znf426	30
A2RUW0	Mroh7	48
A2VCX1	Tiprl	15
A8IHN8	Ag2	10
A8WCG0	Serinc4	10
B0BMZ3	Gimd1	12
B0BN56	Mrps31	22
B0BN70	Smim7	5
B0BN86	Tmem11	8
B0BN95	Harbi1	14
B0BNA1	Sh3yl1	18
B0BNA9	Cnot11	22
B0BNC9	Cryzl2	16
B0BNG2	Tm6sf2	12
B0BNI5	Olfml3	21
B0BNK9	Cracr2b	21
B0K035	Mtfr2	16
B0K036	Sdhaf1	7
B1WBM3	Tmem138	4
B1WBS9	Fam24a	4
B1WBT0	Tmem232	32
B1WBU8	Plekhd1	27
B1WC39	Tigd5	29
B1WC88		5
B2GV47	Radx	47
B2GV77	Nxt2	6
B2GV91	Lyrm2	6
B2RYF1	Ppp1r37	26
B2RYG1	Fam32a	5
B2RYL1	Derpc	26
B2RYU6	Trappc2l	9
B2RZ17	Fbxw2	21
B2RZ39	Mrpl36	4
B2RZ86	Ccdc89	22
B2RZ87	Myadml2	8
B3DMA0	Tp53i11	6
B4F7A1	Lyrm7	4
B6CZ61	Lrrc51	8
B7SUM8	FABP12	6
D3Z8Y2	Dppa4	10
D3ZAT9	Faxc	20
D3ZC96	Ttc39b	31
D3ZD82	Dnajc5b	8
D3ZEG1	Crygn	9
D3ZKV9	Mss51	12
D3ZN43	Ndufaf6	14
D3ZNV2	Tmco5a	16
D3ZR35	Smim13	1
D3ZT37	Tceal7	3
D3ZUC6	Topaz1	87
D3ZVB0	Ap5b1	31
D3ZVF4	Trappc2b	6
D3ZVN1	Clpsl2	7
D3ZVP7	Zfyve21	10
D3ZWJ9	Fam234b	25
D3ZXD8	Tmem245	25
D3ZY68	Gatc	7
D3ZYP5	Tmem35b	5
D4A2Q0	Fndc10	8
D4A4E7	Tmco2	7
D4A666	Ubn2	56
D4A9R4	Prrt4	22
D4ABM4	Rfpl4a	14
D4ACP2	Smim12	5
D4AE41	Rbmxl1	26
D6QY17	Scpppq1	1
E9PSU6	Pcnx1	98
F1LWT0	Simc1	47
G3V686	Retnlg	4
G3V9R3	Sult1d1	15
O88644	Grifin	6
O88677	Btg3	11
P01805		9
P01835		4
P01836		5
P04474	Prpg1	1
P04812	Svs5	6
P07448		1
P0C1G7	Wbp1l	9
P0C6B1	Slc35e1	15
P0C6R4	Iffo2	14
P0C6T1	Chtf8	5
P0C7N0	Rwdd3	10
P0C8N6	Nemp2	15
P0C927	Asb14	33
P0DKR2	Tcaim	23
P0DN35	Ndufb1	3
P0DO93	T-enol	6
P0DW89	Zftraf1	18
P10165	Prpg2	0
P15063	Mycb	6
P18897	Smr2	3
P20760	Igg-2a	17
P20761	Igh-1a	11
P20762		14
P20766		5
P20767		7
P21996		0
P33581		1
P35894		6
P36201	Crip2	7
P37200	Ear	5
P41237	Ctxn1	5
P41244	Vegp2	10
P49800	Rgs5	9
P54848	Emp1	2
P56571		13
P58522		1
P59035	Lrrc3	12
P60531	Tsks	35
P62076	Timm13	6
P62864	Fau	2
P62950	Blcap	0
P68313		4
P69209		1
P70537	Tsx	7
P80347		2
P80348		2
P80349		2
P80430	Cox6b1	1
P81728		1
P81827		3
P81828		3
P83121		3
P84107		1
P84587	Znf326	2
P86172	Nmral1	12
P97580	Msmb	8
P97590	Lgals7	10
Q05310		5
Q05702	Scgb1c1	6
Q0VGK2	Ttc39c	28
Q0ZCA7	Clec2l	12
Q10753		2
Q1RP77	Nop16	9
Q2IBD0	St7	26
Q2KMM2	Trappc1	10
Q2M1K5	Pced1b	23
Q2YDU6	Narf	24
Q30KJ2	Defb50	4
Q32PY9	Idnk	10
Q32ZF3	Defb43	4
Q32ZF7	Defb39	3
Q32ZF8	Defb38	2
Q32ZG1	Defb33	2
Q32ZG2	Defb30	5
Q32ZG3	Defb29	4
Q32ZH2	Defb20	6
Q32ZH4	Defb18	3
Q32ZH8	Defb13	3
Q32ZH9	Defb12	2
Q32ZI0	Defb11	4
Q32ZI1	Defb10	4
Q32ZI2	Defb9	4
Q32ZI4	Defb3	3
Q3B7D9	Rbm43	21
Q3B7K9	Rundc3b	19
Q3B7L1	Plekhh3	36
Q3B7U2	Taf1a	31
Q3KRF3	Fsaf1	17
Q3MIF4	Xylb	23
Q3SWT5	Slc41a3	14
Q3SWU4	Zbtb44	14
Q3T1I2	C1qtnf6	8
Q3T1I3	Ushbp1	28
Q3T1I9	Rpap1	64
Q3T1L0	Aldh16a1	22
Q3ZAU7	Cenpl	18
Q3ZCQ0		6
Q3ZRW7	Clul1	21
Q400C7	Amz2	19
Q400C9	Amz1	20
Q496Z4	Tmc4	27
Q497B2	Tmem45b	8
Q497B3	Krtcap3	4
Q497C3	Mettl26	15
Q498C7	Smim14	3
Q498D9	Gipc2	13
Q498R7	Czib	9
Q498S6	Zcchc2	42
Q498T4	Mrpl2	15
Q498U0	Arln	3
Q499M5	Ankrd16	23
Q499P8	Rusf1	19
Q499U2	Elmo3	34
Q499U8	Tmco4	24
Q499V3	Rad9b	14
Q499V8	Sarg	30
Q4FZV2	Sft2d2	7
Q4FZV7	Tmub2	7
Q4G068	Tmem176a	8
Q4JLT5	Slc10a5	17
Q4KLH3	Ogfrl1	24
Q4KLY8	Stpg1	17
Q4KLZ1	Tmem186	12
Q4KM45	Adissp	9
Q4KM93	Tmem177	14
Q4KM95	Lrrc42	24
Q4KMA0	Azi2	23
Q4L0E8	Rgs18	15
Q4QQR9	Memo1	16
Q4QQS3	Oscp1	23
Q4QQT2	Fam118b	15
Q4QQT5		19
Q4QQU7	Grtp1	15
Q4QR71	CPVL	18
Q4QR76	Actl7b	20
Q4QR77	Cimip2a	21
Q4QR80	Mrps25	9
Q4QR82	Rassf6	15
Q4QR87	Dmrtc1	5
Q4V7A4	Fscb	30
Q4V7A5		16
Q4V7A8	Abhd18	26
Q4V7B0	Cfap157	32
Q4V7B4	Proca1	11
Q4V7B5	Tektl1	32
Q4V7C4	Ccdc71	19
Q4V7D8	Rmp24	11
Q4V7E2	Plac1	6
Q4V7F0	Ttc23	29
Q4V893	Gpalpp1	14
Q4V897	Ccdc90b	18
Q4V8B5	Ccdc116	26
Q4V8B7	Hsdl1	16
Q4V8C4	Wdr5b	14
Q4V8C9	Lrrc56	28
Q4V8D9	Lrrc34	23
Q4V8E5	Slc33a2	9
Q4V8F1	Ccdc184	10
Q4V8F4	Rabepk	15
Q4V8F7	Ccdc63	28
Q4V8I4	Def8	23
Q501L3	Msantd4	11
Q505I5	Fam133b	8
Q561K4	Ccdc32	5
Q561R3	Rbm48	17
Q566C5	Rassf4	20
Q566Q8	Bles03	16
Q566R2	Tm2d2	4
Q566R3	Gpatch4	21
Q568Y5	Tspan11	8
Q568Z0	Tcp11l2	25
Q568Z1	Fam131b	13
Q568Z9	Phyhip	16
Q569A3		5
Q569B5	Lrrc14	26
Q569B7	Rwdd4	6
Q569B9	Mfi	14
Q569C2	Lrp2bp	18
Q587K4	Lrrc73	8
Q5BJN9	Rprm	5
Q5BJP9	Phyhd1	12
Q5BJQ6	Cstf1	17
Q5BJR4	Prune2	9
Q5BJS2	Lhfpl6	6
Q5BJS7	Cpne9	28
Q5BJS9	Morn4	7
Q5BJT1	Ankrd34a	24
Q5BJT2	Ubl3	8
Q5BJW3	Tex261	3
Q5BJW5	Lurap1l	8
Q5BJW9	Dnajc25	14
Q5BJX5	Fam110b	22
Q5BK01	Mettl24	19
Q5BK07	Ccdc43	10
Q5BK10	Capn13	35
Q5BK22	Gtpbp8	13
Q5BK38	Tmem156	12
Q5BK60	Klhl38	31
Q5BK64	Rpp40	15
Q5BK71	Arl11	8
Q5BK83	Tmem106a	11
Q5BMD4	Depp	10
Q5EB63	Tmem196	5
Q5EB66	Triqk	3
Q5EB92	Wdr70	29
Q5EB97	Zcchc10	4
Q5FVF1	Fra10ac1	17
Q5FVF4	Tm7sf3	19
Q5FVG6	Prr5	18
Q5FVG8	Gramd2b	26
Q5FVH7	Mea1	4
Q5FVI3	Lrrc57	14
Q5FVJ5	Bmerb1	11
Q5FVJ7	Ift22	10
Q5FVK8	Arl14ep	14
Q5FVL3	Dipk1b	20
Q5FVL4	Drc12	9
Q5FVL6	Tspan13	8
Q5FVN8	Wdsub1	22
Q5FVQ7	Fam174a	6
Q5FVR5	Acnat2	19
Q5FVR6	Cmss1	13
Q5FVR8	Tbccd1	23
Q5FWT1	Fam98a	22
Q5FWT9	Sike1	14
Q5GAL7	Rnase13	9
Q5GAL8	Rnase12	6
Q5GH56	Xkr7	23
Q5GH57	Xkr6	18
Q5GH60	Xkrx	18
Q5HZA4	Lysmd1	14
Q5HZW3	Asphd2	15
Q5I034	Custos	12
Q5I0C4	Abhd14a	15
Q5I0C5	Mtfmt	21
Q5I0D1	Glod4	21
Q5I0E2	Phf11	14
Q5I0E3	Chlsn	9
Q5I0H9	Pdia5	23
Q5I0I4	Dmac2	12
Q5I0I9	Coq10b	17
Q5I0J9	Aspdh	16
Q5I0L7	Kti12	18
Q5J2D6	Ggnbp1	19
Q5J3K9	V1ra14	11
Q5M7A3	Slc35g2	13
Q5M7T1	Ciao1	17
Q5M7T2	Spryd7	11
Q5M7T4	Yipf4	8
Q5M7T9	Thnsl2	26
Q5M7W6	Fam234a	22
Q5M7W7	Pars2	26
Q5M818	Mrpl16	12
Q5M823	Nudcd2	7
Q5M826	Tmem140	6
Q5M831	Dbndd1	3
Q5M840	G0s2	6
Q5M853	Kxd1	5
Q5M880	Slc66a2	7
Q5M882	Pop4	11
Q5M887	Trappc13	20
Q5M889	Apof	14
Q5M948	Taf1d	12
Q5M951		7
Q5M9F0	Cstpp1	18
Q5M9F1	Rbm34	22
Q5M9G5	Ccdc117	11
Q5M9I6	Mmtag2	16
Q5PPG6	Nap1l5	4
Q5PPH4	Znf414	13
Q5PPK1	Bri3	3
Q5PPL1	Krcc1	12
Q5PPP3	Tceal1	6
Q5PPP4	Mageh1	13
Q5PQL8	Fam149b1	24
Q5PQM0	Tmem168	25
Q5PQM4	Mybphl	13
Q5PQM8	Atosb	16
Q5PQN7	Lzic	10
Q5PQN9	Mrpl38	19
Q5PQP1	Rbms1	10
Q5PQQ4	Pigc	5
Q5PQQ7	Lix1l	16
Q5PQR4	Rsrc2	11
Q5PQR5	Imp4	14
Q5PQR6	Spmap2l	29
Q5PQR8	Tprkb	7
Q5PQS5	Cyyr1	4
Q5PQS7	Ccdc174	22
Q5PR00	Dnajc22	12
Q5PR01	Ppdpf	6
Q5Q0T9	Metrn	9
Q5QD21	Taar7c	10
Q5R212	Prss35	17
Q5RJK0	Tmem106c	11
Q5RJN7	Garin1a	9
Q5RJN9	Clba1	16
Q5RJP7	Pdgfrl	20
Q5RJP9	Srek1ip1	6
Q5RJR4	Znf467	20
Q5RJS6	Mospd1	9
Q5RJT0	C9h2orf49	16
Q5RK00	Mrpl46	13
Q5RK03	Xtbd1	6
Q5RK28	Coxfa4l3	4
Q5RKH3		9
Q5RKI9	Mrrf	10
Q5RKL7	Slc35e4	7
Q5U1V9	Tspan31	7
Q5U1W2	Prr13	1
Q5U1W7	Emc9	9
Q5U1Y0	Tmem192	13
Q5U1Z8	Pyurf	4
Q5U2M7	Zfand3	11
Q5U2S0	Rsrp1	14
Q5U2T3	Spats2l	33
Q5U2T4	Fibin	13
Q5U2V9	Tmem39a	22
Q5U2W4	Cenpn	17
Q5U309	Cercam	26
Q5U318	Pea15	7
Q5U3Y5	Sft2d1	6
Q5U3Y9	Tmem218	3
Q5U3Z3	Isoc2	9
Q5U4F3	Fam107b	8
Q5XFV8	Cox14	4
Q5XFX0	Tagln2	14
Q5XHX9	Tesmin	22
Q5XHY8	Fam217a	19
Q5XI03	Cep95	38
Q5XI14	Mcmdc2	40
Q5XI20	Mturn	3
Q5XI53	Cacul1	16
Q5XI56	Erich6	27
Q5XI62	Ment	16
Q5XI72	Eif4h	14
Q5XI74	Eepd1	32
Q5XI89	Nxpe4	24
Q5XIA2	Szrd1	8
Q5XIA9	Klhdc8b	14
Q5XIC7	Tceanc2	14
Q5XID5	Ypel4	8
Q5XIE1	Them6	15
Q5XIE3	Mrpl11	14
Q5XIF1	Tcta	2
Q5XIF9	Slc25a34	14
Q5XII9	Mtfr1l	13
Q5XIK1	Actrt1	18
Q5XIK6	Dnaaf8	23
Q5XIL5	Glb1l3	25
Q5XIM5	Cdv3	13
Q5XIN9	Ccdc81	40
Q5XIQ5	Sdad1	36
Q5XIR4	Ccdc33	40
Q5XIR8	Clhc1	40
Q5XIU1	Abtb1	26
Q62953	Gpr50	2
Q63003		38
Q63249	Foxd4	6
Q63312	Phldb1	39
Q63317	Ly6b	2
Q63518	Mybpc1	29
Q63556	Serpina3m	23
Q63647	Pnrc1	17
Q63750	Mrpl23	8
Q63ZV7	Swi5	5
Q641X7	Fbxo25	22
Q641X9	Mrpl9	16
Q641Y9	Dalrd3	23
Q642A0	Pdrg1	8
Q642A3	Spata31f3	15
Q642A7	Fam151a	23
Q642B2	Znf672	25
Q642B3	Rhbdd3	9
Q642C0	Dnajc8	14
Q64625	Gpx6	9
Q66H10	Fbxo39	22
Q66H29	Gpr160	12
Q66H30	GIN1	22
Q66H34	Cfap97	30
Q66H35	Las2	23
Q66H43	Borcs6	15
Q66H44	Tmem39b	21
Q66H45	Ttc36	10
Q66H47	Mrpl24	13
Q66H56	Tti2	31
Q66H63	Gdap2	25
Q66H73	Ccdc82	22
Q66H86	Olfml1	21
Q66H99	Nol10	33
Q66HB5	Rsph10b	42
Q66HB6	Cage1	44
Q66HC0	Efcab3	23
Q66HC4	Phospho2	9
Q66HC7	Supt20h	26
Q66HC8	Ggn	24
Q66HD2	Klhl36	26
Q66HD5	Clip4	33
Q66HD6	Lrrc18	15
Q66HE1	Pnrc2	8
Q66HE2	Slc16a13	6
Q66HF0	Armcx6	13
Q66HF2	Tm9sf1	23
Q66HH4	Herpud2	10
Q66MI6	Tsga10ip	27
Q675C0	Tas2r102	13
Q67ES2	Tas2r135	12
Q67ES9	Tas2r104	7
Q67ET4	Tas2r125	11
Q67ET5	Tas2r103	12
Q68FP9	Cog6	32
Q68FQ4	Cfap300	18
Q68FQ8	Dlec1	24
Q68FS7	Tmem183	14
Q68FT3	Pyroxd2	21
Q68FU0	Tmem174	3
Q68FV2	Arl6ip6	8
Q68FV4	Spem2	23
Q68FV5	Garin1b	14
Q68FV8	Ubtd1	8
Q68FW3	St7l	23
Q68FX5	Snapc2	10
Q6AXM9		13
Q6AXN0	Ubald1	3
Q6AXP3	Fam227b	28
Q6AXQ2	Efcab11	11
Q6AXS8	Tpgs2	14
Q6AXT0	Mrpl37	31
Q6AXT1	Fhl5	21
Q6AXT3	Arl13a	20
Q6AXT9	Odf4	9
Q6AXU3	Isg20l2	18
Q6AXV6	Cby2	28
Q6AXV7	Fam187a	22
Q6AXX0	Iqcf3	8
Q6AXX1	Slfnl1	21
Q6AXX3	Znf385d	18
Q6AXX9	Apobec4	15
Q6AXY3	Tex29	7
Q6AXY7	Prpf38b	17
Q6AY04	Maip1	18
Q6AY08	Flacc1	21
Q6AY13	Ccna1	21
Q6AY22	Spata1	19
Q6AY27	Fbxo17	15
Q6AY30	Sccpdh	20
Q6AY37	Mageb16	18
Q6AY45	Ccer1	14
Q6AY52	Spacdr	9
Q6AY55	Dcakd	14
Q6AY61	Prss23	20
Q6AY62	Cyb5d2	13
Q6AY64		5
Q6AY71	Cfap418	12
Q6AY76	Tmem248	10
Q6AY79	Hgh1	19
Q6AY92	Slc44a3	21
Q6AY94	Timmdc1	15
Q6AYA8	Pgcka1	9
Q6AYC8	Sh2d4a	17
Q6AYF5	Dtwd1	13
Q6AYF6	Glt8d1	20
Q6AYG0	Mettl25b	22
Q6AYG1	Msl3b	19
Q6AYH0	Miip	14
Q6AYJ3	Spata6l	21
Q6AYK4	Bcl2l14	20
Q6AYL4	Ribc1	17
Q6AYL8	Lrriq3	36
Q6AYM0	Spmip4	30
Q6AYN4	Phyhipl	20
Q6AYP0	Allc	21
Q6AYP3	Ttc29	22
Q6AYP4	Zc2hc1c	24
Q6AYQ0	Magix	21
Q6AYQ6	Mmadhc	13
Q6AYR2	Ndrg3	15
Q6AYR5	Clrn3	5
Q6AYR6	Hdhd2	12
Q6AYR8	Scrn2	18
Q6DG50	Tbkbp1	28
Q6DGF9	Acbd4	15
Q6I7R3	Isoc1	13
Q6IE40	Wfdc12	4
Q6IE41	Wfdc9	3
Q6IMG9	Spmip8	15
Q6IMK0	Dppa3	10
Q6IV57	Rnf141	9
Q6K0P5	Tmem171	8
Q6MG06	Gnl1	30
Q6MG07	Prr3	7
Q6MG14	Nrm	12
Q6MG53	Ly6g5b	9
Q6MG64	Vwa7	27
Q6MG81	Fkbpl	16
Q6P3E0	Thyn1	17
Q6P3V7	Ttc41	79
Q6P501	Laptm4a	8
Q6P686	Ostf1	13
Q6P6G7	Rsl24d1	4
Q6P6V7	Tcaf3	39
Q6P742	Plp2	5
Q6P798	Rcbtb2	17
Q6P7B2	Cnppd1	11
Q6P7B4	Gask1b	26
Q6P7D4	Cyp20a1	30
Q6P7P5	Bzw1	25
Q6P9U1	Nudt22	13
Q6P9U4	Prelid3b	13
Q6PCT3	Tpd52l2	13
Q6PDW6	Mrpl17	12
Q6PEB9	Ccdc127	15
Q6QZQ4	Vmac	9
Q6RUG5	Ica1l	22
Q6T393	Spata20	42
Q6TXF5	Lrrc66	33
Q6UK00	Ldaf1	3
Q6VBQ8	Pno1	13
Q6XFR6	Gypc	2
Q75WE7	Vwa5a	41
Q76K24	Ankrd46	7
Q7TMP6	Tmem255a	10
Q7TN50	Mrgprb8	9
Q7TP40	Pcnp	11
Q7TP48	Apmap	18
Q7TP52	Cmbl	14
Q7TPA5	Serpina11	14
Q7TQ79	Tmem170b	3
Q7TQ82	Mrps10	8
Q7TQM5	Kprp	16
Q80T18	Gmfg	8
Q80V38	Hcfc1r1	7
Q80WE5	Lhfpl1	4
Q810F5	Tmem184c	15
Q811V6	Spats1	16
Q8CGR3	Csn1s2b	13
Q8CHM9	Teddm1	9
Q8CJI3	Slc12a8	22
Q8K3F4	Ppp1r14d	5
Q8K3X8	Hsbp1	5
Q8K560	Otos	1
Q8R414	Prok1	5
Q8VD50	Ddit4l	10
Q8VDA6	Avpi1	6
Q8VHW1	Tmem37	9
Q8VHZ4	Pnma1	18
Q8VI02	Ppp4r1	42
Q8VIH8	Cstdc1	6
Q8VII0	Frmd6	21
Q8VII2	Cst12	6
Q91ZF7	Aard	12
Q920J3	Coro6	17
Q920J4	Txnl1	15
Q923S2	Pdzk1ip1	3
Q924P2	Tmem14c	5
Q924R9	Nap1l3	22
Q925F0	Smpx	5
Q925T0	Dnajc12	10
Q99PE6	Smim3	2
Q9EPJ3	Mrps26	10
Q9EQL5	Tm4sf4	4
Q9ERS8	Sebox	6
Q9QUK5	Hspb7	4
Q9QXI3	Gpr26	8
Q9QXU2	Surf1	18
Q9QYW5	Emp3	6
Q9QZ58	Hspb3	8
Q9QZG1	Slc22a23	29
Q9R0Z7	Aagab	16
Q9WU11	Snurf	4
Q9Z0K5	Igsf6	10
Q9Z0K6	Scrg1	6
Q9Z1A6	Hdlbp	65
Q9Z1J8	Sec14l3	22
A0JPP5	Tex47	12
A0JPQ1		20
A1A5Q7	Vwa3a	38
A1A5R9	Stpg2	35
B0BND4	Fam229b	3
B1H283	Cimap2	25
B2RYU8	Lyrm1	8
B2RZD7	Lyrm9	4
D3ZAQ5		7
D3ZF18		8
D4A9E1	Hsbp1l1	2
P01159		2
P01681		4
P01883		8
P09005		13
P0C7N2	Erich4	9
P0CD95		4
P0CD96		4
P0DW88	Tmem276	2
P10164		1
P21794		1
P36577	Dar	3
P56572		0
P56573		1
P56575		0
P56576		0
P80968		2
P82598		1
P84588		1
P85844		0
Q3KR64		26
Q3ZAV0	Ccdc60	23
Q494T4	Tmem54	8
Q4FZT8	Spryd4	16
Q4G008		23
Q4KLK8	Pxdc1	13
Q4KLZ4		15
Q4QR86	Depdc7	27
Q4V7B1	Cfap20dc	30
Q4V7B2		11
Q4V7B8	Rnf44	6
Q4V8D7	Fam221a	14
Q4V8G0	Lrrc63	28
Q505I4		4
Q5BK24		21
Q5BK39		6
Q5FVP5	Wdr89	19
Q5I0J8	Phf11l	14
Q5M845		7
Q5M888		23
Q5PQJ9	Ccdc175	43
Q5PQP0	Ier5l	7
Q5U1Y9	Fam216a	14
Q5U201	Amn1	14
Q5U220	Tmem254	3
Q5U2R2		6
Q5U2Y8	Tex44	15
Q5XIN5	Fam228a	16
Q5XIP4	Ubqlnl	18
Q5XIU7		9
Q62781	Kap	0
Q641X1	Ankrd61	19
Q641X6	Morn1	13
Q642A4		16
Q66H03	Erich2	21
Q66H24		8
Q66H33		16
Q66H53		10
Q66HD8	Fam221b	22
Q68FU5		7
Q68FW6	Ppp1r36	26
Q6AXP1		31
Q6AXP4		24
Q6AXS2	Tmem252	7
Q6AXU1	Btbd16	29
Q6AXX2		23
Q6AXY2	Tex56	12
Q6AY31		5
Q6AY72		6
Q6AYE5	Oaf	15
Q6AYM1		35
Q6AYN3		11
Q6AYU0	ZC3H11D	21
Q6MG12		11
Q6MG51	G4	13
Q6P5P3	Ttc9c	5
Q6P726	Tmem19	3
Q6Q0N2	Fam89a	8
Q9WVB7	Lenep	4
