accession	gene	tryptic_peptides
A0A0A7EPL0	PIAL1	18
A0A178VEK7	DUO1	7
A0A178WF56	CYSTM3	5
A0A1I9LM04	CAP-D2	71
A0A1I9LMX5	CEP9	13
A0A1I9LN01	LAF3	24
A0A1P8AQ95	STMP4	1
A0A1P8ASY1	JHS1	62
A0A1P8AUY4	MDN1	263
A0A1P8AW69	KTN80.1	53
A0AQW4	TCP12	14
A0JQ18	PROSCOOP14	3
A0MES8	ABI4	3
A0SVK0	DOG1	11
A1A6H3	RBSK	15
A1A6M1	PTAC5	21
A1L4X0	CLT2	15
A1YKT1	TCP18	11
A2RVJ8	HIT4	16
A2RVK7	RRP41L	11
A2RVM0	TIC32	16
A2RVQ5	AGL16	13
A2RVU1	MWL1	5
A3EWL3	REV1	58
A3KPF2	PRMT14	24
A4FVP2	TPS03	27
A4FVP6	NAC016	19
A4GNA8	PSD3	34
A4GSN8	NUA	116
A5HEI1	SCC2	95
A7UL74	CTF7	21
A7WM73	HEXO1	23
A7XDQ9	GALT2	39
A7XGN8	LOV1	49
A8MPR5	FTSHI2	44
A8MQA5	ESF1.3	4
A8MQL1	TRAF1B	39
A8MQN2	LNK1	20
A8MQY1	NAC68	15
A8MR65	FHL	6
A8MR93	ALG12	20
A8MRD9	PDS5D	41
A8MRX0	FMOGS-OX5	25
A8MRY9	UGNT1	9
A8MS41	CCR4-4	18
A8MS68	LPD1	27
A8MS85	SPT6	83
A8R7E6	CERK1	29
A9LLI7	RRP6L2	48
A9LNK9	CPSF30	21
A9QM73	SMG7	42
B0F481	BIO3-BIO1	40
B0F9L4	GC6	52
B3DNN5	APC6	24
B3GS44	LRE	5
B3H4Y2	STMP3	5
B3H5A9	CEP6	3
B3H5J1	GLV10	5
B3H5K9	NEDD1	38
B3H754	APD3	15
B3H7I1	PROSCOOP12	5
B3LF48	EHD2	29
B5TYT3	OSCA1.3	40
B5X0I6	VIP6	55
B5X4Z9	STU	30
B5X582	At1g30680	38
B6EUA9	PRP40A	33
B6EUB3	PDS5A	86
B7U179	ABAP1	33
B7ZWR6	OEP61	39
B8XCH5	QKY	47
B9DFA8	INVC	35
B9DFG3	ISE2	54
B9DFG5	CARK5	27
B9DFK5	RE	19
B9DFS6	SNX2B	32
B9DFU2	CYP711A1	25
B9DFX7	PAA2	37
B9DFZ0	NTH2	24
B9DGD6	ACS	37
B9DGI8	BZIP63	10
B9DGT7	TUBA2	21
B9DGU7	TPK1	17
B9DGY1	ABC1K7	35
B9DHA6	RPL40A	6
B9DHQ0	TUBA5	20
B9DHT4	ARIA	31
B9TSP7	FAR6	30
C0LGE0	At1g07650	52
C0LGF4	FEI1	26
C0LGF5	RGI5	33
C0LGG6	At1g51890	45
C0LGG8	At1g53430	55
C0LGH8	At1g63430	33
C0LGI5	At1g69990	27
C0LGJ1	At1g74360	59
C0LGJ9	At2g02780	35
C0LGL4	At2g28960	49
C0LGL9	FEI2	31
C0LGN2	LRR-RLK	50
C0LGP2	MEE39	41
C0LGP9	IMK3	28
C0LGQ4	MDIS2	30
C0LGQ5	GSO1	39
C0LGQ9	GHR1	44
C0LGR3	RGI3	44
C0LGR6	At4g29180	44
C0LGR9	At4g31250	36
C0LGS2	At4g36180	35
C0LGS3	At4g37250	33
C0LGT1	At5g10290	32
C0LGT6	EFR	48
C0LGU0	PRK1	32
C0LGU5	CIK4	26
C0LGU7	MDIS1	33
C0LGV1	RGI2	45
C0LGW2	PAM74	42
C0LGW6	ERL1	39
C0LGX3	HSL2	40
C0LU16	MED21	6
C0SUT9	JMJ16	54
C0SVM5	BBX19	5
C0Z2L5	BZIP44	4
C4B7M5	RRS1	60
C5H8J1	EME1B	28
C5I9W9	WTS	5
C6KIE6	XLG2	51
C8KI33	SUV2	35
D0EL35	CTC1	58
D1KF50	SRS2	56
D2WL32	SBE3	40
D7SFH9	LRK10L-2.6	44
D8WUA4	SECA2	48
E1B328	RRS1	58
E3VNM4	TGA10	13
E5KGE0	BRIZ1	23
F2Y4A3	SPHK2	25
F4HPR5	DRP5A	47
F4HPZ9	LIG6	72
F4HQ84	COG3	38
F4HQA1	VIP2	27
F4HQE2	RTEL1	55
F4HQM3	NCER1	25
F4HRI2	HEI10	18
F4HRJ4	MAPKKK3	25
F4HRT5	CRWN1	54
F4HRV8	ASY1	30
F4HT77	RBA1	21
F4HTH8	KTN80.2	60
F4HTM3	GCS1	50
F4HU51	ACH2	22
F4HU55	BSK4	28
F4HU58	TAD1	20
F4HVA6	TAF6B	24
F4HVG8	CSK	25
F4HVJ3	POD1	26
F4HVS0	At1g74770	63
F4HVW5	VAD1	34
F4HVY0	CER1	33
F4HVZ5	CSU2	15
F4HW04	POL2A	129
F4HW51	ATRX	81
F4HWU0	CARK11	25
F4HWY6	XI-E	86
F4HX15	PLA1	70
F4HXL0	PLIP2	34
F4HXP9	XI-C	86
F4HXQ7	MYOB1	49
F4HXU3	KNATM	6
F4HXY7	PSS1	18
F4HXZ1	BRO1	41
F4HY56	RLT1	80
F4HYF3	DCD	18
F4HZB2	SPI	165
F4HZD1	JMJ24	51
F4HZG9	ICP55	25
F4I096	MED13	86
F4I0K2	FLN2	27
F4I171	MED15A	38
F4I1S7	ELP2	37
F4I1T7	NUP214	70
F4I240	JMJ17	49
F4I2H7	TPX2	41
F4I2J8	CTN	32
F4I2N7	RLK7	47
F4I313	SCYL2A	40
F4I316	SUN3	36
F4I3P9	MURE	35
F4I3V6	SHW1	9
F4I443	BARD1	42
F4I460	XI-B	84
F4I4F2	RHS3	28
F4I562	AP3M	17
F4I5N6	RIC3	9
F4I6G4	JMJ18	39
F4I6M1	POLIA	55
F4I718	CSI3	107
F4I735	PDS5B	75
F4I7C7	WAPL1	40
F4I7I0	ALAAT1	27
F4I7Y4	BSK11	32
F4I893	ILA	146
F4I8I0	SUN4	31
F4I902	CHS1	31
F4I907	GLYR2	19
F4I9A2	TNO1	102
F4I9G2	ESV1	21
F4I9J7	Y14	4
F4IAG2	SS3	48
F4IAT2	THO2	92
F4IAX0	CuAOalpha2	31
F4IAX1	CuAOalpha3	31
F4IB81	LYK3	27
F4ICB6	IBS1	31
F4ICF4	RBL10	15
F4ICK8	IWS1	24
F4ICX9	TSA1	47
F4IDB2	PHL	50
F4IDC2	SWA2	43
F4IDI6	BRG2	12
F4IDQ5	JASON	25
F4IDQ6	NIH	78
F4IDS7	VPS18	49
F4IDU4	LPCAT1	15
F4IDW9	PTD	11
F4IDY5	At1g18910	63
F4IE66	RID1	43
F4IED2	NAC013	17
F4IEM5	GCR2	20
F4IF36	FGT1	72
F4IFN6	POL2B	122
F4IGZ2	SMXL8	51
F4IH25	BOP1	32
F4IH31	CAN2	15
F4IHS2	SYD	138
F4IHS9	UXT1	9
F4IHY7	PTAC12	24
F4IIM1	CSI1	108
F4IIS5	KIN5A	64
F4IIU4	AIR9	93
F4IME2	MSL8	51
F4IMH3	NOC4	28
F4IN23	BZIP34	14
F4IN69	MED33B	44
F4INA9	RECG1	56
F4IPE3	SGR5	16
F4IPK2	TAF14	14
F4IPY2	SYCO	29
F4IQV7	SCY2	20
F4IRB4	MYB88	22
F4IRR2	SAD2	50
F4IS56	ILK1	26
F4IS91	RSA1	59
F4ISL7	TIC236	106
F4ISV9	APD4	15
F4ITL6	RTE1	11
F4ITM1	RSL1	19
F4IUX6	UPF2	68
F4IV16	TPK2	17
F4IV66	RNE	41
F4IVL6	GRV2	109
F4IVV0	RIC1	11
F4IW47	TKL-2	31
F4IXE7	IDM1	51
F4IXW2	BIG5	99
F4IY62	UGP3	34
F4IYH6	AIPP2	54
F4IYM4	DEX1	34
F4IZR5	XPO1B	47
F4J061	IQD5	18
F4J0D2	PBL36	27
F4J0W4	MIRO2	25
F4J117	LSF1	24
F4J220	LPPE1	9
F4J264	PRFB3	20
F4J2K2	FPGS2	30
F4J339	RPP1	68
F4J3N2	FTSHI5	66
F4J3R7	SPD1	32
F4J3T8	MTM1	45
F4J4C8	EVN	18
F4J5S1	FMT	62
F4J7T2	EAF1B	65
F4J8C6	VIP1	64
F4J8D3	TPLATE	61
F4J8G7	VIR	82
F4J9M5	CHR12	55
F4JAA5	SKI2	75
F4JAU3	P4H2	16
F4JBX1	RGF10	7
F4JCB2	CPL5	35
F4JCC1	PRP40B	43
F4JCN9	PRE4	5
F4JCU0	SUA	42
F4JCX9	LNK2	28
F4JEI8	NAP1;4	11
F4JEP5	MSH5	45
F4JF14	EOL1	44
F4JFU8	OBL1	31
F4JGP4	KIN14D	51
F4JGR5	PFP-BETA2	29
F4JGZ1	MED16	53
F4JHA2	RSH1	43
F4JHH5	SEC15B	43
F4JI44	NDX	45
F4JIN3	ERDJ2B	31
F4JJL0	ENDO4	12
F4JJL3	ENDO5	14
F4JKB6	PRORP3	27
F4JKK0	SUD1	49
F4JL11	IMPA2	24
F4JL28	EBS	13
F4JLC1	MRL7	15
F4JLE5	SFH1	35
F4JLP5	LPD2	28
F4JLZ6	SMO1-3	6
F4JN35	NTL9	18
F4JNX3	CaMKMT	12
F4JNY0	APE2	32
F4JP36	HAP2	32
F4JP43	SWO1	94
F4JP48	MSH4	39
F4JP52	PQT3	28
F4JPW1	BASS5	12
F4JQH3	APP1	31
F4JQZ3	REN1	46
F4JRB0	HHO5	19
F4JRS4	MORC7	33
F4JS25	SRFR1	57
F4JSE7	EDR2	36
F4JSH1	APY7	36
F4JT76	VPS54	53
F4JTB3	DTX35	11
F4JTE7	GPP1	15
F4JTN2	LAZ1	19
F4JTP5	STY46	26
F4JTS8	NOV	137
F4JUL9	ARPC4	10
F4JUU5	S2P	13
F4JUY5	GAMT1	17
F4JVH1	CFM3B	46
F4JVI3	MTERF5	27
F4JVN6	TPP2	68
F4JW79	RDM3	86
F4JWB3	MTM2	42
F4JXF1	GAF1	29
F4JY11	CAND7	16
F4JY12	GFS12	73
F4JY24	CHR17	57
F4JY37	RUK	68
F4JYC8	PTM	73
F4JYE9	DHFS	25
F4JYG0	PIAL2	37
F4JZC2	ENGASE1	27
F4JZG9	TERC	18
F4JZN6	TSC10B	14
F4JZW1	PBL13	30
F4JZY1	CIP1	102
F4K0A6	VIII-2	61
F4K0E8	ISPG	42
F4K128	CHR23	53
F4K1J4	ATXR7	62
F4K2A1	FPGS1	31
F4K2E9	CUV	66
F4K2R6	CBP60G	21
F4K3G5	EDM2	70
F4K410	SVR3	33
F4K4E3	LSM4	8
F4K5J1	XI-K	91
F4K5T2	DES1	16
F4K5X6	RVE2	14
F4K687	NMNAT	15
F4K6B8	RGI4	43
F4K6F1	XLT2	26
F4K933	ET2	24
F4KAB8	MCM6	48
F4KAF2	MORC4	40
F4KAK5	PSD2	32
F4KAV2	ALKBH1D	27
F4KB17	KTN80.3	39
F4KBF5	TK1B	13
F4KBP5	CHR4	98
F4KCC2	PRT6	91
F4KCE9	KNL2	30
F4KCH3	PROSCOOP15	3
F4KDF5	MPS1	18
F4KDH9	FIPS5	58
F4KDN0	HEN4	51
F4KE59	PAIPP2	67
F4KEV7	FHIT	7
F4KF14	FTSHI4	45
F4KFS7	MEB2	20
F4KFT7	TH2	34
F4KG58	EXO70A3	36
F4KGN5	IREG2	18
F4KGQ0	FBA4	19
F4KH86	TAD3	17
F4KHI3	VICTR	58
F4KHQ8	NCER3	31
F4KIX0	JMJ13	39
F8S296	ATG2	83
H3K2Y6	MED12	115
I3XHK1	FANCM	60
O03042	rbcL	22
O03986	HSP90-4	36
O04017	NAC098	16
O04019	RPT5B	24
O04023	SRC2	9
O04046	GGPPS2	13
O04130	PGDH2	28
O04147	At4g18930	9
O04151	CRT1	24
O04153	CRT3	24
O04157	RABG3B	14
O04196	ISA1	35
O04197	COI1	31
O04200	PXN	12
O04202	TIF3F1	17
O04209	CLC2	11
O04211	ELF4	7
O04291	ATHB-14	34
O04292	ATHB-9	36
O04294	IMPA3	19
O04308	MPPalpha2	19
O04314	PBP1	14
O04316	NSP4	32
O04318	NSP3	31
O04331	PHB3	15
O04350	TFCA	9
O04373	ILL4	15
O04378	SYP23	11
O04379	AGO1	52
O04425	FCA	26
O04468	STMP6	5
O04479	AS2	9
O04482	UCH2	15
O04492	DRB1	28
O04499	PGM1	31
O04523	AXY4	17
O04529	2MMP	11
O04532	FH8	40
O04547	CLE26	6
O04567	At1g27190	26
O04616	CURT1A	9
O04619	ADNT1	24
O04663	EIF(ISO)4E	10
O04714	GCR1	15
O04719	ABI2	20
O04846	ACA1	12
O04905	UMK3	13
O04921	FC2	19
O04928	CDS1	13
O04951	PP2A5	17
O04983	CAC2	32
O05000	ND2	10
O22040	ANP1	32
O22042	ANP3	32
O22043	GGPP6	18
O22049	AOX2	22
O22056	SIGB	34
O22059	CPC	5
O22130	AHL22	10
O22131	LBD18	5
O22133	BEN1	15
O22145	GCP1	25
O22149	PME17	30
O22152	YAB1	9
O22193	PUB4	41
O22203	CYP98A3	27
O22207	UBP5	41
O22208	BZIP17	27
O22212	LIS	25
O22213	CKX1	33
O22218	ACA4	45
O22227	MIZ1	19
O22229	NTRC	21
O22259	ERF071	7
O22263	PDIL2-1	20
O22264	MYB12	8
O22265	CAO	18
O22267	CKI1	60
O22268	DIM1A	20
O22286	BPM3	18
O22287	CYT1	16
O22315	SR34	15
O22446	HDA19	27
O22456	SEP3	10
O22467	MSI1	17
O22476	BRI1	49
O22527	CLH1	11
O22558	STY8	24
O22607	MSI4	22
O22609	DEGP1	17
O22666	RGP3	21
O22682	CS26	18
O22703	RZ1B	18
O22715	AP1M2	21
O22752	MLO7	27
O22755	ATL44	6
O22763	BZIP10	16
O22765	TRPA1	13
O22768	UNE12	10
O22775	XXT2	19
O22781	SUVH2	33
O22784	PDLP3	13
O22785	PRP19B	27
O22788	PXG3	11
O22793	MORF2	10
O22806	BUBR1	24
O22808	LYK5	30
O22820	UGT74F1	14
O22822	UGT74F2	12
O22823	LSM6B	8
O22832	FAB2	24
O22833	LECRK54	29
O22850	GPX3	12
O22854	ETFQO	32
O22873	BZIP18	13
O22893	GOLS1	16
O22898	LACS1	32
O22901	UPB1	6
O22914	CP12-1	5
O22921	WRKY25	17
O22932	CIPK11	23
O22943	STL1	40
O22971	CIPK13	26
O22975	At4g24160	24
O22993	FTSHI1	48
O23044	PER3	17
O23051	KAO1	25
O23066	CYP86A2	37
O23078	PLDBETA2	39
O23140	AP2M	25
O23141	ADC2	27
O23144	PPI1	29
O23147	ADPG1	20
O23160	MYB73	13
O23166	HCF164	15
O23171	MES9	15
O23174	SMP2	28
O23179	PLP1	19
O23180	PLP5	18
O23184	CML19	9
O23212	U2AF65A	14
O23240	D2HGDH	31
O23249	CKS1	7
O23252	EIF4E1	11
O23254	SHM4	21
O23255	SAHH1	26
O23299	ECI2	10
O23304	BLUS1	23
O23310	NFYB3	6
O23349	AO1	27
O23372	ATXR3	121
O23393	BIA1	19
O23403	PPD1	16
O23404	PPDK	51
O23463	CAMTA5	40
O23474	PER40	11
O23507	1MMP	15
O23512	MES16	9
O23523	RGGA	17
O23530	SNC1	76
O23553	BAM3	34
O23627	At1g29880	41
O23629	H2B	9
O23647	SBE2.1	47
O23653	AK2	31
O23654	VHA-A	39
O23661	ARF3	26
O23674	PKSA	17
O23676	MAGO	10
O23680	TOC33	15
O23702	AN	27
O23708	PAB1	12
O23710	PBB1	12
O23712	PAF2	14
O23714	PBD1	10
O23715	PAG1	15
O23717	PBE1	13
O23722	MVD1	21
O24407	IAA16	16
O24408	IAA18	15
O24409	IAA19	11
O24410	IAA20	8
O24412	RPN8A	16
O24454	UBP3	17
O24456	RACK1A	20
O24495	GLX2-1	16
O24496	GLX2-2	12
O24520	AHB1	11
O24527	SIK1	39
O24606	EIN3	25
O24610	CAP-D3	71
O24617	MSH2	46
O24621	SIGC	38
O24629	SIGA	30
O24633	PBD2	12
O24646	HY5	11
O48528	OEP163	8
O48533	PYM	12
O48538	RBOHF	46
O48573	LAZ5	66
O48593	SYNO	25
O48626	ZW10	43
O48652	UVR3	33
O48676	UGT74B1	19
O48682	FH4	42
O48709	PIP5K3	41
O48711	PME12	25
O48723	PLP2	19
O48726	RPN13	12
O48737	At1g03680	11
O48741	PORC	24
O48782	HO1	16
O48791	SCAB1	30
O48802	CLMP1	31
O48814	BIK1	29
O48847	LUH	27
O48849	RLP23	39
O48915	NDR1	11
O48917	SQD1	26
O48946	CESA1	49
O48947	CESA2	47
O48963	PHOT1	48
O49006	PME3	29
O49048	VPS45	30
O49139	CMT1	34
O49160	TIF3C1	46
O49196	APK2	14
O49203	NDPK3	14
O49255	NAC029	13
O49326	NSP2	31
O49339	CARK8	23
O49340	CYP71A12	30
O49342	CYP71A13	28
O49354	COQ3	15
O49394	CYP82C2	30
O49397	ARR10	23
O49403	HSFA4A	18
O49429	MORF1	12
O49434	AAH	22
O49447	AAC3	19
O49472	INDH	19
O49482	CAD5	21
O49484	ASK11	5
O49485	PGDH1	27
O49499	CCOAOMT1	15
O49500	MBR2	26
O49506	GLO5	20
O49519	CLE2	3
O49523	DSEL	16
O49543	NIFS1	26
O49545	BAM1	47
O49562	RP1	19
O49570	SWAP1	15
O49595	HMGB1	9
O49596	HMGB2	5
O49623	SAL2	18
O49627	ISU1	11
O49629	PAP2	19
O49639	CDS2	15
O49668	PAM68	10
O49686	PYR1	13
O49687	MYC4	15
O49782	MYB51	14
O49839	PBL2	26
O49840	PBL3	28
O50008	MS1	39
O50055	COL1	14
O50061	RPL4	15
O64399	MYB34	9
O64425	RMA1	8
O64470	SHT	15
O64471	MTX1	8
O64474	HMA4	50
O64483	SIRK	37
O64495	SBT1.2	30
O64503	UTR1	9
O64517	AMC4	19
O64518	AMC5	16
O64530	STR1	23
O64587	ACD11	10
O64614	YIP4A	4
O64629	AUR3	13
O64642	URT1	34
O64644	At2g45640	10
O64645	SOC1	12
O64647	TCP9	10
O64682	PID	18
O64722	ZHD3	9
O64728	STI	62
O64743	MEE23	32
O64750	PSA2	6
O64752	JMJ15	38
O64763	ATL9	16
O64765	GLCNAC1PUT2	22
O64768	RAF24	45
O64782	SD129	35
O64814	NPY4	27
O64816	CKA4	23
O64817	CKA3	19
O64825	LYK4	25
O64827	SUVR5	61
O64879	BGLU15	26
O64883	BGLU26	23
O64884	OFUT20	29
O64903	NDPK2	12
O64948	LON2	53
O64973	RPS5	39
O64989	CYP90B1	25
O65020	ETO1	49
O65041	ECR1	26
O65201	ACX2	41
O65202	ACX1	40
O65220	CYP28	16
O65258	BAM2	29
O65272	KEA2	49
O65282	CPN20	17
O65312	MEA	32
O65351	SBT1.7	24
O65355	GGH2	20
O65359	SYP41	15
O65375	LRX1	18
O65390	APA1	24
O65396	GDCST	22
O65398	GLX1	13
O65440	BAM3	41
O65479	CRK20	30
O65493	XCP1	18
O65502	HCF244	21
O65508	NAC076	19
O65517	SRS2	10
O65554	CIPK6	20
O65570	VLN4	57
O65572	CCD1	29
O65583	UKL4	30
O65639	CSP1	16
O65660	PLAT1	4
O65677	KCS17	22
O65680	PCHL	19
O65683	BZIP11	4
O65686	RPS16-1	5
O65717	CNGC1	32
O65718	CNGC2	26
O65719	HSP70-3	37
O65782	CYP83B1	29
O65896	CDA1	16
O78310	CSD2	9
O80337	ERF1A	11
O80338	ERF2	14
O80339	ERF3	5
O80340	ERF4	9
O80341	ERF5	6
O80345	CDKF-1	22
O80358	FPG1	17
O80366	ARR9	12
O80396	MKK3	24
O80397	MKK4	22
O80434	IRX12	26
O80438	MAK3	9
O80448	PDX11	16
O80449	JOX4	16
O80450	GT-3B	12
O80452	AMPD	40
O80460	CEP3	2
O80462	XLG1	37
O80467	SDT	17
O80472	MES7	9
O80476	MES2	12
O80501	RABH1B	14
O80507	CKB4	8
O80528	HASPIN	33
O80536	PIF3	22
O80548	MRF2	35
O80560	IP5P12	62
O80562	HOL2	9
O80565	OEP37	16
O80568	ITPK4	22
O80575	At2g44050	12
O80588	EDE1	24
O80605	SUC3	19
O80612	APY6	29
O80632	MTP11	16
O80634	PNSL1	17
O80642	GGB	15
O80653	SKIP	34
O80673	CRK1	35
O80719	CARK3	23
O80722	PME4	31
O80725	ABCB4	58
O80775	WDR55	11
O80786	MCM5	48
O80796	VIPP1	19
O80800	MTACP2	3
O80803	XTH17	15
O80809	CLV2	25
O80822	PER25	20
O80823	CYP86A8	37
O80837	DBP	11
O80840	PMM	16
O80842	CPFTSY	21
O80845	PEX11D	11
O80852	GSTF9	8
O80860	FTSH2	33
O80871	At2g30020	22
O80875	SMXL7	55
O80883	MYB101	14
O80885	ARASP	19
O80888	MAPKKK17	17
O80902	CIPK22	22
O80920	PYL4	10
O80928	DOF2.4	11
O80931	AS1	14
O80939	LECRK41	28
O80944	AKR4C8	21
O80952	PGPS1	11
O80963	CCR2	39
O80970	NPY2	36
O80977	VSR3	35
O80982	HSFA2	18
O80983	FTSH4	41
O80988	GLDP2	39
O80992	PYL2	13
O80996	BRIZ2	14
O81001	GRF1	25
O81045	At2g03290	10
O81062	SPP	13
O81069	At2g28990	40
O81077	CYP707A2	20
O81081	LAC2	21
O81108	ACA2	40
O81126	RSZ22	8
O81127	RSZ21	8
O81148	PAC1	14
O81149	PAE1	13
O81208	OHP1	7
O81209	RBOHA	47
O81210	RBOHC	49
O81223	CBL4	13
O81235	MSD1	10
O81242	RHL1	14
O81270	PXG1	12
O81283	TOC159	70
O81291	LECRK44	28
O81313	IND	8
O81346	CYP79B2	29
O81417	SRPP	7
O81439	PAP1	21
O81445	CBL1	16
O81472	MEKK2	34
O81645	VLN3	54
O81770	MGD1	30
O81775	GDU1	8
O81787	PTF2	30
O81821	HSFA1B	18
O81833	SD11	41
O81836	SPL	11
O81845	PUMP1	18
O81851	BOI	12
O81852	AKHSDH2	50
O81862	ChiC	13
O81893	ITPK2	21
O81902	PUB8	20
O81905	SD18	48
O82132	DREB2A	12
O82162	EYA	11
O82166	AHL21	7
O82171	AGD10	20
O82175	SUVH5	38
O82204	RPL28A	7
O82226	CNGC6	48
O82230	STIC2	11
O82234	IF3-2	14
O82239	RFI2	11
O82244	ALG3	15
O82245	TSPO	6
O82261	DEGP2	26
O82264	NPL4A	18
O82265	SCC3	61
O82266	SWA1	25
O82268	LSH3	7
O82277	TCP10	10
O82289	SRO1	33
O82302	PLL1	39
O82312	PAPS2	38
O82318	SKM1	33
O82330	SOT10	16
O82339	CRF5	8
O82345	BAG6	58
O82381	UGT71C1	22
O82390	ANTR1	13
O82392	THIC	32
O82399	PMDH1	16
O82480	ARAC7	11
O82481	ARAC10	12
O82486	MTA	33
O82504	RDR2	61
O82533	FTSZ2-1	22
O82587	SWEET12	11
O82628	VHA-G1	5
O82645	IQM1	28
O82647	PDC1	22
O82656	PTP1	16
O82660	HCF136	25
O82663	SDH1-1	30
O82730	MGD2	29
O82733	TOPP7	20
O82734	TOPP8	19
O82794	AGL24	12
O82796	PSP	19
O82798	ARR4	7
O82804	ELF3	29
O82811	NRT2.1	17
P04778	LHCB1.3	8
P06525	ADH1	19
P0C5E2	LRK10L-1.2	35
P0C7Q8	DA1	21
P0C7R1	DYW1	14
P0CB22	ATX2	57
P0CJ46	ACT1	21
P0CJ48	LHCB1.1	8
P0CW78	HMA3	32
P0CZ23	ACX3	39
P0DH86	SRK	47
P0DH91	ARF2-B	10
P0DH97	CAM2	9
P0DI10	PER1	18
P0DI76	TPS27	31
P0DI77	TPS23	31
P0DKC5	HSD1	21
P0DKH5	RRS1	57
P0DKL6	SAP130B	53
P0DO11	FLZ17	10
P0DO44	ATP6	3
P10795	RBCS-1A	12
P10798	RBCS-3B	12
P10896	RCA	21
P11035	NIA2	47
P11139	TUBA1	20
P11574	VHA-B1	22
P11832	NIA1	43
P12411	TUBB1	20
P13114	CHS	14
P14671	TSB1	26
P14712	PHYA	49
P14713	PHYB	68
P14891	HMG1	18
P15455	CRA1	18
P15456	CRB	17
P16127	CHLI1	19
P16180	RPS17	8
P16972	FD2	5
P17562	SAM2	20
P17597	ALS	25
P17745	TUFA	25
P17839	AG	11
P18064	GPA1	27
P18616	NRPB1	79
P19171	CHI-B	11
P19172	CHIB1	13
P19366	atpB	28
P19456	AHA2	47
P20115	CSY4	23
P20431	AHA3	46
P20649	AHA1	47
P21218	PORB	24
P21238	CPN60A1	31
P21240	CPN60B1	37
P21276	FSD1	6
P22953	HSP70-1	36
P22954	HSP70-2	35
P23321	PSBO1	21
P23686	SAM1	21
P24100	CDKA-1	18
P24101	PER33	15
P24102	PER22	14
P24636	TUBB4	19
P24704	CSD1	4
P24806	XTH24	12
P25070	CML24	10
P25071	CML12	20
P25696	ENO2	25
P25697	At1g32060	19
P25818	TIP1-1	3
P25819	CAT2	25
P25851	CFBP1	19
P25853	BAM5	26
P25855	GDH1	10
P25856	GAPA1	24
P25857	GAPB	28
P25858	GAPC1	20
P25859	CDKB1-1	18
P25865	UBC1	2
P27140	BCA1	17
P27323	HSP90-1	37
P27450	CST	25
P27521	LHCA4	11
P27900	GL1	6
P28185	RABA1A	13
P28187	RABA5C	19
P28188	RABD2A	15
P29197	CPN60	35
P29381	AGL1	10
P29382	SEP1	10
P29383	AGL3	8
P29385	AGL5	10
P29448	TRX1	7
P29511	TUBA6	21
P29513	TUBB5	20
P29515	TUBB7	20
P29517	TUBB9	19
P30181	TOP1A	50
P30182	TOP2	67
P30184	LAP1	25
P30186	PAD1	14
P30302	PIP2-3	6
P30366	TOPP1	18
P31166	APT1	12
P31167	AAC1	21
P31168	COR47	13
P31170	HSP21	16
P31265	TCTP1	9
P31414	AVP1	23
P31582	RABF2A	11
P32068	ASA1	32
P32746	PYRD	18
P32961	NIT1	17
P33077	IAA4	15
P33078	IAA5	9
P33157	BG2	10
P33207	At1g24360	16
P33487	ERABP1	6
P34066	PAF1	16
P34790	CYP18-3	10
P34791	CYP20-3	18
P34795	PGIC	30
P34802	GGPPS1	12
P34881	DMT1	78
P35131	UBC8	3
P35132	UBC9	3
P35133	UBC10	3
P35510	PAL1	38
P35631	AP1	8
P35632	AP3	12
P36397	ARF1	10
P36428	ALATS	52
P37107	FFC	30
P37271	PSY1	23
P37702	TGG1	27
P38418	LOX2	53
P38420	NRPB2	55
P38557	TUBG1	25
P38558	TUBG2	25
P38605	CAS1	35
P38666	RPL24B	6
P39207	NDK1	9
P40228	CKB1	9
P40283	At5g59910	9
P40940	ARF3	10
P40941	AAC2	19
P41088	CHI1	16
P41151	HSFA1A	17
P41376	EIF4A1	23
P41377	TIF4A-2	24
P41916	RAN1	12
P42043	FC1	23
P42158	CKL1	27
P42339	VPS34	44
P42497	PHYD	64
P42643	GRF1	17
P42644	GRF3	16
P42645	GRF5	17
P42697	DRP1A	41
P42698	DRT111	17
P42699	DRT112	3
P42730	CLPB1	44
P42731	PAB2	27
P42736	RAP2-3	7
P42737	BCA2	19
P42738	CM1	18
P42742	PBF1	13
P42743	UBC15	5
P42744	AXR1	25
P42745	UBC2	2
P42753	CYCD3-1	17
P42759	ERD10	13
P42760	GSTF6	12
P42761	GSTF10	9
P42762	CLPD	48
P42763	ERD14	11
P42770	EMB2360	26
P42774	GBF1	6
P42775	GBF2	11
P42792	MT-CYB	6
P42799	GSA1	18
P42801	IPS1	22
P42804	HEMA1	28
P42813	RNS1	11
P42814	RNS2	12
P42818	ATPK1	22
P42825	ATJ2	19
P43082	HEL	7
P43254	COP1	39
P43255	CSN8	6
P43256	HMG2	19
P43273	TGA2	13
P43286	PIP2-1	7
P43287	PIP2-2	7
P43288	ASK1	26
P43289	ASK3	25
P43291	SRK2A	20
P43292	SRK2G	19
P43296	RD19A	14
P43297	RD21A	16
P43298	TMK1	40
P43299	MCM7	45
P45432	CSN1	21
P45724	PAL2	35
P45725	PAL3	36
P45951	ARP	29
P46011	NIT4	14
P46014	KAPP	29
P46032	NPF8.3	19
P46248	ASP5	32
P46283	At3g55800	23
P46309	GSH1	23
P46310	FAD7	18
P46313	FAD2	14
P46421	GSTU5	11
P46422	GSTF2	13
P46573	PBL10	29
P46600	HAT1	9
P46601	HAT2	8
P46607	GL2	39
P46637	ARGAH1	19
P46639	KNAT1	18
P46640	KNAT2	16
P46643	ASP1	26
P46644	ASP3	24
P46645	ASP2	26
P46667	ATHB-5	13
P46668	ATHB-6	13
P46690	GASA4	7
P46897	ATHB-7	12
P47192	VAMP722	15
P47735	RLK5	42
P47924	RIBA1	29
P47927	AP2	15
P47998	OASA1	17
P47999	OASB	24
P48000	KNAT3	17
P48006	At1g30230	9
P48007	PI	14
P48347	GRF10	17
P48348	GRF8	16
P48349	GRF6	16
P48421	CYP83A1	25
P48482	TOPP2	19
P48483	TOPP3	18
P48484	TOPP4	18
P48486	TOPP6	19
P48491	CTIMC	13
P48512	TFIIB1	15
P48523	CAD4	17
P48578	PP2A4	14
P48731	ATH1	22
P49040	SUS1	44
P49078	ASN1	27
P49107	PSAN	9
P49177	GB1	16
P49227	RPL5B	10
P49294	HEMA2	32
P49333	ETR1	42
P49597	ABI1	19
P49598	PP2CA	20
P49599	PPH1	19
P49677	IAA1	11
P49678	IAA2	13
P50318	At1g56190	32
P50651	RNR2A	17
P51818	HSP90-3	36
P52839	SOT12	18
P53492	ACT7	21
P53496	ACT11	20
P53665	MTACP1	5
P53780	At3g57050	24
P54144	AMT1-1	9
P54150	MSR4	12
P54609	CDC48A	40
P54873	HMGS	20
P54887	P5CSA	39
P54888	P5CSB	38
P54968	ILR1	17
P54970	ILL2	17
P55034	RPN10	14
P55217	CGS1	26
P55228	APS1	29
P55229	ADG2	32
P55230	APL2	28
P55737	HSP90-2	36
P55826	PPOX1	29
P55852	SUMO1	5
P56757	atpA	19
P56761	psbD	10
P56765	accD	25
P56772	clpP1	7
P56778	psbC	14
P56780	psbH	2
P57741	PFD3	9
P57742	PFD5	9
P57751	UGP1	29
P57752	ACBP6	5
P58766	PLDALPHA3	38
P59169	HTR4	4
P59220	CAM7	9
P59226	HTR2	4
P59232	RPS27AB	7
P59259	At1g07660	6
P59271	RPS27AA	7
P60838	SUMM2	50
P61837	PIP1-1	8
P62598	ARR12	22
P69834	ISPD	14
P82281	TL29	19
P82538	PPL1	15
P82715	PPD5	13
P82805	TOM20-4	12
P82873	TOM20-2	13
P82874	TOM20-3	15
P83483	At5g08670	30
P83484	At5g08690	30
P83755	psbA	10
P84634	DCL4	93
P92549	ATPA	26
P92937	CIPK15	24
P92939	ECA1	45
P92941	CLC-A	27
P92947	MDAR5	28
P92948	CDC5	47
P92949	FRO2	29
P92958	KIN11	33
P92959	RPL24	9
P92960	KAT3	27
P92964	RS31	16
P92965	RS40	18
P92966	RS41	19
P92973	CCA1	33
P92974	UBA2	59
P92978	ARAC11	9
P92979	APR1	28
P92980	APR3	25
P92981	APR2	25
P92983	POX1	22
P92990	PGL3	25
P92994	CYP73A5	28
P93002	NPR1	30
P93003	TFL1	12
P93004	PIP2-7	8
P93006	PP2C27	16
P93014	rps5	17
P93015	SPL3	7
P93022	ARF7	35
P93024	ARF5	31
P93025	PHOT2	41
P93026	VSR1	37
P93028	UBA1	61
P93030	RMA2	11
P93031	MUR1	20
P93033	FUM1	25
P93042	RHD3	44
P93043	VPS41	46
P93046	XTH31	13
P93047	HMGB3	5
P93654	SYP22	15
P93655	LON1	46
P93733	PLDBETA1	45
P93735	ELIP1	10
P93736	TWN2	53
P93740	NUDT23	15
P93746	MT4A	4
P93748	SINAT1	17
P93749	CARK4	23
P93751	ZFP8	14
P93758	REM4.2	14
P93759	CPK14	28
P93819	MDH1	18
P93825	ERS2	29
P93830	IAA17	15
P93831	CLF	46
P93832	IMDH2	20
P93834	HXK2	23
P93836	HPD	16
P94040	GLP1	3
P94063	HAL3B	11
P94072	GER3	6
P94077	LSD1	7
P94102	RAD51	15
P98204	ALA1	49
P98205	ALA2	59
Q00917	SUS2	34
Q00958	LFY	20
Q01474	SAR1B	12
Q01593	ABI3	15
Q01667	LHCA1	5
Q01908	ATPC1	17
Q02283	HAT5	9
Q02971	CAD7	18
Q02972	CAD8	15
Q03250	RBG7	12
Q03251	RBG8	12
Q04836	CP31A	9
Q05085	NPF6.3	20
Q05153	SSRP1	26
Q05431	APX1	14
Q05466	HAT4	12
Q05609	CTR1	39
Q05753	AKRP	19
Q05758	At3g58610	24
Q05762	THY-1	23
Q05763	THY-2	28
Q058G9	CEP5	7
Q058N4	MRS2-11	20
Q05999	D6PKL3	22
Q06327	LOX1	48
Q06402	ACS2	22
Q06548	PBL9	29
Q06611	PIP1-2	8
Q06738	RD29A	33
Q06850	CPK1	29
Q06AN9	CDC27A	35
Q06BH3	SRF1	33
Q07098	PP2A2	16
Q07100	PP2A3	14
Q07356	PDS	28
Q07473	LHCB4.1	13
Q07488	BCB	4
Q07970	KIN14C	55
Q08298	RD22	23
Q08466	CKA2	22
Q08467	CKA1	21
Q08682	RPSaA	14
Q08733	PIP1-3	8
Q08891	FAR2	36
Q09152	FPS1	20
Q0H8D7	NBS1	24
Q0IGK1	MBD4L	22
Q0IGM7	BBX20	12
Q0PCS3	CHR25	46
Q0PGJ6	AKR4C9	20
Q0PW40	CRK13	30
Q0V7X4	FIT	10
Q0WL52	NPY5	36
Q0WL56	A3	25
Q0WL80	UGGT	83
Q0WL81	RNL	60
Q0WLB5	CHC2	84
Q0WML0	ABCB27	30
Q0WNJ6	CHC1	84
Q0WNP3	PCMP-A2	38
Q0WNP7	ROPGEF4	27
Q0WNX9	KRP6	5
Q0WNY5	WAKL18	36
Q0WP12	HOL1	11
Q0WP36	MOT2	14
Q0WP44	HST1	58
Q0WPA5	MSR2	24
Q0WPF2	PCFS4	33
Q0WPH8	NEK5	53
Q0WPK4	PAT1	35
Q0WPN7	CGR3	11
Q0WPQ2	ETR2	39
Q0WPU1	XI-I	93
Q0WPX9	PI4KB2	52
Q0WPZ7	GLE1	22
Q0WQ41	IP5P7	28
Q0WQ75	VPS51	44
Q0WQE7	AUG3	29
Q0WQF4	VPS53	42
Q0WQF7	LTA3	33
Q0WQG8	GTG2	22
Q0WQW5	PCMP-H51	38
Q0WRJ2	TSC10A	13
Q0WRJ7	FKBP20-2	15
Q0WRY5	PBL7	21
Q0WS06	APD1	12
Q0WSN2	DAR2	25
Q0WSX8	TIK	11
Q0WT48	ERDJ2A	31
Q0WUA3	ABC4	16
Q0WUG6	SBT6.1	49
Q0WUR5	FAB1A	84
Q0WUY1	NADKC	28
Q0WV12	ANL2	31
Q0WV13	GAUT13	33
Q0WV25	TUBA4	21
Q0WV90	TPR1	48
Q0WVE8	RRP6L1	37
Q0WVF5	MCM4	43
Q0WVH0	RBL	27
Q0WVM4	CIK2	33
Q0WVM7	SLK1	29
Q0WVR4	JMJ32	17
Q0WVX5	SS4	49
Q0WW17	RWA2	25
Q0WW55	ZEU1	17
Q0WX00	RING1B	23
Q11207	PARP2	30
Q15KI9	PHYLLO	79
Q17TI5	BRX	16
Q1ACB3	HST	19
Q1EBV7	BASS2	16
Q1EC69	SMO1-2	6
Q1ECF1	PYL7	13
Q1ENB6	CytHPPK/DHPS	29
Q1G3I2	MIP1A	7
Q1G3U6	PCO3	13
Q1H537	DVR	22
Q1H595	LSM2	5
Q1H5E9	PRDA1	23
Q1JPL4	NDB1	29
Q1JPL7	PME18	26
Q1KPV0	FZL	53
Q1PDP9	MYB115	11
Q1PDV6	PBL27	28
Q1PDW3	LIP1	37
Q1PDW5	FTSH6	33
Q1PE17	CPK18	26
Q1PET6	ICMEL2	24
Q1PEY6	EPFL6	4
Q1PFB9	AGC1-7	24
Q1PFC2	AGL66	14
Q1PFR7	LEC2	14
Q24JJ8	GLO3	19
Q24JK1	MYB96	14
Q24JL3	STR2	16
Q24JN5	P4H5	14
Q27GK7	TPR4	52
Q27IK6	KIN12D	163
Q27IK7	KIN12C	125
Q2HIK4	PFD6	8
Q2LAE1	ASHH2	69
Q2MHE4	HT1	22
Q2PGG3	SR	17
Q2PS26	ULP1D	27
Q2QAV0	TIO	75
Q2V2S7	ndhM	13
Q2V3I3	EPFL4	4
Q2V3L3	YY1	23
Q2V419	CDKB1-2	20
Q2V452	CIPK3	21
Q2V4E2	CLE8	5
Q33884	CCMFN2	5
Q37001	ACS5	23
Q37145	ACA1	40
Q38796	LD	41
Q38802	GA1	40
Q38814	THI1	14
Q38819	CYCA2-3	26
Q38822	IAA3	15
Q38824	IAA6	9
Q38825	IAA7	16
Q38826	IAA8	19
Q38827	IAA9	23
Q38828	IAA10	14
Q38829	IAA11	12
Q38830	IAA12	14
Q38831	IAA13	17
Q38832	IAA14	14
Q38834	RPP13L4	48
Q38836	AGL11	10
Q38838	AGL14	9
Q38845	PP2AA1	32
Q38846	ERS1	28
Q38847	AGL15	16
Q38849	KAT2	35
Q38854	DXS	27
Q38856	IRT1	8
Q38857	XTH22	16
Q38858	CRT2	26
Q38860	FAE1	28
Q38861	XPB1	34
Q38862	IPS2	22
Q38868	CPK9	33
Q38869	CPK4	22
Q38870	CPK2	32
Q38871	CPK5	27
Q38872	CPK6	29
Q38873	CPK7	23
Q38874	STM	12
Q38876	AGL8	9
Q38879	TRX2	7
Q38882	PLDALPHA1	43
Q38890	KOR	24
Q38893	ZDS1	29
Q38895	SUP	7
Q38896	CSP4	11
Q38897	BEL1	19
Q38898	AKT2	35
Q38900	CYP19-1	10
Q38902	ARAC1	9
Q38906	TOC34	18
Q38909	XTH28	14
Q38911	XTH15	12
Q38912	ARAC3	9
Q38913	EXT1	27
Q38914	ANT	21
Q38919	ARAC4	9
Q38920	FTB	17
Q38929	IPP1	18
Q38931	FKBP62	24
Q38932	LUT2	29
Q38933	LCY1	26
Q38937	ARAC5	9
Q38944	DET2	11
Q38951	PP2AA3	27
Q38954	PHT2-1	19
Q38970	ACC1	119
Q38997	KIN10	31
Q38998	AKT1	43
Q39008	MEKK1	25
Q39009	DMC1	18
Q39010	ASK6	25
Q39011	ASK7	23
Q39012	ASK9	25
Q39016	CPK11	22
Q39021	MPK1	21
Q39022	MPK2	21
Q39023	MPK3	20
Q39024	MPK4	22
Q39026	MPK6	20
Q39027	MPK7	20
Q39030	ATPK2	23
Q39032	PLC1	30
Q39033	PLC2	33
Q39034	PER59	19
Q39041	BFRUCT4	29
Q39043	BIP2	32
Q39044	bVPE	20
Q39050	CKL11	26
Q39054	CNX1	35
Q39055	CNX2	25
Q39057	CO	15
Q39081	CAL	9
Q39083	DI19-1	8
Q39085	DIM	29
Q39086	SD17	50
Q39088	DOF3.4	6
Q39089	PAC	18
Q39090	UFO	19
Q39096	ERD15	5
Q39099	XTH4	17
Q39101	FER1	9
Q39102	FTSH1	30
Q39103	GA3OX1	10
Q39110	GA20OX1	17
Q39111	GA20OX2	15
Q39112	GA20OX3	17
Q39119	At4g32940	20
Q39123	ATHB-8	30
Q39128	KAT1	31
Q39129	STR16	6
Q39140	TGA6	14
Q39160	XI-1	90
Q39161	NIR1	33
Q39162	TGA4	18
Q39163	TGA5	12
Q39172	AER	18
Q39176	EARLI1	3
Q39183	D6PKL2	32
Q39191	WAK1	32
Q39192	SRK2D	15
Q39193	SRK2I	16
Q39203	SD22	42
Q39204	MYC2	18
Q39208	STE1	11
Q39211	NRPB3	14
Q39214	RPM1	53
Q39218	SAT3	22
Q39219	AOX1A	25
Q39231	SUC2	15
Q39232	SUC1	18
Q39233	SYP21	15
Q39234	TGA3	14
Q39237	TGA1	18
Q39238	TOUSLED	36
Q39241	TRX5	8
Q39242	NTR2	14
Q39243	NTR1	12
Q39249	VDE1	27
Q39250	ADF1	6
Q39253	CAX1	9
Q39254	CAX2	10
Q39255	SKP1A	7
Q39258	VHA-E1	15
Q39261	ZFP2	8
Q39264	ZFP5	11
Q39265	ZFP6	10
Q3B724	CALS5	99
Q3E7D0	NAT12	19
Q3E880	GLV11	6
Q3E8W4	ANX2	35
Q3E991	PRK6	33
Q3E9C0	CPK34	27
Q3E9D5	SAMDC4	15
Q3EBC8	At3g03300	72
Q3EBF7	SLD2	20
Q3EBM6	CEP4	5
Q3EBR6	DALL3	23
Q3EBY6	MCA2	27
Q3ECH9	CLE18	5
Q3ECJ5	CLE14	5
Q3ECM0	CEP2	8
Q3ECR7	CYSTM2	1
Q3ECS3	TGG5	25
Q3ED78	At1g21570	22
Q3EDG5	TPST	27
Q3KTM0	FRO7	28
Q3MK94	ECT1	16
Q3MV14	DSE1	20
Q3S4A7	AHK5	38
Q41188	CSP2	10
Q41931	ACO2	13
Q41951	TIP2-1	2
Q41963	TIP1-2	2
Q42029	PSBP1	13
Q42093	ABCC2	71
Q42112	RPP0B	9
Q42134	PAE2	13
Q42202	RPL40B	6
Q42290	MPPbeta	27
Q42342	CYTB5-E	8
Q42344	HMGB4	9
Q42371	ERECTA	38
Q42374	KN	15
Q42379	MYB7	13
Q42381	HLS1	25
Q42384	PRL1	24
Q42396	CPK12	21
Q42400	AAP1	11
Q42403	TRX3	8
Q42404	RNU1	20
Q42406	CYP18-4	11
Q42410	ZAT12	9
Q42418	PRF2	5
Q42438	CPK8	23
Q42449	PRF1	6
Q42472	GAD2	26
Q42479	CPK3	25
Q42484	RPS2	47
Q42510	GN	67
Q42512	COR15A	10
Q42521	GAD1	24
Q42522	GSA2	18
Q42523	MCCA	37
Q42524	4CL1	24
Q42525	HXK1	22
Q42529	TSA1	12
Q42533	BCCP1	11
Q42536	PORA	25
Q42539	PIMT1	12
Q42545	FTSZ1	20
Q42546	SAL1	16
Q42547	CAT3	26
Q42551	SCE1	3
Q42556	AHA9	45
Q42560	ACO1	40
Q42564	APX3	18
Q42565	ASB1	11
Q42569	CYP90A1	27
Q42572	LIG1	40
Q42578	PER53	8
Q42580	PER21	15
Q42588	SAT1	17
Q42593	APXT	21
Q42601	CARB	56
Q42605	UGE1	19
Q42606	UPM1	20
Q43125	CRY1	35
Q43127	GLN2	17
Q43128	AHA10	38
Q43295	APK1	16
Q43309	ACS4	22
Q43316	HEMC	23
Q43348	BFRUCT3	29
Q43349	CP29A	18
Q43385	DOF3.7	14
Q43386	HMGA	9
Q43387	PER71	15
Q43725	OASC	26
Q43727	G6PD1	32
Q43729	PER57	18
Q43731	PER50	19
Q43866	CWINV1	28
Q43867	PME1	31
Q4F883	SAG101	23
Q4FE47	XBAT35	21
Q4KSH9	BS	31
Q4PSE2	NFYC8	7
Q4PSX1	CLE10	6
Q4TU14	RHF1A	12
Q4V398	RRT1	26
Q4V3C8	PDPK2	22
Q4V3D2	A36	16
Q4V3E2	MRG2	17
Q4VCM1	PSAT	28
Q4VP08	LURE1.2	5
Q500U8	TKPR1	13
Q500V5	AGDP1	28
Q500V9	DPB2	17
Q500W7	PIGM	17
Q500Y9	NADK3	10
Q501B2	BZIP16	9
Q501D5	ETG1	25
Q501D8	CYP79B3	28
Q501F9	PP2C67	15
Q52K88	NUDT13	15
Q52QU2	AIL6	18
Q52T38	PAT24	31
Q564K3	CAPH	31
Q56WD9	PED1	20
Q56WH1	TUBA3	20
Q56WH4	HDT2	16
Q56WK6	PATL1	33
Q56WN1	GLN1-1	12
Q56WV9	PROSCOOP5	5
Q56X46	MSL2	39
Q56X52	AOX4	19
Q56XG6	RH15	23
Q56XM9	PAPS3	21
Q56XP4	NHX2	18
Q56XY2	QQT1	14
Q56Y01	IPCS3	11
Q56Y42	PLR1	17
Q56Y52	POT1A	26
Q56Y74	MORC6	31
Q56YA5	AGT1	21
Q56YJ8	FAMA	20
Q56YN3	NADK1	24
Q56YN8	SMC3	72
Q56YP2	PIP5K1	43
Q56YW9	TUBB2	20
Q56ZN6	AVPL1	26
Q56ZQ3	VSR4	35
Q570B4	FDH	28
Q570C0	TIR1	27
Q570K8	PROSCOOP4	3
Q570R7	BHLH72	15
Q588V7	TEB	115
Q5BPF3	BASL	18
Q5BPS0	LOG2	9
Q5BPS3	DOR	22
Q5CCK4	VAL2	37
Q5D869	NRPE1	100
Q5D892	MER3	64
Q5E924	GAPCP2	24
Q5EAF2	IP5P11	22
Q5FV35	MORC2	32
Q5HZ00	SPS3	21
Q5HZ36	GATA21	17
Q5HZ38	GRIK2	19
Q5HZ54	CFL1	10
Q5IBC5	ESP1	99
Q5ICL9	NPR4	20
Q5KS41	WSD11	24
Q5M729	At1g54220	33
Q5M731	TH1	33
Q5M755	FBN5	13
Q5MFV8	PME5	35
Q5PNU3	AMSH3	20
Q5PP23	FLY1	20
Q5PP37	ATXR2	18
Q5PP51	SP2	19
Q5Q0E6	MTOPVIB	22
Q5S2C4	NAP1	62
Q5W7F2	AGD3	38
Q5W9E7	MUS81	37
Q5XEP9	KCS2	28
Q5XET5	HESO1	28
Q5XEZ5	OSCA1.2	38
Q5XF07	APE1L	21
Q5XF20	UGT84A1	18
Q5XF33	CHLI2	25
Q5XF51	3MMP	16
Q5XF78	GAMT2	18
Q5XPJ9	SCAR2	49
Q5XQC7	BON3	30
Q5XV40	LAZY1	20
Q5XVC4	MDP60	23
Q5XVF0	MEE12	39
Q5XVG3	LAZY4	17
Q5XVI1	SINE1	26
Q5YDB5	CPL2	37
Q5YDB6	CPL1	52
Q5YGP7	PLT2	13
Q5YGP8	PLT1	12
Q64FQ2	PID2	24
Q66GI4	PRORP1	26
Q66GN2	LECRK64	32
Q66GP0	SR1IP1	32
Q66GP9	NOA1	28
Q66GQ5	RWA3	25
Q66GQ6	IP5P5	29
Q66GR3	BHLH130	15
Q66GR6	WHY3	16
Q66WT5	SGR2	14
Q67XG0	GLB3	13
Q67XJ2	NFYB10	7
Q67XT3	SPC24	11
Q67XX3	JMJ22	21
Q67XZ3	CWINV3	26
Q67Y93	KRP1	10
Q67Y99	CLPF	14
Q67YC0	PS2	13
Q67YG7	SOFL1	1
Q67YI9	EPSIN2	20
Q67Z07	PER2	18
Q67Z52	TFCB	14
Q67ZB6	JMJ20	23
Q67ZE1	3BETAHSD/D2	27
Q67ZM7	FOLK	5
Q680B9	PRORP2	28
Q680I0	ORTH5	26
Q680I5	GGT2	27
Q680Q4	SIZ1	38
Q681I0	ORTHL	17
Q681K7	GEX1	34
Q681Z2	DSP3	14
Q682S0	RPT2	35
Q682U6	DPD1	18
Q683C9	AUR2	17
Q68KI4	NHX1	16
Q6AWU6	HOL3	11
Q6AWX6	SCAR1	36
Q6BDA0	ELF6	61
Q6DBA5	NRPD4	8
Q6DBD7	TOD1	28
Q6DBG8	ARAD1	22
Q6DBH0	APD2	16
Q6DSU1	GLV5	5
Q6DYE4	GET3D	22
Q6EJ98	BT5	18
Q6EVK6	BRM	106
Q6F6B5	ARC3	43
Q6ID70	P23-2	6
Q6ID76	GLV7	5
Q6IDA6	LOT1	8
Q6IDB0	SPEAR3	9
Q6IDB6	TAD2	9
Q6IMT1	SAB	136
Q6IWA9	CLE45	9
Q6J9N8	AIL7	16
Q6J9Q2	ERF086	2
Q6JDV7	POLK	36
Q6LA42	APRR5	26
Q6NKN9	BHLH74	13
Q6NKR2	PTPMT2	11
Q6NKS4	LIL3.2	14
Q6NKX1	POX2	22
Q6NKX5	POT1B	26
Q6NLA5	LPPG	7
Q6NLH0	NRPB9A	7
Q6NLQ6	CPK32	28
Q6NLQ8	XBAT32	20
Q6NLV4	FY	20
Q6NLW5	XRI1	11
Q6NM73	PDLP2	12
Q6NMD6	ARGOS	2
Q6NME7	TEN1	6
Q6NNL3	GLV4	6
Q6NNL9	NOXY2	4
Q6NPD7	NUDT10	18
Q6NPM8	HISN7	14
Q6NPN4	LYM3	11
Q6NPP4	CAMTA2	41
Q6NPS8	ATR3	27
Q6NQ54	ENY2	7
Q6NQ72	ALY4	17
Q6NQ88	DDB2	26
Q6NQ99	POLAR	17
Q6NQA8	APY5	19
Q6NQH4	TAF13	6
Q6NQI8	LOH3	12
Q6NQJ6	RNR1	41
Q6NQK2	SOG1	19
Q6NQL4	KDSA2	15
Q6NQL6	LPPE2	6
Q6NQN8	VLG	11
Q6PQQ3	AIL5	13
Q6PUA2	TAF1B	93
Q6Q151	CYP59	21
Q6Q152	CYP57	21
Q6Q1P4	SMC1	63
Q6Q4D0	TSK	67
Q6R053	MYB56	17
Q6R0A6	MYB63	15
Q6R0C4	MYB52	12
Q6R0G4	RVE4	8
Q6R0H1	LHY	27
Q6R2K1	SRF5	36
Q6R2K3	SRF3	22
Q6S591	JAG	7
Q6S5G3	TOC90	39
Q6STH5	HCF101	24
Q6TBX7	CYP97C1	30
Q6USK2	CERK	28
Q6WWW4	UPL3	83
Q6X5V0	DVL1	2
Q6X5Y6	WRI1	14
Q6X7J4	WOX9	10
Q6X7J5	WOX8	7
Q6X7J9	WOX4	14
Q6XAT2	ERL2	36
Q6XBF8	CDR1	17
Q6XJG8	RPN1B	52
Q6XMI3	BSMT1	24
Q6ZY51	GWD3	60
Q700C7	SPCH	17
Q700D2	JKD	20
Q700W2	SPL9	14
Q708Y0	EBF2	31
Q70DU8	ALDH3H1	18
Q710E8	ORC1A	43
Q71DJ5	LIP1	12
Q75QN6	PHS1	47
Q766Z3	REV3	86
Q76E23	EIF4G	85
Q76FS5	SPS2	24
Q7DLR9	PBG1	11
Q7DLS1	PBB2	12
Q7DM58	ABCC4	65
Q7DMA9	PAS1	34
Q7EB72	LTPG15	6
Q7FK82	LECRK12	24
Q7FRS8	CBL10	13
Q7FZF1	CBL5	12
Q7G188	FIM1	38
Q7G191	AAO4	61
Q7G192	AAO2	55
Q7G193	AAO1	59
Q7G1L2	RAP2-6	7
Q7G8V2	ARR15	7
Q7G9P4	AAO3	68
Q7GB25	ABCC5	68
Q7PC79	PSD	60
Q7PC88	ABCG31	60
Q7X6P3	RUS1	33
Q7X6Y7	MMD1	36
Q7X8C5	WAKL2	36
Q7X911	SAC6	36
Q7X9I0	AGL65	9
Q7X9I4	AERO2	22
Q7X9V2	PIE1	94
Q7X9V3	NSI	7
Q7XA66	ZOP1	8
Q7XA67	MTN2	15
Q7XA73	TIFY4A	17
Q7XA74	MVP1	20
Q7XA86	PAT10	13
Q7XJ60	EB1A	13
Q7XJ98	MUR3	33
Q7XJE6	AMC1	14
Q7XJJ7	FAAH	29
Q7XJL2	GLR3.1	32
Q7XJM2	CCD7	30
Q7XJR9	CPK16	30
Q7XJT7	BSK12	31
Q7XJU0	BHLH157	17
Q7XXN8	DVL16	2
Q7XYY2	MED25	19
Q7XZF5	RST1	86
Q7XZP5	APX5	17
Q7XZU0	SAC9	79
Q7XZU3	SAC1	43
Q7Y1C5	BRCA2A	59
Q7Y1W1	TIC56	25
Q7Y208	GDPDL1	30
Q7Y220	PLIP1	33
Q84J37	TT10	27
Q84J75	RGTB1	12
Q84JA6	CESA4	51
Q84JE8	ZDP	43
Q84JF0	APK4	13
Q84JF5	PTAC14	22
Q84JG2	SWI3B	23
Q84JG5	HLL	13
Q84JH7	SIRB	12
Q84JK2	FD	6
Q84JL3	SINAT3	12
Q84JQ4	PRK2	38
Q84JS6	KNAT6	16
Q84JU4	IBR5	8
Q84JU6	HOS1	48
Q84JW1	PEX11E	11
Q84JZ6	MORF3	14
Q84K00	NAC078	18
Q84K25	COG8	31
Q84KJ5	CRYD	33
Q84L30	RAD23D	13
Q84L31	RAD23C	15
Q84L32	RAD23A	14
Q84L33	RAD23B	13
Q84LH3	WEX	12
Q84LH8	PIF5	12
Q84LK0	MSH1	59
Q84LM4	AARE	34
Q84M92	ARP4	25
Q84M98	EME1A	34
Q84MA2	IP5P1	27
Q84MA8	AZG2	13
Q84MB2	TIFY8	21
Q84MB5	RBL11	8
Q84MB6	2ODDC23.1	18
Q84MC2	LOG8	9
Q84MC7	PYL9	14
Q84MD6	DSP2	13
Q84MD8	FHY	20
Q84ME1	LUL3	12
Q84MZ4	TFIIIA	22
Q84N64	ARC5	42
Q84ND9	POLIB	51
Q84P21	4CLL5	28
Q84P23	4CLL9	25
Q84P24	4CLL6	24
Q84R11	CRSH	26
Q84RQ9	ARI12	27
Q84TE9	DOF5.3	11
Q84TG3	PUB23	20
Q84TH4	SR45A	20
Q84TH5	ABCG25	32
Q84TH9	NLP7	39
Q84TI3	OBE4	62
Q84TI6	CDKE-1	25
Q84TI7	HKT1	14
Q84UU4	TPS21	32
Q84V03	PCH1	50
Q84V22	PSD1	24
Q84VQ0	AGO9	49
Q84VQ1	KINB1	9
Q84VQ3	CIPK26	23
Q84VQ4	ndhU	11
Q84VV6	HINT4	11
Q84VX4	MPS1	39
Q84VZ1	FHY1	11
Q84W41	GLR3.6	38
Q84W55	IP5P15	49
Q84W56	RNJ	52
Q84W65	SUFE1	24
Q84W66	NFYB6	12
Q84W92	PRMT13	24
Q84W98	CLE41	5
Q84WB7	GINT1	36
Q84WI0	GIS	11
Q84WK0	RSL2	10
Q84WK4	SOBER1	11
Q84WL6	WDL3	16
Q84WM7	PPME1	21
Q84WN3	SWEET17	5
Q84WU2	UBP13	62
Q84WU6	ARF17	23
Q84WV4	SEC23A	42
Q84WV6	MORC1	28
Q84WV9	QCT	10
Q84WW2	PGL3	21
Q84WW3	VIP2	60
Q84WW6	ASHH1	27
Q84XF3	DRP1B	40
Q84XU2	PAPP5	28
Q84XV2	GTE1	22
Q84Y95	GRXS14	7
Q8GRX1	TGG4	25
Q8GS60	HCAR	25
Q8GS71	KIN4A	56
Q8GSA7	CAMTA3	38
Q8GSJ6	LQY1	6
Q8GTR4	PU1	44
Q8GTS1	BZIP24	10
Q8GTY0	A4	25
Q8GUH7	OSCA2.3	22
Q8GUI6	JMJ14	47
Q8GUJ2	PDLP5	10
Q8GUK1	DGS1	31
Q8GUK7	RMA3	10
Q8GUM2	HSP70-9	39
Q8GUN2	HINT1	9
Q8GUN5	PHL1	16
Q8GUP1	CSTF77	33
Q8GUP3	PDS5C	41
Q8GUQ8	XDH1	61
Q8GUT5	GNAT6	16
Q8GV05	TRY	6
Q8GV50	PLA2-DELTA	9
Q8GW19	FACE2	12
Q8GW29	LOG7	12
Q8GW31	DCP2	21
Q8GW43	BIOF	21
Q8GW44	KIN1	22
Q8GW48	HSBP	6
Q8GW78	CLPT2	11
Q8GWA1	NDA1	28
Q8GWA2	MOC1	11
Q8GWA7	MCD1	19
Q8GWB7	IPUT1	22
Q8GWD2	CNGC12	30
Q8GWE0	P67	36
Q8GWE6	EER5	24
Q8GWG0	GPAT9	16
Q8GWH3	OS9	12
Q8GWJ7	CRK19	32
Q8GWK7	BEE3	8
Q8GWR0	COX11	17
Q8GWS0	GRXC5	9
Q8GWT1	GAUT14	31
Q8GWT4	PMRT15	25
Q8GWW4	GUX2	26
Q8GWW6	4MMP	15
Q8GWW7	AIH	15
Q8GWW8	GFA2	24
Q8GX72	S40-3	5
Q8GX78	PHT4;4	22
Q8GX93	CLC-E	26
Q8GXA4	WIP1	19
Q8GXD9	SCO3	37
Q8GXE6	AKT6	48
Q8GXF0	RAD51C	23
Q8GXF8	SGR9	16
Q8GXG6	GALT4	37
Q8GXH3	OSB2	14
Q8GXJ1	HDA15	21
Q8GXJ4	GLR3.4	43
Q8GXL3	SPL8	16
Q8GXL7	GATA24	10
Q8GXN9	TGH	47
Q8GXQ3	WAKL6	26
Q8GXR9	NDC1	27
Q8GXU8	LPAT1	16
Q8GXV5	UGLYAH	12
Q8GXV7	PDLP1	12
Q8GXW1	RGL2	22
Q8GXX0	ERV1	9
Q8GY31	CDC25	10
Q8GY54	GGCT2;1	13
Q8GY55	TIFY4B	20
Q8GY61	BHLH63	11
Q8GY65	SOK4	20
Q8GY82	CRK45	22
Q8GY84	RH10	25
Q8GY88	SK2	16
Q8GY89	SRX	4
Q8GYA4	CRK10	34
Q8GYB1	NUDT15	14
Q8GYB8	OPR2	22
Q8GYC1	IDD4	22
Q8GYC7	PGRL1B	15
Q8GYD2	MND1	13
Q8GYD9	SDE3	52
Q8GYH7	MMS21	12
Q8GYJ3	KRP4	13
Q8GYJ4	MIA40	7
Q8GYN5	RIN4	12
Q8GYP5	MYB60	14
Q8GYQ5	MPK12	21
Q8GYT8	SOK3	30
Q8GYT9	SIS3	12
Q8GYY1	HSFA3	14
Q8GZ13	BEE1	7
Q8GZ29	GH3.15	32
Q8GZ38	UNE10	13
Q8GZ52	ABCG30	63
Q8GZ99	HPCA1	41
Q8GZA8	ULT1	13
Q8GZB4	PLA2-BETA	5
Q8GZB6	SUVH4	27
Q8GZM7	PIF1	18
Q8GZN1	NPG1	43
Q8GZQ3	PNP1	41
Q8H0S9	MPA1	47
Q8H0T5	ERF073	5
Q8H0T9	KTN80.4	41
Q8H0U4	TRN1	41
Q8H0U5	TIC62	27
Q8H0U8	RH42	60
Q8H0V5	OCP3	13
Q8H0W1	PLSP1	18
Q8H0W2	HDA9	22
Q8H0W3	RVE6	14
Q8H0X6	CYS6	11
Q8H103	PGI1	40
Q8H107	At4g26910	20
Q8H110	XCT	18
Q8H112	PGRL1A	15
Q8H113	2ODDC23.2	18
Q8H115	NAC102	16
Q8H116	MNS2	28
Q8H136	RH14	36
Q8H151	AAE13	28
Q8H157	NPF4.6	21
Q8H166	ALEU	17
Q8H174	IAA31	6
Q8H183	PYD3	13
Q8H186	PBL1	28
Q8H191	PAO4	21
Q8H1B3	BIP3	27
Q8H1D3	NPY1	33
Q8H1D4	DBR4	18
Q8H1D6	RBK1	23
Q8H1D9	TDP1	35
Q8H1E2	At5g58330	26
Q8H1E4	RAP2-4	9
Q8H1E7	NOF1	30
Q8H1F0	BZIP29	29
Q8H1F2	RGS1	18
Q8H1G0	GATA28	10
Q8H1G5	REIL1	17
Q8H1G6	CARK7	22
Q8H1H9	CuAOgamma1	31
Q8H1P9	MYB3R3	27
Q8H1Q2	NBP35	12
Q8H1R0	PYL10	13
Q8H1S7	JMJ28	47
Q8H1U5	APC2	43
Q8H1Y0	IAR4	20
Q8H1Z0	CER3	29
Q8H2D5	POLH	33
Q8H7F6	GRXS16	18
Q8L3P4	THAL	27
Q8L3R3	RFL1	47
Q8L3W1	VRN1	16
Q8L3X8	SCL30	14
Q8L3X9	KAS	25
Q8L3Z8	FZR2	24
Q8L493	DAAT	18
Q8L4B2	NFYC9	7
Q8L4H0	WEE1	28
Q8L4M1	THO6	13
Q8L4R0	TGD1	13
Q8L500	APRR9	23
Q8L539	5FCL	15
Q8L540	LTO1	12
Q8L5R3	TFCD	66
Q8L5U0	CSN4	20
Q8L5V0	NRPB9B	6
Q8L5W7	PIF6	10
Q8L5W8	PIL1	15
Q8L5Y0	VPS39	53
Q8L5Y6	CAND1	67
Q8L5Y9	PANK2	51
Q8L5Z7	SNX2A	31
Q8L607	SIN2	18
Q8L617	SZE1	22
Q8L627	SRD2	17
Q8L633	TRZ2	16
Q8L636	NCL	18
Q8L638	ALG10	13
Q8L649	BB	8
Q8L6Y1	UBP14	39
Q8L6Y4	EMF2	34
Q8L6Z4	RPS9M	21
Q8L707	IRX14	24
Q8L710	CRK17	38
Q8L716	U2AF65B	14
Q8L743	G6PD3	35
Q8L746	NPR3	21
Q8L765	BPM1	22
Q8L770	CLPR3	18
Q8L774	SLP1	21
Q8L778	CESA5	48
Q8L785	EDD1	50
Q8L794	XK1	24
Q8L796	PIP5K2	41
Q8L7C9	GSTU20	13
Q8L7D5	CYP708A2	24
Q8L7E9	MCA1	26
Q8L7F7	NUP62	15
Q8L7F9	GALT1	37
Q8L7G0	ARF1	26
Q8L7K4	HSCB	13
Q8L7K9	NAD-ME2	39
Q8L7L0	OBGL	37
Q8L7L1	SPHK1	28
Q8L7L8	TRP1	22
Q8L7M0	TUN	21
Q8L7N4	SP1	21
Q8L7Q7	PME64	23
Q8L7R2	HSK	18
Q8L7R3	LPEAT1	22
Q8L7S5	IPGA1	37
Q8L7S6	HEXO3	29
Q8L7S8	RH3	36
Q8L7S9	At1g43560	8
Q8L7U4	P23-1	9
Q8L7U5	BSL1	47
Q8L7W5	SMO1-1	6
Q8L7W8	FUC95A	42
Q8L7Y8	KIN12B	61
Q8L840	RECQL4A	66
Q8L844	CRP1	35
Q8L850	PIP5K9	43
Q8L856	CYB561A	7
Q8L866	CuAOzeta	38
Q8L8A5	GIF1	4
Q8L8A6	GRF5	19
Q8L8A8	GRF2	23
Q8L8B8	LOG3	11
Q8L8Q7	COBL2	14
Q8L8T7	COR27	15
Q8L8Y3	CEP1	4
Q8L925	CRC	9
Q8L940	PDX13	14
Q8L960	SVR1	22
Q8L970	P4H7	15
Q8L981	APC13	4
Q8L983	COR28	13
Q8L999	BPC6	20
Q8L9A0	RPL21M	13
Q8L9C4	KCR1	18
Q8L9H6	CLE17	5
Q8L9J7	SWEET1	8
Q8L9T7	AHP5	11
Q8L9V6	DOF1.1	9
Q8L9Y2	ELP6	11
Q8L9Y3	ARR14	14
Q8LA16	AL7	10
Q8LA53	MBD2	15
Q8LAC4	URH2	14
Q8LAD0	PDX2	13
Q8LAD7	IDA	5
Q8LAH7	OPR1	23
Q8LAJ7	PHL3	15
Q8LAL2	IAA26	15
Q8LAM0	UBP4	18
Q8LAR0	BDX	13
Q8LAS7	CBL2	17
Q8LAS8	SFGH	15
Q8LAZ7	CSN5A	19
Q8LB02	SDH2-2	13
Q8LB08	ER-ANT1	17
Q8LB10	CLPR4	12
Q8LB47	Mge2	20
Q8LBA6	PIS1	7
Q8LBB7	LOG5	7
Q8LBI1	RPL5A	11
Q8LBL1	TPK1	17
Q8LBL5	PRT1	17
Q8LBM2	TIFY5A	8
Q8LBP4	ALB3	16
Q8LBZ7	SDH2-1	14
Q8LC03	ATHB-13	11
Q8LC45	XTH33	15
Q8LC53	EPF2	6
Q8LC68	NRP2	12
Q8LC79	GATA18	9
Q8LC95	ENODL13	10
Q8LCA1	CURT1B	7
Q8LCE1	GLN1-2	12
Q8LCG7	NFYC2	7
Q8LD27	PBA1	13
Q8LD38	MPC3	5
Q8LD98	NHL6	14
Q8LDC8	ERF1B	6
Q8LDF9	HMGB7	15
Q8LDL0	HHL1	14
Q8LDM2	PKSB	18
Q8LDN8	UGE3	17
Q8LDP4	CYP19-4	9
Q8LDQ4	TAP46	21
Q8LDS2	XTH27	14
Q8LDS4	NAKR1	16
Q8LDU1	HOZ	17
Q8LDU4	RCCR	20
Q8LDW6	ENDO3	11
Q8LDW9	XTH9	12
Q8LE06	PROSCOOP13	2
Q8LE52	DHAR3	19
Q8LE58	CHMP1A	9
Q8LE98	ICR1	22
Q8LEA8	EID1	9
Q8LED3	TBL3	25
Q8LEE7	AOX3	20
Q8LEG1	RSL4	10
Q8LEG3	MAP65-2	25
Q8LEJ6	FLA11	8
Q8LEK2	ECH	8
Q8LEM4	ATG8A	7
Q8LEM7	CBL3	17
Q8LES0	ROCK1	13
Q8LET2	NUDT11	13
Q8LEU3	NOL	21
Q8LF21	DRP1C	37
Q8LF36	B'THETA	31
Q8LF80	CDKB2-1	15
Q8LF89	GRXC8	8
Q8LFD3	ATHB-23	10
Q8LFH5	SWEET8	8
Q8LFJ5	TRM112A	9
Q8LFL4	CLE25	3
Q8LFL8	LSM1B	7
Q8LFS6	BRN1	18
Q8LFT2	DRP3B	52
Q8LFX7	BDG1	22
Q8LG50	LPAT2	19
Q8LG64	CDKB2-2	18
Q8LG89	ARPN	5
Q8LG98	OTU1	15
Q8LGA5	ATL31	14
Q8LGB6	ZED1	17
Q8LGE3	ARP6	21
Q8LGF7	PEX4	7
Q8LGH4	CUL4	52
Q8LGI3	ARPC2A	18
Q8LGJ5	PCO2	14
Q8LGN1	GLR1.4	40
Q8LGS1	MARD1	12
Q8LGU6	CDC27B	34
Q8LGU7	TRZ1	14
Q8LK56	DME	91
Q8LKS5	LACS7	27
Q8LL04	CPL3	63
Q8LLD0	NUP96	55
Q8LLD4	REP	23
Q8LLV8	PLS	1
Q8LNZ2	KIN7B	50
Q8LPG9	IQD14	38
Q8LPI7	CKL4	23
Q8LPJ1	CKL6	29
Q8LPK5	CESA8	45
Q8LPL3	AAO	19
Q8LPL7	MAPDA	23
Q8LPN3	ADCS	38
Q8LPQ5	BTS	69
Q8LPQ8	MSSP2	19
Q8LPQ9	FPA	37
Q8LPR5	TCP4	10
Q8LPR8	TIC100	31
Q8LPR9	TIC110	51
Q8LPS1	LACS6	31
Q8LPS2	ACD6	30
Q8LPS5	SERK5	24
Q8LPT1	ABCB6	58
Q8LRK8	HDA18	26
Q8LSZ4	E2FE	23
Q8RUD6	HAC1	8
Q8RUF8	NLP3	19
Q8RUS5	ATG9	34
Q8RUW5	SCPL8	16
Q8RVL2	DEK1	80
Q8RVQ9	CENH3	5
Q8RW90	FAH	16
Q8RW96	B'GAMMA	32
Q8RWC9	CIPK1	21
Q8RWD9	ACBP5	35
Q8RWE8	VTC2	18
Q8RWG1	ABC1K1	43
Q8RWG2	HCF107	36
Q8RWH3	YAK1	40
Q8RWH9	NUP58	15
Q8RWI0	FLAP1	19
Q8RWK8	COIL	22
Q8RWL0	E2FF	19
Q8RWL2	CPK29	23
Q8RWL4	IDM2	19
Q8RWL6	STY17	27
Q8RWM6	At1g21900	6
Q8RWN0	ULP1C	30
Q8RWN5	RZ1C	17
Q8RWN7	POL	35
Q8RWN9	At3g13930	32
Q8RWQ8	FBX14	24
Q8RWR1	JMJ30	19
Q8RWS0	EEN	5
Q8RWS1	OSR1	1
Q8RWS4	ENP1	28
Q8RWS9	CNGC5	32
Q8RWT8	OVA7	22
Q8RWU3	RVE8	18
Q8RWU4	ATML1	25
Q8RWU6	NHX6	13
Q8RWV0	TKL-1	32
Q8RWV3	CYCL1-1	22
Q8RWV8	SNRNP65	23
Q8RWW0	ALE2	34
Q8RWW7	URGT4	8
Q8RWX4	KOC1	31
Q8RWY3	CHR11	57
Q8RWY6	CLASP	73
Q8RWZ1	SUB	24
Q8RWZ5	SD25	39
Q8RWZ6	PIN4	21
Q8RWZ7	VHA-a1	33
Q8RX26	RGLG3	19
Q8RX28	HDA5	30
Q8RX55	GALT5	36
Q8RX71	BAG4	13
Q8RX72	LAP3	27
Q8RX77	NPF2.13	19
Q8RX78	UBN1	37
Q8RX79	APG3	23
Q8RX86	AGAL2	25
Q8RX88	FACE1	17
Q8RXA7	SCD1	56
Q8RXD3	AIP2	17
Q8RXD4	BRCA1	49
Q8RXD5	KTI4	10
Q8RXD6	HUB1	48
Q8RXD9	DPE2	47
Q8RXF8	MIRO1	36
Q8RXG3	MKK5	19
Q8RXJ0	NUF2	27
Q8RXK6	RH8	29
Q8RXK7	PME41	22
Q8RXK8	OVA2	56
Q8RXL7	ARL	4
Q8RXN0	ABCG11	33
Q8RXN3	PPT1	15
Q8RXN6	PRP31	22
Q8RXN8	NRP	18
Q8RXP7	DLDG1	18
Q8RXS6	INO80	71
Q8RXT5	AIPP3	34
Q8RXU4	THA1	18
Q8RXU6	PCN	43
Q8RXV3	WIN2	19
Q8RXX9	ATL6	16
Q8RY00	SIA2	21
Q8RY16	PEX6	49
Q8RY17	WAKL22	32
Q8RY18	TRAF1A	41
Q8RY23	NSH3	41
Q8RY25	NUP98A	25
Q8RY29	ADPG2	18
Q8RY59	RCD1	37
Q8RY65	CIK6	29
Q8RY71	ESP	23
Q8RY73	DXO1	21
Q8RY79	ELI5	23
Q8RY95	SPL14	50
Q8RYC6	IAA32	13
Q8RYC8	ARF19	32
Q8RYD9	TT16	11
Q8S2W4	AGP23	0
Q8S307	BZR1	14
Q8S396	NHX5	9
Q8S3D5	LRL2	10
Q8S3N1	SINAT5	12
Q8S3U9	SEC5A	60
Q8S403	PHO1	43
Q8S4F6	SQD2	22
Q8S4Q6	FHY1	10
Q8S4Y1	ACCT2	21
Q8S8E3	PYL6	13
Q8S8F9	NIC1	12
Q8S8I4	EPF1	5
Q8S8K8	CV	7
Q8S8N6	PLA2-ALPHA	6
Q8S8P5	WRKY33	18
Q8S8S1	PEX16	18
Q8S8S2	LPEAT2	26
Q8S8S9	MES1	8
Q8S8T4	UXS4	26
Q8S8Y9	WNK2	24
Q8S905	KIN7A	60
Q8S926	ATG8E	6
Q8S944	DRP3A	52
Q8S948	SPS1	20
Q8S9G8	SPL7	35
Q8S9J1	PPOX2	27
Q8S9J3	VPS38	20
Q8S9K3	VAR3	35
Q8SAB7	SPK1	92
Q8VWF1	SH3P2	17
Q8VWG3	TT1	12
Q8VWG7	TDX	18
Q8VWI7	KIN10A	45
Q8VWJ1	HPT1	14
Q8VWK0	RPN5B	27
Q8VWK4	TRB1	14
Q8VWZ8	SMO2-2	5
Q8VX13	PDIL1-3	34
Q8VXV7	LDL1	36
Q8VXY9	UAH	22
Q8VXZ5	XEG113	28
Q8VXZ7	AGAL3	21
Q8VY00	ESP3	62
Q8VY05	SWI3D	54
Q8VY06	PREP2	59
Q8VY07	EPSIN1	19
Q8VY08	LCMT1	13
Q8VY10	UBC24	32
Q8VY15	RBM25	26
Q8VY16	CDP1	41
Q8VY21	TULP3	21
Q8VY26	CCD8	28
Q8VY27	EXO70H1	28
Q8VY57	ARL8A	11
Q8VY74	SNRNP35	18
Q8VY77	TGD5	2
Q8VY80	FLZ5	7
Q8VY88	LTD	8
Q8VYA3	WAKL10	31
Q8VYA5	RS2Z33	11
Q8VYB2	UKL3	27
Q8VYB9	JMJ27	49
Q8VYC8	RIN2	23
Q8VYD4	CHX23	31
Q8VYF5	CPA	11
Q8VYF7	WHY2	16
Q8VYG0	LRK10L-1.3	30
Q8VYG2	GALAK	26
Q8VYI0	LSM8	6
Q8VYI1	SBH1	10
Q8VYI9	LTPG31	3
Q8VYJ1	AAE14	22
Q8VYJ2	AHL1	12
Q8VYL1	At5g35170	34
Q8VYM2	PHT1-1	21
Q8VYM4	PSRP2	13
Q8VYP0	HCC1	18
Q8VYP5	PAT14	8
Q8VYR7	BOR1	22
Q8VYR9	KEA5	14
Q8VYS2	TRZ3	37
Q8VYT3	CIK3	32
Q8VYU8	ICR5	25
Q8VYW1	PAPS4	29
Q8VYW6	GGT1	27
Q8VYY5	NCRK	23
Q8VYZ0	ORTH2	24
Q8VYZ3	PME53	23
Q8VYZ5	PWP2	45
Q8VZ10	SOQ1	58
Q8VZ17	SUVH6	40
Q8VZ20	ASR3	16
Q8VZ40	PUB14	39
Q8VZ52	ATG10	10
Q8VZ56	AMY1	19
Q8VZ59	YUC6	25
Q8VZ80	PLT5	22
Q8VZ87	LHCB1.2	8
Q8VZ91	ERF6	8
Q8VZ95	PVA11	14
Q8VZA0	SIEL	44
Q8VZA5	KDTA	19
Q8VZB2	PAS2	9
Q8VZC0	UXS1	24
Q8VZC3	ALDH12A1	26
Q8VZD4	DEG15	23
Q8VZF1	AAE7	18
Q8VZG2	HSR4	33
Q8VZG7	TSN1	52
Q8VZG8	MIK2	45
Q8VZH2	APM1	50
Q8VZI9	ENAP1	11
Q8VZJ0	SIA1	28
Q8VZJ1	ATXR5	23
Q8VZK0	MIEL1	14
Q8VZM1	NAA15	53
Q8VZN1	OFP5	18
Q8VZP1	GPP2	12
Q8VZQ2	MYB61	11
Q8VZR6	INT1	10
Q8VZS0	PNC2	12
Q8VZS3	HHO2	15
Q8VZS8	PYL1	13
Q8VZS9	FZR1	23
Q8VZU2	SYP132	13
Q8VZU3	SCPL19	21
Q8VZV9	PTAC7	8
Q8VZW1	NIP1-1	9
Q8W033	ALDH3I1	29
Q8W035	FPGS3	26
Q8W104	FBL17	23
Q8W117	SMU1	29
Q8W191	HYH	6
Q8W1E3	CDF1	15
Q8W1S1	DGD2	24
Q8W1W6	MYB33	20
Q8W1X2	PK	14
Q8W1Y3	KIN14F	58
Q8W206	CSN6A	14
Q8W234	SEU	28
Q8W2F1	BHLH12	21
Q8W2F3	PIF4	17
Q8W413	CWINV4	27
Q8W420	ADO2	29
Q8W453	DIR1	3
Q8W489	RAD4	44
Q8W493	LFNR2	17
Q8W496	PTC52	30
Q8W4A7	GUX3	24
Q8W4B1	RCF3	31
Q8W4B2	APEM9	17
Q8W4D0	CYP71	31
Q8W4D6	HCF173	40
Q8W4D8	DDL	16
Q8W4E1	RH47	28
Q8W4E2	VHA-B3	22
Q8W4E7	IREG3	20
Q8W4H7	A2	25
Q8W4I6	BPG2	35
Q8W4I7	CPK13	28
Q8W4J3	QSOX1	25
Q8W4J8	TIFY7	14
Q8W4J9	RPP8	50
Q8W4L3	BSK3	27
Q8W4L5	VAL1	35
Q8W4M5	PFP-BETA1	27
Q8W4M7	XPD	45
Q8W4P1	CDKC-2	32
Q8W4P8	MEB1	21
Q8W4P9	TT9	41
Q8W4Q4	MRF3	31
Q8W4Q5	RIN3	25
Q8W4S4	VHA-a3	34
Q8W4S5	At5g63710	26
Q8W570	UFD1C	13
Q8W575	CSN3	23
Q8W585	FTSH8	30
Q8W586	QQT2	14
Q8W593	At1g67280	18
Q8W595	SUVR4	27
Q8W5B1	VRN2	21
Q8W5R2	SGR2	53
Q8W5S1	CYCH1-1	21
Q93V43	TCP2	10
Q93V47	GG2	3
Q93V56	PPA1	7
Q93V58	GRIK1	14
Q93V66	FAX1	11
Q93V99	PDF2	25
Q93VB2	ATG18A	21
Q93VD3	CIPK23	21
Q93VH1	YIP4B	6
Q93VH6	GIF3	4
Q93VJ2	IRE1B	43
Q93VJ4	BEE2	16
Q93VK0	PPCK2	13
Q93VK5	CYP97A3	34
Q93VK8	GLV1	4
Q93VM9	THO1	26
Q93VP2	HIPP22	10
Q93VP3	ELF5A-2	10
Q93VQ0	VCL1	44
Q93VR3	At5g28840	23
Q93VT9	RPL10A	11
Q93VV9	PAM16L2	11
Q93VY3	NAC072	16
Q93W20	NIFU2	8
Q93W54	ICMTB	11
Q93W95	QUA3	28
Q93WC9	IPT3	19
Q93WE4	SINAT6	11
Q93WF6	SAG21	8
Q93WJ9	KAN1	19
Q93WK5	APRR7	36
Q93WL3	CLPT1	14
Q93WU8	WRKY54	8
Q93WX6	NFS2	21
Q93XM6	TGA9	19
Q93XW5	NSP5	19
Q93XX2	SEOA	40
Q93Y07	SFR2	32
Q93Y08	ABC1K8	41
Q93Y37	MNS3	31
Q93YN0	SCO2	9
Q93YN1	CRPK1	25
Q93YN8	REM4.1	13
Q93YN9	IPK1	24
Q93YP7	PPT1	13
Q93YQ1	RAPTOR1	58
Q93YR9	ARF16	40
Q93YT1	GLR3.2	35
Q93YU5	SEC8	60
Q93YV0	GES	49
Q93YV5	DA2	11
Q93YW7	CLS	15
Q93YZ7	AHASS1	30
Q93Z00	TCP14	13
Q93Z04	PMR6	19
Q93Z16	RPN2	39
Q93Z18	CKL3	23
Q93Z30	BHP	32
Q93Z53	PKP3	31
Q93Z75	UPS5	8
Q93Z81	CAX3	8
Q93ZA0	NYC1	22
Q93ZB2	KO	29
Q93ZC9	GLCAK1	20
Q93ZE2	TGA7	14
Q93ZE8	SDF2	5
Q93ZF6	AIRP1	8
Q93ZG3	ATCSA-1	25
Q93ZG7	RH38	30
Q93ZG9	FKBP53	22
Q93ZH0	LYM1	8
Q93ZH9	HHP1	13
Q93ZL5	CDF2	22
Q93ZM9	TIFY9	12
Q93ZN9	DAP	21
Q93ZR1	HAG3	31
Q93ZR6	WSD1	22
Q93ZS4	CIK1	28
Q93ZV7	LA1	24
Q93ZY2	ROPGEF1	34
Q93ZY3	STT3A	24
Q940A7	TAF12B	14
Q940B8	KIN13A	40
Q940D0	ARR1	31
Q940G0	TMN1	14
Q940G6	GID1C	16
Q940H2	GNAT3	11
Q940H6	SRK2E	15
Q940J1	ATHB-16	11
Q940L4	PLIP3	39
Q940L5	DSP4	12
Q940Q8	IRX10L	22
Q940S3	GLCNAC1PUT1	25
Q940T5	DURF2	17
Q940U6	FLU	14
Q940V4	CYP85A2	23
Q940X7	RBX1A	3
Q940X9	LARP1A	38
Q940Y5	PIN7	30
Q940Z2	ARP5	35
Q941C5	CLE44	8
Q941C7	PSY1	4
Q941D6	HDA14	15
Q941F1	DALL4	27
Q941I6	PMS1	52
Q941L0	CESA3	51
Q941L2	BAP1	12
Q941L3	BON1	28
Q941R4	GONST1	6
Q944A6	SNF4	21
Q944A7	BSK1	25
Q944G5	NPF2.10	22
Q944G9	FBA2	21
Q944H0	NMT2	32
Q944I4	GLYK	24
Q944K2	OST48	25
Q944L3	BIB	21
Q944P7	LAP2	28
Q944Q0	WNK8	24
Q945F0	DTX47	19
Q945K7	IDH5	17
Q945M1	CIB22	6
Q945M9	NFYA9	13
Q945P1	EULS3	14
Q945P8	LSM1A	6
Q945S5	CAX4	10
Q946J8	LHP1	15
Q946Y7	SYP61	16
Q947D2	PRAF1	55
Q948J9	LIP2P	15
Q948R1	DAD1	16
Q948R9	RFC3	13
Q949M9	GET3A	17
Q949N0	NAC053	20
Q949P1	CYP707A1	23
Q949P2	CYOP	38
Q949Q0	GLY1	16
Q949Q1	GAUT11	31
Q949Q5	PSAO	2
Q949S9	MOS4	15
Q949T8	ASHR3	27
Q949U1	CYP79F1	32
Q949U7	PRXIIE	15
Q949W6	KAKU4	20
Q949W8	XK2	27
Q949X0	ADS3	19
Q949X9	LPR2	23
Q949Y0	UBP6	23
Q949Y3	PAP26	25
Q949Y5	EGY1	21
Q94A02	TAR2	17
Q94A03	CDS4	14
Q94A05	HPGT2	19
Q94A06	MKK1	15
Q94A15	APTG1	22
Q94A28	ACO2	47
Q94A41	AMY3	46
Q94A52	EIF4A3	25
Q94A57	PHL2	15
Q94A76	GORK	42
Q94A82	NUDT19	20
Q94A84	UGT72E1	18
Q94A97	UBC35	9
Q94A99	CGF1	11
Q94AA4	PFK3	26
Q94AA9	XGD1	16
Q94AC8	GNAT7	14
Q94AG2	SERK1	20
Q94AG6	SAMC1	16
Q94AH1	CAND2	9
Q94AH6	CUL1	37
Q94AH8	TPS6	51
Q94AH9	FIB2	17
Q94AI4	MTB	38
Q94AI6	SEC6	35
Q94AI7	TPL	48
Q94AK4	RZF1	13
Q94AM1	OOP	42
Q94AN2	CHER1	27
Q94AN4	At1g16060	14
Q94AP0	ALN	28
Q94AP3	WAT1	11
Q94AQ6	SRT2	21
Q94AQ8	PNSB2	17
Q94AR8	IIL1	22
Q94AS5	ICME	23
Q94AS9	CNGC4	29
Q94AT3	PUKI	16
Q94AU2	SEC221	12
Q94AU9	RBCX1	11
Q94AW8	ATJ3	17
Q94AX2	PTST	14
Q94AX4	DLD	28
Q94AX5	PAM71	12
Q94AY1	AO	39
Q94AY3	DRIP2	21
Q94B35	ISPH	30
Q94B38	GPT2	11
Q94B60	CLPP4	15
Q94B65	UTR7	6
Q94B74	NUDT2	16
Q94B78	GLDP1	42
Q94BM7	SPA4	43
Q94BN0	BT2	15
Q94BN2	SPMS	21
Q94BP0	SLK2	26
Q94BP7	AUG6	31
Q94BQ3	ASG2	34
Q94BR1	MRF1	37
Q94BR4	PRP19A	24
Q94BS2	MET1	21
Q94BT0	SPS1	48
Q94BT2	AIR12	8
Q94BT6	ADO1	26
Q94BT9	ATX1	5
Q94BU8	GSDA	8
Q94BV7	NDB2	28
Q94BX4	PIGA	19
Q94BZ1	ZIFL1	17
Q94BZ7	GYRBM	38
Q94C26	PCC1	1
Q94C32	MRG1	17
Q94C37	HDG2	25
Q94C49	PAT13	11
Q94C57	UGT73B2	17
Q94C69	CSP3	17
Q94C74	SHM2	29
Q94C95	ATG1A	26
Q94CB1	PME25	23
Q94CD1	HHT1	25
Q94CD5	ATG7	26
Q94CE4	BCA4	20
Q94CE5	POP2	25
Q94CF0	EHD1	31
Q94CG0	CIPK21	18
Q94CK0	WSD7	25
Q94CK9	LRP1	10
Q94CL6	NAR1	28
Q94CL7	PHR1	14
Q94CL9	KRP7	8
Q94EH2	TIM22-2	8
Q94EH8	ALY3	17
Q94EI3	PEX19-2	11
Q94F09	PDIL5-2	16
Q94F27	HPTG1	19
Q94F30	ESD4	26
Q94F47	UBC28	3
Q94F49	At5g27670	7
Q94F58	NAC089	18
Q94F62	BAK1	24
Q94F88	CMT3	38
Q94FB9	ABCD1	76
Q94FL6	MYB124	25
Q94FL7	MYB120	17
Q94FL9	MYB3R4	43
Q94FN2	MOR1	103
Q94FY7	VTE1	26
Q94IA6	CYP90D1	22
Q94IB8	LCB1	24
Q94IB9	ACER	5
Q94ID1	IPT7	19
Q94ID2	IPT5	17
Q94ID3	IPT1	18
Q94ID6	ERF12	4
Q94JL3	BHLH112	11
Q94JM3	ARF2	47
Q94JQ3	SHM3	28
Q94JQ4	RIDA	15
Q94JQ6	CESA6	49
Q94JS0	UCR1-1	15
Q94JU3	CSN7	10
Q94JV5	NLP2	17
Q94JY4	BRK1	5
Q94K05	CCT8	32
Q94K07	NAP1;3	18
Q94K43	FMOGS-OX2	24
Q94K49	ALP1	15
Q94K66	ELIP2	9
Q94K71	CBBY	18
Q94K75	RHON1	15
Q94K80	LARP1C	21
Q94K85	CATHB3	17
Q94KD3	VPS52	41
Q94KE0	ESL1	17
Q94KE2	TIC	59
Q94KI8	TPC1	20
Q94KL5	BLH4	19
Q94KT8	COB	21
Q96242	CYP74A	32
Q96247	AUX1	7
Q96255	PSAT1	21
Q96262	PCAP1	15
Q96266	GSTF8	16
Q96285	LECRK55	25
Q96286	SAMDC1	11
Q96288	BBX24	13
Q96289	ZAT10	9
Q96290	MSSP1	24
Q96291	BAS1	16
Q96292	ACT2	21
Q96293	ACT8	21
Q96301	SPY	41
Q96303	PHT1-4	19
Q96305	GRXC7	8
Q96318	CRC	28
Q96321	IMPA1	22
Q96323	LDOX	19
Q96327	EBP1	20
Q96329	ACX4	18
Q96330	FLS1	16
Q96500	LIR1	5
Q96511	PER69	19
Q96520	PER12	15
Q96524	CRY2	29
Q96528	CAT1	25
Q96529	PURA	29
Q96533	ADH2	17
Q9AR07	JMT	20
Q9AR19	HAG1	27
Q9ASP6	LIF2	23
Q9ASQ2	MAMYB	15
Q9ASR0	TUBB3	20
Q9ASR1	LOS1	44
Q9ASS2	FREE1	24
Q9ASS4	At5g48380	28
Q9ASS6	PNSL5	15
Q9AST3	SBH2	8
Q9AST8	ROSY1	10
Q9ASU1	DGAT2	10
Q9ASV5	MIC60	34
Q9ASW1	GALT3	35
Q9ASW3	IQD21	20
Q9ASY9	TENA_E	16
Q9ASZ1	GEBP	16
Q9AT00	TGD3	15
Q9AT76	AGL27	12
Q9ATB4	ADA2B	21
Q9ATY5	UVH3	67
Q9AUE0	CALS1	93
Q9AV97	KDSA1	15
Q9C4Z6	RACK1B	20
Q9C4Z7	MINE1	13
Q9C509	DPL1	19
Q9C512	MNS1	27
Q9C516	XLG3	43
Q9C518	TCP8	10
Q9C525	BGLU21	25
Q9C544	CM3	16
Q9C550	IPMS2	36
Q9C562	CIPK10	20
Q9C566	CYP40	18
Q9C587	RFC1	45
Q9C589	ATR7	7
Q9C598	NAC081	12
Q9C5C0	MPK18	38
Q9C5C2	TGG2	26
Q9C5C8	MSRB2	14
Q9C5G0	SUF4	5
Q9C5G5	SAC7	37
Q9C5H4	MTV1	27
Q9C5H5	MAPKKK5	29
Q9C5H9	GCP2	33
Q9C5I1	USP	32
Q9C5J3	RRC1	50
Q9C5J9	LIP1	15
Q9C5M0	DTC	15
Q9C5M3	LUP1	31
Q9C5P0	SUVH8	35
Q9C5P4	SUVH3	29
Q9C5Q2	DPBF4	12
Q9C5Q8	HEN1	42
Q9C5Q9	PP2A5	21
Q9C5R8	At5g06290	15
Q9C5S1	MKP1	43
Q9C5S2	IRE1A	38
Q9C5S8	CRK5	35
Q9C5S9	CRK6	38
Q9C5T4	WRKY18	14
Q9C5U0	AHK4	56
Q9C5U1	AHK3	55
Q9C5U2	AHK2	58
Q9C5V6	TOP6B	38
Q9C5W3	NADK2	52
Q9C5W7	TOM2A	11
Q9C5W9	ARF18	32
Q9C5X0	IAA34	11
Q9C5X3	KEU	39
Q9C5X4	ATX1	54
Q9C5X8	ABA3	43
Q9C5X9	HAC1	82
Q9C5Y0	PLDDELTA	50
Q9C5Y2	KAO2	23
Q9C5Z2	TIF3H1	16
Q9C5Z3	TIF3E1	28
Q9C639	LHCA5	11
Q9C658	DCP5	16
Q9C660	PERK10	27
Q9C664	TTM2	40
Q9C666	SNAT2	10
Q9C670	BHLH76	14
Q9C690	BHLH122	17
Q9C6B3	GAMMACA2	16
Q9C6B8	PIN1	25
Q9C6B9	NMT3	29
Q9C6K3	DF1	13
Q9C6K5	LSM3B	4
Q9C6L5	KCS5	26
Q9C6P3	CPK33	32
Q9C6W5	ABCG14	27
Q9C6Z1	NCED5	26
Q9C707	RHD6	15
Q9C744	DELTA-ADR	46
Q9C757	INT2	16
Q9C768	UGT76B1	23
Q9C774	RPN8B	16
Q9C778	ELP4	19
Q9C793	AGO7	44
Q9C7C4	EML1	18
Q9C7F5	NTF2B	6
Q9C7F7	LTPG1	10
Q9C7F8	ABCB13	56
Q9C7F9	AGM1	13
Q9C7G6	GNAT10	10
Q9C7S0	BZIP60	9
Q9C7S5	PSY1R	47
Q9C7S6	KTI2	8
Q9C7T7	CEPR2	43
Q9C7U7	MYB20	10
Q9C7W7	UGE4	15
Q9C7X0	ADR2	47
Q9C7Y2	MORF5	11
Q9C811	NUP160	74
Q9C826	ABA2	17
Q9C865	SH3P1	25
Q9C882	GTL1	16
Q9C888	PLDALPHA4	43
Q9C895	HUB2	55
Q9C8E6	PMI1	54
Q9C8E7	GLR3.3	49
Q9C8G5	OSCA3.1	38
Q9C8G9	ABCC1	72
Q9C8H3	FTIP4	33
Q9C8I6	IOS1	43
Q9C8J6	DALL2	28
Q9C8J7	TRO	26
Q9C8K2	ABCG12	32
Q9C8L4	GLY3	16
Q9C8M2	MSRB1	11
Q9C8M5	WAG1	24
Q9C8M9	SRF6	32
Q9C8N5	STOP1	22
Q9C8P8	BHLH80	9
Q9C8R8	NMAT1	41
Q9C8W9	NAC030	11
Q9C8X2	SUC5	15
Q9C8Y3	RGL1	22
Q9C8Y9	BGLU22	24
Q9C8Z9	BHLH148	11
Q9C909	RBG5	6
Q9C920	KDSB	15
Q9C923	NUG2	29
Q9C942	CSE	11
Q9C951	WAPL2	30
Q9C958	SRK2B	18
Q9C969	ISS1	18
Q9C971	GA3OX4	17
Q9C9B0	UGT89B1	21
Q9C9B9	TTM1	36
Q9C9C0	SPPA	35
Q9C9C4	ENO1	22
Q9C9C9	SOT18	20
Q9C9D0	SOT16	20
Q9C9E3	TIFY11B	15
Q9C9F5	C3H15	14
Q9C9G4	ENDO2	13
Q9C9G6	AE7	7
Q9C9H1	GIS3	12
Q9C9H8	SCYL2B	38
Q9C9K2	CP12-3	8
Q9C9K7	AHL29	8
Q9C9L2	TCP15	4
Q9C9L4	HO3	13
Q9C9L5	WAKL9	35
Q9C9M3	PXMT1	20
Q9C9M6	ASF1A	6
Q9C9M7	CDKD-2	21
Q9C9P4	KAS2	17
Q9C9Q4	JAC1	33
Q9C9Q8	QUA2	40
Q9C9T2	SARD1	22
Q9C9T3	GIP2	5
Q9C9U2	CDKD-1	24
Q9C9U3	DOX2	36
Q9C9U4	MPK15	35
Q9C9U5	SIS8	50
Q9C9W4	TSM1	12
Q9C9W5	HPR	27
Q9C9W9	ADO3	33
Q9C9X0	MAP70.1	28
Q9C9X3	ANN5	19
Q9C9X7	IDD14	17
Q9C9Y6	TRX9	9
Q9C9Z2	RER3	11
Q9C9Z9	ELD1	32
Q9CA40	NUDT1	9
Q9CA42	CRWN3	52
Q9CA45	SOFL2	3
Q9CA51	MIF1	5
Q9CA59	NRP1	10
Q9CA61	CYP98A8	24
Q9CA64	PRE3	6
Q9CA67	CHLP	25
Q9CA75	XXT5	23
Q9CA78	NMAT4	47
Q9CA83	NADP-ME4	31
Q9CA86	PEX2	22
Q9CA89	ROPGEF12	29
Q9CA90	HPR2	15
Q9CA93	BAC2	19
Q9CAA4	BIM2	13
Q9CAB7	PXG4	12
Q9CAC4	MYOB2	34
Q9CAC5	ndhL	6
Q9CAD0	BHLH2	23
Q9CAD5	YDA	41
Q9CAE3	FLD	36
Q9CAE4	SNRNP31	11
Q9CAF2	NUDT26	9
Q9CAF4	NUP1	49
Q9CAF5	ABCI6	18
Q9CAF6	GYRA	46
Q9CAG3	LOX6	48
Q9CAJ0	HAB1	15
Q9CAK8	ISPF	10
Q9CAL3	CRK2	33
Q9CAL8	PERK13	29
Q9CAN8	LPCAT2	16
Q9CAQ8	RFC5	27
Q9CAR0	NAC032	15
Q9CAV6	WNK1	31
Q9CB01	RABF1	13
Q9FDW1	MYB44	13
Q9FDX9	GG1	6
Q9FE17	SRT1	28
Q9FE20	PBS1	23
Q9FE22	HFR1	8
Q9FE25	MYB75	13
Q9FE38	POT3	27
Q9FE46	GSTF12	11
Q9FE59	SUC4	7
Q9FE63	PRF3	5
Q9FE67	ERF9	10
Q9FEA2	OVA3	28
Q9FEB5	DSP4	25
Q9FEC1	OHP2	13
Q9FEE2	TON2	29
Q9FEF8	FIB1	15
Q9FEN9	SHL	9
Q9FF29	PR5K	34
Q9FF55	PDIL1-4	34
Q9FF75	SUN1	24
Q9FF80	SUVH1	23
Q9FF81	VPS36	30
Q9FF86	DCR	19
Q9FF98	ML3	6
Q9FFA7	RUP2	20
Q9FFB6	RZPF34	17
Q9FFC0	At5g22880	9
Q9FFC7	EMB86	61
Q9FFD0	PIN5	17
Q9FFD5	RIC4	7
Q9FFD8	MBS2	6
Q9FFD9	SEI1	12
Q9FFF2	UCH1	17
Q9FFF4	AHASS2	26
Q9FFF6	JOX2	16
Q9FFH0	GLK2	12
Q9FFH1	RLT2	77
Q9FFH3	NUC	18
Q9FFI2	ATG5	17
Q9FFK1	SYP31	14
Q9FFK6	NUP88	40
Q9FFK8	NFXL2	39
Q9FFL1	RMV1	14
Q9FFN7	DGK2	33
Q9FFP9	SRK2H	17
Q9FFR3	PGD3	25
Q9FFW5	PERK8	22
Q9FFX6	EXO70C2	37
Q9FFY9	TRP4	24
Q9FFZ1	PPH	19
Q9FG00	SUC9	16
Q9FG01	ATO	28
Q9FG13	CXE15	15
Q9FG29	EML2	18
Q9FG31	LEA46	6
Q9FG37	GCP3	46
Q9FG38	SNX1	28
Q9FG61	At5g36250	20
Q9FG67	MAM1	28
Q9FG73	NOP2A	25
Q9FG74	D6PK	21
Q9FG77	WRKY2	25
Q9FG87	KCS20	27
Q9FG93	MNS4	24
Q9FGB1	CBC2	19
Q9FGC7	ZEP	33
Q9FGF6	GLV2	3
Q9FGH9	EXO70B1	35
Q9FGI6	EMB1467	36
Q9FGJ3	NFYB2	6
Q9FGL5	CEPR1	43
Q9FGM0	FTSH11	42
Q9FGM1	PYL8	13
Q9FGN0	COG7	42
Q9FGQ2	SWEET13	9
Q9FGQ6	EB1C	18
Q9FGQ9	FLZ1	7
Q9FGR9	CEP1	20
Q9FGS4	QS	38
Q9FGS5	NRT3.1	12
Q9FGT1	ROS3	34
Q9FGT8	TIL	7
Q9FGV1	ARF8	30
Q9FGW5	CDKG1	31
Q9FGW9	GTE10	53
Q9FGX2	BZIP1	4
Q9FGY1	BXL1	40
Q9FH02	FTSH5	28
Q9FH18	WIP2	17
Q9FH36	GAUT12	28
Q9FH37	ILR3	4
Q9FH40	TAF14B	13
Q9FH59	NAC105	12
Q9FH76	CYP707A3	22
Q9FHA7	HEC1	10
Q9FHD7	BSK8	27
Q9FHE4	BRG1	15
Q9FHG4	LECRKS7	30
Q9FHH2	SMAX1	54
Q9FHI1	MOB1A	11
Q9FHK4	EDR4	30
Q9FHM4	MAP65-3	29
Q9FHN8	KIN14E	61
Q9FHP6	CAR1	10
Q9FHW2	SWC6	6
Q9FHW7	SKP1B	9
Q9FHX3	LECRKS6	31
Q9FHX5	At5g42100	12
Q9FHY8	HLB1	21
Q9FHZ1	SCL23	17
Q9FI21	At5g44440	28
Q9FI37	THAS1	30
Q9FI39	CYP705A5	25
Q9FI43	APC2	26
Q9FI46	CRL	12
Q9FI53	FUM2	25
Q9FI56	CLPC1	45
Q9FIA0	UGT76C2	18
Q9FIB6	RPN5A	26
Q9FIC3	BOLA2	4
Q9FIE3	VIN3	29
Q9FIE8	UXS3	21
Q9FIF5	SAG113	22
Q9FIG9	ARC6	45
Q9FII5	TDR	37
Q9FII7	SMC6B	58
Q9FIJ0	RBOHD	53
Q9FIJ6	CCR4	33
Q9FIK7	ACCT1	22
Q9FIL1	BSK5	27
Q9FIL7	CRCK1	28
Q9FIM9	CRK4	29
Q9FIP9	MYC3	21
Q9FIQ5	TRN2	8
Q9FIR9	LSU2	6
Q9FIS1	AGL42	11
Q9FIT8	AGD1	40
Q9FIU5	CRLK1	27
Q9FIW0	ARACIN1	3
Q9FIW1	STMP9	2
Q9FIW4	BGLU42	26
Q9FIW9	ZHD10	10
Q9FIZ3	GSO2	47
Q9FJ00	RSL1	11
Q9FJ07	MYB111	13
Q9FJ17	DI19-7	8
Q9FJ47	SAG12	13
Q9FJ49	PYL12	6
Q9FJ50	PYL11	6
Q9FJ54	CIPK20	20
Q9FJ57	TRN1	75
Q9FJ62	GDPDL4	25
Q9FJ87	DTX50	19
Q9FJ95	SDH	21
Q9FJ98	NRPB6A	4
Q9FJA2	TT2	13
Q9FJD0	VPS26A	19
Q9FJD4	KPNB1	42
Q9FJE8	At5g59870	7
Q9FJF4	MBD7	22
Q9FJF5	SOK5	29
Q9FJG9	RUG3	21
Q9FJH5	HIPP03	14
Q9FJI1	AAK6	4
Q9FJI2	MTHD	7
Q9FJI5	G6PD6	34
Q9FJJ5	EB1B	14
Q9FJL0	SMC4	72
Q9FJL3	FKBP65	26
Q9FJP9	SDH2-3	10
Q9FJR0	UPF1	54
Q9FJR9	NMAT2	43
Q9FJT7	NDL1	11
Q9FJV0	MKK6	14
Q9FJV5	KAN4	12
Q9FJW3	WIH1	2
Q9FJW4	FRO1	9
Q9FJW5	TRB2	16
Q9FJX0	CYP65	31
Q9FJX3	VDAC2	16
Q9FJX5	BT4	22
Q9FJZ3	MAN7	16
Q9FJZ9	PER72	18
Q9FK04	WSD10	23
Q9FK12	CRF3	8
Q9FK13	PDV1	14
Q9FK25	OMT1	19
Q9FK47	MYR1	25
Q9FK51	At5g18200	16
Q9FK60	CSD3	8
Q9FK63	CAMRLK	27
Q9FK72	HSFA4C	20
Q9FK88	INVE	38
Q9FK96	DMP9	11
Q9FKA0	NAC92	16
Q9FKA4	PER62	18
Q9FKA7	ORTH1	26
Q9FKB0	LSM5	4
Q9FKB3	At5g48840	18
Q9FKF4	OR	11
Q9FKG3	PFK4	28
Q9FKI0	FIM5	37
Q9FKI4	NAA10	10
Q9FKL2	MYB36	13
Q9FKL9	XTH12	11
Q9FKM7	IAA33	6
Q9FKP4	KIN14B	66
Q9FKP8	ZHD1	11
Q9FKQ7	SUPA	8
Q9FKS0	UKL1	30
Q9FKS4	ATR	132
Q9FKS5	CYC1-2	15
Q9FKS8	LHT1	9
Q9FKT1	LLG1	6
Q9FKW0	RING1A	25
Q9FKW4	CPK28	28
Q9FKW6	LFNR1	21
Q9FL12	DEGP9	22
Q9FL26	WRKY8	9
Q9FL28	FLS2	46
Q9FL33	MCM3	47
Q9FL59	FTIP1	34
Q9FL69	AGD5	16
Q9FL92	RRS1B	59
Q9FLB1	PYL5	6
Q9FLC0	PER52	11
Q9FLD5	AATP1	23
Q9FLF7	HAM1	22
Q9FLG1	BXL4	34
Q9FLH0	CRWN4	59
Q9FLI3	AHG1	20
Q9FLI5	OMA1	23
Q9FLI7	NEET	6
Q9FLL1	NOB1	26
Q9FLN0	GLIP1	14
Q9FLN8	IAMT1	15
Q9FLN9	PXG2	9
Q9FLP0	MAP65-1	25
Q9FLP6	SUMO2	6
Q9FLP9	VTC5	20
Q9FLQ4	At5g55070	21
Q9FLR1	MYB29	10
Q9FLR5	SMC6A	58
Q9FLS8	APC1	26
Q9FLT0	TSN2	53
Q9FLT2	IPK2b	14
Q9FLT5	ABCA9	44
Q9FLT9	HP30-2	9
Q9FLU1	BIN4	20
Q9FLV0	DMR6	16
Q9FLV9	SLAH3	31
Q9FLW9	PKP2	29
Q9FLY0	SARD4	13
Q9FLY5	GNL1	76
Q9FLZ5	PTEN1	16
Q9FM01	UGD4	27
Q9FM03	DOF5.6	9
Q9FM65	FLA1	17
Q9FM79	QRT1	16
Q9FM80	MTERF9	20
Q9FM96	PSL4	27
Q9FMA3	PEX5	31
Q9FMA5	CYP85A1	23
Q9FMD5	TIC40	22
Q9FMD7	At5g16590	38
Q9FMD9	GLN1-4	11
Q9FME2	NTF2	23
Q9FME3	TCP5	8
Q9FME4	PNM1	34
Q9FMF5	RPT3	41
Q9FMF7	DIT2-1	16
Q9FMH6	WPP1	7
Q9FMJ0	PI4KB1	50
Q9FMK7	BT1	15
Q9FML2	HDA6	25
Q9FMM3	EXA1	84
Q9FMN0	SCP2	9
Q9FMN2	PAH2	46
Q9FMP3	PYD2	24
Q9FMP5	CPK17	27
Q9FMR9	RIN1	21
Q9FMS5	MS1	38
Q9FMT1	IMDH1	20
Q9FMT4	At5g14170	26
Q9FMU6	MPT3	22
Q9FMV1	GAMMACAL1	13
Q9FMV5	NFYC4	7
Q9FMW9	ICMTA	6
Q9FMX0	FSD3	13
Q9FMY3	At5g23170	16
Q9FMY5	U2AF35B	8
Q9FMZ0	BKI1	16
Q9FN02	PP7	15
Q9FN03	UVR8	24
Q9FN05	PSL5	42
Q9FN09	NPY3	33
Q9FN18	NRAMP4	11
Q9FN37	PSKR2	53
Q9FN42	CLPP2	12
Q9FN48	CAS	19
Q9FN50	CPP1	9
Q9FN52	MAM3	26
Q9FN69	GL3	26
Q9FN94	At5g59670	36
Q9FNA2	PAO1	21
Q9FNA4	ELP1	57
Q9FNA9	PDAT1	34
Q9FNB0	CHLH	62
Q9FNC7	SUVR2	32
Q9FNE4	PDP3	53
Q9FNE9	ATXR6	20
Q9FNF2	SS1	33
Q9FNG3	RICE2	14
Q9FNH6	NHL3	12
Q9FNI1	GIR1	5
Q9FNI6	RAD5A	52
Q9FNK4	DELTA-OAT	25
Q9FNL7	NPF5.2	23
Q9FNN2	WDR26	31
Q9FNN3	ILP1	43
Q9FNN6	SRM1	10
Q9FNP1	PEX1	56
Q9FNP4	PIA2	9
Q9FNQ0	VIP4	33
Q9FNQ2	PDCB1	5
Q9FNR1	RBG3	6
Q9FNR3	EXO70E2	34
Q9FNX5	DRP1E	38
Q9FNX8	LOX4	43
Q9FNY0	E2FA	15
Q9FNY2	DPB	10
Q9FNY3	DPA	12
Q9FNY4	POLL	23
Q9FNY7	OGG1	14
Q9FNZ4	NIMIN-3	6
Q9FNZ5	NIMIN-1	8
Q9FPF0	DJ1A	14
Q9FPH3	THA2	21
Q9FPN7	AGL31	10
Q9FPQ8	KNAT7	13
Q9FPR3	EDR1	41
Q9FPS9	UBP15	37
Q9FPT1	UBP12	59
Q9FQ02	XRN2	39
Q9FQ03	XRN3	47
Q9FQ04	XRN4	48
Q9FQ08	KU70	35
Q9FQ09	KU80	42
Q9FQ24	TON1B	15
Q9FQ25	TON1A	15
Q9FR37	AMI1	16
Q9FR44	NMT1	36
Q9FR53	TOR	126
Q9FR97	MYB65	19
Q9FRH4	IDD16	13
Q9FRH7	TULP10	28
Q9FRL5	ZHD5	13
Q9FRL8	DHAR2	16
Q9FRS6	PXL1	43
Q9FRV4	NAC054	10
Q9FS16	EXT3	28
Q9FT52	At3g52300	11
Q9FT54	GTE6	15
Q9FT70	RECQL4B	59
Q9FT72	RECQL3	39
Q9FT73	RECQL2	33
Q9FT74	RECQL1	32
Q9FT77	RLM3	48
Q9FT81	TT8	19
Q9FTA2	TCP21	7
Q9FUA4	SPT	10
Q9FUD3	BZIP9	11
Q9FUG4	XPB2	34
Q9FUJ1	CKX7	19
Q9FUJ3	CKX2	24
Q9FUP0	OPR3	22
Q9FUR2	IP5P2	29
Q9FUS6	GSTU13	8
Q9FUS8	GSTU17	11
Q9FUT3	ABCB23	32
Q9FUY2	LUG	35
Q9FUY7	CYP79F2	33
Q9FUZ2	PDF1B	18
Q9FV53	PDF1A	18
Q9FV70	E2FC	21
Q9FV71	E2FB	19
Q9FV81	GATB	34
Q9FVC1	SVP	10
Q9FVE6	HDT1	12
Q9FVI6	HDG6	30
Q9FVJ3	AGD12	14
Q9FVQ1	NUCL1	33
Q9FVQ4	PLGG1	16
Q9FVQ6	PRR1	11
Q9FVU0	CYB	7
Q9FVU9	CSN5B	20
Q9FVV7	RAD52-1	14
Q9FVW4	UPF3	24
Q9FVX0	CYCA1-2	21
Q9FWA3	PGD2	27
Q9FWA6	PCMP-E90	56
Q9FWR4	DHAR1	14
Q9FWS6	BBD1	14
Q9FWX2	NAC007	14
Q9FWX7	ABCB11	59
Q9FX01	3BETAHSD/D1	22
Q9FX21	STT3B	36
Q9FX31	HDG11	26
Q9FX32	SUS6	50
Q9FX36	MYB54	10
Q9FX43	MKK9	15
Q9FX53	GT-1	21
Q9FX54	GAPC2	20
Q9FX67	HRS1	11
Q9FX68	WIP6	11
Q9FXA3	BHLH95	9
Q9FXA8	INVA	38
Q9FXD6	ARR11	23
Q9FXF2	RKF1	52
Q9FXG3	RWA4	25
Q9FXG8	BLH10	21
Q9FXT6	PEX14	25
Q9FY48	KEG	79
Q9FY54	SPS2	46
Q9FY74	CAMTA1	38
Q9FY89	VPS20.2	12
Q9FY93	NAC083	11
Q9FY94	SWEET15	8
Q9FY95	EXO70C1	33
Q9FY99	G6PD2	35
Q9FYB7	RS2Z32	11
Q9FYC2	PAO	33
Q9FYC4	FAMT	17
Q9FYE1	AMC9	17
Q9FYK0	TMK2	40
Q9FYK5	ESR2	12
Q9FYL3	ALB4	22
Q9FYR6	OVA6	31
Q9FZ06	KINUA	50
Q9FZ33	AXR4	18
Q9FZ42	ChlADR1	15
Q9FZ48	UBC36	9
Q9FZ49	ALG9	23
Q9FZ59	PEPR2	49
Q9FZ80	SOT17	21
Q9FZ97	MUCI70	25
Q9FZA2	AGP31	13
Q9FZC4	FOX1	29
Q9FZE1	UGD1	29
Q9FZE4	CLE9	8
Q9FZF1	PEX11A	10
Q9FZH5	PMI2	20
Q9FZJ1	IRX10	21
Q9FZK4	NTF2A	4
Q9LD28	RAT5	7
Q9LD43	CAC3	41
Q9LD44	NAC056	17
Q9LD45	BI-1	8
Q9LD47	CCS	16
Q9LD57	PGK1	32
Q9LD83	SLAC1	25
Q9LD90	CBF5	29
Q9LD95	SIGF	28
Q9LDC0	FKBP42	16
Q9LDE1	MYB108	7
Q9LDE2	BPC2	10
Q9LDE4	ERF7	5
Q9LDF2	LOH1	9
Q9LDH0	XYLT	24
Q9LDH1	SIB1	6
Q9LDI3	CIPK24	21
Q9LDM2	RRP45A	10
Q9LDN0	KIN12A	70
Q9LDT3	YAB4	9
Q9LDU5	TIFY11A	12
Q9LDU6	DWF5	9
Q9LDV4	ALAAT2	26
Q9LDX1	SGS3	35
Q9LDZ0	HSP70-10	38
Q9LE06	BCAT4	21
Q9LE33	HPR3	10
Q9LE59	GAUT1	44
Q9LE81	IRE	64
Q9LE82	RANGAP1	25
Q9LE86	S8H	16
Q9LEQ3	CNGC18	27
Q9LES2	UBA2A	21
Q9LES3	DPBF3	12
Q9LEX1	CLB	24
Q9LEZ1	SOB5	4
Q9LEZ3	BIM1	21
Q9LEZ4	MBP2C	16
Q9LF05	S-ACP-DES3	24
Q9LF33	UGD3	27
Q9LF37	CLPB3	51
Q9LF41	PUB1	56
Q9LF50	MEX1	10
Q9LF53	RGL3	25
Q9LF79	ACA8	46
Q9LF98	FBA8	22
Q9LFA2	KIPK1	47
Q9LFC0	HAKAI	9
Q9LFC6	FRB1	29
Q9LFD5	BPA1	10
Q9LFE0	DOT2	32
Q9LFE2	TOZ	48
Q9LFF9	PPA4	9
Q9LFG0	ZAT18	9
Q9LFH0	ABCG37	65
Q9LFJ8	UGT78D2	15
Q9LFL6	BKN2	18
Q9LFL7	BKN1	17
Q9LFM5	YUC4	25
Q9LFN6	RH56	23
Q9LFP6	PIN8	13
Q9LFP7	PBL34	29
Q9LFQ9	E2FD	18
Q9LFR0	GMII	53
Q9LFS4	CIK5	30
Q9LFT6	HNL	14
Q9LFT8	CDKC-1	32
Q9LFU0	DOT3	36
Q9LFU9	GNA1	6
Q9LFV6	RPOT2	51
Q9LFW1	RGP2	23
Q9LFX9	NPF2.12	15
Q9LFY0	PTST2	28
Q9LG05	WRKY10	10
Q9LG26	PARN	42
Q9LH50	RABA4D	15
Q9LH52	FLR1	18
Q9LHA8	HSP70-4	36
Q9LHB9	PER32	18
Q9LHE5	TOM40-1	14
Q9LHE7	FYPP3	15
Q9LHE9	VIII-1	63
Q9LHF0	ZHD9	15
Q9LHF5	VIL1	27
Q9LHG8	ELC	15
Q9LHJ9	PP2C38	15
Q9LHL5	RGTB2	11
Q9LHN8	F6'H1	17
Q9LHP2	SCL30A	14
Q9LHP4	RGI1	44
Q9LHR4	At3g32040	14
Q9LI64	GLV3	7
Q9LI74	CHUP1	53
Q9LIA0	At3g29430	14
Q9LIA8	UGD2	27
Q9LIB2	PHS1	50
Q9LIC2	TMN7	20
Q9LIE5	FHY3	37
Q9LIG2	At3g21340	39
Q9LIH6	UNG	20
Q9LIK0	PKP1	27
Q9LIN3	RZ1A	12
Q9LIN9	PAGR	28
Q9LIP9	GFAT1	32
Q9LIQ6	ING1	9
Q9LIQ9	BLI	34
Q9LIR4	DHAD	27
Q9LIR6	BAM1	30
Q9LIS2	RBG4	6
Q9LIS3	GAE6	24
Q9LJ86	LTPG5	4
Q9LJ97	RAB28	9
Q9LJ98	PFD2	8
Q9LJB4	5MAT	23
Q9LJB7	BBX32	12
Q9LJD8	M3KE1	63
Q9LJE2	OVA5	32
Q9LJE4	CPN60B2	34
Q9LJE5	ECT2	26
Q9LJF3	BRL3	51
Q9LJG3	ESM1	16
Q9LJG6	PANS1	13
Q9LJH5	GLO4	13
Q9LJI2	CCX3	19
Q9LJK1	FUT11	26
Q9LJK3	LOH2	12
Q9LJL3	PREP1	65
Q9LJL9	CRK2	34
Q9LJM4	IKU2	55
Q9LJN8	BUB3.1	21
Q9LJP4	CSLC4	31
Q9LJR2	LEC	14
Q9LJR3	SPA3	44
Q9LJR7	XTH3	11
Q9LJS0	RLP42	32
Q9LJU0	COBL10	29
Q9LJW3	NAC59	13
Q9LJX0	ABCB19	62
Q9LJX4	APUM5	49
Q9LJX8	dVPE	21
Q9LJY0	PRK4	36
Q9LJY2	At3g20160	16
Q9LJZ5	UBC19	10
Q9LK23	G6PD5	32
Q9LK34	UKL2	27
Q9LK35	THE1	30
Q9LK40	NRPD2	57
Q9LK43	TMK4	37
Q9LK50	ABCG26	26
Q9LK64	ABCC3	68
Q9LK94	MDAR4	26
Q9LK95	MYB21	4
Q9LKA3	At3g15020	15
Q9LKA5	MORF8	18
Q9LKB9	XI-2	80
Q9LKF9	CPSF100	36
Q9LKG8	NAC091	23
Q9LKI5	UVH1	45
Q9LKJ1	CHY1	21
Q9LKL2	APRR1	20
Q9LKR3	BIP1	32
Q9LKW9	NHX7	52
Q9LKZ3	RBR1	55
Q9LL84	LIG4	65
Q9LLC1	BCCP2	12
Q9LM15	RAP2-13	9
Q9LM33	MPK8	33
Q9LM46	AGL104	12
Q9LM66	XCP2	17
Q9LM76	PUB44	46
Q9LM84	WOX14	6
Q9LM92	SMD3B	8
Q9LM93	DPMS1	16
Q9LMA1	FMO1	24
Q9LMA8	TIFY10A	11
Q9LME4	At1g22280	16
Q9LMG7	PAP2	28
Q9LMH0	KTI12	17
Q9LMJ4	EXO70B2	33
Q9LML2	SMXL6	57
Q9LMM5	MPK11	19
Q9LMN4	LSM3A	4
Q9LMN6	WAK4	34
Q9LMN7	WAK5	31
Q9LMN8	WAK3	35
Q9LMP1	WAK2	36
Q9LMR3	TYRAAT2	18
Q9LMT0	CDKD-3	24
Q9LMT2	PAPS1	33
Q9LMT8	HDG12	30
Q9LMX7	CYP78A5	27
Q9LN09	DPB3-1	11
Q9LN59	WAKL11	34
Q9LN63	BZR2	14
Q9LN68	GATL1	15
Q9LN86	DREB1F	8
Q9LNC4	GTE4	39
Q9LNC5	CLO	51
Q9LNE6	UGT89C1	19
Q9LNE8	AIPP1	9
Q9LNJ4	CYP703A2	32
Q9LNJ5	BHLH13	27
Q9LNJ9	FKGP	50
Q9LNN7	GRI	7
Q9LNP9	HAB2	18
Q9LNR3	LOX3	46
Q9LNT9	ASK4	8
Q9LNU1	CRSP	28
Q9LNU4	RPN3A	33
Q9LNW3	AIP1	20
Q9LP51	CIPK18	28
Q9LP77	RKL1	33
Q9LPC6	KINUB	48
Q9LPD9	MCM2	48
Q9LPG6	RHM2	35
Q9LPL4	SKP2A	19
Q9LPM9	BCAT6	22
Q9LPP4	SMR1	9
Q9LPQ3	MKK7	13
Q9LPR4	IPMS1	33
Q9LPS1	HXK3	26
Q9LPT1	PRK5	34
Q9LPW0	GAPA2	21
Q9LPW3	SCRM2	12
Q9LPW7	AFB3	25
Q9LPZ1	MORF9	14
Q9LPZ4	PYM	6
Q9LPZ9	SD113	43
Q9LQ02	NRPD1	73
Q9LQ04	NRS/ER	16
Q9LQ12	4CLL1	25
Q9LQ32	GXM3	15
Q9LQ55	DRP2B	56
Q9LQ73	PEX11C	11
Q9LQF0	TCP23	6
Q9LQF2	CINV1	34
Q9LQK0	DRG1	23
Q9LQL2	NPF7.3	24
Q9LQQ4	At1g07790	8
Q9LQQ9	MPK13	21
Q9LQT8	GAI	22
Q9LQW3	ZHD14	8
Q9LQX2	MPSR1	11
Q9LQZ7	BBX21	13
Q9LR29	TAR1	18
Q9LR30	GGAT1	25
Q9LR44	UGT75B1	20
Q9LR47	IP5P6	30
Q9LR64	PSB27-1	6
Q9LR75	CPX1	24
Q9LR78	BSU1	37
Q9LR91	GNAT5	19
Q9LRH6	GATA25	4
Q9LRM7	NCED6	26
Q9LRR0	At3g14510	18
Q9LRR7	NCED3	28
Q9LRR9	GLO1	21
Q9LRS0	GLO2	22
Q9LRZ5	PLDZETA1	60
Q9LRZ6	TPS24	32
Q9LS00	HHO1	16
Q9LS08	BHLH32	18
Q9LS09	ASF1B	6
Q9LS24	NAC096	9
Q9LS26	BSK2	31
Q9LS40	ASPG1	22
Q9LS90	LFR	17
Q9LS94	RABG3F	13
Q9LSA9	PUMPKIN	16
Q9LSB1	GUX1	30
Q9LSB4	NAI2	48
Q9LSC4	PGM48	19
Q9LSD0	TSO2	18
Q9LSD5	TCP20	8
Q9LSD6	ARP2	19
Q9LSE1	CDG1	30
Q9LSE2	SCRM	14
Q9LSF1	OXI1	19
Q9LSF6	VTL5	9
Q9LSF8	CYP82G1	27
Q9LSG3	GAUT8	29
Q9LSI7	MYB35	10
Q9LSI9	BIR2	33
Q9LSL5	LECRK92	28
Q9LSP7	UBC32	10
Q9LSP8	CAMTA6	37
Q9LSQ3	LRL3	10
Q9LSQ5	FQR1	8
Q9LSR8	LECRK19	24
Q9LSR9	LECRK18	27
Q9LSS0	LECRK17	25
Q9LSV0	GLYR1	16
Q9LSW8	ETFB	14
Q9LSY7	PER30	20
Q9LSZ9	LCB2a	25
Q9LT02	PDR2	55
Q9LT15	STP10	14
Q9LT31	VPS9A	27
Q9LT47	FIE	23
Q9LT57	CFM9	24
Q9LT68	NHD1	13
Q9LT69	PGDH3	30
Q9LT75	PTEN2A	30
Q9LT89	TCP19	10
Q9LT96	At5g49770	45
Q9LTA6	WAV3	41
Q9LTB0	EXO84B	37
Q9LTB8	CBL9	15
Q9LTC4	MYB15	8
Q9LTJ1	MBD6	10
Q9LTJ6	RUP1	16
Q9LTK0	I-2	8
Q9LTK3	HDG7	27
Q9LTR2	TGD2	21
Q9LTR9	NMT1	20
Q9LTS3	CKX3	25
Q9LTT8	VCS	63
Q9LTW4	NANA	19
Q9LTW5	AGC1-5	30
Q9LTX3	PPOX1	23
Q9LTX9	HSP70-7	34
Q9LU01	Y3IP1	16
Q9LU05	PCAP2	13
Q9LU10	DEGP8	20
Q9LU36	4CL4	26
Q9LU39	GLUTRBP	16
Q9LU40	MSR1	23
Q9LU41	ACA9	51
Q9LU44	SF1	19
Q9LU63	ATP1	10
Q9LU64	FSD2	11
Q9LU77	PIN2	26
Q9LU86	PRXQ	12
Q9LU89	B'ETA	32
Q9LU93	MAD2	12
Q9LUB7	OBE2	32
Q9LUD9	GGPP3	17
Q9LUE1	GGPPS9	16
Q9LUI2	NET1A	97
Q9LUI3	TSO1	33
Q9LUJ3	RDM1	10
Q9LUL2	WAG2	27
Q9LUL4	SRF7	30
Q9LUM0	FAB1B	95
Q9LUM4	RAP2-2	10
Q9LUR0	CAPH2	24
Q9LUR4	SWEET16	5
Q9LUS2	TOC120	51
Q9LUT0	CARK1	23
Q9LUT2	METK4	21
Q9LUW0	LOX5	46
Q9LUW5	RH53	38
Q9LUW6	RH9	29
Q9LUZ9	ATL63	13
Q9LV03	GLT1	122
Q9LV04	PAP14	36
Q9LV09	BOB1	18
Q9LV16	GALT6	34
Q9LV27	LST8-1	20
Q9LV28	RACK1C	20
Q9LV33	BGLU44	28
Q9LV37	MPK9	31
Q9LV48	PERK1	22
Q9LV58	MBF1C	9
Q9LV75	IRM1	3
Q9LV77	ASN2	25
Q9LV85	CPR5	23
Q9LV87	PROPEP1	5
Q9LVA0	BAG7	16
Q9LVA1	NAC101	11
Q9LVA9	GCD1	24
Q9LVB9	OXS3	6
Q9LVC0	AGP14	0
Q9LVD0	RID2	11
Q9LVD6	CYP81F2	29
Q9LVE2	B'ZETA	33
Q9LVF0	UGT84A2	18
Q9LVF4	DMP1	8
Q9LVG2	TOE2	25
Q9LVG4	APRR3	27
Q9LVH4	CAR4	10
Q9LVI4	TIFY6B	11
Q9LVI6	RLK902	35
Q9LVI8	GLN1-3	13
Q9LVI9	PYD1	26
Q9LVK9	ALA7	55
Q9LVM1	ABCB25	37
Q9LVM2	ndhN	13
Q9LVM5	TTL	14
Q9LVN7	POLD1	54
Q9LVP1	TOP3A	51
Q9LVP9	VTI13	14
Q9LVQ0	PME31	16
Q9LVQ7	ENY	18
Q9LVR1	UGT72E2	16
Q9LVS0	KUA1	11
Q9LVW3	A3G2XYLT	17
Q9LVW4	MYB118	12
Q9LVW6	THA8	11
Q9LVW7	CARA	18
Q9LVY0	PRFB1	23
Q9LW26	PES2	29
Q9LW27	CYP71B15	31
Q9LW29	AFB2	22
Q9LW31	FUS3	8
Q9LW57	PAP6	14
Q9LW83	CES101	42
Q9LW85	MFP1	38
Q9LX14	SOK2	23
Q9LX29	ACR4	40
Q9LX30	GCN2	60
Q9LX33	FTA	19
Q9LX66	HERK1	35
Q9LX93	ATL55	13
Q9LX99	KIN14A	63
Q9LXA5	LECRK91	31
Q9LXC9	PPA6	16
Q9LXD6	BXL3	39
Q9LXD7	HAM2	22
Q9LXD8	HEC3	5
Q9LXG0	ZHD8	13
Q9LXG5	PRE2	7
Q9LXG9	PCO1	14
Q9LXI8	ZPR3	4
Q9LXJ0	FTSZ2-2	19
Q9LXN4	HIRA	46
Q9LXR7	PAR2	4
Q9LXR8	PMD1	17
Q9LXR9	PGPP1	17
Q9LXT4	PCO5	9
Q9LXU0	CLE40	4
Q9LXV2	MYB46	8
Q9LXV3	DIT1	16
Q9LXV5	NFYA1	9
Q9LXW7	DCL3	89
Q9LXX5	PPD6	18
Q9LXX6	SEC15A	41
Q9LY00	WRKY70	6
Q9LY03	IRK	47
Q9LY08	GRP16	1
Q9LY09	GRP17	14
Q9LY15	MRSA2	7
Q9LY23	IPK2a	13
Q9LY28	APC3	25
Q9LY29	ERF115	6
Q9LY46	ESK1	19
Q9LY48	JOX3	22
Q9LY50	CCR3	31
Q9LY62	GMT1	16
Q9LY74	VTE3	17
Q9LY75	CYP63	23
Q9LY87	RGLG2	20
Q9LYA9	CSP41A	23
Q9LYC1	GID1B	20
Q9LYC2	NPL4B	20
Q9LYD9	EMF1	58
Q9LYE3	ASI1	37
Q9LYE4	FLZ10	17
Q9LYG3	NADP-ME2	26
Q9LYN2	FER3	13
Q9LYN8	EMS1	50
Q9LYP5	ARR21	25
Q9LYR2	UCR1-2	15
Q9LYT1	PAO3	22
Q9LYT3	DTX41	16
Q9LYT7	SSU3	17
Q9LYU3	ERF113	6
Q9LYU4	GH3.12	24
Q9LYU7	CRN	19
Q9LYU8	AK1	33
Q9LYW5	LUL1	18
Q9LYX1	LECRK82	29
Q9LZ03	TOP6A	26
Q9LZ46	At5g02560	5
Q9LZ56	DOF5.1	8
Q9LZ66	SIR	25
Q9LZ78	SIM	6
Q9LZ82	BTR1	19
Q9LZA6	SDP1	35
Q9LZD0	NCS1	15
Q9LZD3	EXO70A1	33
Q9LZF1	HIPP06	18
Q9LZF5	LLP	11
Q9LZF8	PCRK2	24
Q9LZG0	ADK2	16
Q9LZH5	LTPG2	1
Q9LZI2	UXS2	24
Q9LZJ3	XXT1	22
Q9LZK4	MYB11	15
Q9LZK5	ERDJ3B	17
Q9LZL3	PCS1	12
Q9LZM1	ORP3A	21
Q9LZM8	BLH9	18
Q9LZP8	BZIP53	7
Q9LZP9	CP12-2	5
Q9LZR3	CSLA9	27
Q9LZR5	HDT3	17
Q9LZS0	PTL	18
Q9LZS3	SBE2.2	39
Q9LZT0	At3g46030	8
Q9LZV4	STN8	20
Q9LZV7	PXC2	41
Q9LZW2	OFP1	13
Q9LZW4	CIPK14	21
Q9LZY0	MAP65-4	38
Q9M001	CDS5	16
Q9M020	LECRK63	34
Q9M021	LECRK62	34
Q9M022	AIRP2	11
Q9M024	TAAC	26
Q9M066	CYP90C1	26
Q9M077	AUR1	17
Q9M084	IBI1	34
Q9M086	DCAF1	91
Q9M092	WAKL17	44
Q9M099	SCPL24	21
Q9M0A7	GGP1	13
Q9M0B6	GAE1	21
Q9M0B9	IBL1	9
Q9M0D1	XTH19	17
Q9M0D7	PLA2-GAMMA	5
Q9M0E5	VPS15	69
Q9M0G0	GGT3	21
Q9M0G4	TYRDC	26
Q9M0G7	MIK1	44
Q9M0G9	ABCB24	32
Q9M0J5	MYB41	8
Q9M0K4	LAF1	12
Q9M0L0	DREB1A	4
Q9M0N8	GIP1	5
Q9M0V3	DDB1A	45
Q9M0X9	4CLL7	24
Q9M0Y8	NSF	39
Q9M0Z3	KEA3	31
Q9M0Z6	MSRB3	10
Q9M101	CPK23	31
Q9M111	SUS3	36
Q9M117	ARPC5A	7
Q9M126	NAC69	14
Q9M128	BHLH57	15
Q9M146	MGP4	14
Q9M156	UGT72B1	19
Q9M158	STR4	16
Q9M199	IQD13	29
Q9M1E2	NPF2.7	16
Q9M1E6	DOF3.2	9
Q9M1G4	LECRK15	25
Q9M1G6	BZIP25	21
Q9M1I7	NPR6	22
Q9M1J1	FIS1A	9
Q9M1K2	PIP5K4	46
Q9M1L7	PRK3	33
Q9M1Q2	CARK2	22
Q9M1Q9	ABCB21	58
Q9M1R4	IAA30	6
Q9M1S3	ARP1	8
Q9M1S8	AMP1	23
Q9M1U4	TCP16	3
Q9M1V2	SOT5	20
Q9M1V9	LFG2	6
Q9M1Z3	LSM6A	7
Q9M1Z5	MPK10	23
Q9M209	RRP45B	16
Q9M276	ATHB-12	11
Q9M297	CLSY1	62
Q9M2B0	RBX1B	3
Q9M2B9	CuAOgamma2	29
Q9M2D2	VCCN1	16
Q9M2E2	SDR1	19
Q9M2E8	HDG1	36
Q9M2G7	LPPD	13
Q9M2K0	XI-J	70
Q9M2K8	AGL18	11
Q9M2L4	ACA11	46
Q9M2N5	HAT	32
Q9M2P4	SINAT2	16
Q9M2R0	FTIP3	33
Q9M2R1	GIG1	17
Q9M2S4	LECRKS4	30
Q9M2S6	SDIR1	13
Q9M2T1	AP3BA	43
Q9M2T9	OVA1	32
Q9M2U1	DOF3.6	11
Q9M2U2	ECR	13
Q9M2U5	EP3	11
Q9M2V1	NCA1	29
Q9M2W3	PGPS2	11
Q9M2X3	TRB3	15
Q9M2Y6	CGR2	13
Q9M2Y8	ACS9	24
Q9M2Z1	BAM2	41
Q9M2Z2	WDR5A	14
Q9M2Z3	SEND1	29
Q9M304	LCB2b	27
Q9M324	BSK6	24
Q9M336	UPP	21
Q9M345	LECRK42	30
Q9M350	GCP4	39
Q9M353	CHX20	35
Q9M367	ATG6	27
Q9M374	CRF6	9
Q9M384	SCR	26
Q9M394	FLN1	22
Q9M3B0	PME34	27
Q9M3B1	WSD6	19
Q9M3B3	WSD4	26
Q9M3B9	ABCB20	60
Q9M3C6	PSA3	19
Q9M3D8	LECRK13	21
Q9M3E5	LECRK11	24
Q9M3G7	ATM	209
Q9M3H5	HMA1	35
Q9M401	BCAT3	19
Q9M439	BCAT2	17
Q9M4A1	SPO11-2	21
Q9M4A2	SPO11-1	20
Q9M4B5	PFD4	7
Q9M548	DRM2	29
Q9M591	CRD1	23
Q9M5A9	GPT1	12
Q9M5K2	LPD2	29
Q9M5K3	LPD1	28
Q9M622	RMR1	15
Q9M651	RANGAP2	27
Q9M658	MOM1	91
Q9M667	RPP13	44
Q9M670	RTM2	15
Q9M682	GK-2	22
Q9M7K4	POT5	26
Q9M7Q2	ABF4	12
Q9M7Q3	ABF3	15
Q9M7Q4	ABF2	18
Q9M7Q5	ABF1	16
Q9M7T0	PRXIIF	12
Q9M7X9	CITRX	8
Q9M7Z1	BCE2	24
Q9M841	PEX12	17
Q9M876	EMB2768	33
Q9M881	S-ACP-DES2	23
Q9M884	PMI1	16
Q9M8D3	At1g74260	72
Q9M8K7	DSPTP1B	7
Q9M8L4	GLPK	25
Q9M8M7	WIN1	26
Q9M8R4	DJ1D	12
Q9M8S0	MBS1	6
Q9M8S2	LIP2	34
Q9M8S6	SKOR	41
Q9M8S7	ARS1	19
Q9M8S8	VTC4	15
Q9M8T0	At3g02880	35
Q9M8W7	GLR1.1	40
Q9M8Y0	SEC	41
Q9M8Z5	NSN1	31
Q9M8Z7	UGT80A2	31
Q9M903	TGD4	23
Q9M9A8	APCB1	22
Q9M9C5	At1g68400	32
Q9M9E0	LECRKS1	25
Q9M9E1	ABCG40	58
Q9M9E2	PCMP-H73	47
Q9M9E9	SRK2C	15
Q9M9F5	NCED9	26
Q9M9G6	CSTF64	17
Q9M9H4	PDE338	28
Q9M9H7	SOL1	22
Q9M9K1	PGM2	33
Q9M9L6	BHLH150	11
Q9M9L7	LON4	41
Q9M9P3	UGP2	28
Q9M9S3	WHY1	14
Q9M9S6	UTR3	10
Q9M9U5	B1L	19
Q9M9V8	CPK10	31
Q9M9W3	TOPP9	16
Q9M9W8	PLPZETA2	50
Q9M9X4	NFYA2	11
Q9M9Y4	DRIP1	22
Q9MA15	ABC1K3	37
Q9MA17	SMB	13
Q9MA41	CTL1	11
Q9MA46	DGL	24
Q9MA55	ACBP4	38
Q9MA74	SDC	21
Q9MA75	VIP1	15
Q9MA79	CYFBP	15
Q9MA83	RLP30	25
Q9MA87	OFUT23	26
Q9MA90	PNC1	14
Q9MA98	ERCC1	18
Q9MAA7	GID1A	16
Q9MAC8	SS2	35
Q9MAC9	RP2	19
Q9MAH0	PPC1	59
Q9MAH8	TCP3	13
Q9MAI5	ERF8	8
Q9MAL9	GIF2	4
Q9MAM1	CIPK9	21
Q9MAM3	KCS1	28
Q9MAP5	SBT3.3	36
Q9MAP8	GALT31A	27
Q9MAQ0	GBSS1	34
Q9MAT0	RPN2B	39
Q9MAT5	PRMT10	19
Q9MAU3	TAF6	27
Q9MAU6	PDIL2-2	21
Q9MAX3	SULTR1;2	28
Q9MB58	FKFBP	38
Q9MBA1	CAO	25
Q9MBA2	MIND1	20
Q9MBA3	RAD17	27
Q9S6Z7	CYSD1	18
Q9S702	AK3	30
Q9S709	U2AF35A	9
Q9S713	STN7	27
Q9S725	4CL2	28
Q9S736	OBE1	31
Q9S744	CML9	6
Q9S745	PAD4	23
Q9S746	HTH	31
Q9S750	TK1A	14
Q9S752	LOG2	16
Q9S756	FER4	13
Q9S757	CYSC1	16
Q9S764	CAR6	10
Q9S773	MYB97	12
Q9S775	PKL	64
Q9S777	4CL3	20
Q9S795	ALDH10A8	18
Q9S7B5	TS1	23
Q9S7C0	HSP70-14	46
Q9S7C9	AHL27	9
Q9S7D1	DGD1	44
Q9S7D9	CCR1	39
Q9S7E4	FDH1	21
Q9S7E6	SMD3A	7
Q9S7E9	GGAT2	25
Q9S7G7	MYB3R1	40
Q9S7H1	psaD1	13
Q9S7H4	CM2	15
Q9S7H8	ICS1	29
Q9S7I0	TADA	68
Q9S7I6	RPK2	42
Q9S7I8	CDC20-2	22
Q9S7J7	LHCB2.2	8
Q9S7J8	RAN1	40
Q9S7J9	CAR9	11
Q9S7L2	MYB98	17
Q9S7M0	LHCB3	8
Q9S7M2	TIFY10B	13
Q9S7M9	At3g07680	10
Q9S7N2	TAA1	19
Q9S7N7	PSAG	9
Q9S7P9	SNAP33	19
Q9S7Q7	FLC	7
Q9S7T7	SYN1	35
Q9S7T8	At1g47710	20
Q9S7U9	MKK2	13
Q9S7W5	TCP13	10
Q9S7X6	ACL5	16
Q9S7Y7	XYL1	42
Q9S7Z2	AFP4	18
Q9S7Z3	PCS1	26
Q9S7Z8	PIN3	30
Q9S814	EIN2	58
Q9S816	NPC5	19
Q9S818	F3H	21
Q9S829	ndhO	8
Q9S834	CLPP5	16
Q9S841	PSBO2	21
Q9S850	SOX	23
Q9S972	SD16	50
Q9S9K4	A39	15
Q9S9M1	WAKL5	34
Q9S9M2	WAKL4	34
Q9S9M3	WAKL3	36
Q9S9M5	WAKL1	30
Q9S9N6	PNSB1	22
Q9S9N8	NRAMP6	12
Q9S9N9	CCR1	18
Q9S9P0	PDS5E	58
Q9S9P3	FDM1	35
Q9S9U6	ACS11	24
Q9S9V0	CPK31	26
Q9S9W2	SDRA	11
Q9S9Z2	MYB93	12
Q9SA07	AGL63	7
Q9SA14	IMDH3	19
Q9SA18	AKHSDH1	53
Q9SA23	SYP51	15
Q9SA25	WAKL8	33
Q9SA41	AMC8	24
Q9SA47	MYB58	12
Q9SA52	CSP41B	21
Q9SA73	YchF1	24
Q9SA77	MUR4	25
Q9SA96	ADT1	22
Q9SA98	ALKBH1A	15
Q9SAA2	CLPP6	16
Q9SAA9	CYP51G1	23
Q9SAB3	RBP45B	13
Q9SAC6	GWD1	69
Q9SAD4	ESR1	10
Q9SAF6	CRWN2	60
Q9SAH8	NRAMP1	14
Q9SAJ2	RAF20	52
Q9SAJ3	FTSH12	50
Q9SAJ4	PGK3	25
Q9SAJ6	GAPCP1	23
Q9SAK2	GA2	38
Q9SAK4	ALDH5F1	30
Q9SAK5	APL	18
Q9SAL0	RGLG4	15
Q9SAR0	ACS6	23
Q9SAR5	AKR2A	15
Q9SAU2	RPE	9
Q9SAZ5	AHP3	11
Q9SB00	PHR1	27
Q9SB04	ARR5	8
Q9SB47	SIC	11
Q9SB48	ATR1	38
Q9SB51	UBP16	44
Q9SB52	PUMP4	15
Q9SB60	IPT4	21
Q9SB61	ZHD1	6
Q9SB64	NBR1	27
Q9SB75	CSLC5	33
Q9SB81	PER42	14
Q9SB92	WUS	9
Q9SBA5	ITPK1	22
Q9SBI0	RBOHB	41
Q9SBJ1	PDK	19
Q9SBJ6	ARAC6	9
Q9SCJ9	UBP26	56
Q9SCK0	ATG13A	31
Q9SCK3	HP30-1	9
Q9SCK6	NAC062	21
Q9SCL7	NAGK	17
Q9SCN0	STL2	36
Q9SCP7	NANMT1	21
Q9SCQ6	GAF1	19
Q9SCR2	KRP2	13
Q9SCU5	WNK5	26
Q9SCU7	MYB30	16
Q9SCX8	PAP17	15
Q9SCY0	PGMP	35
Q9SCY2	FKBP13	11
Q9SCY3	PNSL4	9
Q9SCY5	KINB2	9
Q9SCZ4	FER	41
Q9SD40	SRS1	10
Q9SD46	PER36	9
Q9SD71	SGIP1	18
Q9SD84	PDCB2	5
Q9SD85	CYP75B1	29
Q9SDM9	NSP1	28
Q9SDS7	VHA-C	25
Q9SDW0	GT-3A	13
Q9SDY5	RCE1	6
Q9SE33	RAR1	13
Q9SE37	RTM1	5
Q9SE43	REV	35
Q9SE50	BGLU18	27
Q9SE83	DRP2A	57
Q9SE97	FH1	55
Q9SEE5	GAL1	22
Q9SEE9	SR45	22
Q9SEI0	WER	7
Q9SEI2	RPT5A	24
Q9SEI3	RPT4A	23
Q9SEI4	RPT3	21
Q9SEL5	VTI12	15
Q9SEL6	VTI11	14
Q9SEL7	DEGP5	19
Q9SEU4	SCL33	12
Q9SEU6	At3g15360	9
Q9SEU7	GAT1	13
Q9SEU8	TRXM2	11
Q9SEV0	BAN	15
Q9SEX2	AAA1	27
Q9SEZ1	ZHD11	7
Q9SEZ7	CIPK16	21
Q9SF15	PUB24	35
Q9SF21	RICE1	14
Q9SF29	SYP71	15
Q9SF32	IQD1	23
Q9SF37	MCM8	46
Q9SF47	PAH1	44
Q9SF85	ADK1	17
Q9SF86	PCRK1	24
Q9SFB0	DTX43	20
Q9SFB6	MAP3KE2	61
Q9SFB7	QRT2	25
Q9SFD5	ADA2A	28
Q9SFD8	NFYB9	9
Q9SFH9	HEMB1	19
Q9SFU0	SEC24A	37
Q9SFU3	PAP15	19
Q9SFU6	CALS9	94
Q9SFV2	FHA2	20
Q9SG02	RDR6	58
Q9SG12	CRK6	29
Q9SG79	SUN2	23
Q9SG80	ASD1	26
Q9SG86	BZIP28	28
Q9SG92	MES17	10
Q9SGA2	GDPD1	22
Q9SGE0	AXS2	24
Q9SGH2	MBD9	106
Q9SGH4	PNSL3	10
Q9SGH6	DOX1	35
Q9SGP6	GRXC9	11
Q9SGQ0	VOZ1	18
Q9SGS2	HMGB9	18
Q9SGS4	CDSP32	14
Q9SGU3	MYB72	8
Q9SGU9	MGL	19
Q9SGW3	RPN12A	15
Q9SGY2	ACLA-1	20
Q9SGZ8	FLZ6	8
Q9SH30	HMA5	46
Q9SH31	GT16	37
Q9SH69	PGD1	23
Q9SH71	At1g64210	26
Q9SH93	IPCS2	13
Q9SHC8	PVA12	15
Q9SHE7	RUB1	7
Q9SHF3	AGO2	54
Q9SHG5	CYP72C1	29
Q9SHG6	STIPL1	44
Q9SHI2	At1g17230	53
Q9SHI4	RLP3	28
Q9SHJ5	GPAT1	33
Q9SHL7	RRP44A	47
Q9SHL8	PILS5	10
Q9SHR7	LHCB2.1	8
Q9SHU7	TIC21	4
Q9SHZ6	UBA1A	10
Q9SI09	XERICO	7
Q9SI37	WRKY1	28
Q9SI38	ANR1	8
Q9SI54	LSM7	6
Q9SI61	ASE1	24
Q9SI62	PPRD2	16
Q9SI64	ADC1	25
Q9SI75	CPEFG	42
Q9SI93	MGD3	27
Q9SIB4	WOX3	8
Q9SIB9	ACO3	48
Q9SIC4	NTH1	24
Q9SID1	BBX25	10
Q9SID2	ADS2	10
Q9SID3	At2g31350	18
Q9SIE0	ALKBH2	17
Q9SIE1	PAT	25
Q9SIF2	HSP90-5	47
Q9SIG8	BZIP30	25
Q9SIH4	CASP1	4
Q9SII6	PIX13	20
Q9SII8	DSK2B	17
Q9SIM9	MAX2	28
Q9SIN1	TTL3	34
Q9SIN5	COR15B	10
Q9SIN9	DALL5	23
Q9SIQ7	CPK24	34
Q9SIS3	MAP65-6	30
Q9SIS4	IP5P9	28
Q9SIT1	TMK3	39
Q9SIT9	NFYB7	7
Q9SIU0	NAD-ME1	30
Q9SIU2	ABH1	45
Q9SIV0	SUR1	26
Q9SIV2	RPN1A	53
Q9SIV3	GLK1	13
Q9SIV5	NERD	80
Q9SIV9	PAP10	21
Q9SIW2	DRD1	44
Q9SIX1	KCS9	25
Q9SIY3	TTM3	13
Q9SIZ8	RKP	68
Q9SJ05	SK1	13
Q9SJ10	CAD3	17
Q9SJ20	RNR1	46
Q9SJ25	CAD2	18
Q9SJ40	VPS11	45
Q9SJ44	UEV1C	10
Q9SJ50	SL1	17
Q9SJ56	BLH1	24
Q9SJA2	CSLC8	35
Q9SJC4	NUDT6	21
Q9SJE1	CHLD	38
Q9SJE2	FATB	23
Q9SJE9	ALMT1	20
Q9SJF0	BSL2	50
Q9SJF1	LSG1-2	27
Q9SJF3	At1g08370	14
Q9SJG4	AHL16	10
Q9SJG9	MPK20	35
Q9SJH0	PAR1	7
Q9SJI9	PCO4	10
Q9SJJ3	BLH8	24
Q9SJL8	METK3	22
Q9SJM0	CALS10	92
Q9SJM7	URH1	12
Q9SJN0	ABI5	15
Q9SJQ6	ROS1	61
Q9SJQ9	FBA6	22
Q9SJR5	GRF3	14
Q9SJT1	SAE2	34
Q9SJT7	VHA-a2	32
Q9SJU4	FBA1	19
Q9SJU5	BBX18	4
Q9SJU9	GC1	15
Q9SJV0	UFD1B	13
Q9SJV5	TATC	10
Q9SJW3	SPR1	4
Q9SJW9	CDT1A	30
Q9SJX7	RUS2	26
Q9SJY5	PUMP5	17
Q9SJZ2	PER17	19
Q9SJZ6	MED18	9
Q9SK03	RAP2-7	22
Q9SK27	ENODL14	8
Q9SK33	WRKY60	14
Q9SK50	TIC55	27
Q9SK55	JUB1	16
Q9SKA3	MCTP6	44
Q9SKB2	SOBIR1	36
Q9SKB3	PARG1	28
Q9SKB7	IP5P14	62
Q9SKD0	BPC1	12
Q9SKD9	WRKY46	13
Q9SKE2	JAR1	27
Q9SKG5	SERK4	21
Q9SKI2	VPS2.1	10
Q9SKI4	RPA1A	30
Q9SKK0	EBF1	33
Q9SKK4	GSL-OH	16
Q9SKN1	MON1	28
Q9SKN5	ARF10	39
Q9SKP6	TIM	17
Q9SKR2	SYT1	31
Q9SKT0	THF1	14
Q9SKT1	ERF053	11
Q9SKT4	FTCD-L	15
Q9SKT6	GAUT10	29
Q9SKT7	NDB4	28
Q9SKX1	IBH1	10
Q9SKX5	PAO2	21
Q9SL02	RAD50	76
Q9SL05	PGR5	4
Q9SL15	GRP3	8
Q9SL29	CNGC15	34
Q9SL41	NAC037	15
Q9SL42	PIN1	9
Q9SL49	ALKBH9B	25
Q9SL67	RPT2B	27
Q9SL92	HCS1	20
Q9SL95	MOT1	13
Q9SLA8	MOD1	21
Q9SLB7	LBD16	9
Q9SLB9	VOZ2	16
Q9SLD2	DGAT1	22
Q9SLD9	CGF2	10
Q9SLF3	TOC132	50
Q9SLG0	NFYB1	8
Q9SLG2	GGPP4	20
Q9SLH3	RGA	24
Q9SLH7	PER20	18
Q9SLJ2	HIRD11	5
Q9SLK6	ALA6	54
Q9SLV0	DTX48	15
Q9SM02	SQE1	21
Q9SM23	ACBP1	19
Q9SMM5	SWEET11	11
Q9SMN1	GAMMACAL2	13
Q9SMP0	NFYC1	7
Q9SMP5	CYP94B3	31
Q9SMQ4	SRK2F	18
Q9SMQ6	RABA4B	15
Q9SMR2	TFCC	18
Q9SMS0	ndhT	11
Q9SMT7	AAE3	19
Q9SMU8	PER34	18
Q9SMV6	XPO1	49
Q9SMX1	SUV3	33
Q9SMX3	VDAC3	13
Q9SMX9	SPL1	44
Q9SMY7	PME44	27
Q9SMZ4	LKR/SDH	60
Q9SN12	MYB77	9
Q9SN38	RLP51	18
Q9SN39	DOT4	45
Q9SN43	CIPK12	24
Q9SN51	PYL13	8
Q9SN58	UGE5	17
Q9SN68	RABF2B	12
Q9SN73	BSD2	7
Q9SN74	BHLH47	9
Q9SN78	MYB94	16
Q9SN86	At3g47520	20
Q9SNB4	LUX	12
Q9SNB6	RDUF1	17
Q9SNB7	LPE1	39
Q9SNB9	TRP2	24
Q9SNC3	FLA4	9
Q9SNC6	PUB13	37
Q9SND4	HEC2	8
Q9SND6	MAPKKK20	18
Q9SNV9	NRAMP3	10
Q9SP02	CYP20-1	9
Q9SP32	DCL1	108
Q9SP35	TIM17-2	11
Q9SPG2	MYB28	9
Q9SPG5	MYB76	11
Q9SPG9	MYB24	4
Q9SPK4	PPCK1	11
Q9SPL2	CIP8	13
Q9SPM5	APY2	19
Q9SPU7	TERT	70
Q9SQG2	APY1	17
Q9SQH6	PIN6	25
Q9SQI2	GI	54
Q9SQI8	LTA2	22
Q9SQQ9	MYR2	25
Q9SQR3	D14	15
Q9SQT8	EMB3004	34
Q9SQX9	NAC050	22
Q9SQY0	NAC052	23
Q9SR02	MED14	82
Q9SR05	ANX1	40
Q9SR06	CLPS3	17
Q9SR37	BGLU23	22
Q9SR52	URE	33
Q9SR62	RLPH2	15
Q9SR96	ERDJ3A	29
Q9SRE4	URGT1	13
Q9SRE6	CML38	9
Q9SRG3	PDIL1-2	33
Q9SRH5	VDAC1	14
Q9SRH7	PBL35	29
Q9SRK5	LSF2	17
Q9SRM3	JOX1	20
Q9SRQ1	CYP89A9	28
Q9SRQ3	PEX19-1	15
Q9SRR0	PEX13	6
Q9SRS9	CHIP	16
Q9SRT0	PUB9	23
Q9SRT3	CSLC6	32
Q9SRT9	RGP1	23
Q9SRU2	BIG	251
Q9SRV5	MS2	39
Q9SRW7	APK3	8
Q9SRW9	CSLD5	55
Q9SRX9	NLA	12
Q9SRY3	RALF1	3
Q9SRY5	GSTF7	12
Q9SRZ6	CICDH	25
Q9SS04	FMOGS-OX1	23
Q9SS38	GYRBC	42
Q9SS43	MUCI21	18
Q9SS48	SDP6	29
Q9SS80	OPS	43
Q9SS90	RGLG1	18
Q9SSA4	CBC1	22
Q9SSA5	CYP38	23
Q9SSA8	RAP2-12	8
Q9SSD1	TMM	21
Q9SSD2	PRP8A	120
Q9SSE7	ADT2	26
Q9SSE9	JMJ25	60
Q9SSF1	SMD1A	4
Q9SSF8	CPK30	31
Q9SSL9	PEPR1	46
Q9SSM4	CHMP1B	9
Q9SSM7	PYL3	13
Q9SSQ9	PLDALPHA2	44
Q9SSS9	ATPD	16
Q9SSW2	AZF2	14
Q9STE8	TOC75-3	39
Q9STF2	PTAC16	27
Q9STF9	THA8L	17
Q9STG6	DUT	9
Q9STG9	ASE2	30
Q9STM3	REF6	65
Q9STN8	SINAT4	10
Q9STP8	ACBP2	21
Q9STR4	ACS7	20
Q9STS1	ALDH10A9	18
Q9STS7	CHL	16
Q9STT2	VPS29	12
Q9STU3	MAG2	43
Q9STV4	CIPK8	18
Q9STW6	HSP70-6	36
Q9STX1	ACBP3	19
Q9STX2	VEP1	19
Q9STX3	GID2	9
Q9STX5	HSP90-7	42
Q9STY0	PEX11B	11
Q9STY4	PYRR	33
Q9SU05	KIB1	25
Q9SU08	AUXI1	31
Q9SU14	NUDT7	13
Q9SU24	ORC1B	44
Q9SU29	UPL5	52
Q9SU30	CPR1	17
Q9SU35	AZI1	3
Q9SU40	SKU5	29
Q9SU50	TRE1	25
Q9SU56	GLDH	30
Q9SU67	ARAC8	12
Q9SU72	EDS1	35
Q9SU78	MSI5	24
Q9SU79	PAO5	28
Q9SU91	LPXA	15
Q9SU92	At4g29530	17
Q9SU94	PRMT11	16
Q9SUA1	DEK3	38
Q9SUA3	D6PKL1	22
Q9SUA6	CBL7	15
Q9SUC3	MS5	29
Q9SUC5	FAH2	10
Q9SUG3	ITPK3	16
Q9SUG7	ATG11	55
Q9SUJ1	SYP43	15
Q9SUM3	ATR2	39
Q9SUM4	VIL2	37
Q9SUP1	ALKBH6	5
Q9SUP6	WRKY53	14
Q9SUQ2	CRF2	11
Q9SUQ8	DIR6	9
Q9SUR3	RTNLB1	8
Q9SUR6	CORI3	21
Q9SUR9	SGT1A	17
Q9SUT5	SGT1B	16
Q9SUT9	RTNLB2	7
Q9SUV1	BT1	21
Q9SUW2	APT3	10
Q9SV15	WRKY11	18
Q9SV36	KINUC	56
Q9SV43	PLP7	28
Q9SV55	AFPH2	17
Q9SV68	CEQORH	16
Q9SV72	EPFL9	5
Q9SV84	NIP5-1	7
Q9SVC6	PUB22	22
Q9SVD7	UEV1D	10
Q9SVG4	At4g20830	38
Q9SVM8	RBG2	5
Q9SVP6	PRR2	13
Q9SVU0	YUC8	24
Q9SVV6	TPK3	14
Q9SVY1	WIP2	13
Q9SVY5	ZRK1	16
Q9SW18	CHLM	17
Q9SW21	ACP4	8
Q9SW25	SWEET14	9
Q9SW97	GLR3.5	40
Q9SWA6	SNI1	28
Q9SWE5	HAL3A	12
Q9SWG0	IVD	19
Q9SWG3	FAR1	38
Q9SWH4	SYP42	13
Q9SWH5	FUT1	30
Q9SWI1	PKS1	27
Q9SWS1	CYB561B	7
Q9SWW6	CESA7	47
Q9SX27	PAN	15
Q9SX29	CPLS1	8
Q9SX31	PERK9	25
Q9SX52	FYPP1	15
Q9SX65	DHNAT1	10
Q9SX85	SEC3A	42
Q9SX99	OSB1	16
Q9SXA1	PI4KA1	103
Q9SXA6	ENDO1	16
Q9SXB8	At1g11330	46
Q9SXC4	IRX9H	20
Q9SXE1	FMOGS-OX3	27
Q9SXE9	CCaP1	8
Q9SXJ6	CLPP3	17
Q9SXJ7	CLPC2	47
Q9SXL4	AHK1	66
Q9SXP7	LIP2	15
Q9SXS7	CYSD2	15
Q9SXY0	FAS1	46
Q9SXY1	FAS2	23
Q9SXZ2	FT	9
Q9SY09	SMD1B	4
Q9SY55	ECA3	44
Q9SY59	NFXL1	56
Q9SY73	At1g10310	14
Q9SY97	LHCA3	8
Q9SYB9	UNC	16
Q9SYD6	DTX42	18
Q9SYF0	GLIP2	14
Q9SYG2	ASIL1	14
Q9SYH4	NFYA5	7
Q9SYI0	SECA1	61
Q9SYJ8	SOK1	20
Q9SYK0	HEXO2	26
Q9SYK4	IP5P13	52
Q9SYK9	UGT74E2	19
Q9SYL0	BT3	23
Q9SYL6	GGH1	19
Q9SYM0	VTE6	11
Q9SYM2	BBX22	12
Q9SYM4	TPS1	46
Q9SYM5	RHM1	35
Q9SYP1	BRR2A	111
Q9SYP2	PFP-ALPHA1	34
Q9SYQ8	CLV1	40
Q9SYT0	ANN1	20
Q9SYU4	PEX10	19
Q9SYW8	LHCA2	8
Q9SYX1	LIL3.1	17
Q9SYX2	SPA1	55
Q9SZ11	GDPDL3	24
Q9SZ15	LIP5	12
Q9SZ42	FAD4	13
Q9SZ45	MICU	26
Q9SZ46	CYP82C4	29
Q9SZ58	BAT1	19
Q9SZ63	NUDT14	16
Q9SZ96	URGT5	11
Q9SZA4	CDC20-1	22
Q9SZC9	PAA1	35
Q9SZD4	RPT2A	27
Q9SZD6	PETs	49
Q9SZE2	DTX51	15
Q9SZF7	SHR	21
Q9SZH4	PEP	23
Q9SZI2	NAP1;1	19
Q9SZI3	NPR2	32
Q9SZI6	GATA22	14
Q9SZJ5	SHM1	30
Q9SZJ6	AGL21	12
Q9SZL6	MTERF6	22
Q9SZN1	VHA-B2	22
Q9SZN7	HIPP26	10
Q9SZP1	MYB4	15
Q9SZQ5	VIP3	13
Q9SZR3	SMXL4	55
Q9SZR9	ABCG9	29
Q9SZU7	KAI2	11
Q9SZV3	MitHPPK/DHPS	29
Q9SZW4	HMA2	42
Q9SZY8	YUC1	24
Q9T003	ASMT	16
Q9T041	TOR1	47
Q9T045	COBL11	32
Q9T051	PLDGAMMA2	46
Q9T053	PLDGAMMA1	43
Q9T065	ACS8	27
Q9T071	At4g37840	22
Q9T074	PCK1	32
Q9T0A4	ndhS	16
Q9T0A7	UGE2	14
Q9T0G7	SUVH9	22
Q9T0H9	PAM71-HL	15
Q9T0I8	MTN1	10
Q9T0J9	TPS12	37
Q9T0P4	GLU2	84
Q9XEA1	OSCA1	39
Q9XEC6	CRK36	33
Q9XED8	ARF9	29
Q9XEE2	ANN2	18
Q9XEE9	ALG11	22
Q9XER9	HUA2	70
Q9XEX2	PRXIIB	6
Q9XF04	CLV3	3
Q9XF23	EDS1	36
Q9XF43	CUT1	25
Q9XF57	PEX7	14
Q9XF67	PDPK1	23
Q9XF87	LHCB2.4	8
Q9XF88	LHCB4.2	13
Q9XF89	LHCB5	17
Q9XF91	PSBS	13
Q9XFB1	YAB3	9
Q9XFD1	CBP20	13
Q9XFH4	DDM1	35
Q9XFH8	At3g02730	10
Q9XFM0	IAA28	10
Q9XFM6	MSBP1	8
Q9XFR5	SR30	17
Q9XFR9	GA2OX2	16
Q9XFS9	DXR	27
Q9XFT3	PSBQ1	12
Q9XGM3	RPS4	68
Q9XGM8	GNTI	26
Q9XGN1	TTG1	17
Q9XGU0	ARAC9	12
Q9XGW1	AGO10	46
Q9XGX0	SHI	15
Q9XGZ0	NADP-ME3	25
Q9XH75	TATB	13
Q9XHV0	MYB80	15
Q9XI00	SKIP32	15
Q9XI01	PDIL1-1	34
Q9XI05	PBC1	7
Q9XI19	PTAC6	18
Q9XI31	GLYI4	7
Q9XI46	CCMH	9
Q9XI47	SHH1	15
Q9XI73	PNSL2	11
Q9XI84	LSMT-L	29
Q9XI87	VIK	28
Q9XI90	WRKY4	16
Q9XI91	ELF5A-1	10
Q9XIA9	LACS2	33
Q9XIC5	NAC017	15
Q9XIC7	SERK2	18
Q9XIE2	ABCG36	73
Q9XIE6	ALA3	60
Q9XIF2	MTR4	57
Q9XIG1	UGT80B1	29
Q9XIG2	PLM	20
Q9XII1	PDV2	16
Q9XIJ5	PUB18	38
Q9XIM0	MEE14	11
Q9XIN0	LHW	29
Q9XIN7	NTL8	16
Q9XIP2	OTU6	18
Q9XIP7	GTG1	24
Q9XIR4	APO1	22
Q9XIW0	CIPK7	22
Q9XJ35	CLPR1	22
Q9XJ36	CLPR2	15
Q9ZNQ8	PERK4	25
Q9ZNT0	SKD1	29
Q9ZNT1	CBR1	16
Q9ZNU2	NAC018	16
Q9ZNV8	AHP2	11
Q9ZNV9	AHP1	8
Q9ZNW0	MOCS3	20
Q9ZNX9	SIGE	23
Q9ZNZ7	GLU1	84
Q9ZP05	PMDH2	16
Q9ZP06	At1g53240	15
Q9ZP16	CRK11	33
Q9ZP54	PARP1	52
Q9ZPF5	ARGAH2	19
Q9ZPH2	GRXS17	25
Q9ZPI5	MFP2	39
Q9ZPI6	AIM1	34
Q9ZPS9	BRL2	53
Q9ZPV8	COAD	9
Q9ZPW2	APC10	11
Q9ZPW3	HBI1	11
Q9ZPX1	ARL2	10
Q9ZPX5	SDH1-2	31
Q9ZPY0	DOF2.5	8
Q9ZPY8	AIB	29
Q9ZPY9	PI4KG4	26
Q9ZQ18	REIL2	16
Q9ZQ19	RPA2A	9
Q9ZQ31	STY13	19
Q9ZQ80	NRP1	8
Q9ZQ85	EFM	17
Q9ZQ89	UPS2	9
Q9ZQ94	UGT73C5	23
Q9ZQB9	CSLC12	31
Q9ZQC6	IRX9	18
Q9ZQF9	MBR1	27
Q9ZQG4	UGT73B5	19
Q9ZQH3	SEC23D	20
Q9ZQI2	CASP3	5
Q9ZQI7	ALD1	22
Q9ZQP1	PTPMT1	19
Q9ZQR3	At2g14510	42
Q9ZR03	petC	13
Q9ZR07	FH	10
Q9ZR12	GRH1	26
Q9ZR37	DSPTP1	11
Q9ZR72	ABCB1	60
Q9ZR79	LECRK57	26
Q9ZRD6	YKT61	13
Q9ZRE2	RABD1	16
Q9ZRF9	RPK1	24
Q9ZRP7	SLD1	20
Q9ZRV4	MLH1	40
Q9ZRW8	GSTU19	11
Q9ZS97	ABCI8	29
Q9ZSA2	CPK21	33
Q9ZSA8	DLO1	16
Q9ZSD4	SYP121	16
Q9ZSJ0	RGXT2	13
Q9ZSJ2	RGXT1	14
Q9ZSK3	ADF4	6
Q9ZSM8	EZA1	49
Q9ZSR7	TPT	13
Q9ZST4	GLB1	14
Q9ZSU4	XTH14	13
Q9ZSY8	IAA27	18
Q9ZSZ8	FIP37	21
Q9ZT42	RHF2A	13
Q9ZT48	ATE1	33
Q9ZT50	RHA2A	5
Q9ZT63	MTP1	12
Q9ZT71	STA1	66
Q9ZT82	CALS12	88
Q9ZT84	GA3OX2	15
Q9ZT92	ALKBH10B	26
Q9ZT96	MTERF4	28
Q9ZTP3	EIN4	37
Q9ZTW3	VAMP721	15
Q9ZTX8	ARF6	31
Q9ZTZ7	KEA1	46
Q9ZU11	ATHB-15	36
Q9ZU25	MPPalpha1	24
Q9ZU46	ZAR1	30
Q9ZU51	RHA2B	6
Q9ZU52	FBA3	19
Q9ZU77	At2g18620	13
Q9ZUA5	VIT1	9
Q9ZUC1	AOR	28
Q9ZUE0	PERK12	26
Q9ZUF4	RIPK	26
Q9ZUG9	LRL1	11
Q9ZUH4	TPS10	29
Q9ZUJ5	5MMP	12
Q9ZUL3	IDD5	18
Q9ZUN3	KEA4	20
Q9ZUP3	NAP1;2	14
Q9ZUU1	ADK	18
Q9ZUU4	CP29B	12
Q9ZUX7	IPT2	22
Q9ZUY3	ADT3	22
Q9ZUY6	AXS1	25
Q9ZUZ0	HIC	28
Q9ZUZ2	CRK3	30
Q9ZV02	SWEET9	8
Q9ZV08	GNAT4	12
Q9ZV24	OEP161	8
Q9ZV40	XTH21	10
Q9ZV57	VCC	3
Q9ZV65	HDG3	24
Q9ZVB5	BHLH100	14
Q9ZVC2	NPR5	23
Q9ZVC9	FRS3	44
Q9ZVD0	SE	38
Q9ZVD5	AGO4	48
Q9ZVF5	WOX6	11
Q9ZVH4	CUL3A	42
Q9ZVH8	TFIIS	23
Q9ZVI9	PECT1	21
Q9ZVJ3	MAP65-5	24
Q9ZVJ5	SGPP	9
Q9ZVJ6	ANN4	15
Q9ZVN2	PES1	36
Q9ZVN4	DSP1	12
Q9ZVP5	MAPKKK18	16
Q9ZVQ3	GSTZ1	13
Q9ZVR7	PSKR1	50
Q9ZVT7	RRP4	16
Q9ZVW2	HEN2	54
Q9ZVX2	AMS	21
Q9ZW18	SAG13	10
Q9ZW21	At2g29380	20
Q9ZW22	SMO2-1	7
Q9ZW72	CARK6	27
Q9ZW84	SSU2	15
Q9ZW85	SSU1	15
Q9ZW86	P4H1	12
Q9ZWA6	MGP	19
Q9ZWA9	CRD	23
Q9ZWB3	CKL9	27
Q9ZWC8	BRL1	51
Q9ZWJ9	ARR2	30
Q9ZWM9	RAV1	24
Q9ZWS7	ARR7	11
Q9ZWS9	ARR3	8
Q9ZWT1	LIP1	21
X5JA13	SEC10a	49
X5JB51	SEC10b	50
A0A178U9Y5	TPS20	32
A0A1P8ANJ1	STMP5	5
A0A1P8AS03	ECT4	26
A0A1P8AWH8	XYN1	46
A0A1P8B554	TLP1	3
A0A1P8B590	IQD19	21
A0A1P8B9P9	PL1	14
A0A1P8BDL3	PROSCOOP2	5
A0JPZ8	At1g79700	17
A1A6K6	NSRA	13
A1L4V7	At3g26115	21
A1L4W5	BPM6	24
A1L4X7	AHL14	15
A1L4Y1	GET3B	18
A2RVP7	TIM22-1	6
A2RVQ4	DEAL3	6
A2RVS6	SR34A	13
A2RVV7	FOLD1	18
A3KPE8	SDN1	19
A3KPF5	PDIL1-5	28
A4VCM0	NAC045	16
A8MQG7	ASK20	15
A8MQR0	WIT2	33
A8MQS5	PROSCOOP9	5
A8MQX3	ESF1.2	4
A8MS31	PROSCOOP7	5
A8MSA6	ESF1.1	3
A8R7K9	VPS35C	47
A9LLI8	RRP6L3	49
B0M1H3	ZIP4	55
B2C6R6	TAF12B	14
B3H4X8	TCL2	4
B3H5A8	RVE7	17
B3H5Q1	BGLU11	21
B3H5Q2	GLV8	5
B3H615	ING2	11
B3H7A9	PXG7	12
B5BT18	BTAF1	108
B5X0N6	KEA6	18
B5X564	CDC2C	30
B5X574	PCK2	35
B6ETT4	SYT2	28
B6SFA4	MAA3	46
B7SY83	PS1	59
B9DFR3	PAE9	19
B9DGG8	DRM1	7
B9DHD3	HISN6A	22
B9DHD7	PVA22	24
B9DHG0	PYG7	14
B9DI20	SPL13A	13
C0LGD6	At1g05700	36
C0LGD7	At1g06840	43
C0LGD8	At1g07550	40
C0LGD9	At1g07560	41
C0LGE4	At1g12460	40
C0LGG3	At1g51820	42
C0LGG4	At1g51860	43
C0LGG7	At1g53420	49
C0LGG9	At1g53440	54
C0LGH2	At1g56130	46
C0LGH3	At1g56140	44
C0LGI2	At1g67720	43
C0LGK4	At2g16250	42
C0LGK9	At2g24230	38
C0LGP4	At3g47570	35
C0LGQ7	At4g20450	38
C0LGT5	At5g16900	40
C0LGU1	At5g37450	44
C0LGV0	At5g48740	35
C0LGX1	At5g65240	30
C0SUU8	JMJ26	47
C0SUW7	ARID6	23
C0SV12	JMJ29	53
C0Z361	CPN60B3	36
C4B7M6	RRS1	58
C4B7M7	RPS4	68
D3GKW6	TCL1	3
D5K228	RTM3	15
F4HNU8	OFP4	18
F4HPA7	MED10B	11
F4HPN2	IRE4	60
F4HQ17	LRK10L-1.4	29
F4HQ20	LRK10L-2.5	29
F4HQ22	LRK10L-2.4	27
F4HQ23	LRK10L-2.7	37
F4HQD4	HSP70-15	44
F4HRS2	SWEETIE	107
F4HS99	REC1	80
F4HUC4	ACA5	16
F4HUK6	AAE1	21
F4HVZ1	CATHB1	17
F4HW17	TMN5	17
F4HW79	COAC1	19
F4HWE6	SEC5B	58
F4HWF9	NSRB	14
F4HWL3	RLP4	29
F4HWQ8	C/VIF1	9
F4HY61	NAC010	21
F4HYD7	RANBPM	23
F4HYG2	IRE3	68
F4HYR6	SBT2.4	27
F4HYV5	NAC026	17
F4HZK4	REC3	82
F4I082	LTPG6	9
F4I0P8	VPS35B	39
F4I111	MCU1	17
F4I1G5	COR413IM2	9
F4I1L3	ACC2	119
F4I312	VPS3	43
F4I340	SEI2	25
F4I366	NRPA2	54
F4I3M3	BSK7	25
F4I3Z5	SKI3	65
F4I4K5	LPR1	22
F4I4K7	FRO3	18
F4I507	VIII-A	65
F4I594	RLM1A	55
F4I5Q6	XI-A	93
F4I6M4	TOR1L1	40
F4I6V0	RAY1	24
F4I700	UBN2	41
F4I7L1	At1g17520	14
F4I878	BLT	13
F4I8M8	gpmA2	21
F4I8Q7	KMS2	10
F4I8S3	CLSY3	70
F4I9E1	NFD4	13
F4IAT8	LPXC1	18
F4IAW1	LPXC5	18
F4ID16	NUP98B	23
F4IDJ0	NOC3	43
F4IE21	FLZ12	13
F4IEY4	At1g72740	14
F4IF99	LPXB	21
F4IFC5	EMB2761	35
F4IFF3	MCM9	37
F4IGU3	SPEAR2	9
F4IH21	TBL33	18
F4IHL3	MTERF2	37
F4IHR4	ACA2	13
F4IJV4	MEE29	61
F4IK01	AUG1	18
F4IK45	CYP709B2	37
F4IL30	POP1	36
F4ILF8	P4H13	10
F4IMQ0	FLX	18
F4INY4	HVT1	65
F4IP06	SWC2	15
F4IP13	SGR6	81
F4IP69	MIP3	36
F4IQJ2	ELP5	20
F4IRM4	PHOX1	36
F4IRQ5	THG1	30
F4IRU3	XI-F	89
F4ISQ7	At2g32000	49
F4ISV6	THG2	30
F4IU14	WSD3	21
F4IUG9	XI-G	83
F4IUY8	SAC3A	38
F4IV99	CHR5	86
F4IVI0	BUB1	27
F4IVR7	XI-D	94
F4IXJ7	MED6	13
F4IY03	2ODDC23.3	19
F4IZ80	CYSTM10	2
F4IZC5	CAN1	21
F4J077	PAT1H1	36
F4J1H7	TRZ4	44
F4J1U4	KIN12E	78
F4J270	BG3	18
F4J2C8	EDA30	38
F4J2K4	KIN7O	71
F4J2U9	CFM3A	48
F4J424	RIC5	9
F4J4Y0	At3g10780	6
F4J6F6	IREH1	71
F4J7T3	EAF1A	65
F4J8K6	RRP5	97
F4J8R4	ILR2	17
F4JAU2	SAC3B	72
F4JCU3	MVD2	19
F4JD14	BCHC1	80
F4JEQ2	PBL23	21
F4JEX5	FIGL1	42
F4JF21	PTAC10	32
F4JFN3	HSP90-6	47
F4JGP6	LPXD1	19
F4JH53	FDM2	37
F4JHI7	SR34B	14
F4JIE8	LFG1	7
F4JIF5	TCX2	29
F4JIK2	ACA4	14
F4JIP6	LPXD2	15
F4JJ23	NEN4	14
F4JJE0	CCT2	15
F4JJJ3	NDB3	30
F4JJR8	FEY	17
F4JJT9	At4g33760	41
F4JKH6	REC2	94
F4JL85	ENODL3	4
F4JLI5	XDH2	61
F4JLK2	SPS4	58
F4JM19	XI-H	76
F4JML5	At4g16800	16
F4JN26	MLH3	60
F4JNA9	RPP4	69
F4JNB7	RPP5	80
F4JP46	PURU2	19
F4JPE9	SUN5	25
F4JPP0	MORC3	30
F4JQ95	DGK7	22
F4JRF4	MYH	29
F4JRR1	COG2	44
F4JRR5	TTL	18
F4JSG3	RPA1E	38
F4JSV3	EDA40	41
F4JT80	RPP2B	66
F4JTF6	CHR7	60
F4JTJ2	EREL1	39
F4JTU7	RLP48	34
F4JU69	ET1	26
F4JU70	COAC2	21
F4JUI3	BPC5	15
F4JV80	GATC	9
F4JW68	FLZ7	6
F4JW83	CYP84A4	29
F4JW89	NAMT1	28
F4JWM0	DSC2	60
F4JWP9	GFL	53
F4JWT7	DNMT2	16
F4JXC5	SBT5.4	28
F4K0C4	TRS130	59
F4K0J3	KIN4C	67
F4K1B1	At5g26760	39
F4K1R2	HINT3	10
F4K1Z0	ECT3	27
F4K2G3	MORC5	38
F4K2K3	GNL2	60
F4K3M6	OTU7	19
F4K460	MED17	30
F4K4D6	PDP1	45
F4K4Y5	DEK4	44
F4K5K6	PMIR1	61
F4K5W8	SUS5	36
F4K6X0	CRR42	8
F4K8S5	CER16	17
F4KA50	LRK10L-2.2	27
F4KA51	LRK10L-2.3	25
F4KCL7	OM64	27
F4KD38	NRPC2	65
F4KD71	DUR3	17
F4KDA5	OCT1	38
F4KE63	EMB2247	47
F4KEW8	NET4A	23
F4KEY9	NAA25	55
F4KFB3	PTST	22
F4KFV7	At5g39840	36
F4KG50	SHOC1	69
F4KGU4	At5g10370	91
F4KGY6	RVE1	22
F4KHG6	CTPA1	24
F4KHH8	RPS6	53
F4KI56	IPSP	16
F4KIB2	TMN8	22
F4KIF3	CSA1	72
O04005	PER1	13
O04027	NFYB4	7
O04034	CCX5	12
O04036	ERD6	14
O04090	FD1	5
O04173	TAF10	8
O04192	MYB25	18
O04203	HSPRO2	22
O04309	JAL35	21
O04311	JAL33	12
O04312	JAL32	12
O04313	PBP2	12
O04336	WRKY21	22
O04348	TPP1	20
O04375	B'ALPHA	26
O04376	B'BETA	27
O04420	At2g26230	19
O04486	RABA2A	15
O04515	RAS1	11
O04533	LECRK52	26
O04534	LECRK51	25
O04630	THRRS	41
O04660	GLR2.1	35
O04716	MSH6	71
O04722	SULTR2;1	23
O04834	SAR1A	12
O04922	GPX2	12
O04953	PME52	14
O22048	AOX1C	25
O22126	FLA8	15
O22137	CRR4	39
O22141	GAE4	22
O22150	SAUR36	6
O22151	GOS12	17
O22160	At2g44920	14
O22161	FBX5	52
O22173	PAB4	28
O22197	RHC1A	15
O22210	MYBC1	10
O22216	GPDHC1	22
O22230	HSFB3	15
O22241	ADT4	25
O22256	PME20	20
O22261	NDT1	21
O22290	EIF6-1	9
O22533	ZAT6	10
O22769	At4g02580	12
O22773	At4g02530	14
O22800	COL14	17
O22807	GALS1	19
O22834	LECRK53	35
O22862	PER26	18
O22870	FKBP16-3	12
O22881	POT2	30
O22886	HEME2	19
O22892	At2g40430	17
O22920	CHX13	26
O22922	U2B''	8
O22925	VSR2	33
O22929	BLOS1	10
O22938	PXC3	43
O22940	TEB	18
O22941	PXM16	43
O22959	PER19	14
O23006	LYM2	11
O23035	CYSTM1	1
O23038	PME8	20
O23049	RPL6	15
O23053	ARASP2	18
O23077	STKL2	17
O23081	CRK41	33
O23087	ECA2	40
O23090	BHLH14	17
O23116	EIL3	16
O23138	CYTC-1	8
O23145	ASK2	24
O23181	PLP3	19
O23215	PBRP1	25
O23234	CLAMT	25
O23236	MPK14	20
O23237	PER49	15
O23244	PAP25	20
O23247	EMB1027	35
O23264	SBP1	25
O23266	PCMP-H13	33
O23273	MET4	71
O23277	PRD1	50
O23300	ECI3	10
O23320	CML8	8
O23324	APS3	24
O23342	SECE1	10
O23344	FDC1	9
O23346	HISN5B	8
O23365	CYP97B3	25
O23373	FH3	40
O23401	UGT84A3	16
O23402	UGT84A4	17
O23429	VAMP724	14
O23447	PME43	33
O23461	ARA1	48
O23482	OPT3	20
O23492	INT4	19
O23522	At4g16820	20
O23609	PER41	14
O23614	CTPA2	24
O23617	TPS5	47
O23628	H2AV	5
O23657	RABC1	14
O23913	AOX1B	22
O24466	RABE1A	16
O24521	AHB2	9
O24600	RPOT3	41
O24603	CHI	14
O24616	PAD2	14
O48549	RPS6A	10
O48582	MORF4	26
O48646	GPX6	12
O48661	SPDSYN2	16
O48677	PER6	14
O48686	SNL3	67
O48707	ARD1	12
O48713	SMU2	22
O48716	JGB	18
O48721	UROS	11
O48722	HO2	14
O48724	WEB1	49
O48767	AUG2	15
O48771	AGO6	49
O48773	PDIL2-3	18
O48780	KCS11	22
O48786	CYP734A1	31
O48809	LRX2	26
O48818	EXPA4	8
O48837	LECRKS2	42
O48840	PAP13	16
O48844	RPN2A	36
O48845	CYTB5-B	7
O48890	NRPB4	7
O48916	FAH1	7
O49213	GER1	16
O49292	PPD4	15
O49293	PER13	18
O49298	PME6	31
O49299	At1g23190	35
O49312	YUC7	25
O49338	CARK9	19
O49347	PSBY	4
O49377	VAMP711	12
O49432	QRT3	26
O49445	LECRK72	29
O49459	NAC073	19
O49498	DML3	44
O49505	NCED2	29
O49561	GA2OX8	14
O49564	CRK27	31
O49597	HMGB5	7
O49605	CYP21-1	13
O49606	ADF9	6
O49660	DTX56	18
O49675	CCD4	29
O49696	ALMT12	30
O49717	CPK15	31
O49841	RABC2A	14
O64477	At2g19130	40
O64479	PME10	14
O64489	YUC9	23
O64527	At1g79260	6
O64556	At2g19230	38
O64602	CORD5	28
O64654	At1g08570	15
O64692	GA2OX3	18
O64697	CYP710A1	19
O64698	CYP710A2	22
O64700	UREG	17
O64730	At2g30170	18
O64740	SEC13B	17
O64749	At2g34850	27
O64758	VSR5	34
O64761	PIGC	10
O64764	At2g35010	13
O64770	At1g61490	35
O64771	At1g61480	32
O64774	At1g61460	34
O64776	At1g61440	35
O64777	At1g61430	33
O64778	At1g61420	33
O64780	At1g61400	35
O64781	At1g61390	39
O64783	At1g61370	37
O64784	At1g61360	34
O64791	SYP124	15
O64793	At1g67520	40
O64798	ZRK12	17
O64806	ACA7	41
O64810	SCPL10	24
O64811	SCPL9	19
O64812	SRK2J	20
O64842	PBL12	24
O64852	IQD6	20
O64862	NCS6	22
O64864	LTPG13	9
O64865	LTPG14	10
O64896	TPPA	21
O65090	PFC1	20
O65154	KIWI	4
O65238	At5g35370	38
O65251	FEN1	19
O65370	CCaP2	7
O65378	At1g12010	11
O65399	At1g11820	16
O65404	SQE5	26
O65405	CRK28	33
O65421	VPS28-1	11
O65468	CRK8	38
O65472	CRK12	31
O65482	CRK23	44
O65499	ZAT3	12
O65530	PERK14	31
O65581	FBA5	19
O65607	MSH3	52
O65621	CAD6	18
O65674	ASK12	5
O65684	CIF2	5
O65685	BLH6	22
O65708	MWL2	8
O65790	CYP81F1	26
O65797	ADS1	11
O65902	CAP1	26
O65924	At2g19210	46
O80365	ARR8	9
O80386	CIP7	51
O80437	GPAT6	29
O80439	RPS31	5
O80458	DPS	14
O80474	MES4	15
O80477	MES3	14
O80480	IMPA4	22
O80482	BHLH149	10
O80493	DMP8	11
O80504	CPN10-2	8
O80506	FLZ3	6
O80517	At2g44790	6
O80585	MTHFR2	37
O80669	SIB2	5
O80678	UBA2B	18
O80683	CAMBP25	7
O80685	PAT02	18
O80689	BGLU45	25
O80690	BGLU46	24
O80760	PGL2	28
O80763	At1g60420	34
O80765	PANK1	20
O80805	PHE1	12
O80807	AGL23	8
O80816	GLC	27
O80831	BAM7	31
O80832	VCCN2	18
O80839	PLIM2A	13
O80856	ARPC1A	21
O80874	NDA2	25
O80910	TOL6	21
O80912	PER23	14
O80915	PRA1B4	3
O80917	DREB2E	13
O80925	AGD7	31
O80959	PLP6	25
O80961	MLO12	20
O80990	CIA1	19
O81000	SQE2	29
O81007	GT7	17
O81014	ISPE	14
O81016	ABCG32	65
O81020	NPC2	27
O81027	HMGCL	27
O81030	GULLO5	35
O81037	BHLH70	16
O81055	ASK16	10
O81057	ASK14	9
O81058	ASK19	12
O81078	GLR2.9	48
O81097	NRPB8A	6
O81098	NRPB5A	11
O81146	PAA1	17
O81147	PAA2	18
O81153	PBC2	7
O81211	RBOHE	48
O81275	CKB3	8
O81292	LECRK43	28
O81301	PME40	30
O81316	SCL6	15
O81320	PME38	24
O81323	LBD30	6
O81415	PME39	23
O81433	ISU3	10
O81488	AL4	8
O81498	UGT72E3	16
O81629	KLCR1	30
O81635	KIN14G	57
O81643	VLN1	48
O81644	VLN2	56
O81742	BETAC-AD	41
O81755	PER48	20
O81760	PP2C63	18
O81765	PEX4	19
O81772	PER46	14
O81776	GLR2.4	40
O81788	WOX13	10
O81796	IDH3	14
O81826	At4g27230	7
O81832	At4g27290	43
O81850	IRT2	11
O81884	LGALDH	11
O81900	DYT1	6
O81906	B120	42
O82089	CCH	7
O82122	VSP2	13
O82133	DREB2B	9
O82169	MORF6	11
O82170	IKU1	11
O82191	NADP-ME1	28
O82197	VPS32.1	11
O82227	ENODL11	10
O82238	At2g47690	4
O82248	NFYB5	6
O82251	TIC20-II	12
O82253	SETH6	31
O82256	COL13	14
O82258	CRR6	16
O82259	NET3C	13
O82275	TAX1	1
O82279	CGL160	15
O82291	PAP3	14
O82316	TIP4-1	1
O82337	AGP16	0
O82357	KPHMT1	11
O82359	LCKB2	17
O82380	PCMP-H33	39
O82382	UGT71C2	26
O82462	At5g26710	41
O82491	SPT16	64
O82498	DIR12	7
O82503	CRF1	8
O82514	ADK1	15
O82567	AAPT1	7
O82568	AAPT2	10
O82595	NGA4	20
O82598	TIP1-3	3
O82617	BBX23	7
O82629	VHA-G2	8
O82659	CML20	11
O82662	At2g20420	28
O82741	SGR1	14
O82743	AGL19	8
O82768	HISN2	16
O82775	ATI1	12
O82782	HISN3	13
O82799	NGA1	18
P05466	At2g45300	23
P0C7P8	EMB1444	28
P0C7R2	LIP2P2	14
P0C8K8	ARI6	22
P0CAY6	LURE1.4	5
P0CC32	ndhB1	9
P0CC33	ndhB2	9
P0CJ43	TPS02	36
P0CJ47	ACT3	21
P0DH87	PSEUDOSRKA	27
P0DH92	VHA-c1	4
P0DH93	VHA-c3	4
P0DH94	VHA-c5	4
P0DH95	CAM1	9
P0DH96	CAM4	9
P0DH99	A1	25
P0DI07	HISN6B	22
P0DKB7	LPXC2	18
P0DKB8	LPXC3	18
P0DKB9	LPXC4	18
P0DKC3	PGLP1A	19
P0DKC6	HSD1	21
P0DKH3	RNR2B	18
P0DKH6	RPS6	53
P0DKH9	AREP1	3
P0DKI0	SDH3-1	11
P0DKI1	SDH3-2	11
P0DKJ7	FIS2	37
P0DKJ8	FIS2	33
P0DKL4	SAP130A	53
P0DM58	SOV	52
P0DN96	CEP7	3
P0DN97	CEP8	4
P0DN98	CEP11	6
P0DO00	At1g31672	29
P0DO12	FLZ18	10
P0DO23	CP2	17
P0DO24	PSI3	30
P10796	RBCS-1B	12
P10797	RBCS-2B	12
P11490	PETE	4
P14714	PHYC	54
P17094	ARP1	27
P21216	PPA2	10
P22197	FBA7	19
P23586	STP1	18
P25269	TSB2	26
P25701	ACP2	7
P25702	ACP3	8
P25873	RPL15	18
P26288	ndhD	15
P26289	ndhE	4
P26569	At2g30620	12
P26587	TIP3-1	5
P28147	TBP1	12
P28148	TBP2	12
P28186	RABE1C	16
P28297	ICL	27
P28493	At1g75040	13
P29384	SEP2	10
P29386	AGL6	10
P29388	ND5	17
P29402	CNX1	27
P29514	TUBB6	20
P29516	TUBB8	20
P29525	At4g25140	5
P29976	DHS1	30
P30187	CML10	11
P30224	PDF1.1	5
P31169	KIN2	4
P32962	NIT2	19
P33154	At2g14610	8
P33543	TMKL1	26
P34047	HISN5A	11
P34788	RPS18A	8
P34893	CPN10	7
P35134	UBC11	3
P35614	ERF1-3	22
P37106	SRP-54A	30
P39697	RPS19	7
P40229	CKB2	7
P41127	RPL13B	9
P41917	RAN2	10
P42498	PHYE	63
P42732	RPS13	9
P42734	CAD9	19
P42746	UBC3	2
P42747	UBC14	3
P42748	UBC4	7
P42749	UBC5	6
P42750	UBC6	4
P42752	CYCD2-1	17
P42758	XERO2	6
P42776	GBF3	15
P42777	GBF4	16
P42791	RPL18B	10
P42794	RPL11B	7
P42795	RPL11A	7
P43293	PBL11	27
P43294	MHK	19
P43295	RD19B	15
P43333	U2A'	15
P45434	At2g21160	6
P46010	NIT3	20
P46077	GRF4	19
P46086	At5g27450	20
P46286	RPL8A	15
P46312	FAD6	22
P46416	GSH2	31
P46604	HAT22	17
P46646	ASP4	23
P46689	GASA1	5
P46864	KIN14M	52
P46875	KIN14N	52
P47996	IMPDH	20
P48002	KNAT5	15
P48422	CYP86A1	33
P48485	TOPP5	18
P48529	PPX1	17
P48622	FAD8	15
P48623	FAD3	12
P48641	At3g24170	22
P48732	DET1	27
P48785	PRH	30
P49047	At2g25940	20
P49062	PGA3	22
P49063	At3g07850	23
P49077	PYRB	24
P49209	RPL9B	10
P49688	RPS2C	16
P49690	RPL23A	9
P49691	RPL4D	18
P49966	SRP-54B	33
P49967	SRP-54C	32
P50287	At5g08100	14
P50546	rpoB	50
P50883	RPL12A	9
P51102	DFRA	20
P51407	RPP2A	5
P51412	RPL21	9
P51427	RPS5B	11
P51430	RPS6B	10
P51566	AFC1	20
P51567	AFC2	16
P51568	AFC3	18
P52032	GPX1	11
P52410	KAS1	18
P52901	E1	19
P53494	ACT4	21
P53497	ACT12	21
P53799	SQS1	21
P54121	AIG2A	7
P55231	APL3	27
P56753	ndhH	22
P56755	ndhI	10
P56756	ndhK	11
P56766	psaA	18
P56767	psaB	16
P56771	petA	16
P56773	petB	8
P56777	psbB	14
P56779	psbE	4
P56785	TIC214	96
P56786	ycf2-A	118
P56804	rps14	4
P56820	TIF3D1	23
P57106	MDH2	18
P57681	FCLY	21
P57691	RPP0C	9
P57720	EMB1144	22
P57750	DRT101	28
P57792	ALA12	59
P59120	PER58	10
P59224	RPS13B	8
P59228	VHA-c2	4
P59229	VHA-c4	4
P59233	RPS27AC	7
P60112	ATP9	1
P60497	ND6	3
P60620	COX1	5
P61841	rps7-A	8
P62090	psaC	6
P62126	rps12-A	4
P68209	At5g08300	16
P68350	DOF1.5	10
P69781	GATA12	9
P81760	TL17	13
P82266	KIN5C	57
P82280	RAV2	23
P82869	CYP37	24
P82872	TOM20-1	13
P92514	COX3	4
P92527	CCMC	7
P92533	ND3	3
P92547	ATP6-2	10
P92558	ND1	11
P92934	AAP6	13
P92942	CLC-B	26
P92943	CLC-D	35
P92946	SULTR2;2	23
P92953	ATHB-4	14
P92961	PROT1	12
P92962	PROT2	13
P92969	RPOT1	47
P92982	PGL1	33
P92996	GLP5A	5
P93008	RH21	38
P93009	CUTA	9
P93017	DRMH1	6
P93032	IDH2	14
P93045	BSH	13
P93050	RKF3	32
P93285	COX2	7
P93286	CCMFC	17
P93298	ATP6-1	5
P93303	YMF19	8
P93306	NAD7	20
P93313	ND4	9
P93732	PIP	22
P93756	SD31	41
P93757	GK-1	22
P93829	PRA1D	4
P93835	DREB1B	4
P94014	GLP4	6
P94017	At1g14910	23
P94078	At3g26720	48
P94111	SSL12	14
Q00218	DHS2	26
Q00466	HAT7	10
Q00IB6	CPL4	19
Q01525	GRF2	16
Q01909	ATPC2	18
Q03509	CAM6	9
Q04088	POSF21	16
Q04613	ATP4	12
Q04614	ND4L	2
Q04980	LTI65	36
Q04996	HAT3.1	32
Q05196	PAB5	32
Q05728	PUR5	18
Q058P6	CLT1	18
Q06588	ACO4	15
Q06915	A6	21
Q07099	PP2A1	17
Q0JXE7	BPE	20
Q0V7T5	At1g80640	19
Q0V7V2	PP2C42	11
Q0V865	At5g22090	22
Q0V869	OTU11	12
Q0WLC6	MRL1	56
Q0WM29	ALDH6B2	28
Q0WMJ8	SPPL4	20
Q0WML3	PROSCOOP6	2
Q0WMY5	PPR4	50
Q0WMZ5	OEP162	10
Q0WNB1	DUF5	12
Q0WNW4	MYOB3	39
Q0WNZ5	MS3	43
Q0WPN0	SOV	53
Q0WPN8	PDLP7	10
Q0WQ07	CYP705A1	28
Q0WQ57	At4g12770	33
Q0WQD2	GAUT3	32
Q0WQK2	PAT07	23
Q0WQX7	RBL1	16
Q0WQX9	WAVH2	35
Q0WR59	At5g10020	51
Q0WR66	ASY3	43
Q0WRB0	FAR5	23
Q0WRB2	PPC6-7	15
Q0WSH6	LOI1	37
Q0WT24	STOP2	14
Q0WTP1	AUG7	20
Q0WTY4	VPS2.2	9
Q0WUC5	ALB3L3	22
Q0WUV7	EXL4	14
Q0WVD6	PRMT3	25
Q0WVF8	MMS19	58
Q0WVW7	RECQL5	52
Q0WW21	UGT75C1	23
Q0WW26	At4g34450	52
Q0WW84	RBP47B	14
Q0WWQ1	ATG3	13
Q0WWX5	PRD3	29
Q197W8	TAN	24
Q1EBV4	DDI1	19
Q1EBV6	BPM5	21
Q1ECE0	PVA41	15
Q1ECF5	PLIM2B	14
Q1G1A4	LAS1	36
Q1G3E7	PROSCOOP23	3
Q1G3K8	RIC7	11
Q1G3L1	TIM21	16
Q1G3Q4	RITF1	9
Q1G3U5	LAZY3	12
Q1H5D2	GET1	6
Q1PDI2	DGK4	23
Q1PDV2	SCL28	8
Q1PE39	MRS2-6	14
Q1PE40	PIP1	4
Q1PE48	CDS3	16
Q1PE49	At4g26020	13
Q1PE89	PBL24	21
Q1PEC0	PME42	26
Q1PEF8	CWINV2	31
Q1PEL7	ASK15	9
Q1PEM5	PERK3	23
Q1PEP5	NUCL2	32
Q1PER6	APX2	12
Q1PEX8	CYSTM5	2
Q1PF33	TIM44-1	25
Q1PF50	EDA2	24
Q1PFA4	AGL30	17
Q1PFH8	CPK19	30
Q1PFK0	At1g55660	22
Q1PFW3	SDS	28
Q1WIQ6	ALDH11A3	24
Q24JK4	XRCC1	20
Q29PU2	SAUR76	2
Q29Q28	UTR2	8
Q2EF88	YSL3	20
Q2HIV9	BHLH35	13
Q2PE59	LTPG26	5
Q2PE70	LTPG4	1
Q2UVJ5	CCC1	37
Q2V338	WNK9	20
Q2V4B2	PQL3	6
Q2V4F9	At1g63010	20
Q2V4L8	CEL5	28
Q304A0	MRS2-7	16
Q304B9	NCER2	33
Q38798	At5g07340	22
Q38799	PDH2	15
Q38813	ATJ1	27
Q38833	CHLG	10
Q38841	AGL12	10
Q38850	MYB5	11
Q38853	STR15	10
Q38859	NRPB11	6
Q38867	CYP19-3	11
Q38885	SCY1	20
Q38899	ORC2	20
Q38903	ARAC2	9
Q38904	PRF4	6
Q38905	PRF5	5
Q38907	XTH25	11
Q38908	XTH30	15
Q38910	XTH23	13
Q38924	PAP12	17
Q38936	FKBP15-2	7
Q38942	RAE1	15
Q38945	AHL	19
Q38946	GDH2	20
Q38950	PP2AA2	30
Q38953	At3g26560	64
Q38967	AAP2	11
Q39017	DGK1	28
Q39019	ASK10	23
Q39025	MPK5	21
Q39048	CER2	24
Q39056	CNX3	13
Q39061	CP33	11
Q39065	COPT1	4
Q39067	CYCB1-2	24
Q39071	CYCA2-1	27
Q39079	ATJ13	30
Q39097	ERF1-1	21
Q39108	GGR	16
Q39134	AAP3	10
Q39138	LEA6	4
Q39152	FAR1	25
Q39165	At5g40420	8
Q39189	RH7	35
Q39194	PSBW	0
Q39196	PIP1.4	8
Q39199	RECA	26
Q39202	RLK1	35
Q39212	NRPD3B	15
Q39221	STL2P	24
Q39222	RABA1B	12
Q39227	SMT2	20
Q39228	STP4	18
Q39230	At5g27470	28
Q39239	TRX4	8
Q39251	ADF2	6
Q39262	ZFP3	11
Q39263	ZFP4	9
Q3E6Q1	PCMP-H40	48
Q3E6S8	DEGP14	21
Q3E7K4	QQS	4
Q3E7T8	UBQ14	19
Q3E870	SDH7B	6
Q3E884	LECRK110	18
Q3E8E5	TGG3	23
Q3E8H4	PROSCOOP1	2
Q3E8Z8	PME28	34
Q3E906	CDC20-5	20
Q3E936	MAKR1	12
Q3E989	PME54	25
Q3E9A0	ANTR6	9
Q3E9I4	CLE22	7
Q3E9X6	CRK21	36
Q3EAI1	BHLH60	17
Q3EAR7	At3g42180	16
Q3EAY9	PME30	26
Q3EBC2	PAT17	15
Q3EBL9	VPS37-2	10
Q3EBQ3	FRS2	44
Q3EC11	PAT23	17
Q3ECH2	LRK10L-2.8	37
Q3ECU1	CLE11	5
Q3ED65	MENG	9
Q3ED68	ICU11	19
Q3EDL4	At1g01540	24
Q3YL57	NHX8	32
Q41906	CYS3	6
Q41932	PSBQ2	14
Q41969	EIF2B	13
Q41975	TIP2-2	2
Q42191	OXA1	15
Q42262	RPS3AB	16
Q42328	ATTI1	4
Q42347	RPL24A	6
Q42377	MT4B	5
Q42440	PAI1	10
Q42534	PME2	27
Q42538	SAT5	13
Q42540	UBC7	4
Q42541	UBC13	4
Q42553	IPP2	19
Q42561	FATA	17
Q42563	APT2	12
Q42574	GRP19	1
Q42577	At5g11770	10
Q42581	PRS1	18
Q42589	LTP1	5
Q42592	APXS	23
Q42599	At1g79010	13
Q42600	CYP84A1	29
Q43307	ATS1	23
Q43314	GDH1	20
Q43315	FPS2	18
Q43735	PER27	20
Q43870	APS2	28
Q43872	PER64	14
Q43873	PER73	19
Q45GQ7	PHS1	18
Q494P0	PHT1-7	19
Q4FE45	XBAT33	23
Q4JL84	MYB59	8
Q4PSF4	DTX52	7
Q4PSN0	PME29	10
Q4PSU4	AGL61	10
Q4PT02	GA20OX5	15
Q4V399	rsgA	21
Q4V3B8	SPPL3	14
Q4V3C1	MED8	22
Q4V3C9	KCS8	28
Q4VP09	LURE1.1	6
Q4VP10	LURE1.3	5
Q500V2	FLY2	22
Q500W4	PLIM2C	14
Q501E6	FLOT1	27
Q56W08	PLC3	28
Q56X76	RH39	32
Q56XE8	At3g20040	24
Q56XR0	BHLH71	13
Q56Y85	MAP2B	17
Q56YT0	LAC3	20
Q56YU0	ALDH2C4	31
Q56ZI2	PATL2	43
Q570C8	KAT5	21
Q58FX0	BAP2	11
Q58G01	BHLH155	33
Q58G47	TIFY6A	15
Q58G53	LAZY2	17
Q5E915	RBL	26
Q5E930	SLAH1	14
Q5EAH9	LESV	27
Q5FYU1	CNTE1	21
Q5G1S8	EMB1270	84
Q5GM68	PPC2	59
Q5IZC8	TOC75-4	19
Q5M750	VQ4	13
Q5MFV6	VGDH2	30
Q5MK23	ARV2	10
Q5MK24	ARV1	14
Q5PNS9	PP2C64	15
Q5PNZ1	PAT03	15
Q5PP12	AGP24	0
Q5PP29	PBL4	27
Q5QIT3	B''BETA	27
Q5S1W2	BON2	28
Q5S2C3	PIR	59
Q5XEM9	AL5	8
Q5XEN5	MBD1	13
Q5XEZ1	HPGT3	22
Q5XF03	GPAT8	33
Q5XF06	TIM44-2	25
Q5XF24	CKL13	26
Q5XF36	KMS1	11
Q5XF79	PBL18	28
Q5XF80	GET3C	18
Q5XF85	ATL42	25
Q5XPJ6	SCAR4	40
Q5XUX6	RMI1	23
Q5XVH0	BHLH109	3
Q5XVJ4	FAN1	48
Q64J17	PIMT2	16
Q66GI9	ANTR4	20
Q66GQ3	PDIL1-6	31
Q66LG9	CENPC	34
Q67XC9	TPPD	18
Q67XD9	CINV2	32
Q67XQ0	CBSDUF1	23
Q67XW5	UBP18	24
Q67YU0	CKX5	25
Q67Z93	FRI	19
Q67ZM4	ADF7	7
Q682T9	CAM5	9
Q683D7	MAF5	11
Q689D6	RPD1	23
Q6A333	ALY2	46
Q6AWT8	GG3	16
Q6AWV1	EMB1687	8
Q6DBB8	STMP7	5
Q6DBQ1	AHL25	11
Q6DR03	PAT21	24
Q6E263	PDLP4	14
Q6E279	RRT3	27
Q6E7H0	ORC3	40
Q6EWX0	ORC5	27
Q6EWX1	ORC4	23
Q6GKV1	MDC12.19	15
Q6ID18	LAC10	24
Q6IDL4	At1g09580	5
Q6IMT0	KIP	148
Q6IWB2	CLE42	4
Q6J9S1	RAP2-11	4
Q6LA43	APRR2	23
Q6NKP9	AMSH2	11
Q6NKQ9	PDLP8	11
Q6NKR8	CORD1	31
Q6NKW9	At1g64760	14
Q6NKZ8	CYP714A2	34
Q6NLB0	GSTL1	17
Q6NLC1	ABCC2	28
Q6NLF4	LLG2	7
Q6NLQ7	RIBA2	27
Q6NLT8	IMP1A	9
Q6NMA7	PLC9	28
Q6NMF0	CLE13	3
Q6NMK1	GXM1	17
Q6NMK6	UMK2	14
Q6NML0	ATL76	12
Q6NMM4	SAUR26	3
Q6NMM8	F8H	17
Q6NN03	CYSTM12	2
Q6NNI3	LSH1	8
Q6NPF4	MED20A	10
Q6NPF9	At1g76760	7
Q6NPL9	PLP3A	14
Q6NPN9	DWA2	15
Q6NPT7	HRD1B	25
Q6NQ66	GULLO2	35
Q6NQ87	CRK22	33
Q6NQB7	B3GALT7	25
Q6NQP5	SLD5	10
Q6PQQ4	BBM	19
Q6PV67	SNZ	14
Q6QPM2	GATA19	8
Q6R032	MYB3R5	29
Q6R0E3	TRP5	29
Q6R2J8	SRF8	26
Q6R2K2	SRF4	41
Q6R3L0	YSL1	22
Q6R8G6	PHO1-H4	41
Q6R8G7	PHO1;H3	39
Q6S592	JGL	7
Q6TLJ2	TPD1	5
Q6TPH1	PAP23	12
Q6X7K1	WOX2	11
Q700E4	BHLH67	18
Q75W54	EBM	51
Q7DNC3	MPT1	17
Q7FZR1	RLP52	33
Q7PC84	ABCG39	69
Q7PCC6	FDP	9
Q7X659	VPS35A	44
Q7X9B9	NLP2	46
Q7XA06	SYT3	24
Q7XA78	D27	19
Q7XA83	IQD16	22
Q7XA87	FOLT1	13
Q7XJE5	AMC2	12
Q7XJK8	PHE2	11
Q7XJM8	SCL27	19
Q7XJU2	BHLH153	8
Q7Y0S0	URED	13
Q7Y1C4	BRCA2B	54
Q7Y201	PME13	37
Q7Y211	PCMP-H81	39
Q7Y223	MAN2	23
Q7Y228	LAMP1	33
Q7Y232	UGT73B4	19
Q84J39	REM1	29
Q84J70	DI19-3	10
Q84J95	GASA5	6
Q84JB7	DEK2	30
Q84JD5	PP2C68	23
Q84JL2	At5g09300	22
Q84JL7	VTE7	17
Q84JN2	TIN1	23
Q84JP1	NFYA7	7
Q84JR9	TTL4	37
Q84JT6	MSRB9	9
Q84JX1	PME19	29
Q84K16	GAMMA-ADR	39
Q84K35	PUMY	19
Q84K52	DOF4.7	9
Q84K90	RHIP1	12
Q84L08	GFT1	14
Q84L09	GONST2	8
Q84LG2	BZIP68	10
Q84M91	TAN	22
Q84M93	MPK17	20
Q84M95	PBL28	24
Q84M97	MSL9	33
Q84MA1	NOP2C	34
Q84MA5	CAT1	21
Q84MC1	GGCT2;2	14
Q84MD2	CIF1	5
Q84P17	AAE18	27
Q84P26	4CLL8	29
Q84R10	PME36	31
Q84RD0	BHLH53	11
Q84RD1	ETC2	4
Q84RK2	FAP2	19
Q84RQ7	NIFU3	12
Q84RQ8	ARI15	17
Q84RR0	ARI7	25
Q84RR2	ARI2	29
Q84TD6	NAC047	18
Q84TE6	NAC021	17
Q84TF4	GRXS13	9
Q84TK1	BHLH10	9
Q84UC7	BAC1	15
Q84UU9	TPS06	37
Q84UV0	TPS14	32
Q84VW5	MED32	8
Q84VW9	PPC3	62
Q84VY5	SAL4	16
Q84W89	RH37	32
Q84WC6	UBP7	21
Q84WG1	NHX3	12
Q84WI4	SEC23G	37
Q84WM9	At5g12110	8
Q84WP6	NAC043	12
Q84WS0	SBTI1.1	28
Q84WU4	GC3	42
Q84WU8	FTSH3	46
Q84WV0	SHM7	35
Q84WV1	CCT3	36
Q84X53	MTERF1	15
Q84Y18	CXIP4	12
Q84ZT9	WVD2	11
Q8GRN0	FLZ13	13
Q8GSJ1	HISN1B	16
Q8GT74	NIP2	7
Q8GTS2	BZIP23	7
Q8GUG9	PUB11	32
Q8GUH1	PUB33	40
Q8GUJ1	UXT2	10
Q8GUL2	MOS14	39
Q8GUM3	AAP5	11
Q8GUU2	RIE1	10
Q8GUU3	CPSF73-II	33
Q8GVE5	TULP2	22
Q8GW32	PRE6	5
Q8GW46	YAB5	5
Q8GW72	FUC1	25
Q8GWF1	WRKY38	14
Q8GWJ4	OSB3	21
Q8GWJ6	MUB6	6
Q8GWK6	NAC104	7
Q8GWN6	PROSCOOP8	1
Q8GWP0	MYB39	13
Q8GWP5	PYRD	23
Q8GWQ2	AHL20	10
Q8GWQ6	At5g63440	10
Q8GWY0	SCI1	7
Q8GWZ6	SRR1	9
Q8GX23	PERK5	19
Q8GX46	BHLH91	14
Q8GX47	At4g02650	34
Q8GX86	PME21	35
Q8GXA1	PME23	32
Q8GXC2	PHL4	14
Q8GXC6	SFH5	40
Q8GXE2	ARD2	12
Q8GXI9	PV42B	11
Q8GXM7	ATHB-X	10
Q8GXN2	NPF7.2	17
Q8GXN6	VPS20.1	14
Q8GXP1	MAG2L	38
Q8GXR5	PPCS1	18
Q8GXS3	CFIS2	9
Q8GXU5	SDI1	21
Q8GXX7	ZFN1	12
Q8GXZ3	PBL8	26
Q8GY23	UPL1	158
Q8GY42	NAC025	17
Q8GY60	At4g03415	24
Q8GY63	SAL3	19
Q8GY79	DRB5	22
Q8GY91	APX6	13
Q8GYA6	RPN9B	21
Q8GYE0	PHF1	21
Q8GYE8	NSUN5	30
Q8GYF5	WAKL21	27
Q8GYG1	At1g14010	9
Q8GYM3	AUG4	17
Q8GYN9	MENB	19
Q8GYP3	RDM4	13
Q8GYU3	IYO	72
Q8GYX0	MOB1B	11
Q8GYX2	FLZ14	12
Q8GYX3	MAP70.5	23
Q8GYX9	WDL1	16
Q8GYY5	ROPGAP3	20
Q8GYY7	DHU1	40
Q8GZ17	COBL7	36
Q8GZ26	BRN2	20
Q8GZ42	ATX5	57
Q8GZ79	TIC20-I	12
Q8GZD4	NAT3	19
Q8H0T4	UPL2	161
Q8H0T6	PPT2	13
Q8H0V3	At1g08110	12
Q8H0V4	DUF7	38
Q8H0Y8	WRKY41	13
Q8H0Z6	IP5P3	25
Q8H102	BHLH128	16
Q8H106	PTEN2B	35
Q8H129	PAP3	16
Q8H133	PLP8	34
Q8H156	RAN3	10
Q8H159	UBQ10	29
Q8H185	ARD4	11
Q8H199	CRK14	31
Q8H1D2	WOX5	10
Q8H1D8	APY4	24
Q8H1E3	PBL17	27
Q8H1E5	PII1	43
Q8H1E8	DRM3	33
Q8H1F7	IPK	20
Q8H1F9	PCH2	20
Q8H1Q1	TL20.3	18
Q8H1R4	ABCI10	17
Q8H1S0	MIOX4	16
Q8H1S6	At1g06960	8
Q8H780	SCPL13	20
Q8H965	NPC6	24
Q8L440	ORRM1	20
Q8L467	BHLH104	7
Q8L471	FLZ8	16
Q8L4A7	PAB2	12
Q8L4N1	PHOS34	13
Q8L4Y5	ARP7	17
Q8L548	TCX3	27
Q8L557	EMB514	11
Q8L5A7	SOT15	21
Q8L5Y5	PAT19	35
Q8L5Z4	YBEY	25
Q8L611	SEC31B	43
Q8L615	SEI3	25
Q8L6Z8	At3g03090	13
Q8L719	ALY2	12
Q8L735	ISA2	38
Q8L773	ALY1	15
Q8L799	MIOX1	13
Q8L7B5	At2g33210	35
Q8L7C2	CFM2	57
Q8L7C8	RWA1	26
Q8L7D2	SBT4.12	34
Q8L7E3	VSR7	37
Q8L7E5	WIT1	37
Q8L7G3	CRK7	40
Q8L7H3	XTH29	16
Q8L7S0	ULP2B	37
Q8L7T3	UBC20	10
Q8L7T9	MNM1	8
Q8L7W1	MSL3	41
Q8L7W2	NUDT8	22
Q8L7Z0	CNGC17	31
Q8L7Z3	At5g18400	13
Q8L828	At3g15980	40
Q8L829	ARI5	23
Q8L831	NUDT3	47
Q8L860	TOL9	18
Q8L868	At1g32860	13
Q8L8A7	GRF4	13
Q8L8W0	ALIS5	11
Q8L8W5	CYP21-2	14
Q8L968	At4g13720	11
Q8L9A9	XTH8	13
Q8L9K1	ERF13	6
Q8L9T5	ATL2	14
Q8L9T8	AGP41	0
Q8L9X2	RBCX2	7
Q8LA13	RH11	32
Q8LA32	LUL4	10
Q8LAD2	At5g23250	15
Q8LAH8	NDK4	12
Q8LAL0	HCC2	15
Q8LAN3	P4H4	16
Q8LAW2	AFR	23
Q8LB88	RGLG5	16
Q8LBB2	KING1	23
Q8LBH4	SPX1	13
Q8LBK6	GRXS15	13
Q8LBX7	TED6	3
Q8LBZ4	OTU4	17
Q8LCQ4	LHCA6	10
Q8LCS8	MUB2	5
Q8LCT3	At4g29670	12
Q8LCU7	At3g45770	19
Q8LCV1	PLP3B	14
Q8LD43	AGP40	0
Q8LD46	RPL23AA	7
Q8LD49	ATHX	9
Q8LDD3	CURT1D	8
Q8LDG7	PEX3-1	19
Q8LDW8	GLX2-4	17
Q8LE59	IRT3	13
Q8LEA0	LPXK	22
Q8LEA2	GA2OX1	16
Q8LEE8	LIP1P	22
Q8LEE9	FLA12	4
Q8LEK4	At4g26160	13
Q8LEQ4	DPMS3	2
Q8LER3	XTH7	16
Q8LEZ4	NFD5	20
Q8LEZ8	AAP19-1	8
Q8LF48	KAT1	22
Q8LF97	ASK21	16
Q8LF99	XTH6	13
Q8LFG1	AMY2	15
Q8LFH6	ADF12	7
Q8LFJ6	NRPB10	3
Q8LFJ8	RPA2B	8
Q8LFP7	NIP1-2	10
Q8LFP9	ABA4	10
Q8LFV3	CDF3	19
Q8LFW5	HTT1	13
Q8LG05	STKL1	17
Q8LG54	AGP7	1
Q8LG58	XTH16	11
Q8LG77	IDH6	18
Q8LG88	TDT	13
Q8LGA1	CYCD4-1	14
Q8LGD5	MKS1	9
Q8LGG0	FKBP12	4
Q8LGI8	NAA20	11
Q8LGN0	GLR2.7	39
Q8LGU1	ABCC8	67
Q8LJT8	TKI1	28
Q8LK93	PCMP-H26	32
Q8LPF0	TAF2	71
Q8LPF3	PME68	21
Q8LPJ3	At5g13980	44
Q8LPJ5	At5g14590	30
Q8LPK2	ABCB2	56
Q8LPK4	ALPHAC-AD	52
Q8LPL2	NPF1.1	17
Q8LPL5	FZR3	24
Q8LPL6	ALPHA-ADR	52
Q8LPQ6	ABCB28	30
Q8LPT3	MEBL	26
Q8LRK9	TAF1	91
Q8LST2	WNK7	23
Q8RUC6	RUB2	7
Q8RUN2	LOG1	10
Q8RWA5	NDT2	21
Q8RWA7	MEE4	7
Q8RWD5	SCD2	34
Q8RWF0	RPN9A	21
Q8RWL5	CLT3	14
Q8RWN2	ZIF1	13
Q8RWQ4	ROPGAP7	42
Q8RWQ9	At3g45310	17
Q8RWS6	FRO6	26
Q8RWT0	LUP2	36
Q8RWY1	ALKBH8	13
Q8RWY7	CYP95	27
Q8RWZ3	IBR3	46
Q8RX33	DFO	14
Q8RX56	PATROL1	59
Q8RX80	CRK18	31
Q8RX87	RFS6	35
Q8RXC8	RBK2	19
Q8RXE1	GAUT5	36
Q8RXE5	WNK10	29
Q8RXE9	OVA4	20
Q8RXH2	NUP85	45
Q8RXK2	SDN3	41
Q8RXL8	UXT3	10
Q8RXP6	WAV2	18
Q8RXR2	CLC-F	26
Q8RXS1	PNSB4	9
Q8RXY6	SGF29A	18
Q8RY22	DEGP7	55
Q8RY24	SPS3	50
Q8RY67	WAKL14	30
Q8RYD3	ARF32	6
Q8RYD6	DPBF2	10
Q8S2T0	GRIP	47
Q8S397	NHX4	13
Q8S3C9	DRP1D	37
Q8S3D1	BHLH68	11
Q8S3D2	BHLH87	12
Q8S3F1	NAI1	12
Q8S528	ALDH2B7	27
Q8S895	SAT2	16
Q8S8C6	BPC4	15
Q8S8D3	EREL2	28
Q8S8E7	GNAT9	10
Q8S8F7	INH3	2
Q8S8F8	GEM	14
Q8S8M0	WIH2	1
Q8S8M2	CLE16	3
Q8S8M9	AL6	11
Q8S8N9	GC1	42
Q8S8Q6	TET8	12
Q8S8S7	PUB34	50
Q8S8Y8	WNK6	27
Q8S924	ATG12A	3
Q8S925	ATG8H	9
Q8S927	ATG8C	8
Q8S929	ATG4A	20
Q8S9J8	At4g32285	34
Q8S9K7	PEX3-2	19
Q8S9L0	SPL10	20
Q8S9L5	TIG	37
Q8S9L6	CRK29	31
Q8S9M1	PAP13	18
Q8S9M3	GRF9	20
Q8VWF5	ML5	34
Q8VX04	MAM2	28
Q8VXX0	SEC23F	29
Q8VXX5	SKS1	26
Q8VXZ9	RBP47B'	18
Q8VY09	DJ1C	25
Q8VY11	GYRB3	29
Q8VY13	FRO8	33
Q8VY64	NFYA4	7
Q8VY76	BZIP19	6
Q8VY78	SAE1A	18
Q8VY81	NUDT21	11
Q8VY84	UMK1	15
Q8VY86	MSRB7	9
Q8VY91	RPS6	5
Q8VY92	At1g69460	10
Q8VY98	ATI2	14
Q8VYB1	MED31	8
Q8VYB7	RGTA1	32
Q8VYD2	GPL1	22
Q8VYD8	ORLIKE	12
Q8VYE2	TIM50	14
Q8VYE5	At4g29360	17
Q8VYF9	SERGT1	46
Q8VYG9	PIRL9	22
Q8VYH2	SQE3	26
Q8VYI3	ECH2	15
Q8VYJ7	CLPB4	52
Q8VYK4	NFYB8	8
Q8VYK7	ATG8F	6
Q8VYK9	CKL12	26
Q8VYL3	APA2	23
Q8VYM0	ERF15	8
Q8VYM6	NOP2B	24
Q8VYN6	PFK5	26
Q8VYN9	PHOS32	12
Q8VYP9	ICMEL1	27
Q8VYS8	PAT09	17
Q8VYV7	DHQS	26
Q8VYX0	ILL6	16
Q8VYZ2	PAP8	13
Q8VZ14	RMR2	19
Q8VZ22	BHLH103	12
Q8VZ37	At3g50860	7
Q8VZ79	IDN2	41
Q8VZA1	LAC11	19
Q8VZD5	ASK5	25
Q8VZE7	RAP	31
Q8VZF3	GEP	44
Q8VZF4	ZRK3	17
Q8VZI8	FTSH10	46
Q8VZJ2	At4g16260	15
Q8VZJ7	P4H9	8
Q8VZJ9	CRCK2	26
Q8VZL6	SWC4	27
Q8VZM9	FLZ2	5
Q8VZR0	RIBF2	21
Q8VZR2	ASD2	21
Q8VZS6	GIP1	22
Q8VZT8	NFD3	15
Q8VZZ4	ABCC6	66
Q8W034	RNP1	14
Q8W037	NIP2-1	9
Q8W0Z6	AP5M	29
Q8W0Z9	CCR4-1	25
Q8W103	CHR24	66
Q8W108	ARD3	13
Q8W110	FRO4	24
Q8W1D5	CIPK25	20
Q8W1P0	CSN6B	14
Q8W1Y0	SYN4	38
Q8W207	CSN2	20
Q8W261	CLE19	4
Q8W2B8	SAT4	20
Q8W2F2	BHLH11	11
Q8W3L1	MFDR	28
Q8W468	ARI8	32
Q8W469	SPPL2	23
Q8W471	AAE15	40
Q8W475	SWI3A	32
Q8W491	UGT73B3	20
Q8W4A5	APO2	20
Q8W4C8	ARL8C	10
Q8W4D4	BAGP1	30
Q8W4E6	HPAT1	14
Q8W4F0	DAR1	27
Q8W4F3	OVA9	43
Q8W4G6	CRK15	36
Q8W4H8	GLL23	17
Q8W4I5	ERF069	4
Q8W4J2	MPK16	35
Q8W4K5	VAB	26
Q8W4N3	UBP2	41
Q8W4R3	RH30	38
Q8W4S6	CWINV6	28
Q8W5R5	KIN7D	57
Q93V51	PSE1	14
Q93V61	LCAT3	14
Q93V72	PDCB4	5
Q93V74	CYCLASE1	12
Q93V84	FLXL1	13
Q93V93	PER44	17
Q93VA3	PETJ	12
Q93VC7	RPS1	18
Q93VC9	CATHB2	17
Q93VI4	PABN1	8
Q93VI8	TULP7	18
Q93VM8	COPT5	5
Q93VR9	SEH1	13
Q93W22	RPL10C	11
Q93W66	PAM16L1	10
Q93WC4	IAA29	13
Q93WG3	CJD1	9
Q93WJ8	MDAR2	26
Q93WN0	SBP2	27
Q93WU9	WRKY51	2
Q93WV0	WRKY20	20
Q93WV4	WRKY71	9
Q93X94	EXL6	20
Q93XM7	BOU	14
Q93XY5	TOM2AH2	12
Q93Y00	BHLH7	9
Q93Y23	FMOGS-OX4	19
Q93Y31	ARL8B	11
Q93Y32	BCAT1	22
Q93Y35	RPN7	20
Q93Y39	RH13	35
Q93YN4	ELM1	18
Q93YP0	UEV1A	7
Q93YP4	EPSIN3	22
Q93YQ3	PURU1	18
Q93YS4	ABCG22	34
Q93YU6	At3g56120	23
Q93YU8	NRG2	33
Q93YW0	EX1	32
Q93Z08	At5g58090	22
Q93Z32	SPPL1	4
Q93Z70	At2g19940	25
Q93Z79	CYP714A1	38
Q93Z96	CPX2	13
Q93ZA3	At1g30760	28
Q93ZB1	LOL1	1
Q93ZB6	HEME1	18
Q93ZB7	GTE11	35
Q93ZB9	FAR3	23
Q93ZC5	AOC4	14
Q93ZE5	FAHD1	9
Q93ZE9	SFH3	36
Q93ZF5	PHO1-H1	41
Q93ZR3	PRP39-1	32
Q93ZS9	At3g55980	26
Q93ZT6	EIF(ISO)4G1	43
Q93ZW0	G6PD4	36
Q93ZX1	RFC4	18
Q93ZX7	GAUT4	38
Q940A2	At2g40860/At2g40870	34
Q940G8	DA2L	10
Q940K0	UNI	50
Q940M0	GDP1	18
Q940M2	AGT2	27
Q940M4	OCT7	20
Q940P5	TOM2AH3	8
Q940Y8	KIN13B	35
Q940Z5	PMAT1	23
Q941Q3	HUA1	13
Q944A9	NPSN11	14
Q944B0	FKBP16-1	10
Q944B6	TYRAAT1	29
Q944C1	PLC4	31
Q944C2	PLC5	30
Q944H5	MTM1	20
Q944K3	HDA2	24
Q944L7	SLP2	23
Q944M5	SWEET4	8
Q944N8	ENT6	12
Q945Q1	CYS1	6
Q946J2	SUVR1	26
Q949P3	At2g17340	18
Q949V6	ARI1	28
Q949X7	LYSA1	22
Q949Z1	At1g48100	15
Q94A08	RFS2	36
Q94A09	TRM9	25
Q94A16	CYP21-3	14
Q94A18	ABCG29	66
Q94A51	PUB32	42
Q94A79	DMS3	21
Q94A94	LYSA2	25
Q94AB5	UGT76E12	14
Q94AF2	At5g19150	21
Q94AF7	PFD1	9
Q94AL8	COR413IM1	10
Q94AQ9	SGRL	14
Q94AU7	GAMMACA3	11
Q94AV5	WIP3	25
Q94AX3	LTPG16	3
Q94AZ2	STP13	16
Q94B08	GCP1	17
Q94B52	IF3-4	15
Q94B55	XBAT31	18
Q94B71	OBE3	37
Q94B77	FH5	54
Q94BQ2	RPT6B	24
Q94BQ5	FBP1	14
Q94BR5	CHR28	54
Q94BV2	SGF11	7
Q94BV4	RH6	27
Q94BY9	RABGAP22	19
Q94BZ5	HSFA5	25
Q94C40	CIPK17	20
Q94C75	RH25	33
Q94C77	At4g34220	34
Q94CD4	GILP	4
Q94CD8	At3g13560	13
Q94CH5	EXL5	16
Q94CK3	FIS1B	8
Q94CK4	ANNAT8	20
Q94EJ2	HDA8	15
Q94F00	IMPL1	17
Q94F20	DGR2	17
Q94F87	CMT2	69
Q94GB1	PUP2	10
Q94HV7	SPL1	18
Q94JM2	GK3	16
Q94JX5	WLIM1	11
Q94JZ8	PUX7	22
Q94K01	DBR1	14
Q94K73	At3g58140	28
Q94KJ7	VPS33	31
Q94KK5	SYP73	14
Q94KK6	SYP72	15
Q94KK7	SYP52	16
Q94LA4	HEMB2	16
Q94LW7	KIN4B	52
Q95748	NAD9	12
Q96250	ATPC	19
Q96251	At5g13450	16
Q96252	At5g47030	7
Q96270	LEA7	11
Q96273	LEA18	6
Q96276	MYB23	9
Q96282	CLC-C	28
Q96283	RABA2C	14
Q96287	ASK8	23
Q96299	GRF9	15
Q96300	GRF7	16
Q96320	HSFB1	18
Q96326	CCME	9
Q96328	SAC8	32
Q96502	COL2	10
Q96509	PER55	10
Q96510	PER35	19
Q96512	PER9	15
Q96518	PER16	18
Q96519	PER11	15
Q96522	PER45	21
Q9ASQ6	RFK1	47
Q9ASQ7	SLAH2	25
Q9ASU7	PPAN	20
Q9ASU8	NDL2	9
Q9ASV6	RPS20	7
Q9AT61	LBD13	8
Q9C500	WPP2	8
Q9C503	NDF5	21
Q9C505	ELF5A-3	10
Q9C519	WRKY6	20
Q9C521	UDP-GALT1	12
Q9C524	At1g66430	20
Q9C533	PAT22	22
Q9C552	APUM23	43
Q9C554	EXPA1	4
Q9C565	RRG	25
Q9C5A4	ARI16	24
Q9C5A9	At5g08680	30
Q9C5C4	At4g17830	20
Q9C5D3	HIPP07	17
Q9C5E7	APUM6	42
Q9C5I3	ERF11	5
Q9C5J6	IPT9	18
Q9C5J7	PFK7	25
Q9C5J8	OEP80	45
Q9C5K8	TIFY3B	6
Q9C5N2	TMN9	20
Q9C5P1	SUVH7	32
Q9C5P6	CBL6	12
Q9C5S0	AGP9	1
Q9C5T3	WRKY26	13
Q9C5U3	RPT6A	24
Q9C5U8	HISN8	19
Q9C5V5	GLR2.8	44
Q9C5W0	DGAT3	19
Q9C5Y4	SMC2-1	67
Q9C5Z1	TIF3B1	31
Q9C613	SAMBA	2
Q9C616	KAN2	13
Q9C635	HSFB4	14
Q9C667	CPN60B4	34
Q9C681	At1g51060	7
Q9C682	BHLH115	5
Q9C685	CRR41	14
Q9C6A1	MTERF15	29
Q9C6B2	NRAMP2	14
Q9C6D2	MTK	25
Q9C6E4	EXL1	12
Q9C6F5	BCA6	15
Q9C6I4	GA2OX7	13
Q9C6K9	LRK10L-1.1	33
Q9C6M5	TEM1	22
Q9C6P6	KRS	5
Q9C6S1	FH14	59
Q9C6T1	PMK	18
Q9C6U1	MYB83	12
Q9C6Z2	NUDT25	8
Q9C6Z3	PDH-E1	16
Q9C718	RH20	33
Q9C758	TCP24	10
Q9C776	ATE2	33
Q9C788	CYP704B1	34
Q9C7A2	ITN1	25
Q9C7B1	TRP3	29
Q9C7E7	RDM16	28
Q9C7G0	MAP65-8	25
Q9C7G1	PUB45	24
Q9C7H4	WSD2	24
Q9C7N2	CAD1	29
Q9C7N5	At1g29660	13
Q9C7P2	EIF4E2	12
Q9C7P6	EIF4E3	11
Q9C7Q8	SAUR62	6
Q9C7S7	AERO1	26
Q9C7T4	BHLH96	17
Q9C7U5	At1g66250	14
Q9C7W0	SAQR	5
Q9C7Z1	GA2OX4	16
Q9C821	PERK15	22
Q9C835	CYP21-4	13
Q9C878	BRN1	13
Q9C889	PRA1F2	5
Q9C899	F6'H2	20
Q9C8A4	AGP21	0
Q9C8E1	ORTH4	26
Q9C8H0	ABCC12	66
Q9C8H1	ABCC11	64
Q9C8J8	ABCG13	31
Q9C8L2	FAP3	15
Q9C8P0	EMB3003	23
Q9C8U6	IAN3	20
Q9C8U7	IAN4	13
Q9C8W3	FUT13	20
Q9C8Y4	AAF	23
Q9C927	PAP5	15
Q9C928	BRIX1-2	20
Q9C932	NAC019	16
Q9C944	At1g52740	6
Q9C950	VIP5	30
Q9C952	CPSF73-I	31
Q9C955	GA20OX4	18
Q9C992	KCS7	23
Q9C998	RPI1	9
Q9C999	PILS2	15
Q9C9A3	HIPP20	7
Q9C9A6	PUB10	39
Q9C9A9	COL7	15
Q9C9C8	MYB122	16
Q9C9G7	MYB62	6
Q9C9H5	CEL3	24
Q9C9K5	PILS3	14
Q9C9L0	CUL3B	40
Q9C9M0	At1g66650	16
Q9C9N3	C3H14	14
Q9C9N6	PMI2	30
Q9C9Q5	RRA2	18
Q9C9Q6	RRA1	18
Q9C9S2	AUF1	10
Q9C9Y8	At3g08680	29
Q9CA28	TKPR2	12
Q9CA60	CYP98A9	24
Q9CA69	ROH1D	22
Q9CA71	FUT3	27
Q9CA79	DPMS2	0
Q9CAA9	BHLH49	17
Q9CAB6	UEV1B	7
Q9CAB8	PXG5	11
Q9CAC1	CEL1	16
Q9CAD6	CYP86A7	31
Q9CAH0	MORF7	12
Q9CAH5	PPRD1	16
Q9CAI1	DRG2	23
Q9CAI3	CAD1	22
Q9CAI5	CKL2	27
Q9CAI7	TIF4A-3	23
Q9CAK4	ROH1A	21
Q9CAL2	CRK3	35
Q9CAN1	RBL2	9
Q9CAN3	SCL28	42
Q9CAP8	LACS9	28
Q9CAT6	OCT1	18
Q9CAX3	CASP2	5
Q9CAX8	ROPGAP4	22
Q9CAY1	PCMP-H52	34
Q9CAZ0	SKIP24	16
Q9CAZ7	SSL5	16
Q9FDZ5	URGT6	11
Q9FE68	UGT71C5	18
Q9FEG2	TOM1	7
Q9FF18	CYP735A1	36
Q9FF31	LRK10L-2.1	33
Q9FF46	ABCG28	51
Q9FF66	UBC22	11
Q9FF77	PME47	22
Q9FF78	PME46	26
Q9FFB3	VPS24-1	8
Q9FFD2	RGP5	19
Q9FFD7	DSP5	13
Q9FFE8	WSD8	20
Q9FFF1	FRL1	18
Q9FFF5	AL1	8
Q9FFF9	APC1	71
Q9FFG0	ENAP2	13
Q9FFG1	SDN2	27
Q9FFH6	FLA13	12
Q9FFH8	CKL7	27
Q9FFI0	HDG9	33
Q9FFJ8	LIMYB	27
Q9FFN4	BGAL6	35
Q9FFN9	ARI13	36
Q9FFP1	ARI14	25
Q9FFQ5	FLS3	11
Q9FFS0	RTNLB4	7
Q9FFS4	DDA1	5
Q9FFT4	PDC2	22
Q9FFX4	KNU	4
Q9FFY6	ELCL	16
Q9FFZ7	CASP4	5
Q9FG05	GIS2	10
Q9FG14	MYOB7	32
Q9FG23	At5g06830	21
Q9FG24	SRF2	28
Q9FG33	LECRKS5	29
Q9FG34	PER54	11
Q9FG35	TBR	26
Q9FG68	RAX1	14
Q9FGF8	ABR1	11
Q9FGG1	EC1.5	8
Q9FGI1	At5g58410	90
Q9FGJ4	MTACP2	7
Q9FGK9	MAG5	44
Q9FGL2	TIP2-3	2
Q9FGL9	At5g53180	17
Q9FGN7	SCC4	32
Q9FGN8	DYAD	34
Q9FGQ7	CYCD3-2	14
Q9FGS0	CP31B	10
Q9FGT7	ARR18	27
Q9FGX1	ACLB-2	32
Q9FH09	HDA7	22
Q9FH27	KCS21	26
Q9FH54	ERF114	6
Q9FH66	CYP71A16	31
Q9FH75	GLR1.3	41
Q9FH80	BAM8	30
Q9FH90	IRX14H	22
Q9FH95	TOE3	21
Q9FH97	EPS1	21
Q9FHA2	ALC	10
Q9FHA3	POLA	76
Q9FHF0	RPS4B	67
Q9FHH5	GDU3	7
Q9FHK7	At5g05160	29
Q9FHM5	AHL4	11
Q9FHN4	PME60	33
Q9FHN5	PME59	34
Q9FHQ3	HSP15.7	9
Q9FHQ6	UBQ9	21
Q9FHR8	DCI1	13
Q9FHX2	MFL1	17
Q9FI03	NHL26	6
Q9FI19	CML43	11
Q9FI23	PDF1.2A	5
Q9FI31	XTH20	16
Q9FI55	MHF1	14
Q9FI61	UBC27	10
Q9FI76	DHNAT2	9
Q9FI78	HST	15
Q9FI79	TED7	5
Q9FI99	UGT76C1	24
Q9FIF0	LECRK22	30
Q9FIF1	LECRK21	30
Q9FIF7	PCMP-E41	25
Q9FIF9	RABA2D	12
Q9FIH5	URGT3	13
Q9FIH8	SPP	64
Q9FIH9	CML37	10
Q9FIJ7	At5g47840	19
Q9FIK0	PFK2	21
Q9FIM2	FTSH9	46
Q9FIN7	MIP2	117
Q9FIT1	IQD23	16
Q9FIU6	ORRM2	8
Q9FIZ7	OXP1	58
Q9FJ13	COBL9	29
Q9FJ21	PME58	31
Q9FJ55	CIPK19	25
Q9FJ79	TOP1B	58
Q9FJ82	DAPB3	14
Q9FJD5	LAC17	20
Q9FJD6	RBOHH	46
Q9FJF8	HTT2	15
Q9FJG1	SAUR19	4
Q9FJI4	LECRK111	22
Q9FJJ3	SRO5	18
Q9FJK3	AGL80	3
Q9FJL4	BHLH78	18
Q9FJP6	PUB38	27
Q9FJR1	PER65	16
Q9FJR5	PMEI12	9
Q9FJS2	HDG5	24
Q9FJT8	HAG2	22
Q9FJU9	At5g56590	22
Q9FJW6	DG1	31
Q9FJX6	FH6	48
Q9FJY5	MPP10	16
Q9FK02	DIM1B	23
Q9FK05	PME61	33
Q9FK10	At5g53320	37
Q9FK16	AGP22	0
Q9FK23	MTERF8	31
Q9FK28	MEMB12	8
Q9FK29	UBC33	6
Q9FK35	ADK2	16
Q9FK89	WSD9	25
Q9FK91	PARP3	38
Q9FKA9	LATE	8
Q9FKB5	KRP3	8
Q9FKG5	PUB51	44
Q9FKG6	PUB52	41
Q9FKH6	At5g35735	10
Q9FKK2	AGL62	9
Q9FKL8	XTH13	11
Q9FKM2	VDAC4	14
Q9FKM5	XRCC3	13
Q9FKN7	DAR4	78
Q9FKP5	UBP17	31
Q9FKT0	ARP8	22
Q9FKT3	UBC30	4
Q9FKT5	THO3	15
Q9FKX4	PP2C79	15
Q9FKX5	ATL27	5
Q9FKY3	AVT3A	7
Q9FKZ3	LBD36	9
Q9FL16	PER63	16
Q9FL25	TPK2	20
Q9FL44	MPH1	8
Q9FL48	LNK4	8
Q9FL62	WRKY30	10
Q9FL63	At5g24100	31
Q9FLA5	ARAD2	19
Q9FLC6	ATL73	8
Q9FLC8	CYP79A2	30
Q9FLD7	GLCAT14A	23
Q9FLE9	PRE1	6
Q9FLG2	MRS2-2	14
Q9FLH5	AGL72	11
Q9FLJ8	At5g61350	37
Q9FLM3	PAT06	22
Q9FLM8	NRPB12	3
Q9FLN4	RPL27	8
Q9FLP3	Mge1	19
Q9FLP5	SUMO3	7
Q9FLV4	At5g24080	38
Q9FLV5	PER61	21
Q9FLW2	FRO5	25
Q9FLX4	MAKR5	18
Q9FLX7	At5g52840	12
Q9FLX9	NLE1	27
Q9FLZ3	KIN12	26
Q9FM10	SWEET5	8
Q9FM19	HIR1	19
Q9FM54	FOLB2	8
Q9FM67	TIC20-V	9
Q9FM68	BAM4	35
Q9FM85	PBL16	24
Q9FM86	At5g56450	20
Q9FM99	ACA8	14
Q9FMA0	EXPA14	9
Q9FMB4	AUG5	39
Q9FMB6	BIM3	17
Q9FMF4	SAC51	18
Q9FMG4	SC35	10
Q9FMH8	RD21B	20
Q9FMI7	PER70	15
Q9FML4	LOB	8
Q9FMR0	PER60	21
Q9FMR5	VAMP714	14
Q9FMS4	SIED1	3
Q9FMV7	CYP94B1	32
Q9FMW8	RIBF1	20
Q9FMX2	TCP7	6
Q9FMX6	DJC76	22
Q9FMY1	CYP86B1	39
Q9FMY7	ZHD13	14
Q9FN04	AAP4	13
Q9FN19	HOS15	27
Q9FN41	At5g53850	29
Q9FN89	RIBA3	26
Q9FN92	At5g59700	38
Q9FN93	At5g59680	41
Q9FNA3	NAGLU	40
Q9FNB2	RRL	26
Q9FNC9	TOM9-2	5
Q9FNF8	PI4KG3	29
Q9FNH4	NUDT27	12
Q9FNI7	CSLA2	27
Q9FNJ8	ADT5	22
Q9FNM5	At5g08650	33
Q9FNN5	At5g08530	23
Q9FNV9	MYB113	11
Q9FPE8	HHO3	20
Q9FPJ4	RABD2B	15
Q9FPR2	AGP18	5
Q9FPS0	UBP27	21
Q9FPT5	UBP1	44
Q9FPW4	VIP2	19
Q9FPW6	POB1	21
Q9FQ19	SYN3	32
Q9FQ20	SYN2	44
Q9FR95	PEN1	30
Q9FRR1	PRA1E	7
Q9FRR2	CORD2	37
Q9FT69	RECQSIM	43
Q9FT88	GNT2	24
Q9FT97	AGAL1	22
Q9FUJ2	CKX4	19
Q9FUQ7	CBL8	11
Q9FUT0	GSTU9	9
Q9FUT1	GSTU14	9
Q9FV49	MAP2A	20
Q9FV50	MAP1D	14
Q9FV51	MAP1C	11
Q9FV52	MAP1B	14
Q9FVQ5	OSCA1.8	41
Q9FVS2	ORTH3	27
Q9FVS6	ASK4	23
Q9FVS9	CYP96A15	28
Q9FW44	ADR1	47
Q9FWQ5	HAC12	82
Q9FWR5	GAMMACA1	10
Q9FWS3	CG1	11
Q9FWS9	BLH3	17
Q9FWX6	TPK4	11
Q9FWY7	IMPA6	24
Q9FWY9	GATL5	14
Q9FX45	ORRM6	12
Q9FX64	HOP2	10
Q9FX83	At1g16700	13
Q9FX85	PER10	16
Q9FX86	CRK8	33
Q9FX97	FUT12	28
Q9FX99	At1g49730	32
Q9FXA2	PAB8	29
Q9FXA7	RGXT3	17
Q9FXB2	GOLS2	19
Q9FXE5	FXG1	16
Q9FXH6	CNGC8	43
Q9FXH7	SRS7	15
Q9FXI7	MGH3	3
Q9FY51	HPAT3	16
Q9FY60	MYB64	16
Q9FY61	TRS120	61
Q9FY68	PUMP6	17
Q9FY75	POT7	29
Q9FY78	LTPG29	3
Q9FYA2	WRKY75	6
Q9FYA6	BCAT5	22
Q9FYE2	PKS4	21
Q9FYE3	ACA3	14
Q9FYE6	BHLH101	14
Q9FYG0	AGM2	14
Q9FYG2	CAMTA4	37
Q9FYH1	HAC2	77
Q9FYH7	VSR6	33
Q9FYJ6	BHLH111	16
Q9FYL6	KCR2	18
Q9FYQ8	TMN11	22
Q9FZ21	GA2OX6	17
Q9FZ27	At1g02335	9
Q9FZ36	ANP2	29
Q9FZ45	SHOU4L	24
Q9FZ47	ACR11	14
Q9FZ54	CEP13	7
Q9FZ84	RBG6	9
Q9FZ96	PUP1	8
Q9FZB8	At1g51810	41
Q9FZC5	FOX2	28
Q9FZC7	FOX4	29
Q9FZC8	FOX5	29
Q9FZG4	At1g47840	29
Q9FZK0	SPL11	23
Q9LD37	CNGC20	33
Q9LD55	TIF3A1	53
Q9LDA4	PER38	20
Q9LDD1	BRG3	18
Q9LDD5	PYRP2	20
Q9LDD8	MCCB	30
Q9LDK9	BETAA-AD	36
Q9LDL7	PAT1	20
Q9LDN1	CRK33	34
Q9LDN9	PER37	20
Q9LDQ3	CRK34	35
Q9LDR2	CNGC19	30
Q9LDR4	FK	10
Q9LDR8	MYB102	13
Q9LDR9	EXPA10	6
Q9LDY2	DIN4	18
Q9LDZ5	PBL21	20
Q9LE15	PER4	14
Q9LE16	BRIX1-1	19
Q9LE42	HAC5	80
Q9LE44	SMP1	5
Q9LE56	LTPG3	5
Q9LE63	MYB106	16
Q9LE73	NUDT4	13
Q9LEA3	LECRK56	28
Q9LEA7	GLP9	3
Q9LES4	L2HGDH	22
Q9LET1	CRK7	33
Q9LET7	CIP111	59
Q9LEU7	CIPK5	21
Q9LEW0	UBP22	29
Q9LEW8	At3g61080	12
Q9LEZ9	TCP17	7
Q9LF04	S-ACP-DES1	25
Q9LF06	POQ	14
Q9LF24	LNG1	54
Q9LF27	WDR12	20
Q9LF46	HACL	31
Q9LF57	HIPP21	6
Q9LF61	XPT	14
Q9LF80	XXT3	21
Q9LFA3	MDAR1	26
Q9LFB8	NPF8.2	18
Q9LFB9	OPSL1	37
Q9LFD2	LAC8	18
Q9LFF6	At3g53650	7
Q9LFG1	At3g53590	42
Q9LFG2	DAPF	20
Q9LFH3	LOG4	12
Q9LFH6	LUL2	16
Q9LFH9	LECRK81	33
Q9LFL0	CSLD2	51
Q9LFN5	GLR2.5	37
Q9LFN8	GLR2.6	39
Q9LFP1	VAMP713	11
Q9LFR3	GASA14	4
Q9LFS8	SMC5	56
Q9LFU5	At5g15810	34
Q9LFV3	CRLK2	20
Q9LG11	HAC4	71
Q9LH76	RHM3	36
Q9LHA4	VHA-d2	19
Q9LHA7	PER31	18
Q9LHE4	CHR27	51
Q9LHH7	FOLD2	20
Q9LHI7	NEK7	25
Q9LHJ3	CYSTM9	2
Q9LHS9	RBE	14
Q9LI77	GATA	25
Q9LI83	ALA10	55
Q9LIA6	PBRP2	21
Q9LIC6	PRA1F3	4
Q9LIE4	PAT20	28
Q9LIF4	LBO1	15
Q9LII0	ENODL5	5
Q9LIK9	APS1	26
Q9LIL4	At3g22845	5
Q9LIN2	At3g26430	12
Q9LIN5	EIF4B1	34
Q9LIP2	PBE2	15
Q9LIQ4	THIM	11
Q9LJ44	COL12	8
Q9LJ87	CDC73	25
Q9LJD7	COP10	7
Q9LJD9	AGP12	0
Q9LJG8	ASIL2	23
Q9LJH2	ALKBH1C	27
Q9LJH8	UBP1C	12
Q9LJI5	VHA-d1	19
Q9LJK2	CYP707A4	23
Q9LJL4	IPT8	21
Q9LJQ9	COX17-1	4
Q9LJS2	RLP41	30
Q9LJU1	ENODL9	6
Q9LJV9	At3g29070	14
Q9LJW5	MIF2	5
Q9LJY5	CYP705A22	27
Q9LK03	PERK2	22
Q9LK09	SYP32	13
Q9LK22	PUX1	10
Q9LK25	PHB4	15
Q9LK29	CYC1-1	15
Q9LK48	BHLH77	14
Q9LK62	ABCC7	73
Q9LK73	UGT88A1	18
Q9LK88	NQR	8
Q9LKA4	UBA2C	14
Q9LKC0	YUC5	25
Q9LKU2	TATA	8
Q9LM02	SMT1	17
Q9LM25	HRD3A	34
Q9LM69	ATL80	8
Q9LM71	FKBP18	14
Q9LMB9	CRK1	34
Q9LME2	ZYP1A	50
Q9LME6	MBD8	27
Q9LMI0	TPS7	45
Q9LMK5	STN1	8
Q9LML6	UGT71C4	27
Q9LMM0	GPAT4	31
Q9LMM1	CYP86A4	34
Q9LMM8	AGL28	12
Q9LMS3	LAC1	23
Q9LMT9	WAKL13	31
Q9LMU2	KTI5	12
Q9LMX5	AFP2	18
Q9LN01	PCMP-H12	39
Q9LN20	P4H3	10
Q9LN49	KCS4	26
Q9LN62	RRA3	21
Q9LN71	At1g12760	10
Q9LNC6	TOL2	18
Q9LND0	BHLH89	10
Q9LND1	ERF094	6
Q9LNF2	PMEI1	7
Q9LNG5	MAIL3	69
Q9LNH6	NPSN12	13
Q9LNJ0	CNGC10	41
Q9LNK1	RABA3	17
Q9LNL0	PER8	19
Q9LNQ4	ALA4	55
Q9LNV3	STP2	12
Q9LNV9	RLP1	52
Q9LNW0	HSP17.8	8
Q9LNW1	RABA2B	15
Q9LP24	At1g35710	38
Q9LP45	RPN6	23
Q9LP46	SCAR3	42
Q9LP65	CAR5	11
Q9LPC3	SEC1A	29
Q9LPC5	BIG3	87
Q9LPC7	CYP18-1	10
Q9LPD2	GEN1	29
Q9LPE8	ERF014	4
Q9LPF1	At1g44800	16
Q9LPI7	NAC012	16
Q9LPL3	YUC11	24
Q9LPL5	At1g21400	25
Q9LPN5	VPS60-1	8
Q9LPR8	SCL3	25
Q9LPT6	OTU2	12
Q9LPU2	URGT2	13
Q9LPU5	IGMT1	17
Q9LPU7	IGMT2	17
Q9LPU8	IGMT4	17
Q9LPU9	VTL1	7
Q9LPV5	NRT2.5	15
Q9LPV8	ERF1-2	22
Q9LPV9	LWD1	17
Q9LPZ3	At1g11410	45
Q9LQ98	AFP1	21
Q9LQC0	HO4	13
Q9LQC8	ARF2-A	10
Q9LQK7	ABCI7	22
Q9LQL0	GDH3	10
Q9LQM7	HSFA1D	16
Q9LQM8	MKK10	12
Q9LQN6	PLL5	26
Q9LQP8	KCS3	24
Q9LQQ2	RAD51D	17
Q9LQQ8	PBL5	26
Q9LQR8	RPN3B	32
Q9LQU2	PCR1	8
Q9LQU4	PCR2	7
Q9LQV2	RDR1	59
Q9LQX5	MYB117	12
Q9LQY3	At1g26690	9
Q9LQZ5	SRS5	15
Q9LR33	RPL27AB	8
Q9LR65	PPC6-6	27
Q9LR73	3AT2	21
Q9LRB0	LCBK1	29
Q9LRM4	MIP1B	8
Q9LRP3	At3g17420	28
Q9LRP7	ATG8I	7
Q9LRS2	AXY4L	23
Q9LRT1	At3g28040	42
Q9LRY0	KRP5	12
Q9LRY1	PBL25	21
Q9LRZ4	At3g16800	11
Q9LS01	AOC3	15
Q9LS02	AOC2	13
Q9LS03	AOC1	13
Q9LS39	CCR4-3	26
Q9LS46	ALMT9	26
Q9LS95	PERK6	23
Q9LSA6	PUB29	24
Q9LSB9	EREX	42
Q9LSL1	BHLH93	8
Q9LSN7	BHLH147	10
Q9LSP0	PER29	15
Q9LSP9	CTL2	12
Q9LSQ4	GH3.6	28
Q9LSQ6	PBP1	9
Q9LSR7	AGL70	11
Q9LSV3	WAKL16	22
Q9LSX0	ERF096	4
Q9LSX4	CKL8	28
Q9LSX7	PEX22	15
Q9LSX8	ASK10	7
Q9LSX9	ASK9	9
Q9LSZ3	VUP1	9
Q9LT08	RPN11	12
Q9LT23	BHLH121	14
Q9LT25	PRP40C	34
Q9LT35	NEK6	23
Q9LT38	UCNL	21
Q9LT91	PER66	16
Q9LTB2	MMT1	48
Q9LTC0	PBL19	27
Q9LTC7	BHLH34	7
Q9LTF7	MYB82	7
Q9LTG0	BETA-OHASE	12
Q9LTH4	BOA	11
Q9LTP5	GRP5	2
Q9LTQ0	RTL2	17
Q9LTS6	RPS16-2	8
Q9LTV4	MYB10	8
Q9LTW0	ALIS1	11
Q9LTX2	At5g49980	22
Q9LTY6	UKL5	28
Q9LTZ9	GALS2	24
Q9LU08	PROSCOOP10	4
Q9LU15	AHP4	7
Q9LU21	PNSB3	5
Q9LU47	PUB53	40
Q9LU68	CIA2	19
Q9LU85	PAP4	15
Q9LUA3	NIMIN-2	8
Q9LUB6	SNE	9
Q9LUC3	MPK19	36
Q9LUE3	SWEET10	11
Q9LUE6	RGP4	24
Q9LUG9	MED33A	57
Q9LUH8	HSFA6b	18
Q9LUH9	EPFL5	3
Q9LUJ2	PCMP-H56	39
Q9LUJ5	EBP2	11
Q9LUJ7	PAP85	25
Q9LUL8	PME26	44
Q9LUR3	FAHD2	10
Q9LUS7	RALF23	5
Q9LUV1	PMEI2	11
Q9LUV2	HS1	6
Q9LV01	EOL2	43
Q9LV10	NPF2.11	17
Q9LV11	AHA11	45
Q9LV14	ELF5	12
Q9LV17	BHLH79	12
Q9LV32	NRPD2b	53
Q9LV40	ROPGEF8	31
Q9LV52	HSFC1	16
Q9LV72	GLR1.2	39
Q9LV91	DPE1	20
Q9LV97	CLE21	6
Q9LVA7	At5g62290	3
Q9LVB8	CXE20	16
Q9LVC6	VLN5	53
Q9LVH5	OEP64	27
Q9LVJ1	SBT1.4	25
Q9LVJ3	RSH2	33
Q9LVJ7	NFYA6	9
Q9LVK3	ATG12B	4
Q9LVL1	PER68	19
Q9LVL2	PER67	16
Q9LVL5	WNK4	24
Q9LVM0	At5g58300	32
Q9LVM3	YCF54	13
Q9LVM9	YKT62	12
Q9LVP0	At5g63930	45
Q9LVR0	ATHB-53	7
Q9LVR5	MCU6	17
Q9LVT8	RGGC	20
Q9LVW2	HSFA9	19
Q9LVW9	ARI4	29
Q9LVX0	ARI3	29
Q9LVY1	TAT	17
Q9LVZ5	PIFI	13
Q9LVZ7	ROD1	13
Q9LW15	COX5B-1	10
Q9LW56	FAO3	36
Q9LW62	CKL10	27
Q9LW68	LSH4	8
Q9LW77	HRD1A	26
Q9LX08	ANN6	20
Q9LX12	IPS3	24
Q9LX31	GUN4	12
Q9LX34	CCaP3	5
Q9LX49	PRN1	10
Q9LX65	VHA-H	23
Q9LX82	MYB48	9
Q9LX90	PABN3	8
Q9LXB8	PELPK1	23
Q9LXD1	RLF	15
Q9LXD9	PME51	23
Q9LXE5	DRM1	28
Q9LXF3	CASP5	5
Q9LXG1	RPS9B	11
Q9LXG3	PER56	18
Q9LXK7	PME32	22
Q9LXL5	SUS4	44
Q9LXL9	NAC60	15
Q9LXM2	CAF1-9	12
Q9LXN3	FAR4	27
Q9LXS1	MTPA2	14
Q9LXS6	CSY2	21
Q9LXT3	MBF1B	8
Q9LXW3	RDL3	17
Q9LY14	MSRA3	9
Q9LY19	PME48	21
Q9LY32	AHA7	40
Q9LY41	ATL4	13
Q9LY51	PLC7	30
Q9LY66	RPL1	16
Q9LY71	CKX6	30
Q9LY91	AGP6	8
Q9LYB4	GPX5	10
Q9LYB9	MBD4	11
Q9LYC7	OTU5	15
Q9LYD8	GULLO3	31
Q9LYF6	AGP15	0
Q9LYG9	MSL10	39
Q9LYJ9	RH46	40
Q9LYK2	NRT2.7	11
Q9LYK6	APRF1	16
Q9LYK7	PES	28
Q9LYK8	MSD2	11
Q9LYL8	SORORIN	12
Q9LYQ2	LAC13	17
Q9LYQ8	CIPK2	22
Q9LYR5	FKBP19	15
Q9LYS2	ABCC10	66
Q9LYT5	PME35	25
Q9LYW3	MED7A	8
Q9LYW9	P58IPK	21
Q9LZ45	At5g02570	8
Q9LZ76	VTE5	9
Q9LZ86	PLL2	28
Q9LZC3	MLS	26
Q9LZD4	RABE1D	17
Q9LZD7	MED7B	9
Q9LZE4	FADS1	29
Q9LZF6	CDC48E	42
Q9LZJ5	ABCC14	71
Q9LZJ7	PRP3	12
Q9LZJ8	ARR20	16
Q9LZM4	WAKL20	33
Q9LZN0	ROPGEF7	30
Q9LZR0	ATHB-51	11
Q9LZU4	CRK4	36
Q9LZU9	RBOHJ	46
Q9LZW9	RAPTOR2	53
Q9LZX4	FLA10	16
Q9LZX6	DHDPS1	18
Q9LZZ9	ATG8G	8
Q9M000	SCL22	18
Q9M038	SFC1	16
Q9M041	BHLH140	50
Q9M047	WLIM2B	13
Q9M060	EIF6-2	9
Q9M076	PFK6	25
Q9M081	SEC24C	34
Q9M088	At4g31140	22
Q9M0A1	ENODL12	13
Q9M0A4	CNGC9	46
Q9M0A5	GGP3	12
Q9M0C5	SMXL2	53
Q9M0D2	XTH18	14
Q9M0F8	NAC075	24
Q9M0F9	PFK1	25
Q9M0H6	MAN5	18
Q9M0I0	LLG3	6
Q9M0M5	SCL13	25
Q9M0N1	PUX10	20
Q9M0R0	BHLH81	8
Q9M0S4	AGP10	2
Q9M0S5	ISA3	35
Q9M0T3	MEKK3	23
Q9M0V0	MFDX1	11
Q9M0V4	YAO	23
Q9M0V6	RFNR1	24
Q9M0X5	CRK25	35
Q9M0Y3	ENT3	10
Q9M115	PAT18	26
Q9M157	ETC3	2
Q9M1A8	NRPB8B	5
Q9M1B4	SSL13	19
Q9M1C7	ABCC9	67
Q9M1D0	BGLU16	24
Q9M1E8	SEN1	12
Q9M1G3	LECRK16	21
Q9M1G9	EXT2	29
Q9M1I6	SDP1L	37
Q9M1J2	NRPE5A	11
Q9M1K0	ORG3	14
Q9M1K1	ORG2	12
Q9M1K5	PAT04	20
Q9M1R1	LCD	23
Q9M1S9	CDT1B	32
Q9M1V3	PCMP-H83	53
Q9M1V5	HSFA7B	15
Q9M1W4	HMT-2	17
Q9M1X0	RRF	16
Q9M1X2	FAP1	15
Q9M1X4	ASK5	8
Q9M1Y0	ATG4B	21
Q9M1Z9	LECRK58	22
Q9M219	MTERF18	27
Q9M263	GLP10	5
Q9M291	SEC24B	33
Q9M2A0	AHA8	47
Q9M2D9	MYB17	17
Q9M2E0	RH12	25
Q9M2F1	RPS27B	3
Q9M2K4	BZIP61	13
Q9M2P2	MTPC3	15
Q9M2Q4	At3g57940	62
Q9M2Q6	SPL15	15
Q9M2W2	GSTL2	17
Q9M2Y0	PSK3	4
Q9M2Z8	MPT2	18
Q9M306	PAT05	28
Q9M315	KPHMT2	12
Q9M325	IPCS1	16
Q9M342	WAKL15	32
Q9M364	ATX3	52
Q9M365	RMF	22
Q9M373	AGP20	0
Q9M376	VAMP727	15
Q9M390	NPF8.1	16
Q9M3A8	EMB1796	34
Q9M3B2	WSD5	21
Q9M3B8	PHIP1	30
Q9M3D6	ABCG19	34
Q9M3D7	LECRK14	25
Q9M5J9	PGIP1	15
Q9M5P2	SCAMP3	8
Q9M5P3	CCDA	7
Q9M643	CPI1	10
Q9M644	LEP	4
Q9M6N7	AMT2	10
Q9M7I7	CLH2	18
Q9M7Q7	PCNA	16
Q9M811	ROPGEF11	33
Q9M812	CURT1C	10
Q9M817	NPF1.2	17
Q9M879	S-ACP-DES5	24
Q9M880	S-ACP-DES4	21
Q9M895	FTSHI3	33
Q9M8J9	BPM2	25
Q9M8K6	MUTE	14
Q9M8U1	CML18	9
Q9M8Y4	ARR22	10
Q9M8Y5	LTL1	11
Q9M9B9	ARR19	14
Q9M9F0	VQ9	7
Q9M9H3	EML	8
Q9M9L0	APC11	4
Q9M9L8	LON3	44
Q9M9M4	CSLD3	52
Q9M9N9	AXY9	13
Q9M9P4	HDG8	33
Q9M9Q9	PER5	16
Q9M9S0	ZHD4	11
Q9M9S2	AT59	20
Q9M9S4	At1g14390	34
Q9M9T4	PKS2	23
Q9M9U0	XXT4	28
Q9M9V6	ICS2	24
Q9M9V7	NPF2.9	19
Q9M9V9	TCTP2	10
Q9M9W7	PME22	27
Q9M9W9	At3g05640	16
Q9M9Y5	GAUT6	36
Q9M9Y8	CRTISO	25
Q9MA44	SPPL5	20
Q9MA92	FPP3	39
Q9MAB6	ISU2	9
Q9MAC5	PTB	14
Q9MAH1	TTL1	41
Q9MAK9	RPT4B	23
Q9MAN1	NGA3	17
Q9MAP7	SBT3.5	36
Q9MAS5	VAMP726	13
Q9MAT6	HMGB15	18
Q9MBG8	AAR3	15
Q9S6Z8	TPK5	20
Q9S726	RPI3	17
Q9S735	PHT1-9	22
Q9S758	SPL5	10
Q9S760	HVA22D	3
Q9S762	HISN1A	13
Q9S763	WRKY45	4
Q9S785	At3g07690	20
Q9S7A9	SPL4	10
Q9S7D8	APS4	30
Q9S7G6	PNP2	58
Q9S7H5	SCL21	20
Q9S7I3	LTP2	6
Q9S7L9	COX6B-1	9
Q9S7N9	CID12	13
Q9S7Q2	PTAC2	44
Q9S7R7	EAP3	21
Q9S7T1	GTE3	23
Q9S7U5	HSFA8	17
Q9S7W1	LHCB4.3	13
Q9S823	LNG2	53
Q9S831	PSAE1	6
Q9S840	SPL2	21
Q9S851	NAC031	12
Q9S9K9	MYB3	12
Q9S9N5	CNGC7	40
Q9S9P6	UGT78D1	20
Q9S9P8	RFNR2	22
Q9S9U0	CALS11	86
Q9S9U1	LECRK71	30
Q9S9Z0	HDG10	31
Q9SA27	RH36	27
Q9SA34	At1g16350	24
Q9SA49	SAUR41	7
Q9SA56	PSAD2	13
Q9SA57	At1g03120	7
Q9SA65	At1g03050	34
Q9SA76	EMB2279	57
Q9SA91	PSI2	34
Q9SAC0	Z-ISO	10
Q9SAC9	AP1M1	21
Q9SAD7	EIF4B2	36
Q9SAF1	ARP3	18
Q9SAH5	PLMT	3
Q9SAH7	WRKY40	15
Q9SAH9	CCR2	16
Q9SAI4	NIP6-1	7
Q9SAK7	OCT5	22
Q9SAV1	F-ATMBP	27
Q9SAY1	SULTR1;1	30
Q9SB31	AHL3	9
Q9SB37	PMEI7	11
Q9SB38	PMEI4	13
Q9SB42	GEBPL	17
Q9SB50	AP4M	28
Q9SB58	PAT08	19
Q9SB63	MOS1	72
Q9SB89	RH27	37
Q9SBB2	ABC1	37
Q9SBF3	MYB92	14
Q9SCN8	CDC48D	39
Q9SCP9	VPS37-1	9
Q9SCR0	SCL7	18
Q9SCS2	CRK5	29
Q9SCT4	IMK2	34
Q9SCV0	BGAL12	32
Q9SCV4	BGAL8	41
Q9SCV8	BGAL4	39
Q9SCV9	BGAL3	36
Q9SCW1	BGAL1	41
Q9SCW4	HSFB2A	14
Q9SCW5	HSFA1E	14
Q9SCX3	At5g19510	8
Q9SCX6	RPS4	68
Q9SCX9	DHAPRD	24
Q9SD00	MSSP3	22
Q9SD12	PP2C46	17
Q9SD62	At3g47110	32
Q9SD67	FTSH7	44
Q9SD82	RPA1B	30
Q9SDL7	HMT-1	14
Q9SDN0	ATJ20	11
Q9SDQ4	GLR3.7	40
Q9SE45	ANN3	17
Q9SE60	MTHFR1	34
Q9SEH3	RABD2C	15
Q9SEY5	AAE2	26
Q9SEZ3	CDF5	18
Q9SEZ4	MYB105	12
Q9SF09	ANT1	12
Q9SF23	FOLB1	10
Q9SF36	PDP2	44
Q9SF55	At3g09480	7
Q9SFB3	ATAB2	20
Q9SFB8	PIP5K6	44
Q9SFE4	ERF012	5
Q9SFF4	FPP2	37
Q9SFG0	STP6	13
Q9SFT7	PBL26	26
Q9SFV7	GCH1	20
Q9SFX0	PBL22	20
Q9SFX3	OST1A	34
Q9SG77	PME24	29
Q9SG94	MAN3	18
Q9SGC1	At1g70730	36
Q9SGD2	GALT29A	18
Q9SGD6	ADT6	23
Q9SGE3	At1g08170	12
Q9SGG3	ALA5	56
Q9SGI7	LYK2	33
Q9SGN6	NSL1	35
Q9SGP2	HSL1	41
Q9SGW8	PI4KG2	28
Q9SGY1	ABCB10	58
Q9SGY7	PERK11	30
Q9SH59	RTNLB3	9
Q9SH76	AHA6	42
Q9SHC2	ARR16	6
Q9SHE8	PSAF	12
Q9SHE9	LBD4	8
Q9SHH6	GSTU24	11
Q9SHH8	GSTU26	10
Q9SHI1	At1g17220	45
Q9SHI7	UBC34	6
Q9SHJ3	CALS7	93
Q9SHJ6	PMD2	16
Q9SHS7	BSL3	48
Q9SHS8	LSG1-1	32
Q9SHV1	GLR2.2	38
Q9SHV2	GLR2.3	45
Q9SHY8	SMP1	29
Q9SI06	At2g04300	39
Q9SI15	BZIP2	5
Q9SI16	PER15	17
Q9SI17	PER14	18
Q9SI19	SRS4	11
Q9SI52	PI4KG7	34
Q9SI57	GLV6	5
Q9SI74	PMEI10	9
Q9SI96	At2g28720	9
Q9SIA5	DTX1	13
Q9SIA8	DIR10	2
Q9SIB6	PBL6	26
Q9SIC9	GUN1	50
Q9SIH0	RPS14A	6
Q9SIH2	DOT1	1
Q9SII9	DSK2A	16
Q9SIJ0	ZAT2	11
Q9SIJ5	RL2	5
Q9SIJ9	PME11	12
Q9SIK1	At2g21590	28
Q9SIP7	RPS3A	16
Q9SIU8	PPC3-1.2	18
Q9SIY7	PRA1B2	4
Q9SIY8	LAC5	20
Q9SJ12	At2g21870	14
Q9SJ22	CESA9	44
Q9SJ23	EC1.3	5
Q9SJ24	EC1.2	5
Q9SJ45	OFP15	9
Q9SJ61	CPK25	19
Q9SJ81	FLA7	8
Q9SJ89	FTRC	8
Q9SJ96	NRPB6B	4
Q9SJA1	UBP19	28
Q9SJA4	CNGC14	29
Q9SJA6	RSZ22A	8
Q9SJB3	AHA5	44
Q9SJD4	LACS8	32
Q9SJH7	CSY3	24
Q9SJI7	At2g42690	16
Q9SJI8	MBF1A	8
Q9SJL2	HIPP05	21
Q9SJL9	XTH32	15
Q9SJM3	KIPK2	51
Q9SJM4	GPL3	23
Q9SJP2	FUT4	31
Q9SJP9	PROT3	11
Q9SJQ1	PXC1	35
Q9SJW0	PHL7	11
Q9SJW6	ARPC1B	21
Q9SJX8	MYB14	13
Q9SJY7	AGP2	1
Q9SJZ7	DJA6	24
Q9SK02	RAD51B	21
Q9SK52	PER18	16
Q9SK53	COL3	13
Q9SK71	RIN13	17
Q9SK91	BHLH94	15
Q9SK92	ATL15	22
Q9SKA9	CHX21	24
Q9SKB6	MRL7L	16
Q9SKC2	ARI11	24
Q9SKC3	ARI9	33
Q9SKC4	ARI10	30
Q9SKC5	UGT74D1	16
Q9SKC9	At2g02050	7
Q9SKD6	CNGC11	28
Q9SKD7	CNGC3	30
Q9SKJ5	CESA10	47
Q9SKN2	DRB2	26
Q9SKQ0	CYP19-2	11
Q9SKU1	At2g20760	9
Q9SKW5	ERF055	6
Q9SKX0	ABCC13	63
Q9SKX2	PME16	26
Q9SKX9	CYSTM6	1
Q9SKZ1	PURA1	15
Q9SKZ5	At2g32040	19
Q9SL04	ATG8D	8
Q9SL65	ASK17	10
Q9SL76	At2g20050/At2g20040	49
Q9SL93	ASK3	9
Q9SL94	FLZ11	14
Q9SLA2	VHA-c''2	4
Q9SLF7	RPP2B	5
Q9SLG9	PIP5K5	47
Q9SLH0	EIL1	27
Q9SLI2	NEK1	31
Q9SLK2	ALIS3	12
Q9SLM6	GSTF3	13
Q9SLN5	MAP1A	25
Q9SLP1	CYP78A9	27
Q9SMP1	XTH11	13
Q9SMR4	RABH1C	15
Q9SMY6	PME45	31
Q9SN27	ATL59	10
Q9SN35	RABA1D	13
Q9SN90	SMC2-2	68
Q9SN95	UXS5	19
Q9SNA3	At3g46340	41
Q9SNC0	MBD5	9
Q9SP08	RRP41	10
Q9SPG3	MYB26	10
Q9SPK5	THFS	26
Q9SPN3	MYB3R2	25
Q9SQH9	AMT1-3	8
Q9SQK3	EMB506	16
Q9SQQ6	NAC046	13
Q9SQR2	ChlADR2	15
Q9SQR5	SINE2	29
Q9SQU1	TULP9	23
Q9SQU6	EMB2750	28
Q9SR13	FLK	18
Q9SR17	AHL19	10
Q9SR43	HY2	18
Q9SR59	MDAR3	24
Q9SR87	LECRK61	31
Q9SRD3	VTL2	8
Q9SRD8	EC1.1	1
Q9SRH6	HIR3	20
Q9SRH9	SNL1	77
Q9SRK7	AZG1	17
Q9SRL3	TBL32	21
Q9SRL4	ENGASE2	31
Q9SRL5	FER2	13
Q9SRN4	GIR2	3
Q9SRQ2	CHAT	23
Q9SRQ6	NPC3	22
Q9SRQ7	NPC4	25
Q9SRU7	At3g02320	32
Q9SRV1	BPM4	26
Q9SRV7	SYP131	13
Q9SRW0	SAUR28	5
Q9SRW1	SAUR27	5
Q9SRX2	RPL19A	6
Q9SRX4	PME7	22
Q9SRY4	LPA1	21
Q9SRZ4	PRXIIC	5
Q9SS39	KCS14	28
Q9SS45	PAL4	38
Q9SS67	PER28	13
Q9SS87	SEOB	35
Q9SSA1	MYB57	7
Q9SSB4	RPT1B	25
Q9SSB5	RPT1A	26
Q9SSC9	AHP6	8
Q9SSJ8	FAB1C	81
Q9SSN3	TIR	10
Q9SSP5	TS2	20
Q9SSW0	AZF3	13
Q9SSW1	AZF1	11
Q9ST43	PH1	8
Q9STF3	CRR2	33
Q9STH1	HOP3	34
Q9STI6	GAE5	21
Q9STJ8	At4g25390	35
Q9STJ9	SAP10	8
Q9STK6	WNK3	23
Q9STL5	CEP3	18
Q9STL9	MRF4	31
Q9STQ3	AGP13	0
Q9STS3	APC8	27
Q9STX9	TIP5-1	6
Q9STY3	PME33	31
Q9STY5	PMEI11	7
Q9SU04	KIB2	31
Q9SU13	FLA2	17
Q9SU25	RAP74	33
Q9SU34	At4g12490	5
Q9SU58	AHA4	44
Q9SU63	ALDH2B4	27
Q9SU71	EDS1B	35
Q9SUC0	At4g20930	13
Q9SUC6	FAD-OXR	34
Q9SUE3	CRF4	6
Q9SUE7	ATX4	51
Q9SUH5	AUG8	38
Q9SUI4	PSAL	9
Q9SUL1	RD19C	11
Q9SUL7	CIPK4	21
Q9SUN3	At4g20460	27
Q9SUQ3	At4g23740	31
Q9SUQ7	CHX17	36
Q9SUS3	BETAB-AD	40
Q9SUS9	RDL5	18
Q9SUT0	RDL4	20
Q9SUT2	PER39	17
Q9SUT8	RBOHI	50
Q9SUV9	INP1	15
Q9SV12	HSFA7A	14
Q9SV13	SULTR3;1	29
Q9SV61	XTH1	16
Q9SV77	UND	17
Q9SV87	BRN2	13
Q9SVA6	DRG3	24
Q9SVB7	WRKY13	8
Q9SVC2	SYP122	15
Q9SVC4	OEP7	2
Q9SVG0	AVT3C	10
Q9SVG9	CML42	12
Q9SVL0	ZHD7	10
Q9SVM4	SHM5	24
Q9SVM9	CER26	20
Q9SVQ1	YUC2	24
Q9SVU4	TOM2AH1	9
Q9SVV2	XTH26	14
Q9SW11	PUB35	40
Q9SW17	RBOHG	43
Q9SW27	MUB3	6
Q9SW63	RAP2-10	9
Q9SW80	BLH2	26
Q9SW96	SYNC1	28
Q9SX20	NPF3.1	19
Q9SX22	At1g68590	8
Q9SX68	RPL18	11
Q9SXB3	At1g11280	33
Q9SXB4	At1g11300	40
Q9SXB5	At1g11303	40
Q9SXB6	MLO2	20
Q9SXC9	MNS5	30
Q9SY33	PER7	18
Q9SY65	ASK18	8
Q9SY69	GRP23	39
Q9SY88	CSU1	17
Q9SY89	At1g61610	45
Q9SY91	PBL15	27
Q9SY95	At1g61550	33
Q9SYA0	At1g61500	36
Q9SYH1	RSH3	35
Q9SYL9	RPL13	12
Q9SYN1	PEN6	31
Q9SYS6	DREB1C	6
Q9SYY4	HOS3	5
Q9SYZ0	KCS16	24
Q9SZ06	ERF109	8
Q9SZ30	HISN4	42
Q9SZ51	ENODL15	9
Q9SZ52	PGR3	56
Q9SZ66	DSC1	71
Q9SZ67	WRKY19	93
Q9SZB9	PER47	18
Q9SZD5	LECRK59	25
Q9SZE4	VPS32.2	12
Q9SZE7	PER51	17
Q9SZH2	PER43	13
Q9SZL8	FRS5	38
Q9SZM3	CPK26	24
Q9SZR1	ACA10	48
Q9SZT9	GH3.2	29
Q9SZU1	CYP81F4	30
Q9SZY4	NPF6.2	20
Q9SZY7	VHA-c''1	4
Q9SZZ8	BETA-OHASE	13
Q9T010	At4g11040	14
Q9T014	SPA2	55
Q9T020	At4g39110	37
Q9T030	PCBER1	16
Q9T039	EC1.4	5
Q9T042	PDIL5-4	15
Q9T052	PLDGAMMA3	47
Q9T058	At4g11900	46
Q9T076	ENODL2	14
Q9T091	VPS26B	19
Q9T093	CYP709B3	29
Q9T0A0	LACS4	30
Q9T0D3	HSFB2B	11
Q9T0F7	GXM2	12
Q9T0I1	MET3	66
Q9T0J1	CRK26	36
Q9T0J5	ASE3	28
Q9T0J6	At4g38890	40
Q9T0K1	TPS13	33
Q9T0K5	LRX3	16
Q9T6H8	CCMFN1	18
Q9XE58	SCL14	40
Q9XEA0	EMB2369	44
Q9XEB5	ATG8B	7
Q9XEC3	WRKY42	18
Q9XEE6	At2g40140	28
Q9XEE8	PP2C5	23
Q9XES1	ECA4	45
Q9XF19	ABCI21	13
Q9XF92	BRH1	10
Q9XFH9	At5g16400	11
Q9XFR0	KCO3	9
Q9XGM1	VHA-D	17
Q9XGM2	MRE11	26
Q9XGR4	B''ALPHA	31
Q9XI07	SWI3C	33
Q9XI23	BOR4	25
Q9XI33	WIN1	11
Q9XI36	MBD10	21
Q9XI37	PV42A	12
Q9XI60	LPP2	12
Q9XI62	APY3	19
Q9XI80	FUT6	24
Q9XI93	At1g13930	6
Q9XI96	PERK7	24
Q9XI98	RABG3E	13
Q9XI99	USPL1	16
Q9XIB5	REM19	13
Q9XID3	At1g34300	41
Q9XID5	PSI1	34
Q9XIE3	HSP17.6A	8
Q9XIK0	PRIN2	9
Q9XIK3	ISCA	7
Q9XIK4	At1g10490	56
Q9XIL5	OTP51	47
Q9XIW1	XTH5	17
Q9ZNR0	CYP78A6	27
Q9ZNR6	PDX12	15
Q9ZNT3	ADF5	7
Q9ZNT7	PHB2	14
Q9ZPE4	FBW2	15
Q9ZPE7	EXO	14
Q9ZPI1	At3g11710	30
Q9ZPQ3	GEK1	12
Q9ZPR7	UPS1	10
Q9ZPS7	TMN3	22
Q9ZPV5	NOC2	30
Q9ZPW7	ZHD6	10
Q9ZPX8	RS31A	14
Q9ZPX9	KIC	10
Q9ZPY2	LAC6	29
Q9ZPY6	ARF11	33
Q9ZQ46	WAVH1	34
Q9ZQ47	GRDP1	49
Q9ZQ95	UGT73C6	19
Q9ZQA3	PME15	21
Q9ZQC5	ICR2	37
Q9ZQE5	PCMP-H66	23
Q9ZQG9	At2g27500	15
Q9ZQH0	COAE	14
Q9ZQH2	NF-YB11	9
Q9ZQI0	EPR1	2
Q9ZQI8	LTPG11	6
Q9ZQN8	CSLA7	32
Q9ZQQ7	At2g14440	45
Q9ZQX4	VHA-F	7
Q9ZQX6	EOL1	42
Q9ZQZ6	7SL2	15
Q9ZQZ8	SYP123	15
Q9ZQZ9	TIC20-IV	13
Q9ZR08	At4g03230	44
Q9ZRT5	GSTT1	14
Q9ZSA3	CPK22	30
Q9ZSA4	CPK27	31
Q9ZSA7	DLO2	17
Q9ZSI1	EXPA17	9
Q9ZSK1	VTE4	19
Q9ZSK4	ADF3	6
Q9ZSL6	SIGD	24
Q9ZSP5	AIR3	30
Q9ZSS6	OMR1	33
Q9ZSY2	ATJ15	25
Q9ZSY9	CYP74B2	27
Q9ZT07	RKS1	41
Q9ZT16	AGP4	1
Q9ZT49	ATL45	6
Q9ZT91	TUFA	31
Q9ZTC3	MYB90	11
Q9ZTX9	ARF4	44
Q9ZU32	QPT	20
Q9ZU38	RPI2	9
Q9ZU40	QSOX2	22
Q9ZU49	LPP1	16
Q9ZU50	BAT1	6
Q9ZU82	RPH1	8
Q9ZU91	At2g01630	13
Q9ZU93	PUX2	19
Q9ZU94	PDLP6	9
Q9ZUA0	OST1B	22
Q9ZUB3	SPDSYN1	16
Q9ZUB7	CORD4	29
Q9ZUF6	SBT1.8	28
Q9ZUG4	At2g05830	22
Q9ZUH5	SDR2b	18
Q9ZUI0	At2g24130	40
Q9ZUL5	ETL1	38
Q9ZUN4	ACO1	15
Q9ZUN8	HTD1	16
Q9ZUP4	CKL5	24
Q9ZUR7	At2g37500	21
Q9ZUS0	At2g37470	8
Q9ZUT3	ALS3	7
Q9ZUT8	ABCG33	66
Q9ZUT9	RPS5A	11
Q9ZUU0	WRKY44	22
Q9ZUU8	KINB3	2
Q9ZUV3	IRX7	23
Q9ZUX1	CYP94C1	35
Q9ZUZ3	SAUR32	7
Q9ZV04	PER24	15
Q9ZV05	NATA1	9
Q9ZV06	GNAT8	7
Q9ZV15	CPK20	20
Q9ZV25	PLL4	26
Q9ZV28	CYP710A4	22
Q9ZV31	PUB12	36
Q9ZV36	UXS6	19
Q9ZV43	CHR8	62
Q9ZV52	EGC2	8
Q9ZV53	ATL49	20
Q9ZV56	CCT1	16
Q9ZV69	AXL1	22
Q9ZV87	At1g78690	19
Q9ZVA2	At1g78830	26
Q9ZVA4	At1g78850	26
Q9ZVA7	SHOU4	22
Q9ZVB9	NRPD5B	13
Q9ZVD3	ARR13	21
Q9ZVE7	CRR3	10
Q9ZVF7	ESMD1	30
Q9ZVH0	FEZ	20
Q9ZVH3	ORC6	15
Q9ZVH7	FAX3	17
Q9ZVI7	GAUT7	33
Q9ZVK1	XTH10	11
Q9ZVK6	SUC8	17
Q9ZVL3	NFYC3	6
Q9ZVL6	At1g54780	12
Q9ZVN6	AP180	31
Q9ZVN9	GTF2H2	20
Q9ZVP8	NAC035	19
Q9ZVU5	KIN17	20
Q9ZVY5	UGT75B2	17
Q9ZVZ9	PSB27-2	10
Q9ZW11	LECRK32	25
Q9ZW16	TRI	9
Q9ZW27	GSTU4	13
Q9ZW34	ENO3	26
Q9ZW35	PCNA2	15
Q9ZW76	POP4	18
Q9ZW81	BHLH129	11
Q9ZW82	PRN2	12
Q9ZW95	CYP735A2	36
Q9ZWA1	TZF4	15
Q9ZWB4	3AT1	22
Q9ZWB7	PCS2	24
Q9ZWC5	SCL18	13
Q9ZWG1	PUMP2	20
Q9ZWS6	ARR6	11
Q9ZWT2	CYTB5-D	9
A0A140JWM8	CYP716A2	26
A0A178U9T0	PROSCOOP16	3
A0A178VBJ0	APSR1	22
A0A178VE74	ZRK4	17
A0A1P8ATR9	RLP9B	37
A0A1P8AVP6	PROSCOOP22	4
A0A1P8B0B7	IQD29	28
A0A1P8B1G7	PROSCOOP21	4
A0A1P8B8F8	XYN5	32
A0A1P8BD36	PROSCOOP19	4
A0A1P8BH03	IQD12	20
A0A1P8BH24	PROSCOOP18	4
A0JJX5	SYT4	24
A0MDQ1	URM1-1	6
A0MFS5	At4g01037	24
A1L4Y2	At1g32780	24
A2RVM8	HIPP37	10
A2RVR7	At2g47020	22
A2RVS4	AIG2LC	10
A4D998	BHLH75	6
A5PHT0	RWK1	18
A6QRA1	NRPE7	10
A8MQA3	PCMP-H28	33
A8MQM2	RALFL6	5
A8MR21	IP5P10	24
A8MRC6	LURE1.5	6
A8MRC7	B3GALT2	24
A8MRD4	RALFL7	5
A8MRM1	RALFL16	6
A8MRP2	AIG2LD	8
A8MRU6	PROSCOOP11	4
A9JTY4	POT1C	7
A9X4U2	3BETAHSD/D3	33
B0F9L7	GC2	35
B3DN87	PAT01	15
B3H4K7	PPI2	26
B3H578	PHD1	16
B3H587	LTPG8	6
B3H5R0	At2g41451	28
B3H5R8	SUMO8	5
B3H6Z8	KIN14J	62
B3H707	RBL17	12
B3H7G2	URM1-2	6
B3LF83	CYP74B2	23
B3LFA3	At4g13800	11
B3LFA4	At5g38830	23
B5X4Z4	NAGS2	37
B5X561	SHA	25
B5X570	NAC014	29
B6EXY6	BAS	36
B6IDH8	SOFL6	6
B7ZWR7	OFUT7	25
B9DFI7	At1g26850	36
B9DFV2	At5g47430	32
B9DG24	TAF7	15
C0SV51	CBP60C	24
C0SVS4	PHL11	17
C0SVV6	CBP60A	20
C0Z274	CCZ1B	30
D5K211	RTM2	16
D9UBX4	RTM2	15
D9UBX6	RTM2	16
D9UC01	RTM2	16
F4HNU6	At1g06900	47
F4HP88	SFH4	36
F4HPF1	SBT3.4	32
F4HPP7	UBC39	14
F4HR03	TAF11B	10
F4HR11	KIN6	51
F4HRC1	THO5A	28
F4HSD4	ATOBGM	23
F4HSQ2	SBT5.1	29
F4HSU3	OFUT6	27
F4HT21	IAN9	15
F4HT41	SAMC2	18
F4HT49	PAB1	23
F4HTL8	At1g67460	19
F4HTT6	CYP26-2	19
F4HTV4	RLP14	32
F4HV09	At1g34575	31
F4HVX7	At1g02190	28
F4HW02	GAT1	12
F4HW65	At1g14460	56
F4HWB6	PILS1	22
F4HWL4	At1g28350	36
F4HX80	ALT4	8
F4HXV6	NUP155	75
F4HXW9	OFUT4	29
F4HYJ7	At1g48650	65
F4HYR4	OFUT15	40
F4HZB9	LTPG19	6
F4HZC3	GUX5	24
F4HZF0	KIN14H	55
F4HZX7	OFUT8	38
F4HZZ4	RMR6	13
F4HZZ5	RMR5	9
F4I0K9	MES15	21
F4I114	At1g09600	36
F4I116	At1g09620	55
F4I1H5	SAUR63	7
F4I1N8	At1g49180	22
F4I1T9	KIN14T	50
F4I214	TET10	10
F4I241	BUB3.3	11
F4I274	PHL8	20
F4I2H2	SWI2	54
F4I2S4	CCZ1A	29
F4I2Y3	RMR3	13
F4I3B3	RBP47A	13
F4I3V3	LRK10L-1.5	26
F4I4E1	BHLH167	10
F4I4P3	MED23	57
F4I4W2	HCS2	16
F4I5D5	At1g70260	10
F4I7Y2	At1g50970	30
F4I8F9	BHLH160	12
F4I8H8	GDPD4	18
F4I8K2	KOM	13
F4I8R6	OFP12	7
F4I8U2	APS2	25
F4I8X8	OST3A	16
F4I9Q5	At1g58060	69
F4I9R6	JAL15	6
F4I9S3	RLP9A	37
F4IA73	GSTU21	13
F4IAE9	At1g05910	55
F4IAL1	OFUT2	34
F4IAR2	KIN14O	54
F4IBB2	At1g58280	17
F4IBD7	OSCA2.1	31
F4IBE4	RF45	58
F4IBG4	PROSCOOP17	3
F4IBJ3	EXPB6	5
F4IBQ9	KIN14Q	62
F4ICA0	KIN8A	34
F4ICD9	SEC31A	43
F4IDY7	DDR4	37
F4IE65	MES13	21
F4IG09	SBT4.1	37
F4IG60	ZPR1	7
F4IGA5	NUP133	71
F4IGL2	KIN7E	50
F4IHJ0	SFH8	36
F4IIK6	LST8-2	20
F4IIS6	PCA22	4
F4IJ77	At2g46620	27
F4IJ79	TAC1	14
F4IJK6	KIN14R	57
F4IL05	DTWD2A	12
F4IL57	KIN14I	60
F4ILR7	At2g35920	53
F4ILY9	AVT3B	12
F4IM84	At2g01130	60
F4IMK2	MES6	12
F4IN58	At2g48060/At2g48040/At2g48050	82
F4IN78	HULK2	59
F4INN2	GGP4	13
F4INW9	MYOB4	31
F4IQG2	At2g18190	25
F4IQG4	HIPP30	11
F4IR05	At2g37700	29
F4IRW0	ATG1C	40
F4IUE7	COV1	5
F4IUJ7	IQD4	21
F4IV45	CHR10	38
F4IVN9	ENODL20	6
F4IVU1	ARPC2B	16
F4IW10	MEFG2	35
F4IXE4	TTL2	39
F4IZ82	ARL8D	10
F4IZC4	BASS4	18
F4IZM8	HULK3	60
F4J078	JAZ13	7
F4J0A8	P4H6	13
F4J0C0	At3g28600	23
F4J1G1	ROPGEF13	30
F4J284	NUP93B	40
F4J2M6	KIN14L	63
F4J2Z7	SDR4	15
F4J394	KIN7G	60
F4J3D9	At3g57470	42
F4J3G5	CTPA3	23
F4J3H7	ZRK7	12
F4J3P7	PHL13	19
F4J3S1	SGO1	27
F4J4N3	DIR17	14
F4J4Y5	MED26A	32
F4J5M9	At3g51890	13
F4J6N7	SOFL3	6
F4J6T7	XYL2	41
F4J738	At3g59020	42
F4J7A7	PPD7	14
F4J7S8	SFH9	32
F4J7T6	RLP39	30
F4J8L3	KIN7K	60
F4J8V5	ATG13B	37
F4J9A8	RLP45	40
F4J9Q6	FKBP43	26
F4JA91	SBT4.5	31
F4JBM4	RBL4	12
F4JBP3	ATG1B	38
F4JC20	FIPS3	58
F4JC97	PA200	85
F4JCB3	CORD6	38
F4JDI6	KIN12F	59
F4JEQ1	GDPDL5	29
F4JFJ3	At3g02060	41
F4JFR7	ALKBH1B	26
F4JG10	XYN3	35
F4JGB7	At4g04260	11
F4JH46	DTX34	13
F4JHN2	IQD17	25
F4JI46	ROPGAP2	18
F4JIF4	NET1B	95
F4JIG1	LTPG25	2
F4JIJ7	BHLH162	8
F4JIU4	VIII-B	64
F4JJE5	PAC2	10
F4JJH4	SBT3.1	40
F4JJH5	SBT3.12	31
F4JJL8	SBT3.15	31
F4JKI3	DGK6	21
F4JKQ7	At4g09640	8
F4JL89	ATA7	8
F4JLM5	At4g10320	59
F4JLS1	LDL3	87
F4JMJ1	HSP70-17	39
F4JMJ3	At4g16680	49
F4JMV6	IQD25	24
F4JN00	At4g35335	13
F4JN05	BIG4	92
F4JNL3	RDL6	15
F4JNU8	P4H8	13
F4JNX2	P85	23
F4JPK8	At4g30250	23
F4JPR7	PUX8	25
F4JPX3	PBL20	23
F4JQ51	KIN7I	62
F4JRC5	PIP2	4
F4JRE0	TMN12	17
F4JRF5	RLT3	55
F4JRJ6	At4g18465	38
F4JRP0	At4g18820	50
F4JRP8	At4g24790	41
F4JSU0	MYB87	10
F4JSZ5	BIG1	75
F4JT78	RPP2A	69
F4JT82	At4g19520	94
F4JT98	SLK3	24
F4JTI1	PHOX4	35
F4JTJ9	ASY2	73
F4JUI9	KIN7F	47
F4JUQ2	At4g14310	47
F4JV59	CABIN1	110
F4JVA6	SFH6	36
F4JVA9	SFH2	38
F4JVJ1	CLPB2	35
F4JWS8	QCR7-2	6
F4JX00	KIN14K	54
F4JXF9	NRPC1	81
F4JYJ3	SFH11	22
F4JYZ8	IDD13	22
F4JZ24	P4H10	14
F4JZ68	KIN7H	62
F4JZL7	HIPP33	19
F4JZT3	ARR24	8
F4K1B4	NEAP2	20
F4K200	PHD6	25
F4K265	ATG101	12
F4K2F0	EML3	21
F4K2M8	JMJ31	25
F4K2U8	CAND8	7
F4K3X8	KIN7L	59
F4K487	PHOX3	50
F4K493	CLSY2	65
F4K494	MOB2B	6
F4K4C5	KIN14S	39
F4K4J0	THO5B	41
F4K4L7	TAF4B	43
F4K4R6	GEX2	28
F4K4T3	RLP56	33
F4K5L5	TBL16	32
F4K5R6	CDC20-6	19
F4K5T4	At5g28040	14
F4K657	BLOS2	8
F4K6D3	SFH14	38
F4K6R7	ENODL21	9
F4K956	A70	17
F4KAU9	TOL7	23
F4KB79	GLV9	6
F4KBF3	AAE17	31
F4KBM7	AVT6B	15
F4KBW6	NUP205	91
F4KBY0	At5g51310	14
F4KDA6	LPA2	6
F4KDD7	KLP	21
F4KEA4	DUF8	20
F4KED2	GOLS10	16
F4KEL0	SBT5.5	36
F4KEM0	At5g45720	43
F4KF16	OFUT38	28
F4KF65	IMPA9	30
F4KFG5	TPPI	18
F4KFS5	GMI1	83
F4KGD4	SBT4.7	25
F4KGE8	GIL1	30
F4KHA2	RLP54	46
F4KHD8	GB210	83
F4KHG8	PRP39-2	44
F4KHL6	HIPP10	6
F4KIA8	At5g10800	50
F4KIN4	KPR	21
O03982	HIPP39	7
O04084	SCPL31	25
O04086	At1g11050	30
O04089	ZIP4	10
O04093	LOV1	37
O04193	WLIN2A	12
O04204	RPP0A	7
O04249	STP7	14
O04253	GATL6	14
O04259	DI19-5	8
O04289	SULTR3;2	23
O04310	JAL34	29
O04319	PAB6	27
O04326	NUP35	16
O04351	OFP2	13
O04421	SRP14	7
O04450	CCT5	30
O04469	ECI1	13
O04478	KOR2	27
O04487	At1g09640	18
O04496	AED3	13
O04500	COBL6	20
O04514	OPT2	17
O04536	GATL9	22
O04582	At1g62170	22
O04603	RPL5	19
O04609	WRKY22	10
O04647	EMB976	64
O04652	ACP5	7
O04656	NOP5-3	21
O04658	NOP5-1	25
O04848	At1g08880	7
O04904	PYR4	20
O22165	RPL24C	5
O22176	WRKY15	16
O22182	UGT84B1	19
O22187	At2g23200	42
O22190	GH3.3	30
O22194	AGP17	1
O22199	PI4KG1	20
O22224	NUP93A	44
O22243	At2g47680	40
O22244	PMEI6	9
O22252	MHX	19
O22255	ATL64	12
O22283	RHC2A	14
O22285	At2g39750	36
O22397	POT1	25
O22433	MT3	4
O22469	MSI3	22
O22588	TIP3-2	4
O22622	DAD2	2
O22633	NOI4	5
O22683	CYN	11
O22693	GOLS4	16
O22704	CB5LP	6
O22711	PRXIID	5
O22714	At1g60770	31
O22718	ACLA-2	19
O22779	At2g33270	17
O22795	RPL28	9
O22798	NAC041	9
O22802	CYSTM7	3
O22812	AHL10	9
O22815	MLO5	23
O22824	FH2	42
O22827	MOCS2	14
O22841	At2g43620	16
O22842	At2g43610	17
O22845	CML5	12
O22864	NLP8	46
O22866	ATTI2	4
O22867	ATTI3	4
O22869	ATTI6	4
O22874	EXPA8	6
O22882	CEP15	3
O22897	DUF6	33
O22899	At2g47250	37
O22900	WRKY23	7
O22907	RH24	39
O22928	At2g30320	31
O22944	NTAQ1	7
O22951	NUDT22	19
O22960	TBL37	17
O22967	CDF4	10
O23016	KAB1	18
O23024	YUC3	28
O23039	ZIP5	7
O23052	At1g05150	40
O23076	REM15.15	29
O23082	CRK44	23
O23095	RPP1B	3
O23100	APRR8	18
O23207	At4g36750	10
O23208	ATHB-40	9
O23210	SCL15	21
O23225	PUB5	35
O23239	UBC17	5
O23262	RALFL32	6
O23357	SBT4.2	39
O23364	SCPL30	25
O23379	COL11	6
O23386	CSLB6	33
O23390	BARS1	32
O23417	GRXS8	3
O23420	GRXS5	4
O23487	BHLH3	21
O23515	RPL15A	10
O23550	FIP2	11
O23561	RABB1A	12
O23593	RGGB	19
O23624	FPF1	7
O23651	TPS01	31
O23660	VQ13	8
O23685	AAP19-2	8
O24457	PDH-E1	24
O24598	At2g43580	12
O24653	GDI2	21
O24654	At2g43600	17
O24658	At2g43590	10
O48520	POLD2	20
O48534	BRR2B	114
O48639	PHT1-3	20
O48671	RER1B	9
O48684	GATL8	20
O48700	PUB6	34
O48772	ZFN2	16
O48779	BGLU33	25
O48781	SPX2	15
O48788	At2g26730	33
O48832	ERD7	24
O48842	GT12	26
O48843	GT13	26
O48850	VAMP725	17
O48962	At1g20050	5
O49195	VSP1	11
O49279	SKIP15	21
O49286	SKP2B	20
O49289	RH29	40
O49290	At1g77060	14
O49303	CAR8	7
O49313	At2g33220	7
O49318	At2g33170	51
O49320	RALFL18	6
O49323	CSLD1	46
O49325	RLP28	32
O49344	PSBP2	6
O49352	BG4	8
O49353	BG5	7
O49404	BEH3	8
O49413	IWS2	22
O49423	POT9	24
O49435	MCTP11	38
O49436	EMB1025	32
O49460	PHB1	14
O49471	At4g19530	67
O49515	ERF091	13
O49552	DDB1B	46
O49586	FLA5	10
O49603	C/VIF2	10
O49607	SBT1.6	33
O49608	MYB32	17
O49613	HIPP25	10
O49621	MLO1	20
O49645	LTPG33	5
O49663	SAP9	9
O49691	ATL29	11
O49697	NAC071	11
O49707	MSRB8	9
O49725	PUP10	12
O49730	TRANS11	14
O49741	GATA2	10
O49743	GATA4	10
O50039	OTC	14
O64380	PAB3	38
O64481	SBT2.5	35
O64492	MCTP10	51
O64497	TOM9-1	5
O64510	At2g02720	16
O64511	TLP1	18
O64515	OCT2	16
O64519	AMC6	15
O64538	SAUR40	7
O64583	At2g34740	17
O64592	SRO3	14
O64635	CYP76C4	24
O64636	CYP76C1	28
O64637	CYP76C2	25
O64638	CYP76C3	27
O64639	At2g45590	37
O64650	RPS27A	3
O64668	At1g08700	15
O64687	TIFY	6
O64688	E1-BETA-2	13
O64702	HMGB14	8
O64703	AGL29	8
O64725	At2g02510	4
O64733	UGT87A2	18
O64745	At2g34810	31
O64747	WRKY35	17
O64759	CAT5	16
O64762	ATL38	15
O64769	POT11	27
O64773	CAF1-5	17
O64790	At1g61300	44
O64823	MCU3	16
O64837	RTNLB13	10
O64843	CID7	23
O64851	IQM4	26
O64882	BGLU17	24
O64886	COX10	15
O64888	PRS5	19
O65023	EAAC	25
O65036	TZF6	10
O65155	KELP	8
O65252	At5g26700	8
O65268	At4g00590	18
O65269	FOLD3	16
O65271	FOLD4	21
O65373	BAG5	10
O65381	RUB3	4
O65402	SQE6	26
O65403	SQE4	23
O65413	STP12	16
O65418	APC4	37
O65420	VAL3	40
O65431	GALS3	20
O65435	TPS08	35
O65438	CYP71A27	31
O65458	BGLU3	22
O65469	CRK9	10
O65476	CRK16	38
O65483	CRK24	36
O65515	GATA7	8
O65555	At4g30940	24
O65567	At4g30825	43
O65571	CDA2	14
O65590	WRKY34	20
O65595	At4g26390	25
O65628	CTU2	25
O65648	SAUR9	4
O65657	HIPP23	7
O65665	ERF060	9
O65679	PLR3	18
O65688	SQS2	22
O65695	SAUR50	5
O65704	CTG10	19
O65709	FAO4A	26
O65785	CYP71B3	30
O65787	CYP71B6	28
O65788	CYP71B2	30
O80483	NAS3	12
O80488	PCMP-E70	25
O80492	At1g09160	26
O80505	At2g44660	20
O80518	GOLS3	17
O80526	ACLA-3	19
O80542	ERF019	1
O80567	LARP6B	25
O80574	DAPB1	16
O80580	MLO15	18
O80592	AAP8	10
O80622	EXPA15	5
O80623	At2g39360	41
O80626	RPL35B	6
O80638	At2g39510	16
O80662	TCHQD	13
O80674	BHLH106	9
O80713	SDR3a	13
O80731	PAE3	21
O80738	TPS10	46
O80739	POT12	31
O80742	PUB19	42
O80770	At2g34210	48
O80792	RH33	49
O80866	ORP1A	41
O80877	EFL1	6
O80891	CSLB4	36
O80898	CSLB1	30
O80899	CSLB2	32
O80905	IREG1	19
O80919	TBL34	19
O80927	ATL33	8
O80932	EXPA3	8
O80942	ZFP10	16
O80946	ABCG1	33
O80948	JAL23	27
O80949	OTU8	9
O80950	JAL22	25
O80958	LOJ	49
O80994	PDF1.2B	5
O80995	PDF1.3	5
O81003	PSK2	2
O81006	FAD4L2	14
O81009	SCPL12	18
O81024	EMB1187	20
O81025	IAN10	16
O81032	GULLO6	32
O81053	FUT2	29
O81072	GT11	32
O81123	ZIP1	9
O81312	GAE3	23
O81322	LBD31	8
O81464	HIPP24	8
O81716	PPC4-2	19
O81778	REM9	25
O81815	MO1	22
O81822	HSP17.7	8
O81829	GH3.5	27
O81831	KRP1	5
O81864	FKBP17-1	9
O81898	DEAL2	8
O81914	NAC005	12
O82081	UCC1	2
O82083	ENODL18	7
O82155	DOF1.7	10
O82179	GDH2	7
O82189	RDR4	53
O82199	At2g19810	14
O82200	MIOX2	14
O82201	At2g19790	7
O82210	PRMT12	16
O82213	PVA31	10
O82221	At2g23930	5
O82229	SCPL23	23
O82233	EIF(ISO)4G2	38
O82246	At2g47780	13
O82255	GRXC13	5
O82274	At2g31100	21
O82281	BRXL1	19
O82286	BPC7	11
O82307	At2g25900	8
O82343	At2g46260	18
O82353	ATL67	6
O82363	PCMP-E39	32
O82383	UGT71D1	21
O82387	CDC6	32
O82413	At3g46100	30
O82485	OPT7	19
O82497	DGP2	19
O82499	At4g11175	6
O82500	At4g11170	59
O82597	PPA5	9
O82616	At4g10260	18
O82631	At3g05520	16
O82632	GATA9	11
O82643	ZIP9	10
O82653	ERG	21
O82756	RBL7	9
O82772	BGLU25	25
O82793	PPA3	7
P09468	atpE	8
P0C026	NUDT24	18
P0C034	ATL10	6
P0C035	ATL60	11
P0C041	ATL53	12
P0C5B6	4CLL4	29
P0C6E7	PUB55	34
P0C7R0	PCMP-E56	39
P0C883	SCL33	30
P0C8S1	RPP8L2	48
P0C8Y0	CAMS1	33
P0CAN7	VHA-E3	12
P0CE10	At4g01020	90
P0CG07	SCRA	2
P0CH01	ATL21A	23
P0CH02	ATL21B	17
P0CH03	ATL21C	16
P0CH32	UBQ4	24
P0CH33	UBQ11	14
P0CJ65	ATHB-54	8
P0CW77	HMA3	27
P0DH90	FRI	38
P0DH98	CAM3	9
P0DI08	At1g17990	15
P0DI11	SPL13B	13
P0DI12	SAE1B-1	19
P0DI13	SAE1B-2	19
P0DI16	RDL5	58
P0DI17	RF9	51
P0DI18	RDL6	51
P0DI78	At3g28290	18
P0DI79	At3g28300	18
P0DKC0	PPI3B	26
P0DKC1	PPI3A	26
P0DKC4	PGLP1B	19
P0DKG8	RSH1	43
P0DKI6	At1g33260	21
P0DKJ6	At1g20120	16
P0DKL0	GPL2	17
P0DMS1	NET2A	52
P0DN99	CEP12	4
P0DO45	ATP6	3
P0DO60	PROSCOOP3	1
P11829	ACP1	7
P15457	AT2S1	6
P15458	AT2S2	7
P15459	AT2S3	8
P15460	AT2S4	8
P16128	At4g18490	42
P16181	RPS11A	9
P18612	KIN1	4
P19036	HSP17.4A	9
P19892	RABA5E	17
P22738	ARP2	25
P25860	MT2A	5
P25864	RPL9	11
P26568	At1g06760	13
P27202	PSBR	6
P28769	CCT1	31
P29380	CC-1	7
P29830	HSP17.6	7
P30183	CYCB1-1	24
P30185	RAB18	3
P30188	CML35	14
P32069	ASA2	38
P32826	SCPL49	18
P34789	RPS28C	2
P35402	ERD2A	11
P36210	RPL12A	11
P36212	RPL12C	10
P38025	PUR7	25
P38389	At2g45070	3
P38421	NRPB7	11
P40602	APG	15
P42751	CYCD1-1	12
P42769		9
P42793	RPL5	10
P42797	RPS10	13
P42798	RPS15AA	9
P42815	RNS3	11
P43392	MT1A	3
P46602	HAT3	14
P46603	HAT9	14
P46665	HAT14	15
P46687	GASA3	3
P46688	GASA2	4
P48001	KNAT4	15
P48528	PPX2	16
P49200	RPS20A	6
P49201	RPS23B	6
P49204	RPS4B	15
P49205	RPS17A	4
P49211	RPL32A	7
P49243	At1g62640	20
P49572	IGPS	27
P49592	DR1	9
P49637	RPL27AC	8
P49689	RPS30A	3
P49692	RPL7AA	11
P49693	RPL19C	6
P51413	RPL17B	10
P51414	RPL26A	6
P51418	RPL18AB	9
P51419	RPL27C	6
P51420	RPL31C	3
P51422	RPL35AD	5
P51424	RPL39A	1
P52420	PUR2	26
P52422	PUR3	20
P52577	At1g75280	13
P54120	IAN8	19
P54904	PROC1	12
P54967	BIO2	18
P54969	ILL1	19
P56751	ndhC	1
P56752	ndhF	19
P56754	ndhJ	8
P56758	atpI	4
P56759	atpF	8
P56760	atpH	1
P56762	rpoA	13
P56763	rpoC1	35
P56764	rpoC2	77
P56774	petD	4
P56776	petL	1
P56783	cemA	10
P56784	matK	26
P56788	ycf4	6
P56791	rpl2-A	14
P56792	rpl14	8
P56793	rpl16	6
P56794	rpl20	5
P56795	rpl22	9
P56798	rps3	16
P56799	rps4	8
P56801	rps8	8
P56802	rps11	7
P56807	rps18	5
P56808	rps19	4
P57758	At5g40670	6
P58047	CYP71A28	28
P58048	CYP71B8	28
P58050	CYP71B13	28
P58051	CYP71B14	30
P59223	RPS13A	8
P59230	RPL10AB	12
P59231	RPL10AC	12
P59277	SYP81	16
P59583	WRKY32	23
P59584	RPH8A	49
P59833	At5g19250	4
P60039	RPL7C	14
P60040	RPL7B	14
P60300	CLC-G	24
P60839	At1g12290	50
P61430	ZYP1B	48
P61827	DREB2G	16
P61843	ycf3	11
P61845	rpl23-A	6
P62095	psbF	2
P62100	psbI	1
P62120	RPL41A	0
P82658	At3g63540	10
P82773	PDF3.2	8
P82787	PDF1.4	4
P82789	PDF3.1	7
P83291	CBR2	18
P92532	RPS12	5
P92557	RPS7	8
P92935	AATP2	29
P92963	RABB1C	16
P92976	SSL11	13
P92985	RANBP1C	9
P92995	GLP1	7
P92997	GLP6	6
P92998	GLP7	8
P92999	GLP2A	5
P93000	GLP8	8
P93007	ERF112	5
P93013	AGP30	11
P93280	CCMB	4
P93311	RPL2-N	15
P93312	YMF16	7
P93738	ACT9	19
P93755	At2g41900	32
P93822	ERF14	3
P93823	ATL1	20
Q00762	A9	3
Q02166	PAT1	20
Q02973	EM6	5
Q058P4	PUB30	19
Q07187	EM1	7
Q08112	RPS15A	7
Q08770	RPL10B	11
Q08A71	PRMT6	18
Q08A72	EML4	24
Q0V7R1	GATL3	15
Q0V7U7	LA2	24
Q0V7W6	At4g22110	19
Q0V842	NEN2	20
Q0WKV8	ULP2A	34
Q0WKY2	CCR4-5	19
Q0WN69	KIN14P	55
Q0WNR2	BHLH90	21
Q0WNR6	ARID5	27
Q0WP96	PGR	8
Q0WPJ7	RF298	45
Q0WPK3	ATG18D	14
Q0WPR4	SCPL34	24
Q0WPW4	At1g77330	15
Q0WPW5	RMR4	20
Q0WPX7	BAG2	15
Q0WPY0	TULP6	21
Q0WQ91	WPP3	12
Q0WQJ7	KIN5B	62
Q0WQN9	CYCD4-2	19
Q0WRC9	SKIP17	22
Q0WRW8	At3g07570	10
Q0WRX3	SCPL40	20
Q0WSF1	ALDH22A1	25
Q0WSY2	FPP4	53
Q0WT19	IP5P8	23
Q0WT31	At2g34300	45
Q0WT40	CSLB5	33
Q0WTB8	SGO2	25
Q0WTF4	CYP81F3	25
Q0WTI8	ATJ72	9
Q0WU02	MTP10	24
Q0WUF6	PUB41	28
Q0WUI9	TPS8	44
Q0WUQ1	BAG1	22
Q0WUZ5	OFUT39	20
Q0WV37	HIPP34	20
Q0WV96	NAC001	15
Q0WVL7	GC5	63
Q0WVN5	CSLG3	38
Q0WVU3	PHL5	11
Q0WVV0	At1g10910	39
Q0WWE3	QCR6-1	5
Q0WWW9	At5g59250	20
Q147G5	CYCA2-2	20
Q1A173	RL6	6
Q1EC66	UBQ3	19
Q1ECJ7	ARPC3	11
Q1ECR9	RALFL8	6
Q1G2Y5	LTPG21	5
Q1G3Y0	RIC9	5
Q1H583	GLL22	17
Q1H5C9	OEP24A	12
Q1HDT2	CHX24	32
Q1HDT3	CHX16	34
Q1JPM5	OFUT30	29
Q1JPP8	SMR4	3
Q1PDH6	LAC16	22
Q1PDN3	HSFA6A	14
Q1PDX5	SBT3.11	36
Q1PE15	MCU4	17
Q1PEF6	ASK6	4
Q1PEH6	ABCA3	40
Q1PEI6	FAR8	23
Q1PEY5	At2g30650	20
Q1PF08	SCPL22	23
Q1PF16	BHLH19	14
Q1PF17	BHLH18	16
Q1PF35	RIC6	10
Q1PFD1	BLH11	21
Q1PFD8	LTPG9	6
Q1PFD9	TBL31	19
Q1PFE1	AIL1	19
Q1PFJ4	PUP17	9
Q1PFN9	APUM9	30
Q27GI3	NAT6	15
Q29PU4	CLE12	6
Q29PV4	IDL1	6
Q29Q26	AKR2B	14
Q2HIJ8	RHB1A	7
Q2HIM5	At5g03345	4
Q2HIM9	RALFL31	6
Q2NND9	IQD7	17
Q2NNE0	IQD22	21
Q2PE60	LTPG23	10
Q2Q493	MIF3	4
Q2V0Z5	MIS12	8
Q2V3B2	CYCD5-1	20
Q2V3H2	PUP7	5
Q2V3N5	At3g59000	20
Q2V465	SCPL11	21
Q2V4B9	At1g79820	18
Q31708	RPS4	19
Q37165	ndhA	12
Q38806	HSP22.0	10
Q38820	TIM23-2	8
Q38821	PP2AB1	25
Q38837	AGL13	10
Q38840	AGL17	12
Q38851	MYB6	12
Q38864	EXPA5	5
Q38865	EXPA6	8
Q38866	EXPA2	7
Q38884	TIF3I1	19
Q38922	RABB1B	15
Q38935	FKBP15-1	8
Q38956	DTX29	13
Q38960	LWD2	17
Q38961	SNM1	26
Q38Q39	ERF027	5
Q39002	AATP1	32
Q39013	NAC002	14
Q39066	ECS1	4
Q39068	CYCB2-1	22
Q39070	CYCB2-2	16
Q39072	CYCB1-5	30
Q39080	DAD1	3
Q39084	LEA41	5
Q39091	KTI1	7
Q39117	GT-2	22
Q39127	TINY	7
Q39131	ENODL17	9
Q39173	P2	18
Q39182	PDF2.2	3
Q39190	PRL2	29
Q39244	U1A	8
Q39247	PP2AB2	25
Q39256	UBQ8	43
Q39266	ZFP7	5
Q3E6S9	CpNIFS3	19
Q3E6Y4	4CLL3	29
Q3E7I5	FRS12	43
Q3E7K8	UBQ12	13
Q3E7Q9	At5g25310	30
Q3E8A8	SUMO7	5
Q3E8L0	GDU7	6
Q3E902	RPS21C	2
Q3E958	SHN3	11
Q3E965	GDU5	7
Q3E9A4	At5g20260	16
Q3E9B4	OFP8	13
Q3E9C3	RH58	25
Q3E9D3	PME55	12
Q3E9F5	PUB48	23
Q3E9F6	PUB47	24
Q3E9F7	PUB46	24
Q3E9T2	REM2	29
Q3EAF9	At3g62260	14
Q3EAL1	OFP6	7
Q3EAQ5	ZIFL2	16
Q3EAQ9	At3g43550	15
Q3EAS6	At3g32920	11
Q3EAV6	GDU6	3
Q3EBD3	RH41	31
Q3EBM5	At2g35615	19
Q3EBR4	At2g30940	32
Q3EBZ2	SKIP23	20
Q3EC60	SUVH10	15
Q3EC77	At2g03480	36
Q3ECB8	PCMP-E21	26
Q3ECD0	At1g76050	20
Q3ECD6	CLE1	5
Q3ECI7	TOM7-2	2
Q3ECP0	TFB1-1	33
Q3ECP6	At1g54790	18
Q3ECW2	CYCA3-4	23
Q3ECW8	BGLU1	26
Q3EDH0	SCL31	34
Q3EDH8	CLE3	3
Q3EDI6	CLE20	5
Q3EDJ0	ABCI19	13
Q3MKM6	EMB2271	20
Q41220	SAUR15	3
Q41914	PDF2.1	3
Q41916	CYS5	6
Q42064	RPL8C	14
Q42340	RPS16C	9
Q42351	RPL34A	4
Q42431	OL2	5
Q42453	ZAT7	10
Q42485	ZFP1	13
Q42527	PAI2	10
Q42575	MYB1	21
Q42583	PRS2	19
Q42586	PYRE-F	23
Q42596	THI2.1	7
Q42597	THI2.2	6
Q42602	CYP89A2	28
Q43291	RPL21A	9
Q43292	RPL37B	5
Q494Q2	HPAT2	18
Q4PSA3	MAP65-9	29
Q4PSD1	APUM14	20
Q4PSE4	CDC20-4	20
Q4PSE6	LRX7	16
Q4PSE8	At5g24940	27
Q4PSK3	FLZ16	7
Q4PSQ5	PME66	12
Q4PSR7	ATHB-22	7
Q4PSY2	SCPL32	22
Q4PSY4	GOLS7	14
Q4PSZ8	ENODL6	5
Q4PT34	PME56	15
Q4PT37	NEAP3	15
Q4V3B3	BGLU28	30
Q4V3C7	CBSDUF2	21
Q4V3D6	FLOT2	28
Q4V3D9	SSL10	18
Q4V3E0	AHL7	10
Q500Z2	PAT15	11
Q500Z7	SGF29B	18
Q501D2	IQD30	17
Q501D6	OFUT14	32
Q52K82	CML21	14
Q52K95	CEP14	8
Q52QU1	ERF042	7
Q53YF3	At5g27430	8
Q56W64	At5g61540	10
Q56WF8	SCPL48	25
Q56WL5	ZPR4	3
Q56WM6	ROPGEF14	35
Q56X95	At3g28130	10
Q56XC2	EDA21	5
Q56XE4	At4g03120	3
Q56XI1	PCMP-H18	37
Q56XP9	At4g13040	9
Q56XV8	CPN60A2	28
Q56XZ1	SHB	34
Q56Y11	At5g58770	19
Q56Z59	PATL3	25
Q56ZZ7	At5g16150	16
Q570S7	CSLG1	36
Q570U6	EFL4	8
Q570X5	ATL58	14
Q570Y6	ADF8	7
Q58CM8	NFYC10	12
Q58FY4	PUB63	25
Q58P71	CHX8	40
Q5BIV4	IMP1B	9
Q5BPT4	VIL3	26
Q5E913	KIN10B	40
Q5EAE9	ATL43	23
Q5G1T1	EMB2261	50
Q5HZ05	TPPJ	17
Q5HZ09	BRXL3	23
Q5HZ60	At3g52210	17
Q5M721	At3g52260	19
Q5M757	PAT12	7
Q5MAU8	PAP27	33
Q5PNY6	PUB21	25
Q5PNZ7	HIPP46	4
Q5PP26	PII-2	17
Q5PP28	NAC003	20
Q5PP62	SPX3	13
Q5PP70	At5g44450	15
Q5Q0B3	FLP1	7
Q5Q0H2	FLA19	7
Q5S502	CEP16	5
Q5UBY2	FRS1	35
Q5XEP2	HOP2	29
Q5XET6	At1g78910	30
Q5XEZ0	At1g01070	11
Q5XEZ8	PUB2	33
Q5XF04	GT15	23
Q5XF57	At5g57670	27
Q5XF75	EFTS	25
Q5XF82	JAL11	24
Q5XPK0	WAVE5	75
Q5XV67	DMP7	7
Q5XV99	At3g57200	27
Q5Y750	CYP51G2	8
Q66GM8	PAE10	22
Q66GN3	NPGR2	44
Q66GN9	CLPX3	33
Q66GR0	FLA17	20
Q66GR8	NET3A	15
Q66GS2	B3GALT12	18
Q67X99	TPPE	21
Q67XN2	BGLU8	20
Q67XV2	SAC3C	24
Q67Y55	At4g28420	19
Q67Y69	WDL7	20
Q67Y83	SCPL51	18
Q67YE6	SAP12	11
Q67YF8	SUC7	16
Q67YI6	ATL65	24
Q67ZF6	CYB561C	10
Q67ZU1	LIP2	20
Q67ZW1	HIPP27	7
Q680A5	PRS4	19
Q680B7	XYN4	30
Q680K2	At4g39970	14
Q680P8	RPS29A	3
Q680U9	TFB2	28
Q681K2	ATS3A	13
Q681N2	PUB15	31
Q681X4	ZAT5	13
Q681Y3	At1g60990	19
Q682B4	BGLU6	14
Q682D3	XRCC2	22
Q682I1	BOLA1	13
Q682V0	XRCC4	17
Q683D5	PUB37	20
Q6A329	SUC6	16
Q6A331	ALY1	45
Q6A332	ALY3	47
Q6AWX0	At5g17010	14
Q6DBM8	MTPB	15
Q6DBN1	At4g08455	11
Q6DBN4	RTNLB6	10
Q6DBN5	PUB62	17
Q6DBP4	PAE8	22
Q6DUW7	IDL3	6
Q6DUW8	IDL5	7
Q6DUW9	IDL2	7
Q6GKX5	FOLB3	7
Q6ICW6	WNK11	12
Q6ICX4	At1g43190	19
Q6ICY4	MTPC2	15
Q6ICZ8	At5g13850	6
Q6ID77	MED11	9
Q6ID99	OEP21A	8
Q6IDS6	MKRN	20
Q6IM91	DVL10	2
Q6IM92	DVL9	4
Q6IM93	DVL8	3
Q6IM95	DVL6	2
Q6IVU7	EXPB6	6
Q6IWB1	CLE43	5
Q6NKR1	ATL28	12
Q6NKS1	At5g01700	19
Q6NKT5	ROPGAP5	17
Q6NKU9	TIM22-3	9
Q6NKZ9	At4g34500	20
Q6NL24	ECHIA	18
Q6NLD7	ENODL8	6
Q6NLF7	LTPG7	8
Q6NLG3	At1g17410	10
Q6NLG7	RPA3B	7
Q6NLP2	IF3-1	32
Q6NLS8	At5g19830	10
Q6NLU2	GRXS7	4
Q6NM26	DI19-6	11
Q6NMC6	ABIL3	19
Q6NME6	RALFL19	5
Q6NMI3	COG6	34
Q6NMM1	GOT1	4
Q6NMN6	At5g65687	16
Q6NMQ7	GASA6	7
Q6NMR8	FAF3	12
Q6NMS0	GSTU12	10
Q6NN00	AGP25	1
Q6NPM5	ATS3B	9
Q6NPQ1	TULP11	23
Q6NPR7	At1g29470	43
Q6NPT8	PP2B1	21
Q6NQ51	RRT4	27
Q6NQ64	At4g27340	37
Q6NQE2	At4g27270	8
Q6NQG7	ATL78	6
Q6NQJ7	FRS4	36
Q6NQK0	TOL4	19
Q6NQK9	CCB4	18
Q6NQN5	SWEET3	7
Q6PV68	SMZ	19
Q6QJ72	PDL2	12
Q6R0H0	RVE3	16
Q6R3K6	YSL6	20
Q6R3K8	YSL4	19
Q6R3K9	YSL2	28
Q6R8G5	PHO1-H5	40
Q6R8G8	PHO1-H2	44
Q6S7B0	TAF5	26
Q6SJR1	TAF4	44
Q6X5T8	DVL5	3
Q6X5U0	DVL3	1
Q6X5U1	DVL2	2
Q6X7J3	WOX11	4
Q6X7K0	WOX1	19
Q6XL73	ATJ39	20
Q6XPT5	AMC7	19
Q700C2	SPL16	47
Q700D5	BDG4	18
Q700E3	BHLH27	13
Q70CT4	RLP8	37
Q70E96	ALDH3F1	24
Q70II3	ERF110	12
Q71N54	LCAT4	28
Q7FB56	ABCC15	48
Q7FGZ2	RH1	24
Q7G959	PRXIIA	24
Q7PC81	ABCG43	68
Q7PC82	ABCG42	69
Q7PC83	ABCG41	64
Q7PC85	ABCG38	53
Q7PC86	ABCG35	70
Q7PC87	ABCG34	65
Q7X843	ATL48	10
Q7X9H9	AGL93	11
Q7X9N2	AGL53	12
Q7XA72	ABCG21	29
Q7XA77	At1g66660	16
Q7XHI5	BHLH133	12
Q7XHI9	BHLH84	12
Q7XJ53	At3g06270	17
Q7XJK5	AGL90	9
Q7XJK6	AGL36	9
Q7XJN0	RH17	32
Q7XJR2	ANTR3	12
Q7XJS0	ASHR1	22
Q7XJU1	BHLH154	8
Q7XZU1	SAC4	48
Q7XZU2	SAC3	40
Q7Y175	PUX5	25
Q7Y214	GTE7	25
Q84J78	At4g11060	11
Q84J88	HIPP36	9
Q84JC0	At5g40530	13
Q84JF4	NAGS1	35
Q84JF7	At2g39270	20
Q84JI6	B''EPSILON	30
Q84JL5	INVH	36
Q84JM4	TPR3	53
Q84JQ8	DOF1.8	15
Q84JS1	PAE6	17
Q84JT7	ARID1	26
Q84JV2	ENODL4	11
Q84K34	At5g37930	16
Q84K47	ABCA2	41
Q84K71	DTX44	12
Q84K79	ACD22.3	10
Q84LG4	At3g09800	5
Q84LR6	PAP14	15
Q84M24	ABCA1	76
Q84MA3	PCMP-E40	33
Q84MA9	At1g60630	29
Q84MB3	At1g06620	17
Q84N34	HHP2	12
Q84P25	4CLL2	25
Q84QC1	GGCT2;3	12
Q84R16	GT14	27
Q84R21	CBSDUFCH2	28
Q84TD8	FLXL2	17
Q84TF5	RHA4A	8
Q84TG1	RH57	38
Q84TJ7	MCTP7	48
Q84TK0	GSTF4	16
Q84VG7	FES1	32
Q84VX0	RFS1	33
Q84VX3	ALF4	27
Q84VY3	S-ACP-DES6	20
Q84VZ6	IMP1B	14
Q84W06	CSLA14	31
Q84W27	SCPL43	22
Q84W40	ATL11	22
Q84W54	CSLA1	25
Q84WE4	PMEI3	9
Q84WF0	SCPL37	19
Q84WG0	NPF8.4	17
Q84WG3	RBL16	17
Q84WJ9	At5g19680	18
Q84WK5	GID8	12
Q84WL9	AP17	5
Q84WN0	At4g37920	25
Q84WT5	At4g33820	31
Q84WT8	CYS4	5
Q84WU0	OFUT5	37
Q84WV2	BGLU20	16
Q84WV8	NAPRT2	28
Q84WW5	PVA13	12
Q84X40	SPEAR1	7
Q84XI3	ETN8	14
Q852U6	RHY1A	15
Q8GRL7	TFCE	21
Q8GT73	BHLH119	17
Q8GT75	NIP1	8
Q8GTS0	IP5P4	28
Q8GUG7	RH50	36
Q8GUI4	At1g61900	17
Q8GUK4	SBT3.13	32
Q8GUK6	PIS2	8
Q8GUL1	ATG18G	44
Q8GUL8	At5g19230	7
Q8GUM0	OFUT11	28
Q8GUM5	At3g52640/At3g52650	27
Q8GUN6	C50	15
Q8GUP2	At1g16445	16
Q8GV43	PLC6	25
Q8GVE8	PPC4	64
Q8GW10	RF178	13
Q8GW17	ERF116	12
Q8GW20	At5g03900	22
Q8GW38	ATL47	12
Q8GW64	At1g18440	12
Q8GW96	At2g18193	25
Q8GWB2	NDX1	14
Q8GWD5	At2g39530	9
Q8GWE1	UCH3	6
Q8GWF4	MSRB6	10
Q8GWG2	TPPH	19
Q8GWG6	At1g60995	24
Q8GWK1	DI19-2	9
Q8GWK2	At2g41710	23
Q8GWL1	HSA32	16
Q8GWR1	AAAS	25
Q8GWT7	At5g27980	9
Q8GWU0	PGLP2	17
Q8GWV5	PUB3	43
Q8GWX2	At2g21120	7
Q8GWX9	SBT3.16	31
Q8GX29	SKIP25	18
Q8GX37	FH9	31
Q8GX69	BGAL16	41
Q8GX77	At1g61340	12
Q8GXB3	AHL5	10
Q8GXB7	At5g24840	9
Q8GXD6	RH49	31
Q8GXG1	At3g16150	18
Q8GXK5	At4g04750	12
Q8GXQ7	PUB56	19
Q8GXT2	BGLU29	31
Q8GXT3	BHLH123	12
Q8GXT7	P4H12	13
Q8GXU9	FAF2	10
Q8GXV2	CXXS2	7
Q8GXW5	GLN1-5	13
Q8GY11	WRKY43	3
Q8GY25	WOX12	3
Q8GY45	SUPC	5
Q8GY58	At4g39000	25
Q8GY87	UBC26	17
Q8GY97	At2g43240	16
Q8GYA3	At1g09400	18
Q8GYB4	CAT3	16
Q8GYD1	PDIL5-1	8
Q8GYD7	ATG18C	15
Q8GYF4	PHT1-5	18
Q8GYF7	NUP54	16
Q8GYH5	BAD1	17
Q8GYJ2	ARF31	7
Q8GYL3	ULP1A	29
Q8GYL9	BRXL2	21
Q8GYM1	GSTU22	12
Q8GYM6	CYCT1-4	29
Q8GYP8	At1g56610	29
Q8GYS1	At4g38730	5
Q8GYS8	LTPG17	4
Q8GYU0	RIC2	4
Q8GYW0	OTU3	12
Q8GYW8	SCT	20
Q8GYW9	At1g13860	35
Q8GYY0	ACS12	22
Q8GZ45	At1g17960	28
Q8GZ53	SOT14	19
Q8GZ81	OFUT27	34
Q8GZ84	PUB36	23
Q8GZ87	IQD28	32
Q8H0S3	SEC23B	25
Q8H0V6	ABCF3	32
Q8H0Y1	OEP24B	12
Q8H0Z4	GAT1_2.1	21
Q8H100	AGD8	21
Q8H104	At4g26870	31
Q8H111	NLP1	43
Q8H118	At3g23300	35
Q8H125	SCL5	30
Q8H173	RPSaB	13
Q8H181	At5g28300	30
Q8H1D7	GTE5	26
Q8H1E6	OFUT9	28
Q8H1F4	At4g08520	5
Q8H1F5	IDD7	16
Q8H1F6	DGP3	23
Q8H1G3	MTPC4	17
Q8H1Q5	ATG18H	46
Q8H1Q8	ATG18B	14
Q8H1R2	PAP24	31
Q8H1S1	GOLS6	19
Q8H1U4	APC5	40
Q8H960	TOM2B	5
Q8L4B0	GAUT15	29
Q8L4D8	IQD31	24
Q8L4J2	CSTF50	21
Q8L4M6	GATA3	14
Q8L4Y2	LPAT4	19
Q8L518	At1g74320	20
Q8L5T5	LBD15	8
Q8L6Z5	ENODL10	11
Q8L6Z7	EXO1	31
Q8L706	SYT5	26
Q8L718	ALB3L2	17
Q8L725	MTPC1	20
Q8L727	GSTT2	23
Q8L730	At1g04770	17
Q8L733	At4g12130	24
Q8L736	SKIP11	21
Q8L748	NUP107	48
Q8L751	ORP1C	46
Q8L762	BAM6	31
Q8L783	CAX5	11
Q8L7A9	At1g31730	46
Q8L7B2	SCPL20	25
Q8L7G4	TPS09	37
Q8L7H4	HDG4	30
Q8L7I0	At4g11050	32
Q8L7I2	SBT3.6	34
Q8L7K0	RPL18AD	9
Q8L7M1	B3GALT14	16
Q8L7M4	SDN5	30
Q8L7N0	CCT6B	29
Q8L7N3	MHF2	8
Q8L7N8	ZFN3	14
Q8L7R8	STP3	8
Q8L7S3	At2g28450	37
Q8L7S4	MAP70.2	29
Q8L7T6	JMJ19	40
Q8L7U7	At4g39670	14
Q8L7V3	At5g64030	48
Q8L7W0	SH3P3	23
Q8L7W7	At3g01820	15
Q8L817	ACA7	14
Q8L836	MAP65-7	29
Q8L870	GC1	8
Q8L8S2	LSU4	5
Q8L8T2	GRXC1	7
Q8L8Y0	RPS2A	16
Q8L8Z1	At4g15630	6
Q8L8Z8	GRXS2	4
Q8L910	GPX4	10
Q8L928	DMP4	7
Q8L953	RPS27D	3
Q8L9K4	SOFL5	8
Q8L9P8	RALFL33	6
Q8L9S0	At1g29060	7
Q8L9S3	GRXC6	7
Q8L9W3	ATL23	6
Q8L9W8	O3L4	11
Q8L9Y0	SCPL25	23
Q8LA14	PSK6	4
Q8LAA6	PIP1-5	9
Q8LAI1	NIP7-1	4
Q8LAJ9	MIC10	6
Q8LAP6	PAP12	20
Q8LAP8	DOF4.6	13
Q8LAT0	ATHB-20	11
Q8LAU9	GATA1	9
Q8LAV5	REM20	13
Q8LAX0	HMT3	19
Q8LAX3	PEP3	4
Q8LAY8	At5g10740	21
Q8LB01	DAPB2	18
Q8LB17	RBL15	12
Q8LB65	FKBP17-3	10
Q8LB72	PHR2	26
Q8LB81	At5g33370	16
Q8LBA0	ATL24	13
Q8LBB5	DVL20	2
Q8LBC0	CYCT1-3	16
Q8LBF7	SWEET7	6
Q8LBH2	At2g01600	21
Q8LBS4	GRXS12	9
Q8LBU2	GPX8	10
Q8LBW2	OTU9	18
Q8LBW3	LBD12	5
Q8LC30	RAP2-1	6
Q8LC59	GATA23	6
Q8LC69	ATL8	7
Q8LC83	RPS24B	4
Q8LCE4	AGP5	1
Q8LCH5	MED22B	9
Q8LCN5	AGP1	3
Q8LCP6	At1g75680	23
Q8LCW9	RPP1A	3
Q8LCY2	At5g03905	8
Q8LD03	RPS7C	9
Q8LDB8	At1g63170	10
Q8LDI5	CXXS1	7
Q8LDN4	CLE46	5
Q8LDR0	DOF5.4	10
Q8LDR3	CYP23	17
Q8LDS5	THO7A	13
Q8LDU5	At4g01400	30
Q8LDV3	At4g13200	11
Q8LE42	NRPD7	9
Q8LE43	DOF2.1	11
Q8LE47	PPR336	20
Q8LE92	PSY2	3
Q8LE94	At3g02290	10
Q8LEB2	At5g24760	19
Q8LEB6	At5g18500	28
Q8LED9	CXE16	25
Q8LEF3	At5g46030	3
Q8LEF6	ABCI11	15
Q8LEJ9	B3GALT4	27
Q8LEM8	RPL37C	5
Q8LEQ0	RPP1C	3
Q8LEV7	PGL5	13
Q8LF05	RBL19	9
Q8LF20	At2g25430	36
Q8LF41	TFB4	12
Q8LF65	ATL17	9
Q8LFA9	At1g19340	20
Q8LFC0	IDH1	13
Q8LFD1	LPP3	14
Q8LFH7	RPL37A	5
Q8LFM2	GASA10	4
Q8LFN2	At3g03770	31
Q8LFN9	AGD13	13
Q8LFQ6	GRXC4	6
Q8LFR2	DREB2C	13
Q8LFU0	NFYA10	9
Q8LFY8	ATL54	18
Q8LG30	CYSTM11	1
Q8LG70	PGL2	14
Q8LG76	COL6	13
Q8LGE7	At5g18800	6
Q8LGE9	At5g41760	10
Q8LGG8	At3g01520	13
Q8LGI2	At5g39410	23
Q8LJW3	ACR4	24
Q8LL17	SON1	21
Q8LNP3	OFUT10	24
Q8LPF8	OFUT29	30
Q8LPG1	FAX4	7
Q8LPH6	MYB86	11
Q8LPI9	PAI3	13
Q8LPJ4	ABCE2	25
Q8LPJ7	RPS26B	5
Q8LPK0	ABCA8	32
Q8LPL8	POT13	29
Q8LPN5	AHL12	10
Q8LPN7	At3g19950	12
Q8LPQ7	PVA43	11
Q8RV04	TIM14-1	7
Q8RV79	SOT11	24
Q8RW97	SAC5	38
Q8RWA2	MED9	7
Q8RWB1	SRL1	25
Q8RWB7	CLSC5	20
Q8RWB8	UPL6	55
Q8RWC5	FLA16	18
Q8RWD0	COL16	16
Q8RWD7	EMB1674	15
Q8RWF4	At3g26670	14
Q8RWG3	RER6	32
Q8RWG8	RANBP1B	12
Q8RWH8	At5g11960	9
Q8RWI9	ABCG15	30
Q8RWJ6	SCPL1	24
Q8RWJ7	SHH2	20
Q8RWM2	NAPRT1	28
Q8RWM3	MED27	18
Q8RWM7	CCB3	7
Q8RWR2	LARP1B	15
Q8RWS8	EMB2654	47
Q8RWU7	PUX4	12
Q8RWW1	TMN10	14
Q8RWX7	IDD6	18
Q8RWY4	NLP6	43
Q8RX22	MIP1	37
Q8RX29	ATL70	11
Q8RX66	NEK3	34
Q8RX67	NPF5.11	18
Q8RX73	At5g58780	15
Q8RX83	CSLB3	30
Q8RXE7	AGD14	21
Q8RXE8	BASS3	10
Q8RXF1	At1g14650	28
Q8RXH8	NAKR3	14
Q8RXN4	At4g31810	18
Q8RXN5	TYW1	32
Q8RXN9	BGLU5	23
Q8RXQ1	TBL35	26
Q8RXQ2	RBL18	16
Q8RXR6	At1g50280	28
Q8RXS5	At5g63020	50
Q8RXT4	NEK4	27
Q8RXU9	MCTP9	51
Q8RXW0	RBL14	13
Q8RXX5	At5g47190	11
Q8RXZ4	At1g79630	28
Q8RXZ9	At3g21390	20
Q8RY11	APP2	33
Q8RY46	ABCB26	29
Q8RY60	CBSDUF7	21
Q8RY66	At4g25835	22
Q8RY81	OFUT13	19
Q8RY89	PIP5K8	43
Q8RY97	HTT5	10
Q8RY99	At3g10140	18
Q8RYC2	ACT5	21
Q8RYE7	ATTI4	4
Q8RYE9	At2g33255	13
Q8S340	PAP22	19
Q8S341	PAP7	17
Q8S897	BLH5	18
Q8S8A0	GDU4	8
Q8S8I2	ULT2	11
Q8S8K6	SCPL28	20
Q8S8K9	FIP1	12
Q8S8M5	ABIL1	19
Q8S8N0	CLE4	2
Q8S8N1	CLE7	5
Q8S8N2	CLE5	5
Q8S8N3	CLE6	6
Q8S8N4	At2g46850	30
Q8S8P0	SCPL52	10
Q8S8P3	GLCAT14C	22
Q8S8S3	DVL11	4
Q8S8T8	PCR10	4
Q8S904	MFDX2	10
Q8S9D1	ATC401	38
Q8S9J2	At2g33840	18
Q8S9J6	At5g10770	18
Q8S9K8	MES10	9
Q8S9N6	ATHB-17	16
Q8VWI1	ERD2B	9
Q8VWJ2	WRKY28	9
Q8VWQ4	WRKY56	7
Q8VWQ5	WRKY50	4
Q8VXU6	DI19-4	9
Q8VXV4	ATJ16	21
Q8VXX4	RFC3	20
Q8VXY4	TIP41L	16
Q8VXY7	ENT1	15
Q8VXZ0	NUDT20	20
Q8VY01	SCPL46	20
Q8VY49	LCV1	4
Q8VY52	PPD2	13
Q8VY69	VAMP723	12
Q8VY89	APC7	35
Q8VY90	ERF105	8
Q8VYA1	PARG2	20
Q8VYB5	AMSH1	23
Q8VYC2	At3g20270	26
Q8VYD9	At4g31010	27
Q8VYE4	NPF4.5	21
Q8VYF1	RPL15B	10
Q8VYF4	GATL7	20
Q8VYH6	At4g17280	13
Q8VYI2	PHL12	12
Q8VYI5	VQ10	7
Q8VYK6	RPS4D	15
Q8VYN2	PVA42	13
Q8VYP6	At5g11010	15
Q8VYR0	MCU2	17
Q8VYR2	NUDT9	14
Q8VYR4	CSLG2	30
Q8VYS0	RD19D	18
Q8VYT2	At4g25940	27
Q8VYU4	CCR4-6	39
Q8VYU6	GC4	39
Q8VYU7	PAP4	13
Q8VYV9	APF1	18
Q8VYW2	BAM9	26
Q8VYY4	BASS6	10
Q8VZ02	BHLH48	13
Q8VZ19	RPL30B	5
Q8VZ48	RBL6	11
Q8VZ49	At1g64710	11
Q8VZ50	CML14	11
Q8VZ55	RPL35	5
Q8VZ74	At5g66470	27
Q8VZB9	RPL10AA	12
Q8VZC7	At5g45510	60
Q8VZC9	VPS25	10
Q8VZE9	UGT73B1	20
Q8VZF6	EDR2L	37
Q8VZG1	DGK3	22
Q8VZI2	CBSDUF6	15
Q8VZI7	SUMO5	7
Q8VZK9	CSLE1	36
Q8VZL4	MSL1	23
Q8VZN9	At1g43900	19
Q8VZP6	PGSIP8	20
Q8VZQ4	B''GAMMA	27
Q8VZQ6	GCL2	19
Q8VZQ9	REM3	28
Q8VZT0	At3g03920	10
Q8VZT6	WCRKC2	13
Q8VZU9	DER1	7
Q8VZV7	At5g14430	38
Q8VZW3	CHI3	11
Q8W030	WIP4	13
Q8W031	WIP5	12
Q8W032	CDC6B	31
Q8W036	NIP4-2	7
Q8W0Y8	PSB28	5
Q8W0Y9	KIN14U	32
Q8W245	ZIP10	10
Q8W3K0	RPP7	70
Q8W3K3	At1g58400	53
Q8W3M6	At4g06599	13
Q8W463	At4g17560	13
Q8W472	CYSTM8	2
Q8W474	At1g58390	54
Q8W486	OFUT1	27
Q8W487	At2g39795	13
Q8W490	PEPKR2	22
Q8W4C3	At3g25430	27
Q8W4G3	DTX46	17
Q8W4H1	GATA26	25
Q8W4I4	POT6	25
Q8W4I9	ML1	37
Q8W4K1	At4g04670	53
Q8W4K3	CAT4	14
Q8W4L0	CML49	8
Q8W4Q3	PIRL3	25
Q8W4R8	PI4KG6	33
Q8W566	At3g15140	19
Q8W571	ATL32	19
Q8W583	ALT3	11
Q8W5R6	KIN7C	52
Q93V88	At4g33500	34
Q93VB8	RPS2B	16
Q93VG5	RPS8A	9
Q93VH2	BBD2	15
Q93VH9	RPS4A	14
Q93VI3	RPL17A	10
Q93VK9	SPC25	11
Q93VQ9	At1g31020	12
Q93VR4	MLP423	12
Q93VV0	PAT16	9
Q93VV5	NPF4.3	16
Q93W32	FLA18	18
Q93W34	RBP45C	12
Q93W77	NIFU1	9
Q93W88	BHLH137	7
Q93WF1	At5g48900	15
Q93WU4	SPP3A	18
Q93WU7	WRKY58	19
Q93WV5	WRKY69	9
Q93WV6	WRKY68	11
Q93WY4	WRKY12	6
Q93XN8	SPP3B	25
Q93XX4	NTMC2T6.1	36
Q93XX5	At5g67130	23
Q93XX8	At2g20490	3
Q93Y01	UBP9	39
Q93Y06	At5g67200	37
Q93Y09	SCPL45	19
Q93Y16	At1g27900	36
Q93Y22	At5g05010	23
Q93Y38	At5g36290	14
Q93Y40	ORP3C	21
Q93YQ7	At4g39010	21
Q93YR2	BASS1	10
Q93YR3	At4g22670	18
Q93YS2	At3g63340	26
Q93YS6	GTE9	33
Q93YT3	RLP50	40
Q93YV6	B'KAPPA	33
Q93YV7	At4g14360	36
Q93YV9	SKIP8	11
Q93YW5	At4g28400	18
Q93Z01	At5g58730	15
Q93Z17	HLP	12
Q93Z20	NPF8.5	19
Q93Z24	BGAL17	28
Q93Z25	At5g63180	17
Q93Z29	ALMT5	27
Q93Z66	PRS3	19
Q93Z92	At4g11680	14
Q93ZD7	MRS2-4	9
Q93ZH2	NFYA3	14
Q93ZH7	IQD2	24
Q93ZI4	BGLU10	17
Q93ZJ3	NFD6	6
Q93ZJ9	MLN51	21
Q93ZM7	At3g13860	35
Q93ZN2	At1g60710	19
Q93ZQ3	PLP9	18
Q93ZQ5	At4g22990	23
Q93ZR8	RRT2	24
Q93ZS1	At3g45090	44
Q93ZT5	EDL3	11
Q93ZY7	NUDT12	15
Q940B0	RPL18C	10
Q940H7	MES12	19
Q940I0	AHL13	15
Q940J8	PAE7	21
Q940J9	At1g04430	34
Q940P8	CCT2	32
Q940Q1	At1g04680	15
Q940Q3	ZTP29	6
Q940Q4	ATL13	22
Q940R4	At4g16563	15
Q940S0	TMN2	21
Q940S5	At1g60970	4
Q940T9	COL4	12
Q940Y1	ORP2A	44
Q940Y3	ARID3	47
Q940Y9	At5g43745	46
Q941A0	SDH4	9
Q941A6	SDH6	6
Q941B6	UBC37	16
Q941D3	PAP8	15
Q941D5	VPS2.3	7
Q941I2	KAN3	15
Q943Z6	SRP19	8
Q944P0	ENT7	10
Q944R1	At4g13710	19
Q944S1	RH22	28
Q944S2	GTS1	15
Q944S3	TULP5	25
Q945B4	AOP3	18
Q945B5	AOP2	19
Q945L0	COX6B-2	6
Q945P6	O3L6	11
Q945S8	ASHH3	19
Q948K6	RABG1	14
Q948K8	RABG3A	14
Q948R8	THH1	10
Q949M8	At1g71180	15
Q949Q7	SCPL29	17
Q949R4	LIGB	12
Q949R9	MPC1	5
Q949S5	PP2B11	14
Q949U2	PHL6	19
Q949U4	OFUT16	25
Q94A21	SPX4	12
Q94A27	SAC2	36
Q94A32	FAX2	8
Q94A34	SFH12	34
Q94A38	LARP6A	17
Q94A40	At1g62020	69
Q94A43	BEH2	10
Q94A65	At4g27700	12
Q94A68	At1g06690	19
Q94A73	At5g66560	38
Q94AD9	At1g04990	18
Q94AF0	CFIS1	11
Q94AJ5	At1g80170	19
Q94AL9	AGT3	26
Q94AM9	CID4	26
Q94AR6	DOF3.1	10
Q94AT1	At5g53140	24
Q94AT5	EX2	34
Q94AW5	ERF003	10
Q94AZ4	CML13	11
Q94BP3	FAO4B	33
Q94BS8	EFL2	8
Q94BU1	At1g71810	30
Q94BY4	OFUT35	30
Q94BY6	ATL75	8
Q94C11	At3g52120	23
Q94C12	At3g18410	5
Q94C25	At5g20050	23
Q94C48	WDL5	17
Q94C59	PATL4	28
Q94C60	At5g63670	6
Q94CA0	At1g77220	17
Q94CE3	BCA5	18
Q94CG2	BET12	6
Q94CH6	EXL3	18
Q94CH7	EXL2	14
Q94CH8	EXL1	14
Q94CI7	SFP1	17
Q94CJ5	RER4	16
Q94CK6	PANS2	12
Q94CL8	PP2C6	15
Q94EG6	At5g02240	13
Q94EG9	ZIP11	6
Q94EJ6	At4g18030	38
Q94F08	HIPL2	26
Q94F39	AFP3	11
Q94F40	At1g28600	18
Q94F57	AGP26	0
Q94FL5	REV7	12
Q94FT2	SKIP5	12
Q94HW2	RE1	65
Q94II3	ERD3	33
Q94JS4	SMT3	22
Q94JT5	CYCLASE2	14
Q94JV4	At1g54290	4
Q94JW0	At3g58180	17
Q94JW8	SPL6	24
Q94JX9	At3g49470	11
Q94JY0	PAB	16
Q94K78	UCRY	2
Q94KB2	MLO13	22
Q94KB4	MLO9	20
Q94KB7	MLO6	25
Q94KB9	MLO3	21
Q94KD0	TAF15B	22
Q94KD8	BXL2	37
Q94L32	NMT2	19
Q95695	ndhG	0
Q95747	RPL16	11
Q95749	RPS3	29
Q96243	PHT1-2	21
Q96253	At1g51650	4
Q96254	GDI1	22
Q96316	UCC3	6
Q96324	GSTF11	12
Q96514	CYP71B7	28
Q9ASQ5	CRCK3	29
Q9ASR3	CYP709B1	33
Q9ASS7	CAT2	15
Q9AST1	TAF15	12
Q9ASX5	At5g05200	29
Q9ASX9	BHLH144	9
Q9ASY8	TOM7-1	3
Q9C508	PUP18	11
Q9C510	PAP6	17
Q9C514	RPS7A	8
Q9C522	ACLB-1	32
Q9C540	CYB561D	7
Q9C551	RH5	31
Q9C585	UBP8	48
Q9C593	O3L1	12
Q9C595	YLMG2	9
Q9C5C5	At1g07700	14
Q9C5D0	CBSX2	11
Q9C5D6	CAT9	19
Q9C5D7	At4g26220	10
Q9C5E5	DGK5	27
Q9C5E8	SDH7A	5
Q9C5H6	UTR6	15
Q9C5M8	At4g24780	15
Q9C5N8	At1g54020	17
Q9C5P7	SEC1A	39
Q9C5W6	GRF12	15
Q9C5Z6	RPW8.2	8
Q9C5Z7	RPW8.1	9
Q9C614	GULLO1	36
Q9C615	SYP24	23
Q9C633	AGL97	4
Q9C641	MEFG1	35
Q9C642	DCL	13
Q9C646	RXW24L	58
Q9C652	RBP1	13
Q9C653	At1g58525	17
Q9C671	PI4KG5	35
Q9C691	DEGP6	12
Q9C699	RLP7	39
Q9C6B7	CAR3	8
Q9C6C3	AGD2	34
Q9C6C8	GSTF14	13
Q9C6G0	At1g58050	71
Q9C6H2	At1g66630	14
Q9C6H3	At1g66620	11
Q9C6H4	At1g66610	22
Q9C6H5	WRKY63	12
Q9C6I6	ETFA	16
Q9C6I8	At1g50920	34
Q9C6L1	IPT6	15
Q9C6L8	ALMT4	25
Q9C6M9	CAF1-4	18
Q9C6S2	FRL2	14
Q9C6S5	At1g31830	12
Q9C6S7	At1g31850	33
Q9C6V3	AGL86	5
Q9C6V4	AGL92	6
Q9C6W4	BGAL15	33
Q9C6W6	TPS29	34
Q9C6X2	SCAMP4	8
Q9C6Y3	CYCA1-1	27
Q9C701	BUB3.2	20
Q9C710	PCFS1	19
Q9C713	At1g66530	32
Q9C717	FLXL3	13
Q9C720	TMN6	21
Q9C723	At1g55090	30
Q9C7C1	TET6	10
Q9C7C3	At3g12130	10
Q9C7D2	SCPL15	22
Q9C7D3	SCPL14	20
Q9C7D4	SCPL16	25
Q9C7D6	SCPL17	21
Q9C7E6	CFL2	9
Q9C7E8	COL15	17
Q9C7E9	ATL20	15
Q9C7F2	ABCB14	54
Q9C7I1	ATL34	14
Q9C7I5	ALT1	10
Q9C7I8	ALT2	12
Q9C7I9	ARF20	32
Q9C7J6	HIPP35	10
Q9C7K0	VBF	15
Q9C7N4	At1g29670	18
Q9C7N7	S40-1	7
Q9C7R6	PUB17	29
Q9C7U1	NPF5.12	20
Q9C7U8	SBT3.17	26
Q9C7W4	LACS3	30
Q9C7X5	NAS4	16
Q9C7X7	HSP70-18	34
Q9C7Y4	FDC2	8
Q9C7Z9	SCPL18	19
Q9C801	MOS2	17
Q9C809	B3GALT8	22
Q9C813	FAS4	66
Q9C820	RABG3D	13
Q9C823	At1g52310	32
Q9C827	At1g52360	44
Q9C829	NUP50A	20
Q9C857	At1g31550	15
Q9C876	CGS2	19
Q9C8C1	LCV2	7
Q9C8D1	PUB20	19
Q9C8D4	AAE11	29
Q9C8E3	TPS26	35
Q9C8F1	At1g36730	25
Q9C8F3	PROSCOOP20	5
Q9C8G4	At1g30350	18
Q9C8J1	RH34	27
Q9C8J2	NIFU5	12
Q9C8J4	SPP1	23
Q9C8K1	TGG6	24
Q9C8M0	CID8	15
Q9C8M3	GSTU28	10
Q9C8N7	ARF22	30
Q9C8N9	ARF21	32
Q9C8S9	RH48	46
Q9C8T1	ABCI1	12
Q9C8U2	IAN1	10
Q9C8U5	IAN2	14
Q9C8U8	IAN5	18
Q9C8V0	IAN6	19
Q9C8V2	IAN7	19
Q9C8X7	UBC31	6
Q9C8Y1	CML23	8
Q9C8Y2	CAR2	9
Q9C8Z4	At3g06530	120
Q9C900	SINE3	7
Q9C907	GDPD5	17
Q9C918	UBC38	13
Q9C947	PDF2.4	2
Q9C966	IAA15	9
Q9C968	CYCA2-4	22
Q9C975	At1g80290	18
Q9C983	WRKY57	8
Q9C991	At1g71170	15
Q9C995	ERF070	7
Q9C9B1	LTPG10	4
Q9C9C5	RPL6C	12
Q9C9C6	RPL6B	12
Q9C9H6	RLP11	40
Q9C9H7	RLP12	35
Q9C9K1	LHCB7	11
Q9C9K3	PFP-ALPHA2	34
Q9C9K4	PILS4	15
Q9C9M9	SWEET6	5
Q9C9N5	At1g66830	35
Q9C9R3	TRM112B	6
Q9C9R6	APUM7	30
Q9C9S4	TPPB	24
Q9C9V9	COG5	39
Q9C9W0	ABCI17	11
Q9C9W3	At1g67980	13
Q9C9X5	At1g68110	25
Q9C9X6	BPC3	9
Q9C9Y1	TOL8	16
Q9C9Y7	UBC12	5
Q9C9Z5	At3g08610	2
Q9C9Z7	At3g08570	36
Q9C9Z8	VHA-E2	13
Q9CA19	RPS13	9
Q9CA25	LAX3	11
Q9CA34	GT17	23
Q9CA46	BZIP8	8
Q9CA56	PCMP-E69	42
Q9CA57	GSTU10	12
Q9CA74	NEN3	28
Q9CAA0	At1g79990	43
Q9CAA7	PUB42	48
Q9CAC3	CRK43	24
Q9CAG5	PUB7	38
Q9CAH1	At1g72540	27
Q9CAI2	IQD8	17
Q9CAK1	RLM1B	59
Q9CAK6	HIPP15	5
Q9CAM1	At1g63210	75
Q9CAM7	RFC2	20
Q9CAN4	PP2A11	14
Q9CAQ2	At1g77540	6
Q9CAR5	GGT4	9
Q9CAR7	HIR2	19
Q9CAS6	GSTU11	11
Q9CAU0	SCPL6	22
Q9CAU1	SCPL3	21
Q9CAU2	SCPL5	22
Q9CAU3	SCPL2	24
Q9CAU4	SCPL4	23
Q9CAU7	NEK2	36
Q9CAV0	RPS3AA	15
Q9CAV7	At3g04930	12
Q9CAX6	RPS14B	6
Q9CAY3	GPAT5	25
Q9CB03	NPGR1	41
Q9FDW8	CB5-A	7
Q9FDX1	SKIP1	17
Q9FDX6	CP1	9
Q9FE06	EXL2	11
Q9FE29	At4g15610	7
Q9FE65	RPL34B	4
Q9FE78	EIF2A	19
Q9FE83	SKIP2	30
Q9FEB4	PSK5	4
Q9FED2	HVA22E	3
Q9FEP7	SULTR1;3	30
Q9FF09	PIA1	11
Q9FF10	At5g07830	27
Q9FF17	At5g38460	20
Q9FF41	PMI15	29
Q9FF52	RPL12C	9
Q9FF53	PIP2-4	10
Q9FF61	At5g05130	54
Q9FF79	NAS1	14
Q9FF99	AAP7	8
Q9FFA5	REM1.4	9
Q9FFB0	SCPL47	30
Q9FFE0	At5g16450	10
Q9FFF3	COG1	60
Q9FFH5	PHB7	15
Q9FFI5	NAC086	14
Q9FFJ3	PIRL1	19
Q9FFK3	EGY2	20
Q9FFN0	At5g03810	10
Q9FFN1	EMB175	49
Q9FFN2	At5g03795	21
Q9FFP2	KPL	18
Q9FFP8	PDF2.5	3
Q9FFQ0	TOL5	26
Q9FFQ1	RH31	41
Q9FFQ4	FLS5	15
Q9FFQ7	FACT	24
Q9FFR9	CHX18	37
Q9FFS3	WRKY24	7
Q9FFS8	RPS10B	10
Q9FFT9	RH32	38
Q9FFU6	At5g54830	29
Q9FFY3	LTPG30	8
Q9FFZ6	S-RBP11	8
Q9FG08	ATXR4	15
Q9FG21	ATL71	11
Q9FG30	At5g06770	9
Q9FG36	WCRKC1	13
Q9FG59	DHAR4	13
Q9FG89	PNSB5	5
Q9FGB0	BHLH145	14
Q9FGD6	DOF5.8	11
Q9FGD7	PUB50	37
Q9FGH4	At5g58480	23
Q9FGJ6	ATL79	4
Q9FGK4	At5g47530	10
Q9FGK5	RABA5A	16
Q9FGK8	SEC16B	48
Q9FGP7	NFYC6	4
Q9FGP8	NFYC7	7
Q9FGP9	RER1	19
Q9FGR0	CPSF160	63
Q9FGT9	GDPDL6	39
Q9FGU3	SBT4.4	29
Q9FGW0	FLA20	15
Q9FGY3	MYB78	9
Q9FGY9	PNG1	43
Q9FGZ4	WRKY48	11
Q9FH03	BGLU12	25
Q9FH04	At5g42250	19
Q9FH05	SCPL42	23
Q9FH06	SCPL41	24
Q9FH13	At5g56260	10
Q9FH22	FLZ15	9
Q9FH31	SESA5	7
Q9FH32	ATG18F	43
Q9FH51	FLXL4	11
Q9FH57	GATA5	10
Q9FH67	CYP705A12	27
Q9FH77	DCP5-L	17
Q9FH82	PAE11	21
Q9FH92	IRX15-L	19
Q9FHA4	SBT1.9	25
Q9FHA6	RALFL34	5
Q9FHB3	FIB3	14
Q9FHD4	CRRSP58	12
Q9FHD8	GT20	26
Q9FHE1	GSTT3	28
Q9FHF1	ABCB7	48
Q9FHG8	ATL50	7
Q9FHH8	COL5	14
Q9FHJ6	RPA1C	43
Q9FHK0	SKIP31	15
Q9FHK8	ATG18E	24
Q9FHM0	YLS7	21
Q9FHM7	HIR4	20
Q9FHM9	EXL3	10
Q9FHN6	SKS2	23
Q9FHN9	PUB31	19
Q9FHR7	WRKY49	11
Q9FHT4	TMN4	18
Q9FHY0	RPN12B	12
Q9FHZ2	MED10A	11
Q9FHZ3	VQ33	13
Q9FI12	SBT2.3	27
Q9FI13	RPI4	15
Q9FI14	TAO1	63
Q9FI17	At5g44480	29
Q9FI22	PDF1.2C	5
Q9FI25	At5g44410	31
Q9FI27	TPS20	30
Q9FI32	MCTP2	49
Q9FI44	SDHAF2	12
Q9FI73	At5g48970	19
Q9FI80	PCMP-H38	34
Q9FI94	DHS	20
Q9FIA7	FD4	6
Q9FIB0	CYP78A7	31
Q9FIB4	ABCF2	37
Q9FIC6	At5g39150	8
Q9FIC8	At5g39130	5
Q9FIC9	At5g39120	8
Q9FID0	At5g39110	6
Q9FID5	At5g39030	33
Q9FID6	At5g39020	40
Q9FID8	At5g39000	42
Q9FID9	At5g38990	45
Q9FIF8	SBT4.3	32
Q9FIG1	SBT4.11	38
Q9FIG2	SBT4.13	30
Q9FIG8	KIN7J	53
Q9FIJ2	At5g47890	5
Q9FIJ4	RAD52-2	11
Q9FIK2	At5g47790	17
Q9FIK8	CAR11	11
Q9FIM0	AGL82	13
Q9FIM4	MYB119	16
Q9FIM5	SBT4.9	35
Q9FIM6	SBT4.8	28
Q9FIM8	SBT4.10	26
Q9FIN1	PGL4	13
Q9FIQ1	UBP21	38
Q9FIR0	ATL30	11
Q9FIS2	ZIP12	6
Q9FIU7	BGLU41	30
Q9FIV6	DEGP10	26
Q9FIW5	ANAC094	17
Q9FIX0	AGL81	8
Q9FIX1	AIG2LB	10
Q9FIX2	AIG2LA	8
Q9FIX5	BHLH92	10
Q9FIX8	PCFS5	17
Q9FIY7	RAD5B	67
Q9FJ16	APRR4	14
Q9FJ32	RGTA2	30
Q9FJ70	FIM3	37
Q9FJ77	AT6	14
Q9FJ80	PP2A14	19
Q9FJ81	CCB2	17
Q9FJ90	ERF025	7
Q9FJ93	DREB1D	9
Q9FJA6	RPS3C	16
Q9FJB4	GPC1	15
Q9FJB5	RPP8L3	51
Q9FJB8	GRF7	11
Q9FJG0	SAUR20	4
Q9FJG2	At5g18000	15
Q9FJG3	MCTP16	49
Q9FJH7	NRT2.3	18
Q9FJH8	NRT2.4	18
Q9FJH9	At5g60760	46
Q9FJK8	RPP8L4	47
Q9FJM5	ASB2	9
Q9FJN7	GCL1	23
Q9FJN8	RABA4A	15
Q9FJN9	PABN2	8
Q9FJP2	MYB53	13
Q9FJP3	RPL29	8
Q9FJU0	MDH3	21
Q9FJU4	MIOX5	17
Q9FJV8	MRN1	30
Q9FJX2	RPL26B	6
Q9FJY7	PCMP-H61	29
Q9FK07	CLPX1	25
Q9FK30	OFUT36	30
Q9FK43	SIP1-2	5
Q9FK44	NAC087	14
Q9FK59	NCBP	12
Q9FK66	RLP55	19
Q9FK68	RABA1C	12
Q9FK76	SBT5.6	34
Q9FK78	S40-2	6
Q9FK81	At5g22580	8
Q9FKB6	At5g48800	29
Q9FKC0	RPL13AD	11
Q9FKC5	SUMO4	8
Q9FKC6	SUMO6	8
Q9FKD5	At5g37910	10
Q9FKD6	At5g37900	9
Q9FKD7	At5g37890	10
Q9FKD9	At5g37870	10
Q9FKE6	CYCT1-5	33
Q9FKE9	At5g45160	48
Q9FKF3	PME63	18
Q9FKF7	MSRA1	11
Q9FKF9	At5g61620	13
Q9FKG1	ERF104	7
Q9FKG2	ERF107	6
Q9FKH1	SAP	23
Q9FKJ9	ZHD12	12
Q9FKK6	At5g60370	25
Q9FKK7	XYLA	26
Q9FKN4	CRS2A	11
Q9FKP0	PSRP6	3
Q9FKP1	CCX1	14
Q9FKP2	CCX2	14
Q9FKQ3	At5g65350	4
Q9FKQ6	BHLH99	9
Q9FKT4	At5g56140	14
Q9FKT8	COX15	23
Q9FKT9	NAS2	17
Q9FKU8	At5g44400	28
Q9FKV0	At5g44380	31
Q9FKV1	ANTR5	19
Q9FKV2	At5g44360	33
Q9FKW2	TZF5	15
Q9FKW3	CHI2	13
Q9FKW8	STR18	8
Q9FKW9	At5g66150	51
Q9FKY4	PILS7	9
Q9FKZ1	At5g66900	40
Q9FL03	SCL4	21
Q9FL07	ATL46	18
Q9FL17	PUB40	25
Q9FL40	At5g07060	18
Q9FL42	ATL69	8
Q9FL51	At5g06940	32
Q9FL76	EXPA24	12
Q9FL77	EXPA25	12
Q9FL78	EXPA26	13
Q9FL79	EXPA23	12
Q9FL80	EXPA22	13
Q9FL81	EXPA21	8
Q9FL87	CRR7	7
Q9FL89	At5g39180	8
Q9FL96	DSS1(V)	4
Q9FLB0	RH18	31
Q9FLB5	LAC12	23
Q9FLB6	PRA1B3	3
Q9FLB7	UCRQ-2	3
Q9FLD8	At5g39980	36
Q9FLE2	CLPS5	23
Q9FLE4	At5g39900	31
Q9FLF0	RPS9C	10
Q9FLH8	At5g51830	21
Q9FLI0	BHLH120	8
Q9FLI1	BHLH36	10
Q9FLI4	SBT1.3	31
Q9FLJ2	NAC100	15
Q9FLK4	At5g61290	24
Q9FLL0	AGL75	9
Q9FLM1	GDPD2	20
Q9FLM6	TCP6	8
Q9FLN5	VHA-e1	1
Q9FLQ3	RAN4	10
Q9FLR0	NEN1	21
Q9FLR3	NAC079	16
Q9FLT3	At5g61750	8
Q9FLT4	ABCA10	36
Q9FLT8	ABCA12	37
Q9FLU5	HIPP09	15
Q9FLU8	BGLU32	28
Q9FLU9	BGLU31	28
Q9FLW0	At5g24010	41
Q9FLX8	WRKY27	13
Q9FM14	At5g62800	12
Q9FM41	DEGP13	23
Q9FM64	CRR21	40
Q9FM66	At5g55720	19
Q9FM82	GULLO4	32
Q9FM84	GULLO7	17
Q9FMA6	At5g38960	6
Q9FMA8	At5g38940	5
Q9FMA9	At5g38930	5
Q9FMB0	At5g38910	8
Q9FMC2	BZIP43	6
Q9FMC5	VPS60-2	9
Q9FMC8	OFP13	8
Q9FMD8	BGLU2	13
Q9FME0	RPA1D	33
Q9FMF8	DIT2-2	16
Q9FMK9	PAP29	16
Q9FMM0	UBC18	5
Q9FMM4	RHG1A	30
Q9FMM7	BZIP15	13
Q9FMN4	At5g42850	9
Q9FMP0	MED19A	9
Q9FMP8	ROPGAP6	43
Q9FMS6	CAF1-11	16
Q9FMS7	OFP10	9
Q9FMU5	At5g14050	27
Q9FMV4	MED30	6
Q9FMX3	STP11	15
Q9FMX7	NIC2	5
Q9FN08	BGAL10	34
Q9FN11	LBD37	10
Q9FN15	CGLD27	14
Q9FN29	ATHB-52	7
Q9FN30	At5g53970	16
Q9FN39	ENODL1	13
Q9FN75	At5g17760	30
Q9FNB5	ABCG6	28
Q9FND9	RFS5	29
Q9FNE1	CRK42	32
Q9FNE2	GRXC2	6
Q9FNI3	At5g06250	7
Q9FNJ9	At5g22620	26
Q9FNM7	RH26	49
Q9FNN9	PCMP-E32	47
Q9FNP0	VQ31	5
Q9FNP8	RPS19C	10
Q9FNP9	ACT	22
Q9FNQ1	BRR2C	107
Q9FNQ4	PHD4	5
Q9FNQ5	PHD5	13
Q9FNV8	MYB114	7
Q9FPE4	At1g28660	12
Q9FPG2	OEP21B	7
Q9FPH0	XBAT34	25
Q9FPJ5	LRR1	7
Q9FPJ8	RBP45A	12
Q9FPR6	ARR17	7
Q9FPS2	UBP25	47
Q9FPS3	UBP24	30
Q9FPS4	UBP23	50
Q9FPS7	UBP20	28
Q9FRI0	MEE8	5
Q9FRL3	At1g75220	13
Q9FT51	ABCG27	39
Q9FT53	IQD3	19
Q9FUS9	GSTU18	8
Q9FV02	SKIP3	15
Q9FVC8	DHDPS2	15
Q9FVE0	AGP11	4
Q9FVQ0	YUC10	19
Q9FVR3	CSLD6	50
Q9FVR6	At1g32220	12
Q9FVT2	At1g57720	18
Q9FVV4	RH55	25
Q9FVV6	P2	40
Q9FVW3	MES14	20
Q9FVX1	GRXC3	6
Q9FW03	MES11	19
Q9FWA4	GAUT9	30
Q9FWR2	AVPL2	28
Q9FWS1	AUL1	69
Q9FWS4	RPL31	9
Q9FWT2	UBC16	5
Q9FWW3	At1g12130	26
Q9FWW6	At1g12160	31
Q9FWX8	ABCB12	61
Q9FX25	ARF13	29
Q9FX55	STO9	18
Q9FX56	SOT8	21
Q9FX60	At1g13370	4
Q9FX84	HHO6	15
Q9FX93	CXE4	16
Q9FX94	CXE5	11
Q9FXA4	PUB26	19
Q9FXA9	PCMP-E64	35
Q9FXB9	PCMP-H69	36
Q9FXD8	At1g67750	12
Q9FXE3	SUFE2	17
Q9FXE4	At1g67820	20
Q9FXG2	At1g29870	21
Q9FXH1	DYW7	53
Q9FXH5	PUP14	12
Q9FXI5	IQD32	43
Q9FXJ2	At1g28580	17
Q9FY46	SULTR4;1	29
Q9FY49	LKHA4	27
Q9FY50	RPL10	14
Q9FY64	RPS15D	7
Q9FY69	BHLH143	19
Q9FY79	LAC14	26
Q9FY82	NAC082	16
Q9FYB5	ATJ11	8
Q9FYE5	UUAT1	9
Q9FYF7	At1g67360	14
Q9FYF9	At1g67340	20
Q9FYG4	GLOX1	33
Q9FYG7	TCP1	13
Q9FYJ2	OSB4	19
Q9FYK2	CML25	13
Q9FYL2	BCP1	1
Q9FYL8	NFD2	11
Q9FYR7	SCL8	28
Q9FZ22	GPAT2	25
Q9FZ29	MAN1	20
Q9FZ31	PDF1.5	6
Q9FZ37	GUX4	27
Q9FZ62	At1g17710	14
Q9FZ63	PRA1F1	8
Q9FZ76	RPL6A	12
Q9FZ81	RBL12	17
Q9FZ86	PDCB3	5
Q9FZ87	GH3.17	28
Q9FZ90	ERF087	5
Q9FZ92	RH44	34
Q9FZ95	PUP3	7
Q9FZ99	SMG7L	42
Q9FZA0	RALFL4	6
Q9FZB1	At1g51880	49
Q9FZC6	FOX3	32
Q9FZD0	At1g26450	5
Q9FZD9	DUF3	36
Q9FZE0	BGLU40	30
Q9FZI2	LUP5	36
Q9FZP1	At5g34940	24
Q9FZP6	MBD12	5
Q9LD18	POT4	27
Q9LD40	CNGC13	37
Q9LDA9	At1g23400	25
Q9LDJ3	EXPA12	11
Q9LDM5	CRK31	31
Q9LDS6	CRK32	36
Q9LDT0	CRK30	31
Q9LDU1	RALFL28	2
Q9LDY5	FKBP17-2	10
Q9LDY8	NAC055	17
Q9LDY9	IJ	11
Q9LE20	DTX54	16
Q9LE38	NLP4	42
Q9LE54	SP1L2	5
Q9LER7	PSRP5	5
Q9LET0	BHLH107	10
Q9LET3	RBL20	15
Q9LEU4	CAF1-10	15
Q9LEU8	At5g10920	30
Q9LEV0	At5g10900	21
Q9LEV3	CBSX3	13
Q9LEW3	AED1	13
Q9LEX0	PP2A13	14
Q9LEY1	SCPL35	21
Q9LEY4	HULK1	75
Q9LEY9	At5g08180	7
Q9LF09	CSLA11	22
Q9LF10	At5g16180	40
Q9LF64	ATL52	12
Q9LF68	BOLA4	10
Q9LFA5	MED28	7
Q9LFA6	BGAL2	36
Q9LFB2	LAX1	8
Q9LFD1	LAC9	21
Q9LFE4	At5g16730	49
Q9LFF1	MEE40	35
Q9LFG8	ABCG20	36
Q9LFH5	RPL12B	9
Q9LFK0	UGT78D3	20
Q9LFL3	TOL1	19
Q9LFM6	At5g11310	36
Q9LFN7	SHN2	12
Q9LFP0	APT5	10
Q9LFP3	At5g11130/At5g11120	20
Q9LFP5	At5g15110	21
Q9LFQ0	GLCAT14B	26
Q9LFQ3	SNL2	77
Q9LFR7	CXE17	18
Q9LFS2	GEX3	26
Q9LFT5	EPFL1	3
Q9LFT9	RABH1E	15
Q9LFU1	ASN3	25
Q9LFW3	COBL4	14
Q9LFZ8	CAX6	13
Q9LG02	HMGB11	17
Q9LH31	TPS30	32
Q9LH74	MSL5	45
Q9LH79	SWEET2	6
Q9LH82	At3g28540	24
Q9LH83	At3g28520	18
Q9LH84	At3g28510	27
Q9LH85	RPP2C	6
Q9LHA1	CYP81D11	30
Q9LHD1	ABCB15	58
Q9LHD2	GATL10	19
Q9LHE3	ASPG2	20
Q9LHF1	LRX4	14
Q9LHG9	At3g12390	10
Q9LHH5	LNK3	9
Q9LHJ8	SAP5	5
Q9LHK1	NUDT16	13
Q9LHK4	ABCB8	61
Q9LHL3	LARP6C	19
Q9LHL6	TBL1	25
Q9LHN4	LPAT5	20
Q9LHN9	IQM2	34
Q9LHQ5	At3g20670	7
Q9LHQ6	OCT4	20
Q9LHQ7	At3g20650	19
Q9LHS7	GPAT7	24
Q9LIA1	TPS25	32
Q9LIA4	RIK	25
Q9LIB9	CWINV5	29
Q9LIC7	PRA1F4	4
Q9LID0	LDL2	36
Q9LID6	ABCE1	29
Q9LIE7	PCMP-E95	37
Q9LIF1	GRXS10	7
Q9LIF9	BGLU19	26
Q9LIG6	NIFU4	13
Q9LIH7	PAT11	6
Q9LIH9	RH51	35
Q9LIK6	CYP26-1	10
Q9LIK7	ACA13	51
Q9LIP6	CYP71B34	28
Q9LIR9	At3g23870	13
Q9LJ42	At3g24670	15
Q9LJ64	PEX1	27
Q9LJ68	ETP1	21
Q9LJ74	ETP2	23
Q9LJ85	LTPG20	3
Q9LJ95	ECP31	13
Q9LJA0	OASA2	12
Q9LJF5	DRB3	21
Q9LJJ7	At3g28580	24
Q9LJL6	ATL62	8
Q9LJN2	MRS2-3	20
Q9LJP1	GLIP4	13
Q9LJU2	PDIL5-3	16
Q9LJU7	PAP18	19
Q9LJW0	PHO1-H9	41
Q9LJW6	RPL34C	4
Q9LJX1	PRE5	6
Q9LK10	CLSY4	64
Q9LK21	CXE11	24
Q9LK27	GTE8	37
Q9LK36	SAHH2	24
Q9LK37	RALFL24	5
Q9LK39	AAE16	38
Q9LK61	RPS10	6
Q9LK65	CBSDUFCH1	23
Q9LK70	DEGP12	24
Q9LK71	DEGP11	27
Q9LK72	At3g16530	11
Q9LK90	ALA8	52
Q9LK91	PDP6	36
Q9LKA1	S40-7	6
Q9LKR7	BGLU24	26
Q9LKR8	RAF1.1	23
Q9LLL8	SBT4.14	33
Q9LLR6	LTP4	5
Q9LLR7	LTP3	5
Q9LM13	gpmA1	24
Q9LM18	AUF2	12
Q9LM20	APUM8	27
Q9LM59	SHM6	32
Q9LM60	B3GALT5	25
Q9LMA7	CXE1	16
Q9LMC9	At1g18980	7
Q9LMG8	SNAP30	14
Q9LMI3	At1g06360	12
Q9LMI7	ACX3.2	36
Q9LMJ7	At1g07040	23
Q9LMK4	IPGAL1	23
Q9LMK7	RANBP1A	13
Q9LML7	UGT71C3	23
Q9LMM2	FRO1	24
Q9LMM6	BPS1	19
Q9LMP7	GOS11	13
Q9LMT1	At1g18030	20
Q9LMT7	MAIN	25
Q9LMU0	GER2	12
Q9LMU1	EGY3	22
Q9LMX4	PAP1	30
Q9LMX8	PGL1	13
Q9LMY9	PSK1	4
Q9LMZ9	NRT2.2	19
Q9LN50	At1g19430	37
Q9LN94	EXPA7	9
Q9LN95	BHLH55	9
Q9LNB6	HOP1	28
Q9LNC9	MYB13	9
Q9LND7	SKIP16	19
Q9LNE3	At1g06030	16
Q9LNE4	At1g06020	18
Q9LNI1	UGT72B3	18
Q9LNI5	ETC1	2
Q9LNJ3	APF2	24
Q9LNP6	NFYA8	13
Q9LNQ1	TIM23-1	8
Q9LNU3	EXPA11	7
Q9LNV5	At1g07360	21
Q9LNX4	SMR5	4
Q9LP07	ARF23	10
Q9LP11	At1g43910	30
Q9LPC1	GAE2	23
Q9LPF0	At1g44810	15
Q9LPF6	PUP11	8
Q9LPI5	CID11	16
Q9LPK6	AEE9	22
Q9LPL6	TOL3	19
Q9LPU6	IGMT3	15
Q9LPV4	DTX31	13
Q9LQ07	EXPA18	8
Q9LQ08	BHLH125	9
Q9LQ10	ACS10	27
Q9LQ27	TPS22	32
Q9LQ48	GSTU15	9
Q9LQ54	At1g59620	51
Q9LQ68	GH3.4	33
Q9LQ89	ROPGEF2	25
Q9LQ92	PUB54	13
Q9LQ95	At1g01640	16
Q9LQC9	CSLA3	29
Q9LQE3	ARF15	30
Q9LQE8	ARF14	28
Q9LQI9	UBP1B	13
Q9LQK9	IDH4	13
Q9LQM2	ATL81	12
Q9LQU5	NUDT18	10
Q9LQU7	MAP70.4	33
Q9LQZ2	DREB2D	10
Q9LR02	At1g75600	4
Q9LR68	SCAMP2	6
Q9LR87	CSLA10	24
Q9LRA7	TPS9	47
Q9LRB5	LHT2	10
Q9LRJ4	BHLH117	9
Q9LRJ9	CRRSP38	15
Q9LRM5	At3g24230	16
Q9LRN8	RPL3B	16
Q9LRP1	NPSN13	13
Q9LRP6	At3g15590	31
Q9LRQ8	PMAT2	23
Q9LRR2	TPS17	29
Q9LRR4	RPPL1	60
Q9LRR5	At3g14460	73
Q9LRW7	IDD11	16
Q9LRW9	RLP40	36
Q9LRX8	RPL13AB	11
Q9LRZ0	TPR2	52
Q9LRZ3	APUM24	37
Q9LS22	ALMT14	25
Q9LS25	At5g46580	48
Q9LS42	CASP	41
Q9LS48	SG1	21
Q9LS76	TPS15	32
Q9LS80	RLP37	28
Q9LS86	At3g23060	23
Q9LS88	At3g23020	44
Q9LSA3	RPL30C	5
Q9LSB2	AGL103	11
Q9LSC2	At3g15890	22
Q9LSD8	MUB4	6
Q9LSE4	CCB1	7
Q9LSE7	At3g25290	19
Q9LSH2	GAD5	25
Q9LSJ2	ABCB22	59
Q9LSJ5	ABCB18	58
Q9LSJ6	ABCB17	56
Q9LSJ8	ABCB16	57
Q9LSL6	DOF5.7	13
Q9LSM9	SCPL33	21
Q9LSP1	PME67	18
Q9LSQ2	PPR40	41
Q9LSS3	SEN2	14
Q9LSS5	ICR3	32
Q9LSS7	NEDP1	14
Q9LST3	At5g60142	12
Q9LSU6	SAMDC3	10
Q9LSV8	SCPL21	18
Q9LSW9	ATL16	19
Q9LSY0	ASK7	4
Q9LSY1	ASK8	7
Q9LSY4	UGT71B8	20
Q9LSY6	UGT71B6	23
Q9LSY8	UGT71B2	17
Q9LSY9	UGT71B1	21
Q9LT10	CXE18	14
Q9LT17	BBR	12
Q9LT27	At3g19810	14
Q9LT67	BHLH113	6
Q9LT72	At3g19440	31
Q9LT77	RDL2	17
Q9LT78	RD21C	19
Q9LT79	PUB25	19
Q9LT82	MPC	5
Q9LT84	At3g19330	17
Q9LT93	AGL71	10
Q9LTC5	ERF098	6
Q9LTC6	ERF095	7
Q9LTE2	HIPP13	6
Q9LTF2	RPS10C	10
Q9LTG5	CALS4	95
Q9LTH2	UGT76E2	18
Q9LTH9	ZIP2	7
Q9LTI5	SCL11	29
Q9LTM0	CYP71B23	29
Q9LTM3	CYP71B20	31
Q9LTM4	CYP71B19	29
Q9LTS4	BHLH41	20
Q9LTS7	EMB1789	39
Q9LTT3	HMGB10	18
Q9LTT9	VCR	61
Q9LTV3	SAUR72	7
Q9LTV6	At3g12800	16
Q9LTW9	FLA14	5
Q9LTY1	MAD1	43
Q9LTZ0	At3g27400	18
Q9LU02	BGLU13	24
Q9LU14	APG	15
Q9LU18	ERF036	5
Q9LU33	GLTP3	10
Q9LU46	RH35	35
Q9LU60	At5g51140	17
Q9LU72	PAP28	16
Q9LU73	SMXL5	49
Q9LU91	SKIP14	19
Q9LUA1	CLE27	5
Q9LUC5	CYP72A15	27
Q9LUD4	RPL18AC	9
Q9LUD7	CALS8	96
Q9LUG1	SEC23E	25
Q9LUG5	At3g23620	16
Q9LUH2	DTX19	13
Q9LUI1	LRX6	13
Q9LUJ8	CHL1	24
Q9LUK2	RPP2E	6
Q9LUK7	BHLH28	15
Q9LUL1	At3g14380	3
Q9LUL5	PCMP-H57	35
Q9LUL6	ATL61	6
Q9LUM3	SBT1.5	26
Q9LUN4	CHX19	39
Q9LUQ3	SDE5	27
Q9LUQ5	UBC25	23
Q9LUQ6	RPL19B	6
Q9LUQ9	At3g16740	22
Q9LUS8	At3g16560	20
Q9LUX9	At5g58800	8
Q9LUZ4	At5g58620	24
Q9LUZ6	PMR5	13
Q9LV21	CCT4	31
Q9LV34	BGLU43	28
Q9LV79	RABH1A	13
Q9LV90	FLOT3	27
Q9LV93	ABCF5	38
Q9LVC3	APUM12	32
Q9LVC8	COQ5	14
Q9LVD8	At5g57200	23
Q9LVD9	DTX40	9
Q9LVE0	NPF6.4	24
Q9LVF1	DMP2	7
Q9LVJ0	At3g17800	19
Q9LVL4	OFP3	15
Q9LVL9	MES18	6
Q9LVN0	GDPDL7	29
Q9LVN1	FH13	66
Q9LVN2	At5g58150	41
Q9LVQ8	At5g66720	14
Q9LVU1	PVA21	14
Q9LVY2	PEN3	30
Q9LVY7	CYP716A1	23
Q9LVZ3	ADS3.2	13
Q9LW00	MBD11	16
Q9LW07	At3g15720	14
Q9LW12	LEA29	18
Q9LW20	SKL1	17
Q9LW44	MANP	14
Q9LW76	RABG3C	13
Q9LW86	SULTR3;4	25
Q9LW88	NUP50B	26
Q9LX07	ANNAT7	20
Q9LX20	At5g10080	23
Q9LX74	RRP46	8
Q9LX83	PAP19	14
Q9LXA7	GTE2	26
Q9LXA8	BXL6	43
Q9LXA9	BHLH61	7
Q9LXD4	MRS2-9	16
Q9LXE3	PUB28	23
Q9LXF1	MYB16	15
Q9LXH0	NRT2.6	19
Q9LXH5	VPS24-2	8
Q9LXI4	PAP21	18
Q9LXI7	PAP20	19
Q9LXJ1	BIC1	8
Q9LXJ2	QCR9	4
Q9LXK1	RPA3A	6
Q9LXM3	CYP71B38	30
Q9LXM4	CAF1-8	16
Q9LXM8	RPP2D	5
Q9LXS7	CSY1	18
Q9LXT9	CALS3	93
Q9LXU2	MCTP5	34
Q9LXU9	IRKI	29
Q9LXX4	BZIP49	31
Q9LY17	PME50	22
Q9LY18	PME49	20
Q9LY61	HSPRO1	19
Q9LY77	ACA12	46
Q9LY82	GLCAK2	20
Q9LYD3	DREB3	6
Q9LYE5	CID5	5
Q9LYE7	At5g11420	14
Q9LYK9	RPS26C	5
Q9LYM2	AVT6C	8
Q9LYN0	PRA1B1	3
Q9LYN7	ML4	38
Q9LYP1	RBL3	12
Q9LYP2	IQD24	21
Q9LYP4	BAG3	16
Q9LYP6	ATS3	6
Q9LYQ4	PRA1B6	3
Q9LYR0	IQD11	27
Q9LYS6	CALS6	100
Q9LYT2	At3g59040	33
Q9LYU9	PCMP-H90	40
Q9LYV6	At5g13200	12
Q9LYV8	LOG6	10
Q9LYY2	TIM14-3	7
Q9LYZ0	PDP5	28
Q9LYZ7	UPL4	81
Q9LZ00	MED4	18
Q9LZ06	GSTL3	16
Q9LZ08	MOS11	11
Q9LZ19	PCMP-H16	39
Q9LZ20	CAT6	16
Q9LZ23	ACR12	16
Q9LZ31	CYP77A4	23
Q9LZ39	CAND6	10
Q9LZ41	RPL35D	6
Q9LZ57	RPL36C	5
Q9LZ60	SMR3	8
Q9LZ72	KCS19	23
Q9LZ98	ABCI20	18
Q9LZ99	EXPA9	8
Q9LZA5	NMAT3	43
Q9LZB8	ABCB29	29
Q9LZD8	UGT89A2	15
Q9LZE5	MCTP13	34
Q9LZF7	OTU10	12
Q9LZG7	GSTU27	11
Q9LZH8	OEP164	7
Q9LZH9	RPL7AB	11
Q9LZI6	At3g62790	4
Q9LZI9	GSTF13	11
Q9LZJ1	BGLU7	21
Q9LZJ6	ATL5	11
Q9LZM3	PPCS2	19
Q9LZM7	PRA1A1	8
Q9LZN2	PILS6	16
Q9LZQ9	At3g62310	38
Q9LZS6	SBT4.15	32
Q9LZT4	EXLA1	14
Q9LZT5	EXLA3	13
Q9LZU5	KIN5D	66
Q9LZV3	MAN6	21
Q9LZV6	WRKY62	7
Q9LZX1	At5g01750	12
Q9LZX7	AHL18	12
Q9LZX8	BIG2	86
Q9M012	PRA1B5	3
Q9M039	PDC3	20
Q9M040	PDC4	23
Q9M065	At4g36680	24
Q9M069	At4g34480	14
Q9M098	At4g30620	12
Q9M0A6	GGP2	11
Q9M0C3	ATL14	8
Q9M0E0	RPS15AE	7
Q9M0E2	RPL28C	7
Q9M0G5	CRK46	32
Q9M0I2	EXPB3	11
Q9M0J3	ERF054	10
Q9M0M2	ABCB9	52
Q9M0R2	PATL5	33
Q9M0R4	ATL37	17
Q9M0R5	ATL36	16
Q9M0R6	ATL35	15
Q9M0R7	ATL39	6
Q9M0S8	MET2	72
Q9M0U9	SKIP19	9
Q9M0X8	BHLH114	10
Q9M0Y2	ENT4	11
Q9M0Y5	MYB74	10
Q9M0Y6	At4g05090	18
Q9M0Y9	RIC10	6
Q9M0Z5	MSRB4	9
Q9M129	At4g01450	12
Q9M131	At4g01430	14
Q9M149	PIP5K11	13
Q9M153	At4g01130	16
Q9M161	DOF4.1	14
Q9M172	NPF2.5	16
Q9M173	NPF2.4	17
Q9M175	NPF2.3	19
Q9M1B9	At3g59480	18
Q9M1C9	BGLU30	29
Q9M1D3	CSY5	22
Q9M1E7	TET3	13
Q9M1G5	NDC80	29
Q9M1H8	NRPE5C	11
Q9M1J6	SSL9	17
Q9M1K3	SIP2-1	12
Q9M1K9	TA1	11
Q9M1P7	BOR2	20
Q9M1R2	At3g62120	30
Q9M1T1	SETH3	19
Q9M1U2	GATA14	11
Q9M1W7	SKIP30	15
Q9M1X5	ASK13	6
Q9M1X9	ASHH4	15
Q9M1Y1	SKIP20	20
Q9M203	EXPB5	16
Q9M223	At3g60360	10
Q9M224	At3g60350	50
Q9M246	TIFY3A	10
Q9M268	NGA2	14
Q9M271	MTPA1	12
Q9M274	NAC066	16
Q9M280	BIC2	6
Q9M2B4	AL3	7
Q9M2C3	At3g43630	7
Q9M2D4	MCTP8	46
Q9M2D8	At3g61260	9
Q9M2F8	CCR4-2	26
Q9M2F9	RH52	35
Q9M2G1	LTPG22	9
Q9M2J7	LBD29	8
Q9M2J9	BET11	7
Q9M2K6	PDCB5	5
Q9M2M0	BG1	16
Q9M2P7	PAP9	17
Q9M2S3	AHL15	10
Q9M2S7	FKBP20-1	8
Q9M2S9	EXPA16	8
Q9M2T2	PP16-1	9
Q9M2V7	ABCG16	29
Q9M2V9	MAEA	24
Q9M2Y9	RAX3	8
Q9M2Z4	MSBP2	11
Q9M310	At3g61590	18
Q9M313	ATL68	7
Q9M322	TFB1-3	31
Q9M330	At3g53970	12
Q9M337	RPS21B	2
Q9M339	RPS3B	16
Q9M347	TRP6	19
Q9M352	RPL36B	6
Q9M354	AGD6	28
Q9M358	At3g61800	37
Q9M363	At3g61750	19
Q9M366	MCTP12	36
Q9M385	RPL17	10
Q9M391	At3g54130	8
Q9M393	OFUT28	32
Q9M3B4	RID3	17
Q9M3B6	PKP4	37
Q9M3C3	RPL23AB	7
Q9M4P3	DYW10	30
Q9M4T3	HDT4	7
Q9M565	TAF11	10
Q9M5J8	PGIP2	17
Q9M5P5	RSH3	35
Q9M647	IAR1	12
Q9M7I9	SEP1	7
Q9M7J9	POT8	30
Q9M883	HDF7	8
Q9M885	RPS7B	9
Q9M886	LBD41	13
Q9M888	CCT6A	29
Q9M8J2	GATL4	18
Q9M8J3	FRS7	43
Q9M8J5	MKK8	18
Q9M8K5	HIPP32	19
Q9M8L3	VQ11	10
Q9M8L9	AVT6E	19
Q9M8R7	PPC6-1	25
Q9M8R9	At3g02770	10
Q9M8T6	THO7B	16
Q9M8T7	HIPP08	13
Q9M8T9	MCC1	11
Q9M8W5	SIP1-1	3
Q9M8X1	At3g04150	10
Q9M8X3	At3g04170	11
Q9M8X4	At3g04180	12
Q9M8X5	At3g04190	13
Q9M8X6	At3g04200	12
Q9M8Z8	At3g07010	16
Q9M995	At1g48930	31
Q9M9B3	COL8	11
Q9M9B4	At1g49140	5
Q9M9E8	JMJ21	41
Q9M9F1	GSTU23	11
Q9M9F9	ICR4	21
Q9M9G7	At1g71790	10
Q9M9H6	CK1	18
Q9M9L3	NEAP1	17
Q9M9M6	At3g03070	6
Q9M9M9	At3g03100	10
Q9M9P0	EXPA13	12
Q9M9Q6	SCPL50	16
Q9M9R9	At1g14450	4
Q9M9U9	RKD1	7
Q9M9W1	RPL22B	6
Q9M9X0	RLP32	29
Q9M9X7	IMPA7	24
Q9M9X9	At1g06710	51
Q9M9Y9	GRXS11	4
Q9M9Z2	TPP2	20
Q9MA50	PDE247	20
Q9MA56	PDP4	47
Q9MA60	FH11	39
Q9MA62	RALFL22	6
Q9MA63	At3g05500	17
Q9MA88	MIRO3	36
Q9MA96	At3g05230	9
Q9MAA2	At3g05170	13
Q9MAB3	NOP5-2	26
Q9MAB9	MUB1	5
Q9MAC1	ENODL16	9
Q9MAG3	ABCG24	48
Q9MAG8	At1g53330	25
Q9MAH3	DJ1B	19
Q9MAJ7	BGAL5	40
Q9MAL0	PME57	15
Q9MAM4	IQD18	23
Q9MAP3	RPL11	14
Q9MAP4	SBT3.2	26
Q9MAQ3	UBP11	39
Q9MAR8	SCPL44	15
Q9MAU5	At1g04970	14
Q9MBH1	AIG2C	8
Q9MBH2	AIG2B	7
Q9S714	PSAE2	6
Q9S720	PPD3	11
Q9S740	AGP19	1
Q9S772	At1g74820	3
Q9S789	CDA9	11
Q9S793	FRS8	29
Q9S7A0	GSH3	19
Q9S7A3	At4g10100	7
Q9S7F3	BEH1	10
Q9S7G2	GATL2	15
Q9S7H3	CDC20-3	20
Q9S7L5	ERF018	7
Q9S7L8	CDA5	16
Q9S7P3	KIN7N	47
Q9S7P5	SPL12	42
Q9S7R4	OTP43	27
Q9S7S2	CDA4	10
Q9S7S3	M17	12
Q9S7T5	OFP14	15
Q9S7T9	SAMDC2	16
Q9S7Y1	BHLH30	13
Q9S810	RABA1I	16
Q9S825	At1g77840	26
Q9S836	LAX2	7
Q9S845	GONST3	12
Q9S847	CDA3	11
Q9S9K7	At1g54690	7
Q9S9M8	TULP8	21
Q9S9N1	HSP70-5	35
Q9S9N4	MRS2-1	16
Q9S9P1	RPS12A	9
Q9S9P2	CAF1-2	18
Q9S9Q9	At1g30440	29
Q9S9T7	VPS28-2	11
Q9S9U3	RLP53	39
Q9S9Z8	GRF11	16
Q9SA05	POT10	28
Q9SA35	ALIS4	12
Q9SA36	OCT6	24
Q9SA38	OCT3	12
Q9SA42	MED22A	9
Q9SA51	LBD3	9
Q9SA72	At1g30570	49
Q9SA75	SBT2.1	34
Q9SA78	At1g30630	15
Q9SA80	WRKY14	11
Q9SA82	BHLH52	13
Q9SA85	At1g30700	30
Q9SA86	At1g30710	30
Q9SA87	At1g30720	29
Q9SA88	At1g30730	30
Q9SA89	At1g30740	30
Q9SA99	At1g11770	30
Q9SAA4	B3GALT1	27
Q9SAA7	S40-5	7
Q9SAB1	HSP70-16	40
Q9SAB6	CYP71A18	30
Q9SAE4	CYP71B29	29
Q9SAF0	ORP1D	47
Q9SAF5	ALA11	54
Q9SAF8	DVL4	2
Q9SAG8	ATJ8	6
Q9SAH0	MRS2-10	17
Q9SAH3	At1g80870	34
Q9SAI2	CAF1-6	17
Q9SAV0	MBP1	21
Q9SAV3	BCDH	19
Q9SB36	PCMP-E53	24
Q9SB67	NRT3.2	9
Q9SB68	At4g24730	21
Q9SBA7	STP8	12
Q9SCJ4	KIN8B	51
Q9SCK1	LSU1	4
Q9SCM3	RPS2D	15
Q9SCM4	SAP13	17
Q9SCN2	CYP71B31	31
Q9SCP2	At3g53190	18
Q9SCP5	UGT73C7	18
Q9SCQ2	UPL7	62
Q9SCS6	HR4	12
Q9SCS9	HR1	10
Q9SCU1	PATL6	16
Q9SCU8	BGAL14	48
Q9SCU9	BGAL13	49
Q9SCV1	BGAL11	45
Q9SCV3	BGAL9	49
Q9SCV5	BGAL7	42
Q9SCX5	AKT5	43
Q9SCX7	RPS4	68
Q9SD04	SSL7	16
Q9SD05	SSL6	12
Q9SD11	IQD20	3
Q9SD38	GATA6	12
Q9SD42	RTH	9
Q9SD61	At3g47120	13
Q9SD76	PHS2	48
Q9SD80	TOM5	4
Q9SD81	GDPD6	20
Q9SD96	SNAP29	14
Q9SDQ3	SCL1	28
Q9SE51	SURF1	18
Q9SE95	FIP2	18
Q9SEZ6	At2g25100	15
Q9SF12	At3g11870	27
Q9SF16	CCT7	33
Q9SF33	TIM14-2	7
Q9SF35	RPS23A	5
Q9SF38	HCF152	32
Q9SF40	RPL4A	18
Q9SF41	RH45	56
Q9SF53	RPL35A	6
Q9SF91	RABE1E	17
Q9SFB5	SCPL27	21
Q9SFC6	GDI1	14
Q9SFE9	GONST5	13
Q9SFF6	PAE12	21
Q9SFF7	HIPP43	2
Q9SFF9	At3g05950	8
Q9SFG6	FAF4	10
Q9SFU1	RPL13AA	11
Q9SFV6	FHA1	13
Q9SFW6	CYCB2-4	23
Q9SFW8	NLP5	40
Q9SFX2	PUB43	43
Q9SFX6	CAF1-3	18
Q9SFZ3	BHLH110	12
Q9SG11	IQD15	19
Q9SG91	UCRQ-1	3
Q9SG95	MAN4	14
Q9SG96	ATL72	10
Q9SGA5	OTU12	13
Q9SGA6	RPS19A	10
Q9SGE2	SMR2	6
Q9SGE9	At1g72550	36
Q9SGI8	CML40	9
Q9SGJ6	DREB1E	7
Q9SGN7	At1g28390	22
Q9SGT1	PUB57	28
Q9SGT2	PUB58	25
Q9SGZ5	BXL7	42
Q9SH14	MUB5	7
Q9SH52	At1g64030	21
Q9SH66	DIR5	9
Q9SH89	OFUT19	34
Q9SHB5	WRKY55	12
Q9SHD1	EXPB4	6
Q9SHG0	TPS3	39
Q9SHH0	CAT8	22
Q9SHH7	GSTU25	12
Q9SHI3	RLP2	25
Q9SHJ0	CAF1-1	18
Q9SHP0	PSAT2	19
Q9SHQ8	HIPP04	10
Q9SHQ9	SPEAR4	16
Q9SHV7	MED15C	44
Q9SHY6	EXPB2	15
Q9SHZ0	DEGP4	22
Q9SHZ1	DEGP3	25
Q9SI03	MTP12	9
Q9SI18	PAP11	16
Q9SI20	At2g18110	9
Q9SI53	PCMP-H44	34
Q9SI56	TET13	6
Q9SI60	SAUR8	5
Q9SI72	PMEI9	8
Q9SI85	At1g62630	52
Q9SIB2	KCS12	25
Q9SIC6	PMEI5	12
Q9SID0	At2g31390	17
Q9SID8	RABH1D	14
Q9SIE7	PLAT2	6
Q9SIH1	CYP18-2	7
Q9SII0	At2g38810	6
Q9SIJ7	SEC23C	32
Q9SIK2	RPS25B	6
Q9SIK7	At2g29900	12
Q9SIL6	PHB6	12
Q9SIL7	FLA6	7
Q9SIM4	RPL14A	6
Q9SIP1	UP3	15
Q9SIQ9	VAMP712	13
Q9SIT5	CHX15	33
Q9SIT7	PCMP-E76	36
Q9SIU6	RALFL14	6
Q9SIW1	BLH7	24
Q9SIW3	SFH7	31
Q9SIY5	RER5	34
Q9SIZ0	DREB2H	8
Q9SIZ2	At2g40290	20
Q9SIZ3	At2g40280	29
Q9SIZ4	At2g40270	20
Q9SJ02	SEP2	9
Q9SJ11	RABG2	15
Q9SJ52	NHL10	13
Q9SJ62	WDL4	23
Q9SJ66	SPP2	23
Q9SJ74	At2g04850	13
Q9SJ84	FIM4	38
Q9SJ85	At2g04740	27
Q9SJA8	WRKY17	17
Q9SJC6	NUDT5	17
Q9SJG2	At2g42960	31
Q9SJG8	ML2	37
Q9SJJ5	CKS2	7
Q9SJK3	AGO5	55
Q9SJK6	WBC30	50
Q9SJK7	TCP11	6
Q9SJL6	MEMB11	8
Q9SJL7	RAX2	11
Q9SJP4	FUT5	25
Q9SJP6	FUT10	22
Q9SJT0	At2g21480	36
Q9SJT8	SRS3	12
Q9SJT9	At2g21390	70
Q9SJU0	KIN7M	61
Q9SJV7	QCR6-2	5
Q9SJW5	LBD14	8
Q9SJX1	HEMA3	25
Q9SK08	LBD11	10
Q9SK09	At2g28490	18
Q9SK22	RPS16A	9
Q9SK32	MAIL1	27
Q9SK47	TAT3	20
Q9SK66	At2g20360	24
Q9SK82	UGT85A1	19
Q9SK86	At1g22430	21
Q9SK96	NPF5.16	16
Q9SKA8	CORD7	30
Q9SKD3	OXA1L	16
Q9SKK2	RLP21	38
Q9SKK8	ATL22	20
Q9SKN0	S40-4	7
Q9SKP0	ECP63	18
Q9SKT3	SCAMP1	7
Q9SKU2	EXPB1	9
Q9SKW7	CEP10	6
Q9SKX4	RPL3A	18
Q9SKY1	CYSTM4	1
Q9SKY8	HSP70-8	28
Q9SKY9	OFP16	9
Q9SKZ2	CAF1-7	17
Q9SL03	CALS2	101
Q9SL43	MSRA5	13
Q9SL45	SAUR10	6
Q9SL56	At2g13100	16
Q9SL70	TCX6	26
Q9SL78	ATL12	20
Q9SL79	At2g20020	35
Q9SLA0	BGLU14	23
Q9SLA1	At2g25620	18
Q9SLB6	LBD17	7
Q9SLB8	ZFP11	11
Q9SLC3	ATL41	10
Q9SLC4	ATL40	10
Q9SLC6	STIPL2	41
Q9SLD4	ZAT11	8
Q9SLE4	UBC29	3
Q9SLG3	ZIP3	7
Q9SLI6	RLP8	34
Q9SLK0	ICDH	25
Q9SMM8	DEK1	23
Q9SMN0	CXE12	12
Q9SMV7	MSH7	53
Q9SMW3	SKS14	24
Q9SMW7	BTF3	7
Q9SMX5	AGD4	32
Q9SN09	SDN4	18
Q9SN11	CYCD3-3	15
Q9SN22	SCL32	19
Q9SN23	LBD38	10
Q9SN28	ATL7	10
Q9SN46	LRX5	12
Q9SNB1	UGT76E11	18
Q9SNB8	SCL30	31
Q9SNE1	ERF011	7
Q9SNE5	IRX15	17
Q9SNY3	GMD1	19
Q9SPE6	ASNAP2	20
Q9SQN9	ENODL7	6
Q9SQT4	At3g06310	6
Q9SQT9	AGP27	1
Q9SQV1	RH40	48
Q9SQX6	SCPL7	18
Q9SR08	At3g04660	18
Q9SR15	At3g04600	23
Q9SR19	RAF1.2	23
Q9SR22	PAE5	13
Q9SR24	PLL3	30
Q9SR33	ORP3B	22
Q9SR34	TAC1	9
Q9SR36	GSTU8	10
Q9SR40	LAC7	21
Q9SR66	DML2	56
Q9SR70	FKBP16-4	13
Q9SR71	TAF12	14
Q9SR72	At3g10080	10
Q9SR73	RPS28A	2
Q9SR79	PAP16	13
Q9SR86	At3g08860	25
Q9SRD4	IGMT5	18
Q9SRE0	COG0212	21
Q9SRE7	CML39	8
Q9SRH4	At3g01270	22
Q9SRI1	SEC13A	16
Q9SRL2	RLP34	35
Q9SRM0	ATL66	10
Q9SRM4	AL2	8
Q9SRN1	NHL2	10
Q9SRP6	ATP23	10
Q9SRQ8	ATL51	11
Q9SRR2	FH10	41
Q9SRS3	YLMG1-1	14
Q9SRT2	BHLH62	16
Q9SRV0	KIB4	25
Q9SRV2	SUVR3	21
Q9SRV3	LBD20	7
Q9SRV9	SAUR29	3
Q9SRX3	CEL2	20
Q9SRX6	LEA2	8
Q9SRY6	GSTF5	14
Q9SRZ0	CUL2	48
Q9SS01	AAE20	30
Q9SS17	RPS24A	4
Q9SS44	TFIIB2	15
Q9SS47	APUM4	55
Q9SS68	MCTP14	46
Q9SS86	At3g01760	11
Q9SS94	CDC48C	45
Q9SSB7	DGR1	21
Q9SSC1	At1g80180	8
Q9SSE5	COL9	7
Q9SSE8	At3g07620	23
Q9SSF0	HIPP16	4
Q9SSG3	HIPL1	30
Q9SSK1	SYNC3	27
Q9SSK9	MLP28	19
Q9SSL1	CAR7	11
Q9SSM2	At1g73050	24
Q9SSN0	At1g72960	43
Q9SSQ4	FRS6	37
Q9SSQ8	HSP26.5	11
Q9SSR4	At1g52620	48
Q9STE5	RPP13L2	50
Q9STF0	LECRKS3	17
Q9STF7	SBT4.6	34
Q9STG2	COPT2	4
Q9STH5	LTPG24	5
Q9STJ6	BHLH126	10
Q9STJ7	BHLH118	8
Q9STK8	CYP71A25	28
Q9STK9	CYP71A24	23
Q9STL4	CEP2	18
Q9STM6	At3g48460	16
Q9STN3	At4g08350	52
Q9STP4	BGLU9	18
Q9STQ2	SBT3.18	34
Q9STS6	LBD27	14
Q9STT1	PUB39	28
Q9STT5	ABCA7	35
Q9STT6	ABCA6	37
Q9STT7	ABCA5	40
Q9STT8	ABCA4	37
Q9STV0	GWD2	66
Q9STW3	DMP3	8
Q9STW8	KOR3	33
Q9STX0	WRKY7	18
Q9STY6	RPS20B	6
Q9STZ3	PLC8	25
Q9SU00	CML2	8
Q9SU33	At4g12500	5
Q9SU36	ORP2B	42
Q9SU38	APT4	11
Q9SU39	TPPF	19
Q9SU44	GRF8	16
Q9SU64	CNGC16	32
Q9SU86	CDA6	15
Q9SU87	CDA7	12
Q9SUA9	DOF4.4	7
Q9SUB1	DOF4.2	7
Q9SUB4	ACA6	15
Q9SUD3	COX6B-3	6
Q9SUE0	YLMG1-2	13
Q9SUG6	PUX3	12
Q9SUH6	DYW9	39
Q9SUI2	PIP5K7	39
Q9SUI5	PSAK	5
Q9SUI6	PSAH2	7
Q9SUI7	PSAH1	7
Q9SUM2	At4g30220	3
Q9SUM5	BHLH146	10
Q9SUN6	SBT2.2	27
Q9SUS1	WRKY29	8
Q9SUS5	RHA1B	11
Q9SUU5	QCR7-1	5
Q9SUV6	LTPG34	7
Q9SUW0	TPPG	18
Q9SUW1	GT19	20
Q9SUY9	KCS15	24
Q9SV02	SCPL39	18
Q9SV04	SCPL36	26
Q9SV05	At3g51990	20
Q9SV07	ASAT1	12
Q9SV19	O3L5	12
Q9SV20	At4g31490	42
Q9SV21	At4g31480	42
Q9SV30	GATA8	12
Q9SV31	PIP2-5	6
Q9SV41	B'EPSILON	25
Q9SV60	XTH2	14
Q9SV64	FATA2	20
Q9SV71	At4g12980	14
Q9SV73	GILT	13
Q9SV83	At4g10390	19
Q9SV96	EMB2453	30
Q9SVA3	At4g39550	21
Q9SVD5	OFP18	11
Q9SVE6	RHS17	31
Q9SVE7	DTX45	23
Q9SVF1	NLP3	29
Q9SVF3	HHP5	13
Q9SVG3	At4g20840	31
Q9SVG5	At4g20820	24
Q9SVG7	At4g20800	31
Q9SVJ4	GH9B16	23
Q9SVM3	RLP49	34
Q9SVN2	RLP47	36
Q9SVN5	At4g13780	43
Q9SVQ3	ROPGEF9	31
Q9SVQ6	At4g13210	16
Q9SVS0	At4g21770	21
Q9SVS1	BGLU47	32
Q9SVS8	GA3OX3	15
Q9SVT4	SBT3.14	31
Q9SVT8	AMT1-4	9
Q9SVU6	BHLH23	15
Q9SVU7	BHLH56	17
Q9SVV9	ML3	29
Q9SVX5	DREB2F	11
Q9SVY0	NRPA1	85
Q9SVZ0	ZRK6	17
Q9SVZ6	RPP3A	4
Q9SW07	GDU2	6
Q9SW09	RPS10A	9
Q9SW31	SINE4	7
Q9SW44	RH16	32
Q9SW95	SYNC2	35
Q9SWX9	ILL5	13
Q9SX25	CXE6	16
Q9SX33	ALA9	58
Q9SX38	At1g50180	48
Q9SX48	STP9	12
Q9SX55	TOM40-2	14
Q9SX57	CARK10	19
Q9SX62	IPGAL2	35
Q9SX77	SDH5	15
Q9SX79	RBP47C	17
Q9SX80	RBP47C'	17
Q9SX83	DTX33	15
Q9SX86	SEC3B	40
Q9SX93	PUP19	16
Q9SXA5	SCAMP5	6
Q9SXB0	SYP125	15
Q9SXD9	At1g62580	25
Q9SY00	WDR5B	15
Q9SY02	PCMP-H24	42
Q9SY07	At4g02820	32
Q9SY14	OSCA1.7	38
Q9SY60	EXO84C	40
Q9SY66	FRS11	38
Q9SYA6	NRPB10L	3
Q9SYA9	At1g61730	16
Q9SYB5	OST3B	14
Q9SYC8	LPAT3	15
Q9SYC9	PVA14	36
Q9SYD8	DABB1	12
Q9SYG4	UBP1A	12
Q9SYG7	ALDH7B4	23
Q9SYG9	CCX4	19
Q9SYH2	TAF9	8
Q9SYH3	SPL2	18
Q9SYI2	ABCB3	54
Q9SYI3	ABCB5	57
Q9SYJ2	GPAT3	27
Q9SYJ4	RFS4	40
Q9SYM1	MSL6	53
Q9SYM9	At1g78530	16
Q9SYQ0	IDM3	26
Q9SYQ1	PHT1-8	17
Q9SYS3	CRK40	37
Q9SYS7	CRK39	35
Q9SYZ9	TAF8	18
Q9SZ13	VHA-e2	1
Q9SZ53	At4g31860	17
Q9SZ54	GPX7	11
Q9SZ59	ADM	13
Q9SZ90	At4g09740	19
Q9SZ92	At4g09760	18
Q9SZA3	TIF3K1	11
Q9SZA7	At4g33300	44
Q9SZB2	TIC22	16
Q9SZB4	RH43	34
Q9SZE1	At4g29120	20
Q9SZG0	HHP4	14
Q9SZG1	GT6	15
Q9SZG3	VQ29	8
Q9SZG4	PSK4	3
Q9SZH0	VHA-G3	4
Q9SZJ2	GRDP2	42
Q9SZL4	ATL18	6
Q9SZL7	FRS9	23
Q9SZL9	CSLD4	52
Q9SZM1	EXPA20	13
Q9SZP8	EIF4B3	26
Q9SZR0	At4g29890	27
Q9SZT0	P4H11	15
Q9SZT4	OSCA4.1	30
Q9SZT8	ELI1	32
Q9SZV5	SBT2.6	34
Q9SZW7	At4g30140	11
Q9SZX3	At4g24830	30
Q9SZX9	RPL9D	10
Q9SZY1	At4g10480	9
Q9SZY2	SBT3.7	35
Q9SZY3	SBT3.8	36
Q9T009	LACS5	28
Q9T017	DIR13	8
Q9T029	RPS25E	6
Q9T034	At4g39280	24
Q9T043	RPL14B	6
Q9T050	At4g11810	20
Q9T068	EPFL2	6
Q9T072	BHLH25	15
Q9T075	RMD5	19
Q9T095	OPT6	18
Q9T0F3	IAN12	16
Q9T0G0	HSD5	22
Q9T0G2	CYTC-2	8
Q9T0H2	SMAP1	2
Q9T0H7	At4g13570	6
Q9T0I6	PRP8B	121
Q9T0J3	SAUR16	5
Q9T0K2	CYP71A20	28
Q9T0K8	CORD3	40
Q9T0K9	HIPP18	13
Q9T0L2	CSLA15	27
Q9XEC4	APA3	26
Q9XEC7	CRK37	38
Q9XEC8	CRK38	33
Q9XEF0	BHLH51	12
Q9XEX4	CDA8	11
Q9XF63	ATL3	9
Q9XFB0	YAB2	11
Q9XFI1	At5g61440	14
Q9XFK7	MFT	9
Q9XFS7	LTP5	4
Q9XGX9	TIM9	6
Q9XGY4	TIM8	6
Q9XH48	TIM13	4
Q9XHZ3	UREF	11
Q9XHZ8	At1g21780	21
Q9XI21	At1g15480	37
Q9XI77	FUT9	25
Q9XI78	FUT8	24
Q9XI81	FUT7	28
Q9XIA7	TOM6	3
Q9XIB6	PEX2	20
Q9XID0	FAB1D	65
Q9XID4	ARF12	30
Q9XIE1	SNL5	68
Q9XIF0	At1g59780	46
Q9XIF4	TRX7	7
Q9XIF8	GSTU16	9
Q9XIL9	PEX3	24
Q9XIM7	COR413PM1	7
Q9XIP8	CDI	16
Q9XIR8	DSS1(I)	4
Q9XJ27	RPS9	7
Q9ZNS2	GH3.10	23
Q9ZNS4	PRB1	8
Q9ZNV4	CYTB5-C	7
Q9ZNV5	CEN	11
Q9ZP59	TULP1	26
Q9ZPH4	At4g04930	10
Q9ZPH9	At4g00750	31
Q9ZPJ8	AMT1-2	8
Q9ZPQ5	SOT13	18
Q9ZPR0	At2g03690	12
Q9ZPR1	CDC48B	35
Q9ZPS3	GAD4	26
Q9ZPS4	GAD3	27
Q9ZPV9	SYP112	17
Q9ZPY1	PPOX2	10
Q9ZPY7	CAS	47
Q9ZQ12	GRF6	13
Q9ZQ23	FLA3	10
Q9ZQ70	WRKY3	15
Q9ZQ74	PCMP-E47	41
Q9ZQ81	PAP9	33
Q9ZQ88	UPS4	8
Q9ZQ99	UGT73C1	21
Q9ZQA4	PME14	20
Q9ZQG8	FD3	4
Q9ZQI3	At2g27360	16
Q9ZQP2	ACX1.2	40
Q9ZQP3	ERF038	4
Q9ZQP6	INT3	19
Q9ZQQ0	SCPL26	18
Q9ZQR6	At2g14540	23
Q9ZQR8	LURP1	13
Q9ZQY6	B'DELTA	28
Q9ZRA2	HGO	19
Q9ZRT1	GR1	36
Q9ZRZ8	RH28	39
Q9ZS51	PMP22	11
Q9ZS91	MSRB5	9
Q9ZSB0	SBT3.9	30
Q9ZSB1	SBT3.10	32
Q9ZSB5	UBP10	37
Q9ZSI7	WRKY47	18
Q9ZSJ6	GRP3S	7
Q9ZSK2	ADF6	7
Q9ZT17	AGP3	2
Q9ZT87	PEL1	23
Q9ZT94	RE2	62
Q9ZT95	7SL1	16
Q9ZTA1	AOP3	18
Q9ZU07	CYP71B12	30
Q9ZU27	At1g51965	35
Q9ZU28	IQD27	17
Q9ZU34	AIP1-1	35
Q9ZU35	ABCG7	32
Q9ZU65	OFP7	18
Q9ZU70	ATHB-21	9
Q9ZU75	RCE2	7
Q9ZU90	SKIP28	15
Q9ZU95	NUDT17	11
Q9ZU97	VAC14	37
Q9ZUA3	MAP70.3	32
Q9ZUB8	SKIP22	22
Q9ZUC2	BCA3	16
Q9ZUD9	SRO2	12
Q9ZUG3	SCPL38	24
Q9ZUH3	PUP5	6
Q9ZUH8	HHP3	9
Q9ZUI3	BGLU4	23
Q9ZUI6	At1g60070	41
Q9ZUI9	AGL49	10
Q9ZUK7	RLP18	21
Q9ZUL7	PDF2.3	2
Q9ZUL8	PDF2.6	4
Q9ZUM0	At2g02160	32
Q9ZUM2	TOM3	12
Q9ZUM9	ASHR2	18
Q9ZUN1	NDL3	11
Q9ZUP2	At2g19490	23
Q9ZUT0	ABCG2	34
Q9ZUT4	PCMP-E50	23
Q9ZUU3	At2g37230	43
Q9ZUU9	ABCG3	28
Q9ZUV1	HIPP01	15
Q9ZUX4	At2g27730	5
Q9ZUZ6	WTF9	25
Q9ZV07	PIP2-6	8
Q9ZV19	DJ1E	17
Q9ZV29	CYP710A3	23
Q9ZV33	DOF2.2	7
Q9ZV48	TPS11	49
Q9ZV51	ATL56	9
Q9ZV85	GGH3	16
Q9ZVA1	At1g78820	25
Q9ZVA5	At1g78860	24
Q9ZVC7	LTPG12	3
Q9ZVD2	NHL13	10
Q9ZVE0	At2g26970	8
Q9ZVF1	CAR10	14
Q9ZVF3	MLP328	9
Q9ZVF6	PAHX	13
Q9ZVI3	At2g38610	14
Q9ZVJ4	CYP22	13
Q9ZVM9	At1g54610	29
Q9ZVQ4	GSTZ2	13
Q9ZVQ6	PP2B10	12
Q9ZVS8	CBSDUF4	24
Q9ZVT1	DUF1	34
Q9ZVT8	RF4	40
Q9ZVX1	UBC23	47
Q9ZVX8	PIP2-8	7
Q9ZVY7	OBAP1A	13
Q9ZW02	APUM3	39
Q9ZW03	At2g29150	9
Q9ZW06	APUM2	41
Q9ZW07	APUM1	38
Q9ZW09	LECRK31	26
Q9ZW19	SDR	10
Q9ZW24	GSTU7	14
Q9ZW26	GSTU6	13
Q9ZW28	GSTU3	10
Q9ZW29	GSTU2	11
Q9ZW30	GSTU1	12
Q9ZW33	TIM10	5
Q9ZW36	At2g29580	23
Q9ZW91	KIB3	29
Q9ZWA2	ERF10	5
Q9ZWA8	FLA9	10
Q9ZWB9	FAO1	35
Q9ZWT3	PHT1-6	18
A0A1I9LQ12	O3L2	8
A0A1P8B760	At4g34880	19
A0A1P8BH59	PICBP	67
A0JPW5	HIPP19	4
A0MEB5	CYCA3-3	16
A0MEX7	CRRSP30	18
A0MFH4	At5g20640	12
A0MFS9	At1g73020	26
A0SWL0	FRL2	14
A1XJK0	TIM22-4	6
A2RVT6	RTNLB14	6
A3KPF8	At1g79080	31
A4FVR1	GIP1L	19
A4IJ27	ROPGEF3	26
A7REE5	RALFL3	4
A7REH2	RALFL30	2
A8MQ92	RALFL2	4
A8MQA2	LTP13	6
A8MQA4	ESFL5	5
A8MQI8	RALFL5	7
A8MQL7	RALFL20	4
A8MQM7	RALFL15	5
A8MQN0	LCR51	6
A8MQP2	RALFL29	6
A8MQP7	ESFL7	6
A8MQY8	ESFL9	4
A8MR00	At2g32885	3
A8MR46	GASA13	5
A8MR88	ESFL8	5
A8MR89	AEL1	9
A8MRC8	At5g59105	4
A8MRE9	DVL23	1
A8MRF9	RALFL21	5
A8MRI0	ESFL3	6
A8MRK3	At1g60913	3
A8MRP4	At1g12663	6
A8MRV5	ESFL11	3
A8MRV9	SLAH4	11
A8MS09	DVL24	7
A9QGV6	LOV1	49
B2GVM7	FLS2	10
B3H453	SPH8	7
B3H4B5	SPH11	7
B3H4F1	SP1L1	5
B3H5E1	SPH7	7
B3H672	At4g17616	39
B3H6C3	At4g35733	20
B3H6D0	HIPP45	8
B3H6H8	SPH10	8
B3H6K1	At4g17910	15
B3H6Y2	ARPC5B	7
B3H730	SPH18	5
B3H7A6	SPH19	7
B6IDH3	RUS5	27
C0SUU6	At1g11510	20
C0SVG5	RVE5	13
C4B8C4	EPFL3	4
C4B8C5	EPFL7	10
D9UBG0	RTM1	5
D9UBI3	RTM1	5
E0X9N4	At3g63550	18
F2Q9V4	SPH6	7
F2Q9V5	SPH16	7
F4HPH1	DTX22	16
F4HPH2	DTX20	15
F4HPY8	At1g60750	19
F4HQ05	DTX8	11
F4HQX1	JAL3	31
F4HSD5	TRM32	25
F4HSX9	KLCR3	31
F4HTB2	DVL22	2
F4HTQ1	At1g67690	39
F4HTV6	RLP16	13
F4HV65	At1g54070	4
F4HVM3	At1g68170	10
F4HVS6	MYOB6	27
F4HYR3	OSCA1.4	41
F4HZB5	NET1D	97
F4HZH9	DTX11	12
F4HZQ7	At1g21890	14
F4I037	TBL7	18
F4I0N3	At1g75720	13
F4I0Z6	NEAP4	5
F4I107	PAE1	20
F4I131	NET2B	46
F4I169	MED15B	14
F4I1A6	TPPC	19
F4I1I4	SAUR67	7
F4I1X0	HIPP41	28
F4I248	OSCA2.4	27
F4I2X9	INVD	30
F4I4B6	EXO84A	34
F4I4P8	At1g23250	8
F4I4Q3	DTX32	15
F4I532	PRFB2	28
F4I5Q2	At1g04570	19
F4I6E6	At1g30660	18
F4I837	JAL14	32
F4I839	PAE2	26
F4I8B9	At1g65010	77
F4I8W1	DUF2	38
F4I8W6	At1g11460	11
F4I8X6	At1g11540	7
F4I933	STR8	30
F4I9T0	BCHB	122
F4IB94	JAL8	15
F4IB95	JAL9	15
F4IBF0	At1g59030	17
F4IC29	HIPP28	7
F4IDU9	At1g12660	8
F4IFD0	At2g04865	33
F4IG73	BCHC2	131
F4IHU9	DTX15	13
F4IIZ9	SCAB2	29
F4IJ08	At2g40900	15
F4IJK1	NET2D	43
F4IJZ6	SSL1	20
F4IK92	TOR1L2	48
F4IKF6	At2g22730	18
F4IKM1	At2g29340	10
F4IME1	MSL7	51
F4IMK4	MES19	12
F4IN32	At2g42460	20
F4INP9	QWRF4	37
F4IPI4	STR17	9
F4IPM3	CBP60E	30
F4IQJ4	GASA11	5
F4IQJ6	LCV3	8
F4IQK5	At2g18540	22
F4IQL7	At2g24696	24
F4IQQ9	BHLH138	6
F4IQX1	At2g37450	13
F4ISE1	RALFL12	4
F4ISE2	RALFL13	4
F4ISY0	At2g38370	27
F4IUU1	RLP27	34
F4IUW3	AVT1C	14
F4IWA8	TBL41	19
F4IWB3	SMR13	2
F4IXN6	PUX6	20
F4IXT6	At3g28060	1
F4IYF8	At3g02760	52
F4IYZ0	At3g28080	11
F4IZW8	AVT1F	14
F4J0B7	At3g28570	25
F4J158	DTX24	14
F4J1D9	At3g15960	28
F4J1Q9	AVT1I	9
F4J2J6	RVE7L	14
F4J300	SDR5	13
F4J469	TIC22L	15
F4J4A0	At3g44790	18
F4J4A1	At3g44800	21
F4J4P8	At3g58220	17
F4J5U9	At3g58430	18
F4J8G2	RLP33	33
F4J9A3	At3g53210	10
F4JCQ3	At3g47830	16
F4JCY2	OSCA2.5	30
F4JDF3	DIR8	4
F4JDJ0	HIPP47	5
F4JE35	AVT1B	13
F4JET1	NSE4B	19
F4JF35	P36	16
F4JGB6	RLP46	34
F4JHT3	BCHA2	171
F4JIP9	At4g21250	12
F4JJP1	At4g27595	66
F4JK59	At4g15540	9
F4JKB9	DTX38	16
F4JLQ5	SPH2	9
F4JLS0	SPH1	7
F4JMB8	HIPP44	12
F4JMH9	At4g16560	23
F4JMI5	PGSIP7	17
F4JMI7	At4g16620	8
F4JQG6	At4g36700	16
F4JR57	CBP60F	30
F4JRA6	MES20	8
F4JUF8	DIR15	10
F4JVB8	RL1	4
F4JWR0	ACR2	31
F4JY84	TCX7	28
F4JYJ1	At5g41765	5
F4JZG1	SPH4	9
F4JZJ0	NSH5	7
F4JZJ2	NSH4	29
F4K1G2	At5g35930	48
F4K295	ROPGEF5	34
F4K495	MOB2A	8
F4K4M0	QWRF9	31
F4K5K4	TBL5	26
F4K7D5	FLS6	12
F4K7F6	CLPX2	29
F4KAS1	FLS4	13
F4KD68	At5g45370	11
F4KEC6	KIN10C	38
F4KF27	At5g64680	11
F4KFC7	MED26C	17
F4KFD8	LIP2	15
F4KFT6	At5g32460	27
F4KFX5	At5g40000	21
F4KH89	SRS8	12
F4KHA8	At5g40230	9
F4KID5	At5g17750	17
F4KIH4	HTT3	8
F4KIL8	At5g25040	18
H3JUC3	JAL15	7
O03983	LEA14	6
O04035	At1g08940	13
O04195	At2g39920	13
O04212	At2g40090	29
O04251	At4g02110	75
O04341	GRXS9	4
O04472	NAT10	19
O04508	PUP16	11
O04539	SNL4	70
O04573	At1g62060	6
O04575	At1g62080	6
O04584	FAD4L1	11
O04587	At1g62220	6
O04590	PCMP-E10	36
O04608	At4g01260	16
O04615	At4g01160	26
O04621	TBL26	23
O04659	PCMP-E14	34
O22132	LBD19	6
O22174	ERF008	8
O22183	UGT84B2	16
O22184	TPS05	33
O22232	At3g44810	24
O22254	RPL18A	8
O22288	At2g39790	8
O22468	MSI2	19
O22707	At1g60690	18
O22719	At1g61270	9
O22727	At1g61190	53
O22757	MLO8	28
O22759	IDD12	17
O22780	At2g33280	14
O22797	GLTP1	14
O22799	At2g33490	28
O22818	At2g43860	17
O22829	JAL25	18
O22860	RPL38A	3
O22890	At2g40450	14
O22891	At2g40440	11
O22912	At2g47380	5
O22918	At2g30220	14
O22927	At2g30310	10
O22969	At2g34160	9
O22977	BDG3	23
O23020	SPH5	7
O23034	At1g05350	19
O23040	DEAL4	3
O23063	At4g00390	17
O23086	ALMT10	23
O23115	EIL2	17
O23164	At4g37220	7
O23169	PCMP-H5	38
O23193	CBSX1	14
O23205	UGT72C1	21
O23278	At4g14190	31
O23290	RPL36AA	5
O23305	At4g14490	17
O23317	At4g14610	42
O23337	PCMP-H3	33
O23341	OFP11	6
O23360	At4g15060	25
O23382	UGT71B5	21
O23406	UGT75D1	24
O23413	At4g15620	6
O23419	GRXS4	4
O23421	GRXS3	4
O23469	At4g16220	11
O23470	At4g16230	17
O23491	PCMP-E12	28
O23547	EXLB1	9
O23596	At4g17550	14
O23620	AHL23	6
O23693	MLO4	24
O48522	VQ17	7
O48529	STR9	13
O48670	RER1A	8
O48706	At2g26390	23
O48715	UGT76D1	16
O48763	RLP25	11
O48766	At2g32990	20
O48776	RALFL17	4
O48790	CYCB1-4	23
O48848	GRP23	4
O48851	RLP22	28
O49285	ACR3	28
O49287	PCMP-E5	36
O49296	At1g23210	17
O49328	RLP26	34
O49329	RLP24	36
O49332	At2g30670	7
O49343	At2g30780	29
O49396	CYP82C3	33
O49399	PCMP-E101	28
O49513	RABA1E	16
O49550	DOF4.5	11
O49558	At4g21170	37
O49567	At4g21260	5
O49619	PCMP-H27	51
O49636	MPC4	7
O49644	LTPG27	9
O49651	LBD32	9
O49658	AHL2	10
O49662	AHL24	11
O49680	PCMP-E2	49
O49710	HSP15.4	6
O49711	At4g21880	45
O49722	PUP6	10
O49726	PUP21	13
O50064	FIM2	42
O64466	RALFL11	4
O64468	At2g19050	19
O64469	At2g19060	18
O64564	HSP18.5	7
O64566	PIRL6	20
O64571	UBA1C	25
O64584	WAP	46
O64624	At2g18940	46
O64628	At2g18990	13
O64640	CXE8	22
O64641	CXE9	18
O64705	PCMP-E23	40
O64718	CYP71B9	23
O64732	UGT87A1	19
O64738	ZIP6	9
O64748	At2g34840	15
O64766	PCMP-E15	36
O64789	At1g61310	53
O64792	At1g61280	6
O64815	At2g23060	25
O64834	At2g23680	7
O64836	LBD10	9
O64847	FAX7	3
O64868	VQ18	6
O64876	NTAN1	13
O64885	At2g44510	12
O64889	At2g44540	25
O64890	At2g44550	24
O65187	MBP1	21
O65270	At4g00610	21
O65278	ULP1B	14
O65388	At1g11920	17
O65416	SKIP27	15
O65426	LOL2	6
O65434	TPS07	32
O65456	At4g22080	13
O65457	At4g22090	14
O65543	PCMP-E7	32
O65569	RPS11B	9
O65573	PIPC	21
O65649	FPP5	58
O65693	At4g34730	9
O65784	CYP71B5	27
O65786	CYP71B4	32
O65919	RALFL10	4
O65921	At2g19010	14
O80436	NPF5.5	17
O80443	At2g38180	15
O80446	PDX1L4	5
O80470	At2g23540	20
O80475	MES8	13
O80494	PP2B15	14
O80497	At2g44570	19
O80502	At2g44630	21
O80513	CYCU4-1	13
O80522	At1g09390	17
O80543	At1g22800	17
O80582	At2g44130	23
O80594	At1g10030	3
O80596	XYN2	49
O80624	MAKR4	17
O80630	DIR9	3
O80641	At2g39540	5
O80644	ACR9	24
O80646	RPS15AC	9
O80647	PCMP-E33	40
O80654	ERF037	5
O80658	AEE4	21
O80668	AVT1A	16
O80695	DTX37	13
O80698	S40-6	6
O80699	TULP4	19
O80714	SDR3c	12
O80736	JAL17	32
O80737	JAL18	28
O80758	At1g60370	16
O80795	At1g65250	22
O80813	At1g65420	10
O80834	AHL9	10
O80844	At2g45750	29
O80854	At2g30890	8
O80872	TBL45	22
O80929	RPL36A	6
O80930	SMR12	11
O80933	SCL9	45
O80934	At2g37660	17
O80940	TBL15	28
O80998	JAL20	26
O81004	EMB2001	18
O81010	UGT79B8	18
O81028	At2g26790	44
O81039	DUF4	7
O81304	PAP11	15
O81305	At4g00040	15
O81416	At4g02290	21
O81432	At4g04090	11
O81483	M10	2
O81514	At4g03950	8
O81641	ILL3	19
O81767	EMB2758	47
O81769	At4g31790	8
O81782	REM6	27
O81791	RKD5	19
O81816	MO2	20
O81825	At4g27220	42
O81865	PP2A1	16
O81866	PP2A2	13
O81908	At1g02060	43
O81913	NAC004	12
O81916	At1g02270	23
O82176	EXL7	10
O82178	At2g35130	29
O82188	RDR5	52
O82190	RDR3	55
O82198	LBD9	7
O82205	RPS15AB	8
O82225	GGP5	14
O82243	GH3.9	29
O82254	GRXC12	7
O82290	SKL2	18
O82328	GASA7	4
O82333	GH3.1	28
O82352	RTNLB5	9
O82355	At2g46140	7
O82373	At2g29830	13
O82374	At2g29820	18
O82376	At2g29800	26
O82377	ESFL6	3
O82378	At2g29780	20
O82385	UGT71D2	20
O82391	At2g29640	13
O82394	At2g29610	10
O82484	At4g10780	46
O82509	TBL23	14
O82637	At4g32950	14
O82752	DTX49	16
P0C1T5	PEP7	5
P0C2C9	FBX12	21
P0C2F6	At1g65750	35
P0C2F7	At1g19470	26
P0C2G0	At1g06630	16
P0C2G1	At3g58980	25
P0C2G4	At4g19865	25
P0C5K2	FH15A	18
P0C5K3	FH15B	20
P0C5K4	FH21A	22
P0C5K5	FH21B	21
P0C7P7	UGT74E1	21
P0C7Q7	At1g12700	36
P0C7Q9	At1g22960	32
P0C7R3	At1g64583	28
P0C7R4	At1g69290	28
P0C884	SCL34	31
P0C894	At2g02150	38
P0C895	At2g30105	21
P0C896	At3g02650	31
P0C897	At3g02645	28
P0C898	PCMP-H86	40
P0C899	PCMP-H77	44
P0C8A0	At3g49730	33
P0C8Q2	PCMP-E1	35
P0C8Q3	At4g19890	35
P0C8Q4	At4g19900	27
P0C8Q5	PCMP-E6	26
P0C8Q6	At5g08310	46
P0C8Q7	PCMP-E105	27
P0C8Q8	PCMP-E42	36
P0C8R0	At5g43820	21
P0C8Z7	At1g28640	13
P0C941	RTNLB23	7
P0C945	At1g21580	82
P0CAP3	REM11	16
P0CAP4	REM12	30
P0CAP5	REM13	56
P0CAX9	At4g14276	6
P0CAY0	At4g14272	6
P0CAY5	At1g51802	2
P0CAY7	At1g47320	6
P0CB16	At4g19050	58
P0CB17	At3g50810	2
P0CB25	BHLH131	13
P0CB26	At1g10890	13
P0CG16	CHX6b	42
P0CH31	At1g43140	39
P0CI03	NPF5.6	21
P0CJ42	TPS02	4
P0CJ49	CRRSP42	16
P0CJ50	CRRSP43	16
P0CJ51	CRRSP44	16
P0CJ52	CRRSP45	16
P0CJ53	CRRSP46	16
P0CJ54	CRRSP47	16
P0CJ55	CRRSP48	16
P0CJ56	CRRSP49	16
P0CJ57	CRRSP50	16
P0CJ58	CRRSP51	16
P0CJ59	CRRSP52	16
P0CJ60	CRRSP53	16
P0CJ61	CRRSP54	16
P0CJ66	At1g27050	11
P0CW97	PCR3	5
P0CW98	PCR9	5
P0CZ21	MRS2-8	15
P0CZ22	MRS2-8	14
P0CZ24	At3g06690	10
P0DH79	CBSCBSPB5	29
P0DH85	REM10	32
P0DI09	At1g18020	15
P0DI15	At1g59406	17
P0DI19	At2g30000	8
P0DI74	SEC61G1	3
P0DI75	SEC61G2	3
P0DKC7	HSD4	16
P0DKC9	FRL1	12
P0DKG2	At3g54730	15
P0DKG3	OFP9	18
P0DKG4	At2g42465	24
P0DKG5	At2g42470	18
P0DKG6	At2g42475	21
P0DKG7	At2g42480	26
P0DKH1	ESFL2	5
P0DKH2	RNR2B	9
P0DKI3	At1g07440	11
P0DKI4	PUX14	15
P0DKI5	PUX16	19
P0DKI9	miPEP165a	1
P0DKJ0	miPEP160b	0
P0DKJ1	miPEP164a	2
P0DKJ2	miPEP319a	0
P0DN92	SPH24	8
P0DN93	SPH29	7
P0DN94	SPH17	6
P0DN95	APUM15	20
P13853	HSP17.6C	6
P19037	HSP18.1	7
P25863	XERO1	3
P36211	RPL12B	11
P41568	At4g27130	4
P42036	RPS14C	6
P42551	S1FA1	2
P42733	RPS11C	9
P47925	At2g20870	2
P49206	RPS26A	5
P50699	At1g18250	8
P50700	OSM34	6
P56768	psaI	0
P56769	psaJ	2
P56770	ccsA	7
P56775	petG	1
P56781	psbJ	1
P56782	psbK	1
P56790	psbZ	1
P56796	rpl33	4
P56797	rps2	12
P56805	rps15	5
P56806	rps16	3
P56809	ycf15-A	4
P58045	CYP71A14	25
P58046	CYP71A15	28
P58049	CYP71B11	29
P58223	At4g18375	28
P58684	At2g39960	10
P58728	At4g14342	5
P59278	At1g51745	27
P59467	LBD23	8
P59468	LBD24	8
P59469	LBD34	8
P60129	psbL	2
P61039	petN	1
P61839	psbT	1
P61847	rpl32	3
P62109	psbM	1
P62113	psbN	1
P62117	rpl36	1
P68349	DOF1.2	7
P82620	SCRL1	4
P82621	SCRL2	3
P82622	SCRL3	6
P82623	SCRL4	3
P82624	SCRL5	7
P82625	SCRL6	6
P82626	SCRL7	5
P82627	SCRL8	6
P82628	SCRL9	5
P82629	SCRL10	7
P82630	SCRL11	5
P82631	SCRL12	4
P82632	SCRL13	6
P82633	SCRL14	5
P82634	SCRL15	7
P82635	SCRL16	5
P82636	SCRL17	7
P82637	SCRL18	6
P82638	SCRL19	4
P82639	SCRL20	5
P82640	SCRL21	6
P82641	SCRL22	4
P82642	SCRL23	2
P82643	SCRL24	6
P82644	SCRL25	3
P82645	SCRL26	4
P82646	SCRL27	3
P82647	SCRL28	3
P82716	LCR1	6
P82717	LCR2	6
P82718	LCR3	3
P82719	LCR4	4
P82721	LCR6	1
P82722	LCR7	5
P82723	LCR8	4
P82724	LCR9	4
P82726	LCR11	7
P82727	LCR12	4
P82728	LCR13	3
P82729	LCR14	3
P82730	LCR15	6
P82731	LCR16	3
P82732	LCR18	4
P82733	LCR19	6
P82734	LCR20	2
P82735	LCR21	2
P82737	LCR23	5
P82739	LCR25	5
P82743	LCR28	4
P82744	LCR29	6
P82745	LCR30	5
P82746	LCR31	5
P82747	LCR32	4
P82748	LCR33	4
P82749	LCR34	3
P82750	LCR35	5
P82751	LCR36	5
P82752	LCR37	3
P82753	LCR38	5
P82754	LCR39	3
P82755	LCR40	3
P82756	LCR41	4
P82757	LCR42	3
P82758	LCR43	4
P82759	LCR44	4
P82760	LCR45	3
P82761	LCR46	2
P82762	LCR47	2
P82763	LCR48	3
P82764	LCR49	3
P82765	LCR50	6
P82766	LCR52	5
P82767	LCR53	4
P82768	LCR54	2
P82769	LCR55	4
P82770	LCR56	5
P82771	LCR57	8
P82772	LCR58	7
P82774	LCR60	1
P82775	LCR61	1
P82776	LCR62	2
P82777	LCR63	3
P82778	LCR64	2
P82779	LCR65	1
P82781	LCR71	3
P82782	LCR73	1
P82784	LCR75	2
P82785	LCR76	4
P82790	LCR81	2
P82791	LCR82	2
P82792	LCR83	1
P82793	LCR84	1
P82794	LCR85	4
P82795	LCR86	5
P92511	AtMg00690	8
P92524	AtMg00880	9
P92528	AtMg00910	9
P92530	AtMg00940	10
P92536	AtMg01020	4
P92541	AtMg01090	11
P92550	AtMg01200	6
P92559	AtMg01280	13
P93005	PCMP-E19	42
P93011	PCMP-H6	28
P93039	NAT4	15
P93051	At2g48020	11
P93278	AtMg00040	9
P93283	AtMg00140	7
P93292	AtMg00280	8
P93296	AtMg00370	9
P93314	AtMg00590	10
P93319	AtMg00670	8
P93820	At1g04390	41
P93821	At1g04380	16
P93824	At1g04350	15
Q00874	DRT100	20
Q05212	DRT102	17
Q058N0	IQM5	26
Q06429	ACS1	21
Q0V7S0	At1g47340	24
Q0V7S6	OR23	23
Q0V7Z5	SAUR64	8
Q0V822	RALFL26	4
Q0WKV3	At1g12300	42
Q0WKZ3	At1g64580	27
Q0WL69	RIC11	8
Q0WLC7	CBSCBSPB4	29
Q0WLR1	At4g26480	17
Q0WMN5	At3g49140	23
Q0WMR0	JAL12	26
Q0WMV8	At1g07170	8
Q0WMZ6	PI4KG8	21
Q0WN01	At3g58590	43
Q0WN60	PCMP-H8	49
Q0WNE5	KTI6	5
Q0WNG6	LPP4	10
Q0WNN7	At2g30100	27
Q0WNP8	IQD9	14
Q0WP01	NPF5.10	18
Q0WP85	At2g13420	27
Q0WPE9	NAT7	19
Q0WPI9	At3g53100	9
Q0WPR6	SAUR65	8
Q0WPS0	TBL14	18
Q0WPS2	At4g18260	13
Q0WPT7	At2g41040	17
Q0WQ63	At3g05150	13
Q0WQJ3	AVT6D	9
Q0WQM8	At1g53790	19
Q0WQN4	RABA6B	12
Q0WQQ1	AGD15	13
Q0WRB9	PUP8	9
Q0WSK8	ZRK15	20
Q0WSZ6	NPF5.13	18
Q0WSZ8	WDL6	15
Q0WTB4	At3g49725	32
Q0WUU6	PLT4	18
Q0WVE9	At1g05030	14
Q0WVK7	At1g05670	42
Q0WVU0	At3g51320	29
Q0WVV6	CBP60D	27
Q0WVZ1	At3g03305	34
Q0WWT7	STR11	11
Q147F9	At3g50940	24
Q1ECI2	ERF023	8
Q1ECS0	SMAP2	2
Q1G309	TAX2	1
Q1G373	SPH30	7
Q1G3C4	RL4	4
Q1G3I0	LTPG28	6
Q1G3K7	PRA1C	3
Q1G3M3	At3g19184	13
Q1G3R6	ESFL4	3
Q1G3T1	TDL1	5
Q1G3U8	VQ1	5
Q1G3V9	EPFL8	3
Q1G3Y1	At1g61688	1
Q1G3Y4	SMR15	4
Q1JPN0	STR7	22
Q1KS66	ROPGEF10	30
Q1PDG8	ESFL10	2
Q1PDI1	TET15	9
Q1PDT6	At5g25470	16
Q1PDX9	DTX26	15
Q1PE04	FBL25	10
Q1PE09	At4g39753	20
Q1PE10	At4g39590	25
Q1PE51	QWRF7	14
Q1PE68	OBAP2B	18
Q1PEB4	At4g04980	39
Q1PED9	At3g59190	18
Q1PEN0	RLP36	28
Q1PER9	AVT1G	13
Q1PES7	At3g06220	8
Q1PEU4	PCMP-E9	30
Q1PEU9	At2g43270	7
Q1PEX3	RABA1H	16
Q1PEY8	At2g29910	14
Q1PF20	At2g22050	10
Q1PFA6	PCMP-E22	31
Q1PFB8	At1g79780	5
Q1PFC5	At1g77405	24
Q1PFG1	At1g66490	21
Q1PFG9	DTX7	14
Q1PFH7	At1g62350	12
Q1PFQ9	PCMP-E34	28
Q24JJ9	NUP43	15
Q29PZ1	GRXC10	3
Q29PZ2	O3L3	8
Q29Q81	SMR6	6
Q29Q96	SAUR68	5
Q2HIW2	MAPR4	12
Q2L6T1	At5g56369	5
Q2L6T3	At4g18823	3
Q2L6T6	At1g13607	3
Q2V2Q4	At2g03931	4
Q2V2Q8	At1g34047	3
Q2V2S1	At5g52605	6
Q2V2T9	SCL16	10
Q2V2W2	At5g62627	3
Q2V2W3	At5g62623	5
Q2V2W6	At5g60805	6
Q2V2W7	At5g60615	4
Q2V2W8	At5g60553	4
Q2V2Y0	At5g56368	2
Q2V2Y3	At5g55131	4
Q2V2Y6	At5g54215	3
Q2V2Z3	At5g51845	4
Q2V300	At5g50423	5
Q2V304	At5g48605	5
Q2V305	At5g48595	6
Q2V306	At5g48515	5
Q2V309	At5g46877	6
Q2V310	At5g46874	5
Q2V311	At5g46873	4
Q2V315	At5g44973	7
Q2V318	At5g43401	3
Q2V321	At5g42232	3
Q2V322	At5g42223	5
Q2V325	At5g39365	7
Q2V328	At5g37474	3
Q2V329	At5g37473	3
Q2V334	At5g32619	5
Q2V337	At5g28288	3
Q2V342	At5g27495	3
Q2V352	At5g23212	4
Q2V354	At5g23035	5
Q2V364	At5g19315	2
Q2V365	At5g19175	3
Q2V366	At5g19172	5
Q2V369	At5g18407	3
Q2V370	At5g18403	6
Q2V371	At5g16453	5
Q2V390	At5g08505	2
Q2V391	At5g08315	2
Q2V392	At5g08055	3
Q2V3C1	LTP11	6
Q2V3D7	At4g29033	5
Q2V3E2	At4g27740	7
Q2V3H0	At4g18975	15
Q2V3H5	At4g17718	7
Q2V3H6	At4g17713	4
Q2V3J0	At4g13968	4
Q2V3J1	At4g13955	3
Q2V3J6	At4g11393	3
Q2V3K0	At4g10603	4
Q2V3K1	At4g09647	5
Q2V3K2	At4g08875	1
Q2V3K4	At4g08869	1
Q2V3K7	At4g08485	3
Q2V3K9	At4g08039	2
Q2V3L0	At4g08028	6
Q2V3Q1	At3g50925	5
Q2V3Q8	At3g45093	4
Q2V3R1	At3g44326	22
Q2V3R9	At3g27835	5
Q2V3S0	At3g27831	4
Q2V3S7	At3g24513	7
Q2V3S8	At3g24508	8
Q2V3V1	At3g17155	4
Q2V3X3	At3g10195	5
Q2V3Y5	At3g04903	5
Q2V3Y8	At3g04545	3
Q2V413	At2g40995	5
Q2V414	At2g40920	29
Q2V424	At2g36255	5
Q2V433	At2g34123	4
Q2V459	At2g25185	6
Q2V460	At2g24625	5
Q2V462	At2g24615	4
Q2V466	At2g22941	4
Q2V467	At2g22807	5
Q2V468	At2g22805	4
Q2V470	At2g21725	4
Q2V472	At2g21465	4
Q2V476	At2g20463	5
Q2V477	At2g19893	2
Q2V483	At2g17723	6
Q2V485	At2g13542	5
Q2V488	At2g12475	6
Q2V493	At2g06166	6
Q2V4A3	At2g04925	4
Q2V4A4	At2g04034	5
Q2V4A5	At2g03955	2
Q2V4A6	At2g03936	3
Q2V4A7	At2g03932	6
Q2V4A8	At2g03913	3
Q2V4C3	At1g77093	2
Q2V4C4	At1g76954	5
Q2V4D5	At1g69828	3
Q2V4D6	At1g69825	3
Q2V4D7	At1g69818	4
Q2V4D9	At1g68907	5
Q2V4E0	At1g68905	5
Q2V4F0	At1g65352	4
Q2V4F3	At1g64195	6
Q2V4F4	At1g64107	5
Q2V4F6	At1g63535	4
Q2V4F7	At1g63522	3
Q2V4G1	At1g59833	2
Q2V4G3	At1g58055	1
Q2V4G5	At1g56553	4
Q2V4G6	At1g56233	4
Q2V4G9	At1g54445	4
Q2V4H7	At1g49715	1
Q2V4I2	At1g47317	6
Q2V4I8	At1g35537	4
Q2V4I9	At1g35435	2
Q2V4J2	At1g33607	3
Q2V4J5	At1g32763	4
Q2V4J8	At1g31772	7
Q2V4L5	At1g24062	3
Q2V4N0	At1g15757	6
Q2V4N2	At1g14755	4
Q2V4N4	At1g13609	4
Q2V4N5	At1g13608	5
Q2V4N6	At1g13605	5
Q38803	MT1B	4
Q38804	MT1C	3
Q38805	MT2B	3
Q38894	At1g28670	13
Q38959	PCMP-A6	20
Q38Q40	ERF122	7
Q39069	CYCB1-3	23
Q39092	ZAT1	12
Q39147	MAG	11
Q39168	At1g62000	6
Q39195	PSBT	7
Q39224	SRG1	18
Q39236	TFIIA-S	5
Q3E6T0	At5g25400	13
Q3E6U0	At4g22217	2
Q3E703	ERF088	7
Q3E715	At5g04045	3
Q3E7C7	At3g16895	4
Q3E7I6	At1g28650	10
Q3E7K7	At4g22280	16
Q3E7L7	BHLH139	9
Q3E7S1	At2g24693	3
Q3E875	At5g61530	17
Q3E8B4	DEGP15	12
Q3E8H7	ABCI9	28
Q3E8I8	At5g42235	4
Q3E8J4	At5g41680	21
Q3E8K0	At5g40155	6
Q3E8L3	At5g38565	19
Q3E8R5	At5g33355	3
Q3E8X3	NPF2.8	11
Q3E912	DMP10	6
Q3E954	BOR6	18
Q3E956	NAT9	13
Q3E984	AGO8	41
Q3E9B5	NPF7.1	23
Q3E9B8	ABCG23	26
Q3E9F0	At5g18475	30
Q3E9N1	PCMP-E98	38
Q3E9W6	SPH20	5
Q3E9Z9	ALMT11	7
Q3EA33	SAP8	9
Q3EA54	At4g11655	4
Q3EAE5	At4g00315	26
Q3EAE7	At4g00232	6
Q3EAF8	At3g62540	35
Q3EAZ3	At3g27140	16
Q3EB08	At3g24760	12
Q3EB59	At3g16300	6
Q3EBI7	At2g40910	23
Q3EBU2	At2g25305	3
Q3EBY8	SDC	24
Q3EC97	FBL14	25
Q3ECH0	At1g67130	22
Q3ECH5	At1g66345	33
Q3ECK2	At1g62680	30
Q3ECL0	RALFL9	5
Q3ECM4	At1g58725	17
Q3ECP7	At1g54730	14
Q3ECS5	SMR9	3
Q3ECT8	At1g49405	4
Q3ECY6	SDG41	22
Q3ED15	At1g34490	15
Q3ED38	VQ5	5
Q3ED93	At1g19460	21
Q3ED99	PUP9	4
Q3EDD7	At1g12340	4
Q3EDF8	At1g09900	31
Q3EDG3	CHX5	32
Q42059	At1g64390	29
Q42182	At2g29300	9
Q42330	ATTI7	5
Q42337	S1FA2	2
Q43284	OL3	4
Q43383	2A6	20
Q494Q1	UGT76E3	15
Q4F7G0	SUGTL3	13
Q4PSJ7	NET3B	12
Q4PSK1	MBD3	9
Q4PSL7	RPL8B	14
Q4PSN6	FBW1	20
Q4PSN8	At3g19890	27
Q4PT07	At1g34500	11
Q4PT23	At1g25270	12
Q4V389	PCMP-E24	34
Q4V3D3	PUX9	24
Q4VNZ5	At2g04046	4
Q4VNZ6	At2g04045	2
Q4VNZ8	At2g03933	4
Q4VNZ9	At2g03937	5
Q4VP04	At5g46871	6
Q4VP07	LURE1.6	5
Q500Z4	At1g11450	10
Q501E9	At3g51530	25
Q501F8	At4g08300	16
Q501G6	At5g62820	15
Q501H5	SFH13	36
Q56WD3	At1g18000	9
Q56X05	EMB1444	29
Q56X72	RTNLB21	28
Q56X75	At2g39518	8
Q56XB0	At3g05727	5
Q56XQ0	At2g18630	24
Q56XQ6	NPF4.4	16
Q56XR6	At5g46680	25
Q56XR7	STR4A	13
Q56XU4	At1g19860	15
Q56YF8	CYCT1-2	22
Q56YH2	At5g18780	26
Q56YT7	VUP3	5
Q570Q8	At5g58784	14
Q58FV0	DOGL3	12
Q58FV5	At3g58280	15
Q58FZ0	NAKR2	14
Q58G33	TET14	16
Q58G35	TET17	14
Q58P69	CHX10	28
Q5BIV3	At1g11900	18
Q5BPG5	VUP4	6
Q5BPJ0	TBL11	27
Q5BPL5	At4g06676	9
Q5BPM6	QWRF6	25
Q5BPT7	At2g16210	21
Q5BPZ5	At1g23070	21
Q5BQ04	TET16	12
Q5EAF6	NSFBx	18
Q5FV41	At5g25050	14
Q5G5D8	PIRL7	19
Q5G5E0	PIRL5	27
Q5M759	VP22-1	14
Q5PNS0	At3g20280	20
Q5PNZ0	At5g18430	21
Q5PP32	At3g45870	15
Q5PP38	GATA27	23
Q5PP65	At2g35430	12
Q5Q0E2	CRRSP9	13
Q5RJC5	At5g63260	20
Q5RM09	At1g05920	14
Q5XET4	EMB975	29
Q5XEY7	PCMP-E17	30
Q5XF09	At3g11320	13
Q5XF11	At4g35930	21
Q5XF59	At3g60510	18
Q5XV31	FRL5	44
Q5XV33	SPH13	7
Q5XVA8	At3g49055	27
Q5XVC7	At2g40480	27
Q66GI1	At4g37235	2
Q66GI2	DIR22	4
Q66GP4	At5g13770	32
Q66GQ2	At5g41620	34
Q67XC4	TBL40	18
Q67XL4	At3g25440	23
Q67XV7	At1g53890	11
Q67YC9	At4g14100	8
Q67YM6	DIR11	7
Q67YS6	ALIS2	14
Q67YT8	RUS4	25
Q67ZB3	FRL3	25
Q67ZI9	At2g42990	11
Q680A6	GDPD3	19
Q680C0	At4g10955	17
Q680D9	At5g25475	14
Q680H3	PCMP-H75	30
Q680K8	At1g55760	17
Q680N1	SPH12	6
Q680Z7	PCMP-E25	28
Q681Q7	At1g03900	13
Q682H0	HVA22F	8
Q683I9	PCMP-H82	32
Q6AWW0	LTP9	4
Q6AWW5	At5g02620	25
Q6DBN2	PAP5	15
Q6DBN6	At1g51370	27
Q6DBP3	At5g05820	11
Q6DBP8	GATA11	12
Q6DR04	RTNLB17	18
Q6DR10	TBL43	22
Q6DR24	Y-3	11
Q6DST1	At1g64065	12
Q6DUW6	IDL4	7
Q6DYE5	At1g20180	13
Q6E240	At3g28310/At3g28320	20
Q6GKX7	GASA12	5
Q6IM80	DVL21	3
Q6IM82	DVL19	2
Q6IM84	DVL17	3
Q6IM86	DVL15	7
Q6IM87	DVL14	3
Q6IM89	DVL12	1
Q6IM94	DVL7	3
Q6NL02	At5g39560	22
Q6NLC8	At1g66480	16
Q6NLD5	ERF015	6
Q6NLP7	At3g62280	18
Q6NLQ3	GLTP2	13
Q6NLV0	HSP14.7	5
Q6NM25	UTR5	13
Q6NMB0	At2g30660	19
Q6NMB6	UTR5B	13
Q6NMB7	At1g43650	12
Q6NMJ2	At4g18596	7
Q6NML5	NRPB7L	14
Q6NMM0	SAUR61	7
Q6NMR9	At5g45920	12
Q6NMS3	At4g22235	3
Q6NN02	At4g14450	6
Q6NNI8	SAP1	9
Q6NNM0	TFB5	4
Q6NNN0	RL3	5
Q6NNP0	ATG16	28
Q6NPC9	At5g51130	21
Q6NPD8	RTNLB10	9
Q6NPF8	At2g37200	4
Q6NPG7	At5g43822	7
Q6NPN3	At5g18550	11
Q6NPR6	TOR1L3	28
Q6NQ79	ARID4	38
Q6NQ81	At4g04790	48
Q6NQ83	At3g22470	35
Q6NQD9	MED19B	10
Q6NQH9	CID6	4
Q6NQJ8	SDG40	24
Q6NQP4	LRR2	11
Q6R3K4	YSL8	22
Q6R8G0	PHO1-H10	35
Q6R8G2	PHO1-H8	39
Q6R8G3	PHO1-H7	41
Q6R8G4	PHO1-H6	39
Q6SZ87	NAT11	25
Q700D0	TCX8	17
Q700D9	At1g14600	15
Q7X6A5	At1g55630	26
Q7X6T3	At4g22214	8
Q7X7A9	At1g11270	18
Q7XA64	At3g05155	12
Q7XA65	At1g56345	19
Q7XHI7	BHLH127	9
Q7XJN6	PCMP-E26	48
Q7Y030	OFUT31	29
Q7Y219	PMIR2	54
Q7Y225	DIR16	2
Q84J46	EMB2076	28
Q84J71	At2g17670	28
Q84JB8	RUS3	20
Q84JC2	DOGL4	5
Q84JH9	TBL25	20
Q84JK8	MAKR6	10
Q84JN1	APRL7	10
Q84JR3	At4g21705	29
Q84JZ8	TCX4	30
Q84K70	HIPP31	6
Q84M89	GCS2	48
Q84M94	At1g26930	21
Q84M96	AGD2	19
Q84MC0	At3g06035	10
Q84QC2	ERF017	6
Q84R27	At3g18960	10
Q84RE1	At2g44700	19
Q84RF2	OFP17	13
Q84RK6	At2g29930	22
Q84TF0	AKR4C10	21
Q84TH6	DIR23	12
Q84TJ0	At3g10200	28
Q84VG6	At2g17525	35
Q84VY2	NET4B	26
Q84VZ5	At5g19240	4
Q84W04	At1g12390	2
Q84W80	At3g03360	24
Q84W91	At2g47850	13
Q84WD3	At4g19060	18
Q84WE9	At4g35180	14
Q84WF5	PHYL1.2	12
Q84WF6	TET5	10
Q84WJ0	DAR5	42
Q84WJ2	At1g67320	23
Q84WM0	RPL29B	2
Q84WP3	REM17	52
Q84WP5	At2g36330	8
Q84WQ5	CBSX5	14
Q84WS8	SNRNP25	8
Q84WU9	At5g56900	30
Q84WW1	At3g12350	27
Q84WZ8	At2g28815	15
Q84X02	At2g26860	20
Q84X07	JAL24	8
Q84X12	JAL26	6
Q84X43	FBX8	14
Q8GUM4	At3g27390	21
Q8GW16	At5g66675	23
Q8GW57	At1g80150	21
Q8GW61	STP14	18
Q8GW75	RL5	5
Q8GWA9	At2g17033	25
Q8GWC3	PRA1A2	7
Q8GWH5	RTNLB22	7
Q8GWI2	At3g60040	26
Q8GWI5	At4g18257	14
Q8GWI7	JAL10	16
Q8GWK5	GASA9	4
Q8GWP3	COPT6	2
Q8GWR2	OBAP1B	12
Q8GWR3	At1g09660/At1g09670	18
Q8GWS3	HIPP02	7
Q8GWT5	At1g62880	2
Q8GWU7	SKIP34	5
Q8GX02	SPH14	6
Q8GX05	SCAB3	27
Q8GX84	At1g01350	19
Q8GX92	CHX6a	33
Q8GXB1	At2g17695	9
Q8GXB4	At1g09380	11
Q8GXF6	At4g19870	27
Q8GXM8	DTX2	14
Q8GXR2	PLT6	20
Q8GXR4	At2g20465	6
Q8GXS8	PKS3	20
Q8GXV6	At5g55132	4
Q8GY03	At5g58782	18
Q8GY39	At2g42885	4
Q8GY96	PGM	14
Q8GYH6	RTNLB16	9
Q8GYH8	SULTR4;2	26
Q8GYK2	At4g22300	10
Q8GYK7	At5g14285	5
Q8GYL5	RPS25D	6
Q8GYL7	At5g02830	51
Q8GYM2	At5g18950	27
Q8GYM4	REM14	28
Q8GYP6	At1g18900	49
Q8GYR4	At3g08620	14
Q8GYS4	AVT1D	15
Q8GYX8	ATJ10	17
Q8GZ43	At1g67325	11
Q8GZ63	At5g25630	30
Q8GZ92	BRXL4	20
Q8GZA4	CBSX6	19
Q8GZA6	At1g71210	56
Q8H0V1	At4g36390	35
Q8H0W0	LPA3	21
Q8H0W9	At5g10410	20
Q8H0X0	SAP2	9
Q8H124	At2g34460	14
Q8H184	At1g06470	19
Q8H1Q7	At4g30570	15
Q8H1R3	TBL24	19
Q8H1S4	At1g06650	20
Q8H2D0	REM7	11
Q8H2D1	REM8	27
Q8L3R2	CML41	11
Q8L443	SUPB	6
Q8L4X4	At5g41800	11
Q8L586	At4g09580	10
Q8L5T9	CYS2	10
Q8L5Z1	At1g33811	19
Q8L608	At5g61250	26
Q8L612	At1g14780	33
Q8L616	DTX25	10
Q8L6Y7	At2g38420	26
Q8L709	CHX28	29
Q8L731	DTX12	14
Q8L793	CID3	28
Q8L7A0	At2g25737	14
Q8L7A4	AGD11	20
Q8L7D0	DVL13	5
Q8L7G7	At4g22230	5
Q8L7H1	At4g14103	16
Q8L7H8	MPC2	5
Q8L7I4	At1g78200	19
Q8L7L5	AHL11	7
Q8L7R5	At3g23200	2
Q8L7Y9	NPC1	28
Q8L838	COG4	40
Q8L8C0	At2g36260	7
Q8L8L9	At4g22160	7
Q8L8M9	IQD33	21
Q8L8Q3	LBD25	10
Q8L8U9	At4g25830	3
Q8L8W6	RPL39B	1
Q8L924	At2g35760	8
Q8L936	At4g40080	23
Q8L986	OST4B	0
Q8L9B5	At4g16442	6
Q8L9G7	At2g31440	4
Q8L9J9	At4g34215	10
Q8L9S1	RPL18A1	2
Q8LAR7	At5g60510	15
Q8LB54	PRP38	18
Q8LB60	CYCU3-1	16
Q8LB80	SYF2	12
Q8LBI9	At5g18840	15
Q8LBM4	At2g16710	8
Q8LBN7	At4g33640	7
Q8LBP6	FTRA2	7
Q8LBQ7	ERF034	8
Q8LBV4	At1g78140	16
Q8LC76	CYS7	14
Q8LCH9	At3g53220	8
Q8LCL3	RPL27B	6
Q8LCL8	At3g57160	2
Q8LCQ3	At5g08565	6
Q8LD26	At1g56220	6
Q8LD63	PEP5	5
Q8LDK3	At1g76200	6
Q8LDS3	RTNLB18	24
Q8LE10	HVA22I	14
Q8LE26	At2g38480	6
Q8LE84	DVL18	7
Q8LEC0	At3g09960	16
Q8LED0	At5g60500	14
Q8LEM6	HVA22H	19
Q8LEV3	At2g30600/At2g30610	40
Q8LFD5	At4g13230	5
Q8LFJ9	GLIP7	18
Q8LFM0	LCR24	4
Q8LFP1	PRA1H	3
Q8LFV1	At4g29550	22
Q8LG10	GATA15	8
Q8LG32	At1g53870	11
Q8LG95	EMB1417	14
Q8LGC6	At1g33040	10
Q8LGD1	SP1L5	5
Q8LJW1	ACR7	28
Q8LPF1	At5g15980	39
Q8LPF4	AVT1E	16
Q8LPI0	At4g11521	8
Q8LPQ1	NET2C	47
Q8LPQ3	At3g50840	27
Q8LPS6	At1g02150	29
Q8RUC1	SOT4	19
Q8RV83	ARF70	17
Q8RW93	At4g00165	5
Q8RWE5	PIRL8	19
Q8RWE9	NAT5	15
Q8RWF5	DTX6	13
Q8RWJ4	At2g36325	19
Q8RWQ5	At5g54860	13
Q8RWU5	FBL3	38
Q8RX01	At3g05675	23
Q8RX32	At1g07450	11
Q8RX37	At1g07160	19
Q8RX63	RLP31	35
Q8RXK1	DTX23	15
Q8RXT9	At1g28590	20
Q8RXU5	RPL37AC	4
Q8RXY0	At3g63330	21
Q8RY74	PUP22	7
Q8RY83	PUP13	6
Q8RYD1	REM16	17
Q8S2T1	At2g17570	16
Q8S3W4	ZIP8	9
Q8S8C7	At2g16220	20
Q8S8D6	At2g20613	6
Q8S8E8	At2g24690	36
Q8S8F2	FBL11	29
Q8S8F5	EFL3	9
Q8S8H3	LCR5	5
Q8S8H9	LCR10	1
Q8S8I1	QWRF3	25
Q8S8L9	At2g32450	40
Q8S8P6	At2g32630	38
Q8S8P7	PSY3	4
Q8S8P9	ORP1B	26
Q8S8Q4	At2g44560	17
Q8S8Q7	PCMP-H25	26
Q8S8Q9	At2g43260	20
Q8S9J0	At2g36630	12
Q8S9M4	PCMP-H29	38
Q8SAA5	COPT4	3
Q8VWF6	SSL3	23
Q8VWV6	WRKY61	19
Q8VXX9	At4g14600	8
Q8VY22	TBL38	20
Q8VY63	At4g07390	7
Q8VY93	At4g26790	15
Q8VY97	At4g32130	11
Q8VYD3	SNRNP59	15
Q8VYD6	CBSPPR1	33
Q8VYG3	At3g43860	23
Q8VYH0	PCMP-H1	33
Q8VYL8	DTX10	13
Q8VYP2	At4g23590	24
Q8VYR3	TBL2	29
Q8VYR5	At4g35850	25
Q8VYS5	TBL18	28
Q8VYZ7	At3g28070	9
Q8VZ13	At1g08160	8
Q8VZ42	SAP11	19
Q8VZ67	At4g19190	26
Q8VZ96	DER2.1	8
Q8VZE2	NPF5.14	16
Q8VZE4	At4g01570	41
Q8VZK8	At2g15010	7
Q8VZM5	OSCA1.6	43
Q8VZM7	At5g02940	49
Q8VZN4	PPI4	16
Q8VZP4	GATA10	13
Q8VZQ0	At4g31240	17
Q8VZQ3	At1g17200	10
Q8VZQ5	NAT8	15
Q8VZR7	NPF5.1	19
Q8VZT3	SUGTL5	17
Q8VZU4	RPL2-C	13
Q8W0Z7	At3g05190	32
Q8W115	PRA1A3	7
Q8W246	ZIP7	11
Q8W3M3	RAP2-9	11
Q8W3M7	At4g06598	15
Q8W485	At5g50100	13
Q8W488	DTX21	15
Q8W4C2	UGT72B2	18
Q8W4F1	PAP10	17
Q8W4R9	At4g19185	13
Q93V85	At3g02690	4
Q93VG8	At4g17486	7
Q93VI0	S1FA3	2
Q93W28	At4g15545	15
Q93W93	At1g55270	22
Q93WC5	At4g01990	27
Q93WI0	At5g19370	21
Q93WT0	WRKY31	15
Q93WU6	WRKY74	16
Q93WV7	WRKY67	8
Q93XW7	At3g21810	24
Q93Y91	STP5	13
Q93YP9	At1g19450	13
Q93YU2	RUS6	23
Q93YW8	At4g18970	12
Q93YX4	APRL5	9
Q93Z13	BOR3	23
Q93Z27	CML46	16
Q93Z37	At1g69160	21
Q93Z38	TAR4	25
Q93Z51	At3g16190	8
Q93Z80	At3g05160	14
Q93ZA5	TBL46	9
Q93ZH1	TOR1L4	33
Q93ZK9	At5g18770	27
Q93ZX6	At3g58900	17
Q940A6	At4g19440	48
Q940H3	TBL36	19
Q940H8	FRL4B	27
Q940N9	DTX39	15
Q940Q2	At1g07590	28
Q940V3	UGT91A1	26
Q941A4	OBAP2A	17
Q941D1	HMGB12	10
Q941R6	MLP31	12
Q944H2	ABCI12	21
Q944J0	At2g22425	5
Q944R7	PRMT16	32
Q944X7	AOP3	18
Q944Z5	AOP1	17
Q944Z9	AOP2	19
Q945B6	AOP1.2	16
Q945L4	At5g40210	7
Q945M8	At3g53850	4
Q94A20	LFG5	5
Q94A64	At5g03970	22
Q94A78	At1g03400	18
Q94A87	OSCA2.2	32
Q94A88	At1g23970	21
Q94AA1	At3g09470	12
Q94AC1	STR6	32
Q94AD1	At1g48610	10
Q94AD8	At5g21040	26
Q94AF9	At3g05165	15
Q94AH3	At1g71900	10
Q94AI1	QWRF2	38
Q94AK6	SAG20	4
Q94AL1	DTX13	12
Q94AR4	CID2	8
Q94AZ8	At4g22212	1
Q94B40	SAP6	8
Q94B59	At5g09450	24
Q94BV5	At1g62600	27
Q94BY1	At3g52155	11
Q94C27	At1g70590	17
Q94C33	At3g51180	22
Q94C53	At4g27120	14
Q94C70	NAT2	15
Q94C98	PAT1H2	35
Q94CC0	At5g49945	20
Q94CI6	SFP2	18
Q94CJ8	At5g12440	31
Q94EI9	At3g14410	8
Q94FT1	COX17-2	5
Q94HV8	PUX15	15
Q94JR6	At3g59930	3
Q94JU2	At3g28050	12
Q94JX6	At5g18390	25
Q94K00	TBL28	18
Q94K18	EMB2752	6
Q94K41	SDR3b	12
Q94K98	At1g27200	36
Q94KB1	MLO14	28
Q94KE1	At1g77260	33
Q94LA9	CYCLASE3	10
Q94LW6	SULTR3;5	24
Q96261	LEA	3
Q96319	At5g10810	4
Q96331	HSP23.6	12
Q9ASR4	At5g27410	30
Q9AST6	At1g32410	3
Q9ASW8	WDL2	16
Q9ASZ8	At1g12620	41
Q9ASZ9	At1g60730	18
Q9C501	PCMP-E57	25
Q9C502	At1g33340	23
Q9C507	PCMP-E66	39
Q9C517	At1g66420	16
Q9C523	DIR19	11
Q9C557	WRKY64	7
Q9C560	INVF	29
Q9C578	At5g22100	21
Q9C591	ERF016	6
Q9C5B9	At1g10810	18
Q9C5D2	FBL4	33
Q9C5G7	PUX13	21
Q9C5J4	At3g22104	29
Q9C5K7	At1g06640	19
Q9C5L3	At3g47420	15
Q9C5M1	At3g19800	13
Q9C5X2	CYCJ18	15
Q9C637	RLP6	34
Q9C638	WEL2	41
Q9C648	At1g58430	15
Q9C654	PUP23	9
Q9C680	PI4KA2	25
Q9C688	At1g51120	23
Q9C689	NSE4A	17
Q9C698	FPP6	63
Q9C6A6	RLP13	39
Q9C6A8	RLP15	45
Q9C6A9	CYCA3-2	22
Q9C6B6	HRD3B	29
Q9C6D3	NHD2	9
Q9C6G2	PCMP-H67	28
Q9C6I7	VUP2	9
Q9C6M1	At1g25520	10
Q9C6M2	At1g25530	8
Q9C6P5	At1g50680	19
Q9C6R9	PCMP-A1	23
Q9C6S4	At1g31820	12
Q9C6S6	At1g31840	56
Q9C6T0	NIP3-1	9
Q9C6T2	PCMP-H11	32
Q9C6T7	FAX5	5
Q9C6X0	At1g32030	17
Q9C6Y4	CSI2	118
Q9C6Z0	At1g30090	19
Q9C733	At1g48640	9
Q9C748	TPS28	34
Q9C777	At3g11230	7
Q9C7A8	GINS2	12
Q9C7D7	At3g12180	3
Q9C7F1	At1g28020	36
Q9C7G4	TCP22	8
Q9C7J9	PP2B13	15
Q9C7P1	At1g29600/At1g29610	15
Q9C7P4	At1g29570	17
Q9C7Q1	SAUR66	5
Q9C7S1	FH12	16
Q9C7T1	SUPD	5
Q9C7V5	PCMP-E65	28
Q9C7W2	ERF061	6
Q9C866	PCMP-E55	31
Q9C870	At1g31390	13
Q9C884	At1g33170	37
Q9C891	DIR20	7
Q9C8B8	APUM17	20
Q9C8D6	At1g66100	7
Q9C8F7	RPL30A	6
Q9C8K0	At1g51480	47
Q9C8K7	At1g51550	27
Q9C8L6	PCMP-E63	35
Q9C8M1	At1g53660	9
Q9C8M4	NRPB12L	3
Q9C8P7	CYCT1-1	12
Q9C8S6	PP16-2	5
Q9C8T7	At1g63330	30
Q9C8T8	At1g63340	24
Q9C8T9	At1g63350	51
Q9C8U0	At1g63370	26
Q9C8V8	LBD5	4
Q9C8Y8	At1g66290	23
Q9C911	JJJ1	25
Q9C912	RPL35AC	5
Q9C919	ATL19	6
Q9C924	DD11	6
Q9C977	At1g80270	37
Q9C994	DTX14	13
Q9C996	GLIP6	16
Q9C9A2	At1g71060	27
Q9C9B2	ARP4A	8
Q9C9E1	SAUR78	4
Q9C9F0	WRKY9	16
Q9C9F4	At1g68190	16
Q9C9F6	APRR6	26
Q9C9G2	AEE22	29
Q9C9H9	PCMP-H70	40
Q9C9I2	ERF021	6
Q9C9I3	PCMP-A3	46
Q9C9I6	PCMP-E67	29
Q9C9I8	ERF020	4
Q9C9J0	At1g71680	12
Q9C9M2	At1g66690	22
Q9C9M4	At1g66720	19
Q9C9M8	DTX9	7
Q9C9R4	At1g78180	21
Q9C9U0	At1g73710	46
Q9C9U1	DTX17	15
Q9C9U7	RABA6A	13
Q9C9U8	CML26	12
Q9C9V0	At1g73610	11
Q9C9V6	At1g67900	36
Q9C9Z0	At3g08660	32
Q9C9Z1	At3g08650	16
Q9C9Z3	RER2	12
Q9CA04	At3g49480	23
Q9CA23	At1g77710	5
Q9CA27	ERF118	8
Q9CA30	LBD42	7
Q9CA36	VQ8	9
Q9CA54	PCMP-H71	32
Q9CA66	RKD2	9
Q9CA68	At1g74460	18
Q9CA73	PCMP-E68	20
Q9CAA5	At1g68980	30
Q9CAA8	PCMP-H22	43
Q9CAC7	CRRSP4	13
Q9CAF9	At1g67620	8
Q9CAG8	At1g67480	21
Q9CAJ9	At1g63850	26
Q9CAN0	At1g63130	32
Q9CAN5	At1g63080	34
Q9CAN6	At1g63070	29
Q9CAN9	ERF026	7
Q9CAP4	ERF013	5
Q9CAP9	FPP1	43
Q9CAR3	CBSCBS2	15
Q9CAR4	WRKY36	11
Q9CAR9	NPF2.14	17
Q9CAS1	TRX8	9
Q9CAT7	At1g73230	6
Q9CAV5	HIPP42	8
Q9CAX1	TBL8	20
Q9FDZ9	RPL21E	9
Q9FE58	RPL22C	6
Q9FE62	YLS8	5
Q9FE79	RABA4C	14
Q9FE91	ZFWD4	18
Q9FE98	TAR3	27
Q9FF12	At5g07800	28
Q9FF14	FH19	25
Q9FF15	FH16	38
Q9FF90	RPL13D	9
Q9FFA0	DUF10	31
Q9FFA1	GOLS5	21
Q9FFA2	DUF9	20
Q9FFB2	SCPL54	12
Q9FFB7	CHX9	35
Q9FFB8	CHX3	36
Q9FFC6	At5g22810	16
Q9FFE3	At5g16420	35
Q9FFE6	AAE5	17
Q9FFE9	AAE6	19
Q9FFG8	PCMP-H17	40
Q9FFK0	WOX7	7
Q9FFL3	LBD35	13
Q9FFM6	At5g35780	15
Q9FFT2	At5g54980	7
Q9FFU1	At5g54890	20
Q9FFV5	At5g38670	19
Q9FFW2	At5g38590	21
Q9FFW6	JAL44	29
Q9FFX0	RBL9	14
Q9FFX1	At5g38500	20
Q9FFZ2	At5g36300	17
Q9FFZ4	TBL9	21
Q9FG16	PCMP-H88	40
Q9FG39	At5g06050	34
Q9FG65	CYP81D1	31
Q9FG70	At5g55950	15
Q9FG71	EMB2731	12
Q9FG72	OPT1	20
Q9FG85	PCMP-E30	24
Q9FG90	At5g43740	49
Q9FG91	At5g43730	45
Q9FG94	SOT1	22
Q9FGB8	At5g36000	24
Q9FGC4	JAL42	24
Q9FGC5	JAL41	26
Q9FGC9	ERF121	6
Q9FGD1	RKD3	8
Q9FGD2	At5g66980	22
Q9FGE6	CID13	21
Q9FGE7	APUM26	14
Q9FGE9	TBL12	17
Q9FGF0	At5g64460	15
Q9FGG3	At5g64700	12
Q9FGH2	LSH5	9
Q9FGH6	CHX25	35
Q9FGK0	At5g47570	9
Q9FGK3	At5g47540	18
Q9FGL0	At5g47470	8
Q9FGL1	PCMP-E103	30
Q9FGM9	HSP23.5	12
Q9FGN1	At5g51420	17
Q9FGN4	At5g51370	22
Q9FGP6	NFYC5	7
Q9FGQ3	At5g53840	21
Q9FGR2	PCMP-E1	23
Q9FGR7	EMB1006	33
Q9FGS8	At5g50170	42
Q9FGU8	COPT3	6
Q9FGY4	At5g49610	18
Q9FGZ9	UBL5	4
Q9FH16	PRA1G2	3
Q9FH21	DTX55	18
Q9FH28	ATJ49	19
Q9FH50	APO3	22
Q9FH86	RLP57	11
Q9FH87	At5g65820	31
Q9FH94	ERF010	10
Q9FHB0	At5g60140	14
Q9FHB2	At5g58280	16
Q9FHB5	EDA41	24
Q9FHB6	DTX16	13
Q9FHD3	CRRSP59	9
Q9FHD5	CRRSP57	10
Q9FHE5	PP2A7	20
Q9FHE8	PP2A6	24
Q9FHE9	PP2A8	23
Q9FHF9	PCMP-H49	37
Q9FHG2	RPL32B	7
Q9FHH1	At5g57720	12
Q9FHI7	At5g45490	20
Q9FHJ2	At5g45440	21
Q9FHK9	MED26B	24
Q9FHL4	FTRA1	8
Q9FHP1	ACR1	22
Q9FHQ1	At5g37690	9
Q9FHQ9	At5g37610	11
Q9FHR3	PCMP-E37	32
Q9FHW9	At5g42170/At5g42160	21
Q9FHX8	At5g42060	4
Q9FHY1	ABIL4	16
Q9FI00	MLO11	28
Q9FI10	At5g44550	6
Q9FI40	BAHD1	20
Q9FI49	PCMP-H59	31
Q9FI66	DIR3	8
Q9FI70	At5g49000	19
Q9FI71	At5g48990	22
Q9FI72	At5g48980	21
Q9FI83	SPH28	8
Q9FI84	SPH27	8
Q9FI96	UGT76C3	20
Q9FI97	UGT76C5	22
Q9FI98	UGT76C4	17
Q9FIA1	At5g55050	20
Q9FIA9	PEP4	5
Q9FIB2	PCMP-H35	54
Q9FIE9	APUM16	15
Q9FIF3	RPS8B	9
Q9FIG6	DIR1	7
Q9FIG7	DIR2	6
Q9FIH2	PCMP-E102	29
Q9FII2	At5g42350	29
Q9FIK1	At5g47800	33
Q9FIQ0	AGD9	19
Q9FIR1	AHL8	12
Q9FIT2	LTP14	0
Q9FIT4	BFT	9
Q9FIT7	At5g61990	54
Q9FIT9	HSP21.7	14
Q9FIV3	SPH25	8
Q9FIX3	EMB2745	41
Q9FIX6	RPS15E	7
Q9FIY1	PLP4	23
Q9FIZ9	NIP4-1	9
Q9FJ06	TBL4	16
Q9FJ09	IMPA5	22
Q9FJ10	GATA16	10
Q9FJ24	BDG2	25
Q9FJ25	At5g41890	19
Q9FJ40	At5g45960	15
Q9FJ41	At5g45950	14
Q9FJ45	At5g45910	22
Q9FJ72	AT1	11
Q9FJ73	AT2	13
Q9FJ74	AT3	13
Q9FJ75	AT4	13
Q9FJ76	AT5	13
Q9FJ78	AT7	12
Q9FJ92	IMPA8	17
Q9FJD1	OPT8	19
Q9FJD2	OPT9	19
Q9FJE6	At5g59900	50
Q9FJF6	SAUR23	4
Q9FJF7	SAUR22	4
Q9FJF9	SAUR21	4
Q9FJH0	RABA1F	15
Q9FJH6	ABCF1	29
Q9FJK6	CYCC1-1	18
Q9FJK7	CYCC1-2	16
Q9FJL8	NRPB5L1	14
Q9FJQ2	ERF057	10
Q9FJQ5	EIL5	19
Q9FJT6	ET3	12
Q9FJT9	At5g56730	43
Q9FJU2	At5g56700	25
Q9FJV7	MCU5	15
Q9FJX8	DAR6	33
Q9FJX9	DAR7	34
Q9FJY9	PCMP-E38	32
Q9FK14	At5g53270	11
Q9FK15	At5g53260	7
Q9FK33	PCMP-H58	37
Q9FK53	At5g18180	4
Q9FK61	At5g18090	17
Q9FK62	SAUR24	4
Q9FK75	At5g45670	13
Q9FK93	EMB2744	45
Q9FKA5	At5g39570	17
Q9FKC1	At5g48750	15
Q9FKC3	At5g48730	29
Q9FKC8	At5g37990	19
Q9FKD0	At5g37970	17
Q9FKE7	FMO2	23
Q9FKF0	RTL3	46
Q9FKF2	ABCA11	41
Q9FKF6	CYCU4-3	11
Q9FKJ0	At5g60570	21
Q9FKL6	CBP60B	28
Q9FKM3	At5g57480	23
Q9FKQ1	DTX27	12
Q9FKQ2	At5g65370	20
Q9FKQ9	SOFL4	5
Q9FKR0	At5g38780	19
Q9FKR9	ZFWD3	24
Q9FKU9	At5g44390	29
Q9FKV5	At5g44330	29
Q9FKV8	DRMH2	3
Q9FKY5	MLO10	24
Q9FKZ0	At5g66910	46
Q9FKZ2	At5g66890	23
Q9FL08	At5g40240	7
Q9FL41	At5g07050	15
Q9FL53	FLA21	13
Q9FL54	ATJ6	12
Q9FL73	At5g54220	5
Q9FLB3	FKBP15-3	7
Q9FLB4	At5g05400	44
Q9FLC2	MO3	19
Q9FLF4	PUB27	25
Q9FLG8	At5g64500	15
Q9FLJ6	At5g61370	25
Q9FLK2	At5g61310	5
Q9FLL3	At5g41170	19
Q9FLL4	PUP12	5
Q9FLQ7	FH20	74
Q9FLS9	PCMP-E8	27
Q9FLU7	PP2B12	16
Q9FLX5	ABCG8	24
Q9FLX6	PCMP-H31	48
Q9FLY8	At5g39480	27
Q9FLZ9	PCMP-E16	31
Q9FM04	At5g62930	11
Q9FM20	NPF4.7	15
Q9FMA1	PCMP-E13	28
Q9FMD3	At5g16640	22
Q9FME5	COBL5	9
Q9FME8	OPT4	19
Q9FMF6	At5g64320	34
Q9FMG1	AMC3	17
Q9FMH4	APUM13	25
Q9FMH5	CYCA3-1	16
Q9FMK6	At5g63170	14
Q9FML6	RPS15F	10
Q9FMN1	WEL3	41
Q9FMP4	At5g12190	7
Q9FMQ1	At5g12100	44
Q9FMQ4	SPH3	8
Q9FMQ9	FAR7	18
Q9FMR1	ROPGAP1	14
Q9FMR3	NAC090	12
Q9FMU2	At5g14080	29
Q9FMV0	At5g63520	23
Q9FMV3	CBSCBSPB1	23
Q9FMW3	OFUT37	27
Q9FMX8	NIC3	5
Q9FMY4	At5g23160	14
Q9FMZ4	At5g42700	8
Q9FN26	UGT79B6	20
Q9FN28	UGT79B9	19
Q9FN32	At5g53940	6
Q9FN51	TET12	8
Q9FN67	At5g41330	21
Q9FN77	At5g17740	21
Q9FN78	At5g17730	23
Q9FN79	BDG5	26
Q9FNA5	At5g13670	15
Q9FNB3	At5g13600	27
Q9FNC1	DTX28	13
Q9FND4	WDS	31
Q9FND6	PCMP-H15	35
Q9FND7	PCMP-H14	33
Q9FND8	At5g40400	36
Q9FNE0	At5g40382	4
Q9FNE8	At5g40300	9
Q9FNG6	At5g06420	19
Q9FNG8	At5g06400	63
Q9FNI9	At5g22720	24
Q9FNJ5	At5g22660	28
Q9FNK5	At5g46170	18
Q9FNL3	DMP6	5
Q9FNL8	NPF5.3	24
Q9FNN7	PCMP-E20	26
Q9FNP2	At5g08460	10
Q9FNZ1	ZFWD2	19
Q9FNZ2	ZFWD1	15
Q9FPD5	At1g06120	10
Q9FRH3	At1g25240	23
Q9FRI5	PCMP-H74	41
Q9FRK5	At1g75140	35
Q9FT45	FLA15	16
Q9FT92	At5g08430	25
Q9FVS0	HIPP17	14
Q9FVV1	At1g71250	19
Q9FVV9	NAP5	15
Q9FVX2	At1g77360	29
Q9FWW8	At1g12190	21
Q9FWW9	At1g12200	28
Q9FX02	At1g47300	18
Q9FX08	At1g47380	23
Q9FX24	PCMP-H68	31
Q9FX28	KTI3	8
Q9FX35	At1g73400	27
Q9FX77	At1g16640	7
Q9FX89	At1g49610	25
Q9FX92	CXE3	11
Q9FXB6	LIP4	18
Q9FXI0	SAUR54	4
Q9FXI9	At1g19940	20
Q9FXJ1	At1g28570	19
Q9FY65	RPS15C	7
Q9FY66	RPS15B	7
Q9FY71	EXL4	13
Q9FY84	At5g09310	4
Q9FYB9	CHX11	31
Q9FYC0	CHX12	30
Q9FYC1	CHX4	32
Q9FYC7	PDAT2	33
Q9FYC8	At3g44820	26
Q9FYD3	At3g43570	14
Q9FYE4	CML50	7
Q9FYG3	At1g67300	13
Q9FZ19	At1g02420	29
Q9FZ24	At1g02370	27
Q9FZ32	At1g55000	12
Q9FZ35	PRP1	10
Q9FZ51	LSH8	9
Q9FZ57	TPS2	38
Q9FZ75	CML15	6
Q9FZ89	At1g28150	5
Q9FZ91	SOT7	19
Q9FZA4	DOF1.4	4
Q9FZD1	At1g26460	28
Q9FZF3	At1g47765	21
Q9FZH0	RPL35AB	5
Q9FZI8	LCAT1	20
Q9FZK1	FBX6	21
Q9GCB9	RPS2	16
Q9LDA7	At3g15260	14
Q9LDB4	LTP6	5
Q9LDD4	ARID2	33
Q9LDE3	At1g23390	18
Q9LDG2	TBL10	26
Q9LDH3	At1g12500	10
Q9LDM4	CYCB2-3	26
Q9LDW3	APUM11	35
Q9LDX3	UTR4	11
Q9LDZ1	VQ19	12
Q9LE22	CML27	12
Q9LEQ7	At5g14820	35
Q9LER0	At5g14770	44
Q9LEV7	At5g10820	16
Q9LEX5	At3g60980	23
Q9LEX6	At3g60960	22
Q9LEX8	At3g60930	43
Q9LF14	CRS2B	12
Q9LF20	At5g15620	25
Q9LF22	SP1L4	7
Q9LF30	RPS19B	10
Q9LF38	EDL1	13
Q9LF54	CML29	5
Q9LF55	CML32	10
Q9LF66	At5g17580	32
Q9LF88	At3g53040	20
Q9LF92	PP2A15	14
Q9LF97	CBSCBSPB3	24
Q9LFA4	IQM3	26
Q9LFC5	At5g01110	42
Q9LFE3	AVT1H	12
Q9LFI1	PCMP-E86	42
Q9LFJ9	UGT78D4	23
Q9LFL5	PCMP-H92	37
Q9LFN3	At5g11230	12
Q9LFQ4	At5g15010	29
Q9LFR1	NPF5.8	14
Q9LFT0	TBL19	15
Q9LFT1	TBL21	21
Q9LFV0	At5g15760	9
Q9LFV5	At5g15710	26
Q9LFW0	At5g15660	22
Q9LG15	At1g55950	13
Q9LG23	At1g55890	26
Q9LH02	FH17	23
Q9LH39	At3g19553	11
Q9LH43	RALFL27	3
Q9LH73	At3g14820	22
Q9LH89	At3g28850	24
Q9LHB1	FDM3	34
Q9LHD9	At3g28270	18
Q9LHI0	At3g12260	9
Q9LHJ2	UGT82A1	20
Q9LHK3	OST4A	0
Q9LHN5	PCMP-E92	39
Q9LHN7	At3g13620	10
Q9LHP1	RPL7D	15
Q9LHS0	At5g35200	26
Q9LHS8	LBD33	6
Q9LHT0	At5g06060	14
Q9LI61	AVT6A	12
Q9LI65	At3g30340	14
Q9LI84	CML16	8
Q9LIB3	BAG1	20
Q9LIB5	GATA17	12
Q9LIB6	COBL8	34
Q9LIC3	PCMP-H85	34
Q9LID5	DIR7	7
Q9LIE6	VQ22	3
Q9LIF8	JAL36	22
Q9LIG0	At3g21360	19
Q9LIH5	At3g18640	30
Q9LII8	KLCR2	30
Q9LII9	At3g27950	14
Q9LIJ0	LBD26	9
Q9LIJ4	VP22-2	7
Q9LIK5	CML11	6
Q9LIL5	At3g15200	33
Q9LIM6	At3g26490	32
Q9LIP3	CYP71B37	27
Q9LIP4	CYP71B36	26
Q9LIP5	CYP71B35	27
Q9LIQ7	PCMP-H87	30
Q9LIR2	At3g23955	23
Q9LIS1	CER26L	18
Q9LJ45	CYCU1-1	13
Q9LJ69	PCMP-E93	27
Q9LJA6	UGT79B4	17
Q9LJF9	At3g26920	21
Q9LJI9	PCMP-E80	30
Q9LJJ1	PCMP-E79	31
Q9LJJ5	At3g28610	25
Q9LJK4	At3g19250	12
Q9LJN4	BXL5	46
Q9LJP2	At3g14220	17
Q9LJQ5	RTNLB9	6
Q9LJR6	PCMP-E96	35
Q9LJU6	FAX6	5
Q9LJW1	CRRSP14	19
Q9LJW2	CRRSP13	16
Q9LJW7	RLP43	28
Q9LJX5	At3g20240	20
Q9LJY7	CYP705A20	25
Q9LK08	At3g24360	20
Q9LK16	AMT1-5	10
Q9LK18	APUM25	8
Q9LK31	At3g27220	21
Q9LK32	Y-2	13
Q9LK38	SBP3	26
Q9LK57	At3g13160	25
Q9LK58	At3g13150	24
Q9LK76	IQD26	20
Q9LK86	At3g27910	22
Q9LK99	RABA1G	15
Q9LKA0	IQD10	14
Q9LKA9	B3GALT13	18
Q9LKR4	FRS10	35
Q9LKR6	JAL40	23
Q9LM24	At1g18265	13
Q9LM50	EMB2204	20
Q9LM83	WOX10	9
Q9LM90	At1g20600	9
Q9LM91	CYCB2-5	16
Q9LMC8	MYOB5	27
Q9LME8	UGT85A7	22
Q9LMF0	UGT85A5	22
Q9LMF1	UGT85A3	17
Q9LMH5	At1g13800	53
Q9LMH6	FDM4	44
Q9LMI4	At1g06350	12
Q9LMJ1	CHX14	29
Q9LMJ3	At1g06990	9
Q9LMK0	RPL35AA	5
Q9LMK2	LSH6	12
Q9LMN1	PIP5K10	20
Q9LMP6	At1g15890	51
Q9LMR5	At1g15670	22
Q9LMS5	At1g18120	12
Q9LMU7	ENODL22	5
Q9LMX3	At1g13755	5
Q9LMY5	At1g13630	46
Q9LN05	SMR16	4
Q9LN22	At1g20300	26
Q9LN27	TIM17-1	10
Q9LN69	At1g19290	46
Q9LNA5	ACR8	25
Q9LNB9	LBD2	12
Q9LNC0	At1g06270	16
Q9LNC2	At1g06250	22
Q9LND4	PCMP-E61	33
Q9LND8	At1g06100	11
Q9LND9	At1g06090	10
Q9LNE7	CML7	12
Q9LNF4	At1g48040	16
Q9LNF6	At1g48060	21
Q9LNH5	At1g48230	9
Q9LNI2	APUM22	21
Q9LNK7	At1g34470	9
Q9LNL1	At1g34520	13
Q9LNN1	At1g53060	17
Q9LNN2	At1g53070	14
Q9LNN3	At1g53080	14
Q9LNP2	PCMP-E72	45
Q9LNU6	PCMP-H21	40
Q9LP03	PCMP-E58	35
Q9LP10	At1g43920	8
Q9LP21	APUM10	22
Q9LP37	RPL34	5
Q9LP41	HIPP29	6
Q9LP56	WRKY65	8
Q9LP74	At1g48510	20
Q9LPC4	At1g01970	28
Q9LPG3	MSL4	54
Q9LPJ2	At1g32710	7
Q9LPK5	CML44	9
Q9LPK7	AEE10	23
Q9LPM8	BCAT7	20
Q9LPQ8	ALMT3	27
Q9LPR6	TET11	9
Q9LPS8	UGT79B5	19
Q9LPV3	RPL27AA	7
Q9LPW2	At1g12870	27
Q9LPX2	At1g12775	39
Q9LQ14	At1g62930	35
Q9LQ15	At1g62914	24
Q9LQ16	At1g62910	33
Q9LQ28	ERF022	7
Q9LQ31	JAL4	37
Q9LQ36	At1g33840	13
Q9LQ46	At1g59680	20
Q9LQ65	BZIP4	4
Q9LQ81	ADF10	8
Q9LQI6	SAUR77	6
Q9LQI7	At1g17350	11
Q9LQL4	At1g32430	23
Q9LQM3	At1g32360	15
Q9LQN4	CML17	10
Q9LQQ0	DIR25	2
Q9LQQ1	At1g07740	30
Q9LQR0	LBD1	12
Q9LQS1	AAE8	19
Q9LQW4	At1g14686	20
Q9LQX4	DOF1.3	14
Q9LQZ0	PUP15	15
Q9LR00	SAUR51	4
Q9LR09	HVA22G	11
Q9LR57	At1g03700	7
Q9LR67	At1g03560	34
Q9LR69	PCMP-E4	34
Q9LR72	PCMP-E3	25
Q9LR74	NAC006	7
Q9LR97	At1g23950	17
Q9LRK0	CRRSP37	16
Q9LRK1	CRRSP36	15
Q9LRK2	CRRSP35	15
Q9LRK3	CRRSP34	13
Q9LRK4	CRRSP33	16
Q9LRK5	CRRSP32	14
Q9LRK6	CRRSP31	15
Q9LRK8	CRRSP29	16
Q9LRK9	CRRSP28	17
Q9LRL0	CRRSP27	16
Q9LRL1	CRRSP26	13
Q9LRL2	CRRSP25	13
Q9LRL4	CRRSP24	16
Q9LRL6	CRRSP23	13
Q9LRL7	CRRSP22	13
Q9LRL8	CRRSP21	15
Q9LRL9	CRRSP20	22
Q9LRM0	CRRSP19	11
Q9LRM1	CRRSP18	11
Q9LRM2	CRRSP17	14
Q9LRM3	CRRSP16	19
Q9LRN6	CML22	13
Q9LRP2	At3g17430	9
Q9LRQ1	At3g29740	7
Q9LRQ7	At3g29680	25
Q9LRR6	CID9	16
Q9LRS5	At3g28100	11
Q9LRV2	PCMP-A5	41
Q9LRV8	PIRL2	23
Q9LRV9	PCMP-E89	29
Q9LRW1	LBD22	11
Q9LRW3	SCL29	20
Q9LRX6	At3g24850	15
Q9LS06	ARF14	21
Q9LS10	At5g38100	16
Q9LS16	UGT76E7	16
Q9LS19	DTX30	10
Q9LS21	UGT76E9	19
Q9LS23	ALMT13	21
Q9LS28	GTE12	26
Q9LS43	PCR7	6
Q9LS44	PCR4	3
Q9LS45	PCR5	3
Q9LS54	VQ20	11
Q9LS68	PEN7	32
Q9LS72	PCMP-E27	36
Q9LS79	RLP38	32
Q9LS99	ATL77	9
Q9LSB8	PCMP-E51	36
Q9LSE8	NPF4.2	19
Q9LSF0	NPF4.1	21
Q9LSF5	At3g25210	16
Q9LSG0	RALFL25	5
Q9LSL8	PCMP-H47	47
Q9LSM0	UGT91B1	18
Q9LSM5	At5g65490	32
Q9LSP6	At3g17010	18
Q9LSS4	TET4	15
Q9LSS8	APUM19	15
Q9LSW2	ARP9	30
Q9LSW6	At5g43450	15
Q9LSW7	At5g43440	12
Q9LSY5	UGT71B7	19
Q9LSZ0	APO4	17
Q9LT24	At3g19850	27
Q9LT45	GATA29	8
Q9LT48	PCMP-E94	33
Q9LT71	RTNLB11	8
Q9LT81	At3g19360	14
Q9LTA2	AHL17	9
Q9LTA3	UGT91C1	21
Q9LTA8	JAL46	32
Q9LTD8	CBSDUF5	21
Q9LTD9	At5g52780	7
Q9LTE1	HIPP14	6
Q9LTE3	HIPP12	5
Q9LTE4	HIPP11	8
Q9LTF4	PCMP-H52	32
Q9LTH3	UGT76E1	20
Q9LTH7	At5g59540	15
Q9LTH8	At5g59530	17
Q9LTI3	At5g59470	11
Q9LTJ2	SMR14	9
Q9LTJ8	MBD13	41
Q9LTL0	CYP71B26	28
Q9LTL2	CYP71B25	28
Q9LTL8	CYP71B24	29
Q9LTM1	CYP71B22	26
Q9LTM2	CYP71B21	27
Q9LTM6	CYP71B17	29
Q9LTM7	CYP71B16	28
Q9LTP6	At3g20460	15
Q9LTV8	PCMP-H43	34
Q9LTX4	At5g49960	40
Q9LTY2	JAL48	30
Q9LU76	At5g57100	13
Q9LU92	GT-4	17
Q9LU94	PCMP-E46	34
Q9LUA2	ERF119	8
Q9LUA9	COL10	11
Q9LUB9	At5g48130	34
Q9LUC2	PCMP-E31	39
Q9LUC6	CYP72A14	24
Q9LUC8	CYP72A13	26
Q9LUC9	CYP72A11	27
Q9LUD6	At3g14580	26
Q9LUE0	TPS19	29
Q9LUE2	TPS18	30
Q9LUE4	HSD6	19
Q9LUF2	HSD7	16
Q9LUH3	DTX18	13
Q9LUJ4	At3g22670	33
Q9LUJ6	At3g22650	19
Q9LUN2	YSL5	22
Q9LUR2	At3g16710	22
Q9LUS3	PCMP-E91	37
Q9LUU7	At3g17250	22
Q9LUV4	FRL4A	24
Q9LV20	At3g18200	11
Q9LV26	At3g18150	22
Q9LV35	AIP1-2	33
Q9LV55	At3g24510	4
Q9LV60	CRRSP55	18
Q9LV63	At5g48510	15
Q9LV81	At5g64970	20
Q9LV88	PEP2	5
Q9LVB0	AHL6	8
Q9LVC9	RPP3B	4
Q9LVD2	CYP71B10	26
Q9LVD3	At5g57250	53
Q9LVD4	ORP4C	16
Q9LVE4	OSCA1.5	39
Q9LVF9	PCMP-E29	24
Q9LVG1	At5g60130	15
Q9LVG3	APUM18	17
Q9LVG9	At5g60050	24
Q9LVK2	At3g13980	19
Q9LVP7	TPS16	36
Q9LVQ4	At5g55860	37
Q9LVQ5	At5g55840	59
Q9LVR4	At5g66660	21
Q9LVR6	DAR3	24
Q9LVT1	At5g47280	34
Q9LVT3	At5g47260	52
Q9LVT4	At5g47250	53
Q9LVU8	RKD4	8
Q9LVV3	PHYL2.2	12
Q9LVV5	At5g52970	12
Q9LVX1	At3g27700	47
Q9LVX2	SPH31	7
Q9LVX6	SMR7	5
Q9LVZ6	At3g15830	9
Q9LVZ8	At3g15810	12
Q9LW09	At3g15700	18
Q9LW23	SPH22	6
Q9LW24	SPH23	6
Q9LW32	PCMP-H34	32
Q9LW60	At3g23360	16
Q9LW63	PCMP-H32	37
Q9LW64	At3g23325	5
Q9LW84	At3g16010	35
Q9LX15	DFC	8
Q9LX16	EIL4	19
Q9LX26	CML1	10
Q9LX27	CML4	11
Q9LX55	At3g59160	22
Q9LX56	At3g59150	25
Q9LX73	At3g46220	42
Q9LX85	ZAT8	9
Q9LX88	RPS15AD	9
Q9LXB4	At5g10620	9
Q9LXB5	FLP2	7
Q9LXB7	PELPK2	6
Q9LXC0	At5g09550	20
Q9LXC5	APUM21	19
Q9LXE1	REM23	17
Q9LXE8	PCMP-H91	36
Q9LXF2	PCMP-E40	24
Q9LXF4	At5g15280	76
Q9LXF8	AVT1J	13
Q9LXG8	WRKY72	19
Q9LXN8	HDA17	8
Q9LXQ8	At3g58940	27
Q9LXU8	At5g12910	5
Q9LXV0	UGT92A1	19
Q9LXV4	At5g12850	30
Q9LXX8	At3g56620	12
Q9LXY5	PCMP-H80	27
Q9LXY6	SCPL53	11
Q9LXZ5	ASNAP1	19
Q9LXZ8	At3g56420	5
Q9LY05	ERF106	7
Q9LY16	CYCU4-2	11
Q9LY43	At3g56030	14
Q9LY56	At3g55890	7
Q9LY84	At5g14450	19
Q9LY99	PHB5	14
Q9LYC5	GRXC14	5
Q9LYC6	GRXC11	5
Q9LYC8	GRXS6	4
Q9LYD5	NPF1.3	8
Q9LYG1	TIM17-3	6
Q9LYH0	At5g12050	16
Q9LYL3	At3g56300	25
Q9LYL6	At3g56270	28
Q9LYL9	At3g56230	14
Q9LYM3	At3g56180	9
Q9LYN3	At3g56080	30
Q9LYN6	At3g56050	22
Q9LYR6	NPF6.1	21
Q9LYS9	At3g59070	14
Q9LYV3	PCMP-H89	43
Q9LYW0	At5g03250	24
Q9LYY6	At5g02995	19
Q9LYZ9	At5g02860	37
Q9LZ17	RPS17D	4
Q9LZ25	At5g04720	38
Q9LZA4	At5g04060	31
Q9LZB2	At5g03980	13
Q9LZC5	At5g03820	12
Q9LZM0	CYCD7-1	18
Q9LZM5	At5g02060	3
Q9LZP3	At3g62470	35
Q9LZP6	At3g62440	24
Q9LZQ0	At3g62400	5
Q9LZQ1	TBL6	23
Q9LZR8	At5g03700	24
Q9LZS7	At5g03610	17
Q9LZS8	At5g03600	15
Q9LZS9	At5g03590	17
Q9LZT3	ADF11	8
Q9LZV8	ATL74	7
Q9LZV9	LTP10	4
Q9LZW3	PUB16	40
Q9LZX5	ZPR2	5
Q9LZY4	At3g60790	29
Q9LZZ7	At3g60660	17
Q9M007	CHX27	31
Q9M008	CHX26	28
Q9M028	At5g01460	9
Q9M051	UGT76F2	26
Q9M052	UGT76F1	24
Q9M056	ROPGEF6	30
Q9M063	At4g40100	11
Q9M080	ERF043	9
Q9M095	At4g30650	2
Q9M096	FBL19	21
Q9M0B7	TET9	12
Q9M0B8	At4g30420	10
Q9M0C2	EGC1	4
Q9M0D0	ABCE3	8
Q9M0F1	LCR27	4
Q9M0F2	LCR26	5
Q9M0F3	LCR22	4
Q9M0G2	At4g29190	13
Q9M0L3	At4g25040	8
Q9M0M4	At4g17270	18
Q9M0P3	UGT79B7	18
Q9M0S0	MED20B	7
Q9M0T1	LTP15	7
Q9M0U1	ARF46	8
Q9M0U6	FBL22	12
Q9M0U8	FBL21	15
Q9M0Y1	ENT5	13
Q9M0Z9	At4g04760	12
Q9M122	At4g01600	14
Q9M130	At4g01440	12
Q9M145	RTNLB7	6
Q9M160	At4g00950	14
Q9M171	NPF2.1	13
Q9M174	NPF2.2	19
Q9M190	At3g42770	27
Q9M1A7	JAL38	23
Q9M1B0	NLP9	43
Q9M1B5	RBL13	4
Q9M1C2	CPN10-1	9
Q9M1D1	BGLU27	21
Q9M1E1	NPF2.6	18
Q9M1G8	DJ1F	16
Q9M1H3	ABCF4	31
Q9M1I1	At3g54460	72
Q9M1I2	NPF5.4	23
Q9M1J0	At3g57100	21
Q9M1J7	SSL8	19
Q9M1N8	HDA10	7
Q9M1Q1	At3g62230	24
Q9M1T7	At3g45220	18
Q9M1V1	SOT6	19
Q9M1V4	At3g63360	5
Q9M1V8	At3g63320	19
Q9M1Y3	SKIP35	34
Q9M202	ZAT9	12
Q9M205	CYCU2-2	17
Q9M210	ERF035	8
Q9M290	NAC061	9
Q9M2A1	At3g42630	24
Q9M2B3	At3g42800	15
Q9M2C0	At3g43660	8
Q9M2C4	At3g61400	21
Q9M2C8	At3g61360	30
Q9M2C9	SKIP4	21
Q9M2G8	IQM6	31
Q9M2H2	At3g58440	19
Q9M2H5	At3g58410	13
Q9M2H6	At3g58400	19
Q9M2H7	PEL2	22
Q9M2H8	At3g58380	10
Q9M2H9	At3g58370	19
Q9M2I5	CRRSP61	19
Q9M2I9	At3g58270	22
Q9M2J1	At3g58250	16
Q9M2J5	At3g58210	16
Q9M2P8	VQ25	7
Q9M2R9	At3g50400	20
Q9M2S0	At3g55590	17
Q9M2U0	At3g55390	9
Q9M2U3	At3g55350	15
Q9M2U4	SRS6	8
Q9M2V5	ABCG18	35
Q9M2V6	ABCG17	29
Q9M2W6	VDAC5	15
Q9M2W8	At3g49900	24
Q9M2Y3	RLP44	11
Q9M2Y4	PCMP-E84	30
Q9M2Y7	PCMP-H79	39
Q9M2Z5	At3g48880	18
Q9M302	At3g48810	36
Q9M316	At3g61520	45
Q9M331	NPF5.7	21
Q9M338	AKR4C11	19
Q9M349	LEA37	7
Q9M392	RTNLB12	7
Q9M3A3	ABIL2	18
Q9M3B7	At3g49150	25
Q9M3C8	DIR24	3
Q9M3D2	RPL35C	6
Q9M5P6	RSH2	34
Q9M5W9	MBP2	28
Q9M7X7	RPL29A	2
Q9M815	PCR8	4
Q9M833	At3g04540	4
Q9M836	LSH2	8
Q9M891	At3g02490	39
Q9M896	TBL20	23
Q9M897	DMP5	9
Q9M8K2	REM21	11
Q9M8L2	At1g80440	18
Q9M8M3	At1g80550	31
Q9M8M5	ERF084	12
Q9M8M6	WRKY66	9
Q9M8N2	RTL1	9
Q9M8T3	At3g02910	11
Q9M8T5	At3g02930	46
Q9M8T8	EXL6	14
Q9M8U4	At3g03030	22
Q9M8W9	At3g04130	27
Q9M8X2	SNRNP48	38
Q9M8X9	RPS16B	11
Q9M8Y9	KTI7	3
Q9M9A5	PCR6	5
Q9M9B2	ERF117	10
Q9M9C6	At1g68410	23
Q9M9E7	UGT85A4	21
Q9M9M3	At3g05730	2
Q9M9R4	AHL28	6
Q9M9R6	PCMP-A4	28
Q9M9T0	At1g14315	16
Q9MA85	PCMP-E83	32
Q9MA93	At3g05260	14
Q9MA95	PCMP-E82	28
Q9MAA1	At3g05180	20
Q9MAH4	ABCG10	23
Q9MAP1	At1g33020	25
Q9MAT2	PCMP-H64	42
Q9MBG5	CML45	14
Q9S728	PDF1	5
Q9S733	At2g40240	17
Q9S784	HVA22C	8
Q9S7F4	PCMP-H36	41
Q9S7I2	AIR1	2
Q9S7P8	SP1L3	3
Q9S7R3	LSH10	9
Q9S7R5	TSF	7
Q9S7V4	HVA22A	7
Q9S837	TIM23-3	9
Q9S9X4	FBL8	29
Q9S9Z7	At1g34750	19
Q9SA00	APRL4	19
Q9SA22	At1g16220	26
Q9SA32	CYCB3-1	18
Q9SA37	CHX1	30
Q9SA60	At1g03100	38
Q9SA63	LFG4	6
Q9SA68	GRXS1	4
Q9SA69	At1g03010	29
Q9SA71	At1g30560	12
Q9SAA6	At1g11710	31
Q9SAB0	DTX36	11
Q9SAB4	At1g11630	22
Q9SAD3	SMR8	6
Q9SAD9	At1g13040	28
Q9SAE3	CYP71B28	31
Q9SAF4	At1g13200	23
Q9SAH2	At1g80880	31
Q9SAI1	FDM5	32
Q9SAI5	RPL7A	16
Q9SAJ5	At1g79540	47
Q9SAJ7	MTP9	22
Q9SAK0	EMB2217	48
Q9SAK8	CHX2	34
Q9SB41	At4g25220	12
Q9SB79	REM4	32
Q9SB80	REM5	21
Q9SCJ8	At3g49610	25
Q9SCK2	LSU3	6
Q9SCP1	MYB27	12
Q9SCP4	At3g53170	16
Q9SCP6	UGT73D1	22
Q9SCQ7	At3g50690	13
Q9SCS3	At3g50520	13
Q9SCS4	LBD28	8
Q9SCS7	HR3	12
Q9SCS8	HR2	13
Q9SCT2	PCMP-E85	37
Q9SCU0	SDR2a	15
Q9SCW7	SUGTL4	14
Q9SCZ0	LTP12	2
Q9SD02	At3g51470	16
Q9SD07	SSL4	16
Q9SD20	At3g51280	29
Q9SD22	At3g51250	22
Q9SD25	SOT2	4
Q9SD33	At3g51130	14
Q9SD34	At3g51120	62
Q9SD39	At3g51070	54
Q9SD53	At3g47200	27
Q9SD88	At5g07960	4
Q9SDA8	FBL10	35
Q9SDS8	MYB8	13
Q9SE96	FIP1	16
Q9SEZ9	TBL30	20
Q9SF57	OST4C	0
Q9SF78	At1g71691	17
Q9SF92	RABC2B	12
Q9SF94	At3g09930	18
Q9SFC4	OFUT24	31
Q9SFC7	At3g07870	20
Q9SFV9	At3g07290	48
Q9SFW5	AEE21	19
Q9SG10	CID10	21
Q9SGA0	ACR6	21
Q9SGA8	UGT83A1	16
Q9SGD1	WIP3	18
Q9SGQ6	At1g76280	43
Q9SGS5	At1g76070	16
Q9SGU2	SAUR71	5
Q9SGX9	ESFL1	4
Q9SH22	At1g63360	49
Q9SH25	At1g63390	11
Q9SH40	CRRSP8	16
Q9SH41	CRRSP7	8
Q9SH42	CRRSP6	9
Q9SH43	CRRSP5	14
Q9SH58	MAKR2	22
Q9SH60	At1g64100	30
Q9SH88	At2g37990	18
Q9SHD0	ZAT4	12
Q9SHD3	CYCU2-1	14
Q9SHF2	AGO3	48
Q9SHJ8	At1g06550	26
Q9SHK2	At1g06580	27
Q9SHM1	ALMT6	26
Q9SHP6	At1g28610	21
Q9SHT2	At2g05420	14
Q9SHT3	At2g05410	16
Q9SHU5	At2g15310	8
Q9SHV5	At2g01920	17
Q9SHY1	At1g65740	18
Q9SHY2	YSL7	21
Q9SHZ3	NAT1	16
Q9SHZ5	UBA1B	13
Q9SHZ8	PCMP-H41	39
Q9SI13	SFH10	34
Q9SI78	At1g62720	23
Q9SI87	At2g10550	11
Q9SIA1	DTX5	11
Q9SIA3	DTX4	15
Q9SIA4	DTX3	13
Q9SIC3	At2g31460	5
Q9SIE4	ERF056	15
Q9SIF3	At2g04020	12
Q9SIF5	At2g03980	10
Q9SIG9	SAUR12	6
Q9SII5	EXL5	16
Q9SII7	PCMP-E77	47
Q9SIJ3	At2g21680	24
Q9SIL5	PCMP-E78	26
Q9SIN2	TBL39	17
Q9SIP0	RABA5D	16
Q9SIP6	CRRSP10	11
Q9SIQ2	At2g31550	13
Q9SIQ3	At2g31540	13
Q9SIR9	At2g25240	17
Q9SIT6	ABCG5	33
Q9SIU9	At2g20620	15
Q9SIW5	RPS25A	6
Q9SIX3	RBG1	10
Q9SIZ6	At2g40250	13
Q9SIZ9	PEP6	4
Q9SJ04	SKIP6	22
Q9SJ06	At2g21930	15
Q9SJ09	WRKY59	10
Q9SJ29	At2g05330	11
Q9SJ32	At2g05300	21
Q9SJ36	RPS17B	4
Q9SJ41	At2g05160	27
Q9SJ54	NHL12	12
Q9SJ73	PCMP-E74	35
Q9SJ98	At2g24670	15
Q9SJA7	At2g24580	19
Q9SJA9	At2g24560	12
Q9SJB4	At2g04570	15
Q9SJE8	ALMT2	14
Q9SJG6	PCMP-E75	31
Q9SJH6	RLP29	23
Q9SJJ7	ATL57	9
Q9SJK9	PCMP-E73	28
Q9SJL0	UGT86A1	15
Q9SJM1	ACR10	25
Q9SJM6	SAP4	9
Q9SJN2	At2g36240	29
Q9SJN6	CML31	10
Q9SJQ5	CBSCBSPB2	21
Q9SJR0	ERF024	1
Q9SJU8	At2g21290	5
Q9SJZ3	PCMP-E28	35
Q9SJZ5	RABA4E	11
Q9SK28	FH18	59
Q9SK39	MP3	5
Q9SK49	At2g24830	20
Q9SK67	ERF120	5
Q9SK74	At2g20280	22
Q9SK87	At1g22440	22
Q9SK99	NPF5.15	18
Q9SKC1	UGT74C1	24
Q9SKE0	SDH8	1
Q9SKH2	PRL1-IFG	33
Q9SKJ7	At2g25520	12
Q9SKK5	RLP20	31
Q9SKN3	At2g28370	2
Q9SKN6	GATA13	12
Q9SKN7	SMR11	9
Q9SKP9	PRP2	18
Q9SKQ2	DIR4	7
Q9SKQ4	PCMP-E48	35
Q9SKU6	At2g20710	28
Q9SKX8	RPL27A	6
Q9SKZ3	RPS12C	9
Q9SL48	SLY1	30
Q9SL74	At2g20070	3
Q9SLE0	At2g16790	8
Q9SLG8	SSL2	23
Q9SLI8	B''DELTA	31
Q9SLL2	At1g54200	15
Q9SLL7	RPL31A	4
Q9SLN1	FPP7	55
Q9SLV1	ZW2	8
Q9SM27	MYB104	14
Q9SMM9	CXE13	16
Q9SMN4	At3g48650	15
Q9SMP2	SEC61G3	3
Q9SMT4	RPL13C	9
Q9SMU4	At3g49070	20
Q9SMU7	SRP9	6
Q9SMY8	FBL15	36
Q9SMZ2	PCMP-H53	56
Q9SMZ3	FBX13	21
Q9SMZ9	At4g33100	5
Q9SN10	FBL16	28
Q9SN21	At3g49970	22
Q9SN26	PHYL1.1	13
Q9SN36	NRAMP5	12
Q9SN45	DOGL2	13
Q9SN47	DOGL1	15
Q9SN52	LSH9	10
Q9SN85	PCMP-H76	29
Q9SN89	CML47	7
Q9SNB0	UGT76E6	20
Q9SND9	At3g50280	25
Q9SPE5	GSNAP	18
Q9SQN2	At1g79710	15
Q9SQR4	At3g03980	16
Q9SQU2	At3g06390	5
Q9SQU4	At3g06410	12
Q9SQZ0	CAT7	14
Q9SQZ1	RPS17C	4
Q9SQZ9	At3g04780	9
Q9SR00	At3g04760	27
Q9SR01	PCMP-E81	32
Q9SR07	WRKY39	18
Q9SR23	PAE4	15
Q9SR25	AEL2	8
Q9SR32	At3g09310	11
Q9SR44	At1g67640	9
Q9SR64	ENT2	8
Q9SR77	At3g10130	17
Q9SR82	PCMP-H84	33
Q9SR92	STR10	16
Q9SR93	At3g08930	9
Q9SR97	At3g08990	6
Q9SRE5	At1g76660	13
Q9SRI2	NPF5.9	20
Q9SRK6	RPL37AB	4
Q9SRL7	RLP35	32
Q9SRL8	LBD21	8
Q9SRM5	CPRD49	11
Q9SRM9	ALMT8	24
Q9SRN0	NHL1	11
Q9SRP4	CML33	8
Q9SRP5	CML34	7
Q9SRP7	CML28	5
Q9SRQ5	At3g03510	28
Q9SRR1	FBL12	18
Q9SRR7	CML3	11
Q9SRS5	RABA5B	18
Q9SRT7	COBL1	18
Q9SRX7	RPL22A	5
Q9SS00	AAE12	32
Q9SS03	DIR21	9
Q9SS31	CML36	12
Q9SS37	RTNLB8	8
Q9SS40	At3g10290	14
Q9SS60	PCMP-H23	47
Q9SS81	At3g09060	37
Q9SS83	PCMP-E88	55
Q9SS97	PCMP-E87	40
Q9SS98	At3g01570	5
Q9SSA7	GLIP5	13
Q9SSB8	COX5B-2	12
Q9SSF9	At1g74750	47
Q9SSG5	BOR5	26
Q9SSK5	MLP43	11
Q9SSK7	MLP34	15
Q9SSM9	LBD7	9
Q9SSR0	RBL5	13
Q9SSR1	At1g52590	9
Q9SSR6	At1g52640	28
Q9SSR8	At1g52660	20
Q9SSS5	At1g52710	4
Q9STE1	PCMP-E36	40
Q9STE3	UGT76E4	15
Q9STE6	UGT76E5	15
Q9STE7	RPP13L3	47
Q9STF1	REM22	15
Q9STK5	At3g48250	37
Q9STK7	CYP71A26	28
Q9STL0	CYP71A23	25
Q9STL1	CYP71A22	26
Q9STL2	CYP71A21	23
Q9STL8	At3g48380	35
Q9STM4	At3g48440	16
Q9STN7	BOB2	16
Q9STP2	PHYL2.1	14
Q9STQ6	SOT3	17
Q9STR1	RPL31B	4
Q9STS9	PCMP-E43	34
Q9STU1	SRO4	14
Q9STW5	At4g24290	23
Q9STY7	HSD3	12
Q9STY8	HSD2	11
Q9STZ2	At3g47300	7
Q9STZ8	ENODL19	9
Q9SU75	HTT4	19
Q9SUA4	OPT5	21
Q9SUB0	DOF4.3	7
Q9SUC9	At4g28100	14
Q9SUD4	TET7	10
Q9SUD5	At4g28040	12
Q9SUD8	At4g28010	39
Q9SUF1	At4g08290	12
Q9SUF4	At4g08260	14
Q9SUF5	SCL26	17
Q9SUF9	PCMP-E100	35
Q9SUK8	ERF039	6
Q9SUK9	At4g16580	21
Q9SUP0	At4g20390	5
Q9SUP7	HMGB6	26
Q9SUS0	At4g23560	20
Q9SUS4	RHA1A	9
Q9SUU1	BOR7	22
Q9SUU7	PCMP-H63	26
Q9SUV2	At4g32390	13
Q9SUW4	LPPB	7
Q9SV01	At3g52030	19
Q9SV09	At3g51950	31
Q9SV26	PCMP-H65	42
Q9SV46	At3g54980	40
Q9SV82	At4g10400	26
Q9SVA1	At4g39570	15
Q9SVA5	PCMP-E52	38
Q9SVC5	DOF3.5	5
Q9SVD0	SMXL3	42
Q9SVE5	EXLA2	15
Q9SVH0	PCMP-E35	44
Q9SVH3	At4g20740	43
Q9SVH9	CRRSP40	19
Q9SVI0	CRRSP41	17
Q9SVJ9	At4g38940	23
Q9SVL6	COR413PM2	11
Q9SVM0	At3g50780	22
Q9SVP7	PCMP-H42	53
Q9SVQ0	ERF062	19
Q9SVR0	RPL13AC	11
Q9SVU5	At4g28780	14
Q9SVW8	PIRL4	31
Q9SVY6	ZRK2	17
Q9SVZ9	ORP4A	14
Q9SW00	ORP4B	15
Q9SW08	ABCG4	22
Q9SW33	At4g24930	11
Q9SW48	INVB	35
Q9SX24	PCR11	6
Q9SX26	PCR12	7
Q9SX28	At1g68650	10
Q9SX45	PCMP-E42	36
Q9SX54	At1g50390	9
Q9SX73	At1g48405	14
Q9SX78	CXE2	15
Q9SX90	PUP20	16
Q9SX97	DOF1.6	7
Q9SX98	AATL1	11
Q9SXA0	At1g47730	17
Q9SXC8	At1g27530	11
Q9SXD1	At1g62670	32
Q9SXD5	At1g62620	26
Q9SXD8	At1g62590	35
Q9SXS2	SULTR3;3	24
Q9SY03	At4g02760	23
Q9SY06	FAF1	9
Q9SY12	ARF42	15
Q9SY20	At1g30790	19
Q9SY29	PUP4	12
Q9SY57	PP2A10	28
Q9SY74	At1g10320	35
Q9SY75	PCMP-E71	25
Q9SY84	UGT90A2	22
Q9SYB0	At1g61740	8
Q9SYB1	CRRSP1	14
Q9SYD4	FBX11	18
Q9SYF5	GLIP3	12
Q9SYG1	HSP17.4B	12
Q9SYP3	At1g20940	17
Q9SYX7	HVA22B	11
Q9SYZ8	At4g34330	19
Q9SZ05	At4g34400	14
Q9SZ10	At4g26680	29
Q9SZ20	At4g26800	30
Q9SZ44	At4g27050	19
Q9SZ69	SAP7	7
Q9SZ70	AHL26	10
Q9SZ74	At4g12090	3
Q9SZ75	At4g12100	26
Q9SZ77	SEC1B	35
Q9SZ83	At4g09670	19
Q9SZB6	WEL1	47
Q9SZD1	TCX5	21
Q9SZE8	LBD39	7
Q9SZK1	PCMP-E45	34
Q9SZL5	At4g38150	13
Q9SZV0	RNC1	28
Q9SZX8	At4g10440	39
Q9SZZ9	At4g25710	26
Q9T012	HMGB13	26
Q9T019	DIR14	8
Q9T048	At4g27190	46
Q9T070	COX6A	5
Q9T079	TPS4	41
Q9T080	UGT79B2	19
Q9T081	UGT79B3	20
Q9T096	At4g27745	6
Q9T0C7	At4g11590	19
Q9T0D6	At4g11690	25
Q9T0E0	At4g11730	37
Q9T0E3	LCR17	6
Q9T0F2	IAN11	17
Q9T0F4	IAN13	14
Q9T0H8	DIR18	2
Q9T0I5	PRP4	27
Q9T0K0	CYP71A19	27
Q9T0K7	At4g13360	22
Q9XE98	PCMP-E99	35
Q9XGZ9	At5g26010	15
Q9XH06	LOG9	9
Q9XI17	APUM20	21
Q9XI29	At1g15400	8
Q9XI72	At1g14160	5
Q9XI74	PUMP3	20
Q9XIA4	CCS1	24
Q9XIB4	At1g49475	7
Q9XID2	RLP5	11
Q9XIE0	FH7	40
Q9XIE4	TOR1L5	25
Q9XIE8	At1g59800	16
Q9XIE9	At1g59790	21
Q9XIH6	PLT2	20
Q9XIH7	PLT1	20
Q9XIJ1	BHLH168	10
Q9XIK6	SNL6	69
Q9XIN1	ALMT7	19
Q9XIP5	At2g27410	14
Q9XIQ4	UGT79B11	16
Q9XIQ5	UGT79B10	18
Q9XIQ7	At1g64890	13
Q9XIR1	At1g64840	17
Q9ZNQ7	RCI2A	1
Q9ZNS0	PLT3	23
Q9ZNS6	RCI2B	2
Q9ZNU9	SAP3	7
Q9ZP55	DRP4C	37
Q9ZP56	DRP4A	14
Q9ZPE9	APRL6	15
Q9ZPQ8	ACR5	21
Q9ZPR4	MRS2-5	16
Q9ZPR6	UPS3	10
Q9ZPS0	FBX7	28
Q9ZPV7	At2g18240	11
Q9ZPW9	LTP8	3
Q9ZPX0	GATA20	5
Q9ZPZ1	GAUT2	33
Q9ZQ34	At2g24330	21
Q9ZQ91	CXE7	17
Q9ZQ96	UGT73C3	25
Q9ZQ97	UGT73C4	22
Q9ZQ98	UGT73C2	23
Q9ZQA1	PCMP-E44	32
Q9ZQA8	PAB7	29
Q9ZQE6	CML30	11
Q9ZQF1	At2g15630	32
Q9ZQH1	CML48	11
Q9ZQR4	CBSDUF3	16
Q9ZQR5	TBL13	21
Q9ZQX7	LFG3	7
Q9ZQX8	NET1C	55
Q9ZR02	CML6	11
Q9ZR04	CYCD6-1	13
Q9ZR14	At4g03170	11
Q9ZR15	At4g03160	9
Q9ZS88	DER2.2	8
Q9ZSH7	At4g01580	6
Q9ZSP6	AIR1B	1
Q9ZT81	At4g03540	7
Q9ZTA2	AOP2	18
Q9ZTA3	AOP1	17
Q9ZU13	JAL13	24
Q9ZU23	JAL5	26
Q9ZU29	At2g01390/At2g01380	36
Q9ZU30	At2g01370	14
Q9ZU43	RTNLB15	7
Q9ZU67	At2g18520	22
Q9ZU72	UGT72D1	18
Q9ZU88	At2g48000	26
Q9ZU96	At2g01680	20
Q9ZUE4	At1g23500	10
Q9ZUH1	At2g24240	23
Q9ZUI8	At1g60050	8
Q9ZUK3	RLP19	35
Q9ZUK6	LTP7	4
Q9ZUN5	TET2	8
Q9ZUP0	LBD8	6
Q9ZUS1	At2g37460	17
Q9ZUS8	MAKR3	14
Q9ZUT5	PCMP-E49	31
Q9ZUU2	At2g37240	14
Q9ZUU7	At2g28050	29
Q9ZUV0	UGT86A2	15
Q9ZUV9	CHX7	36
Q9ZUW3	PCMP-H60	48
Q9ZUY1	At2g27800	26
Q9ZV27	SMR10	6
Q9ZV39	At2g18810	11
Q9ZV71	B3GALT3	27
Q9ZV88	BEH4	9
Q9ZV89	TBL42	17
Q9ZV91	At1g78730	24
Q9ZVA0	LSH7	8
Q9ZVF2	MLP329	9
Q9ZVF4	PCMP-H37	30
Q9ZVG8	PCMP-E54	37
Q9ZVH5	DTX53	17
Q9ZVR5	PP2B2	17
Q9ZVT9	At1g03370	41
Q9ZVX4	UGT90A1	26
Q9ZVX5	At2g16880	41
Q9ZW04	At2g29170	9
Q9ZW12	At2g29260	14
Q9ZW13	At2g29290	9
Q9ZW14	At2g29310	8
Q9ZW15	At2g29320	10
Q9ZW20	At2g29370	10
Q9ZW31	HSP17.6B	9
Q9ZW38	At2g29600	20
Q9ZW74	PUX11	22
Q9ZW75	At2g43200	34
Q9ZW88	At1g67190	14
Q9ZW96	LBD40	12
Q9ZWB8	RIC8	10
Q9ZWD1	PRA1G1	3
Q9ZWI7	RER1C	9
Q9ZWJ3	UGT85A2	24
A0A1P8ARG1	NVL	32
A0MFL4	At5g41590	8
A8MS20	At2g43440	13
A8MS78	At1g05835	4
B3H469	At4g12617	6
B3H4P1	At5g66631	37
B3H5L1	At3g10986	10
F4I8U3	At1g05615	11
F4KFM8	At5g17165	8
F4KIX1	At5g46915	17
O04244	At4g02000	16
O04488	At1g09650	19
O04491	At1g09680	32
O04504	At1g09820	33
O04591	At1g62270	22
O22698	At1g60570	24
O23257	At4g13960	21
O23564	At4g17210	29
O23610	At4g17700	10
O23659	At2g33720	16
O48822	At2g17940	12
O49315	At2g33200	25
O49316	At2g33190	26
O49420	At4g19930	25
O49421	At4g19940	21
O49453	At4g28440	8
O49488	At4g34170	14
O49508	At4g18380	19
O49565	At4g21240	20
O49618	At4g35120	24
O49624	At4g22180	21
O49647	At4g22660	27
O49698	At4g17990	13
O64597	At1g70390	19
O64598	At1g70380	15
O64600	At1g70360	8
O64787	At1g61330	22
O64788	At1g61320	26
O64800	At1g67455	16
O64801	At1g67450	22
O64818	At2g23090	5
O65451	At4g22030	33
O65454	At4g22060	27
O65663	At4g39760	15
O80573	At2g44030	15
O80603	At1g10110	24
O80608	At2g02890	28
O80735	JAL16	25
O80741	At1g60180	18
O80762	At1g60410	18
O80777	At2g34280	16
O80980	At2g14710	21
O81414	At4g02310	17
O82232	At2g24040	3
O82314	At2g25830	12
O82368	At2g29880	13
O82370	At2g29860	11
O82375	At2g29810	20
O82379	At2g29770	24
O82488	At4g10740	25
O82622	At4g10190	21
P0C042	At4g15970	26
P0C043	At4g17915	24
P0C0B0	At1g24000	6
P0C0B1	At1g24010	8
P0C2D0	At1g30930	17
P0C2F5	At1g65760	19
P0C2F8	At1g64540	26
P0C2F9	At4g39756	25
P0C2G2	At1g30920	24
P0C2G3	At1g30925	29
P0C2G5	At1g47800	17
P0C2G6	At4g00320	25
P0C8L4	At4g26485	9
P0C8P5	At1g19565	9
P0C8Q9	At5g19025	8
P0CAY1	At3g27283	6
P0CAY2	At2g34135	4
P0CAY3	At1g61685	1
P0CAY4	At5g29576	2
P0CAY8	At2g04033	4
P0CB19	At3g50808	3
P0CB21	At4g26450	40
P0CB23	At4g38062	66
P0CB24	At4g38065	10
P0CB27	At1g10895	15
P0CG94	At4g22165	21
P0DI00	At5g36730	27
P0DI01	At5g36820	27
P0DI02	At1g24800	21
P0DI03	At1g24881	21
P0DI04	At1g25055	21
P0DI05	At1g25150	21
P0DI06	At1g25211	21
P27483	At3g17050	2
P42735	At4g19070	7
P80826		0
P80827		0
P80828		2
P80830		1
P80831		0
P80832		0
P80833		1
P80834		1
P80835		0
P80836		0
P80838		1
P80839		0
P80840		1
P80841		1
P80842		0
P80843		0
P80844		1
P80845		0
P80847		0
P80848		1
P80849		0
P80850		1
P80851		1
P80852		0
P80853		1
P92510	AtMg00680	7
P92512	AtMg00710	7
P92513	AtMg00720	5
P92515	AtMg00740	6
P92516	AtMg00750	7
P92517	AtMg00760	6
P92518	AtMg00770	6
P92519	AtMg00810	13
P92520	AtMg00820	10
P92521	AtMg00840	3
P92522	AtMg00850	6
P92523	AtMg00860	10
P92525	AtMg00870	7
P92526	AtMg00890	7
P92529	AtMg00920	12
P92531	AtMg00970	5
P92534	AtMg01000	8
P92535	AtMg01010	7
P92537	AtMg01030	5
P92538	AtMg01040	3
P92539	AtMg01050	9
P92540	AtMg01060	6
P92542	AtMg01100	5
P92543	AtMg01110	8
P92544	AtMg01130	7
P92548	AtMg01180	6
P92551	AtMg01210	5
P92552	AtMg01220	6
P92553	AtMg01230	10
P92554	AtMg01240	6
P92555	AtMg01250	6
P92556	AtMg01260	4
P92560	AtMg01290	7
P92561	AtMg01300	9
P92562	AtMg01310	8
P92563	AtMg01330	9
P92564	AtMg01350	5
P92565	AtMg01370	2
P92566	AtMg01400	6
P92567	AtMg01410	9
P93275	AtMg00010	7
P93276	AtMg00030	3
P93277	AtMg00050	5
P93281	AtMg00120	6
P93282	AtMg00130	5
P93284	AtMg00150	5
P93287	AtMg00200	6
P93290	AtMg00240	8
P93291	AtMg00260	5
P93293	AtMg00300	8
P93294	AtMg00320	5
P93295	AtMg00310	9
P93297	AtMg00400	10
P93299	AtMg00430	3
P93300	AtMg00440	8
P93301	AtMg00450	5
P93302	AtMg00470	8
P93304	AtMg00490	1
P93305	AtMg00500	9
P93308	AtMg00530	8
P93309	AtMg00540	7
P93310	AtMg00550	8
P93315	AtMg00600	7
P93316	AtMg00610	4
P93317	AtMg00630	7
P93318	AtMg00660	8
P94024	AtMg00170	7
Q0V7P8	At5g27750	25
Q0WN71	At1g68735	3
Q0WPZ6	At2g17140	48
Q0WR05	At2g42730	26
Q0WRU9	At2g43445	15
Q0WW40	At1g16250	19
Q1G391	At4g00893	23
Q1G3B8	At2g32645	12
Q1G3I7	At4g12382	9
Q1G3M2	At3g19508	6
Q1G3N6	At3g51171	16
Q1G3Z6	At1g43171	6
Q1KS79	At2g23160	18
Q1PDL6	At5g48550	11
Q1PE27	At4g33900	20
Q1PE57	At4g22430	20
Q1PED2	At4g00130	9
Q1PEN2	At3g22350	15
Q1PEN8	At3g20690	25
Q1PEW8	At2g35280	8
Q1PEZ8	At2g26160	20
Q1PFI4	At1g60400	18
Q1PFS7	At1g24060	6
Q2HQ46	SPH74	8
Q2V2S9	At2g22345	2
Q2V2V3	PLAT3	3
Q2V3L6	At4g02733	14
Q2V3R5	At3g33187	6
Q2V3W5	At3g13403	2
Q3E6P4	At2g02240	16
Q3E6X9	At1g47915	4
Q3E6Y3	At1g28695	12
Q3E7D1	At2g40925	28
Q3E7J7	At5g25860	27
Q3E7N5	At5g54067	9
Q3E7S2	At1g19070	3
Q3E8B0	At5g55565	2
Q3E8K6	At5g39470	11
Q3E8L4	At5g38396	23
Q3E8L5	At5g38386	24
Q3E8Y5	At5g28180	19
Q3E8Y7	At5g28160	18
Q3E911	At5g27460	29
Q3E922	At5g26805	11
Q3E944	At5g25850	27
Q3E960	At5g25300	28
Q3E9H1	At5g16285	5
Q3E9N2	At4g39750	8
Q3E9Z8	At4g17780	19
Q3EA00	At4g17565	21
Q3EA38	At4g13965	24
Q3EAR3	At3g42722	3
Q3EBJ8	At2g39415	4
Q3EBP0	At2g33705	3
Q3EBP1	At2g33655	7
Q3ECE2	At1g70960	21
Q3ECQ9	At1g53815	11
Q3ECR3	At1g53360	22
Q3ECU8	At1g48195	4
Q3ED92	At1g19930	17
Q3EDA9	At1g16830	35
Q4PSE7	At5g25290	20
Q4PSI6	At4g13985	25
Q4PT00	At1g47810	13
Q501D1	At1g04090	25
Q501G5	At5g03100	18
Q56W59	At5g35995	28
Q56XJ7	At4g22758	13
Q56XS8	At1g13780	26
Q56XW8	At1g48400	27
Q56XX3	At2g02148	18
Q570N1	PP2B3	7
Q570P7	At4g18593	8
Q5BPN1	At3g57210	11
Q5BPP4	At3g44770	17
Q5PNU4	At2g35310	18
Q5S4V7	At2g39490	22
Q5XVH5	At1g65710	24
Q67XN8	At4g39560	12
Q6AWW4	At3g55900	9
Q6DR13	At2g42720	24
Q6DR20	At2g17036	21
Q6DSS2	At2g31862	9
Q6E244	At3g25080	11
Q6ICX6	At3g57580	21
Q6NKN8	At2g41170	22
Q6NKW7	At2g19280	43
Q6NKX3	At2g04230	23
Q6NLB1	At2g26850	16
Q6NLE0	At5g41720	8
Q6NLU6	At1g31060	3
Q6NLY8	HVA22K	12
Q6NPN5	At5g26960	24
Q7G9E7	At1g52490	10
Q84J62	At2g19200	9
Q84JN6	At1g20360	21
Q84V15	At2g18780	18
Q84X17	At2g17830	19
Q8GUH2	At1g01500	17
Q8GW80	At3g59210	17
Q8GWL2	At2g30270	9
Q8GWU1	At1g08985	5
Q8GXC7	At3g06240	18
Q8GXE9	HVA22J	12
Q8GXP4	At2g39910	23
Q8GXW6	At3g58930	26
Q8GXX4	At4g14905	16
Q8GYA8	At3g58975	12
Q8H1M0	At2g26030	23
Q8H1R7	At4g26340	20
Q8L6Y3	At5g24830	33
Q8L7I1	At4g10930	53
Q8L8Q8	At5g64816	6
Q8LB33	At3g58530	21
Q8LCE9	At3g19470	20
Q8LF09	At4g00160	29
Q8LG03	At4g00755	19
Q8LG53	At1g18010	9
Q8RWD6	At5g39450	30
Q8RXM6	At1g23960	15
Q8RY82	At2g32560	17
Q8S8D8	At2g20625	15
Q8VYT5	At5g07670	22
Q8W3M4	At4g06744	17
Q940Z1	At1g19525	15
Q94B46	At4g14096	22
Q94K34	At3g06570	20
Q9C534	At1g30200	19
Q9C545	At1g43010	13
Q9C626	At1g47056	20
Q9C627	At1g46984	20
Q9C629	At1g46840	24
Q9C6F7	At1g58090	19
Q9C6I2	At1g50980	20
Q9C6J2	At1g50880	13
Q9C6J3	At1g50870	20
Q9C6N2	At1g27860	14
Q9C6T5	At1g50720	9
Q9C6W9	At1g32020	10
Q9C6X9	At1g44080	19
Q9C725	At1g55070	14
Q9C7I3	MLP168	9
Q9C7I7	MLP165	10
Q9C7M1	At1g55030	26
Q9C7N3	OBAP2C	15
Q9C7X8	At1g56400	25
Q9C800	At1g33530	17
Q9C810	At1g33420	38
Q9C869	At1g31400	14
Q9C8U9	PP2A4	10
Q9C8Y5	At1g66320	30
Q9C8Y6	At1g66310	27
Q9C8Y7	At1g66300	30
Q9C948	At1g61060	12
Q9C9X9	At3g08810	19
Q9C9Y4	At3g08750	19
Q9CA02	At3g49510	20
Q9CA58	At1g74580	44
Q9CA63	At1g74510	26
Q9CAE7	At3g10430	19
Q9CAE9	At3g10510	20
Q9CAM8	At1g63150	30
Q9CAP3	At1g77650	17
Q9FE70	At1g57550	1
Q9FF19	SPH9	5
Q9FF23	At5g38390	25
Q9FF30	At5g38270	20
Q9FF58	At5g60610	23
Q9FFG9	At5g44220	12
Q9FFR6	At5g41640	9
Q9FFR7	At5g41630	16
Q9FFS9	At5g41510	25
Q9FFT0	At5g41500	23
Q9FFU7	At5g54820	24
Q9FFV4	At5g38680	19
Q9FFW4	At5g38570	22
Q9FFW7	JAL43	23
Q9FFX2	At5g38490	15
Q9FGN3	At5g51380	24
Q9FGR8	At5g50270	20
Q9FGS3	At5g50220	24
Q9FH61	At5g66270	20
Q9FH73	At5g41490	20
Q9FH99	At5g67140	12
Q9FHI0	At5g47150	15
Q9FHK1	At5g36200	24
Q9FHP3	At5g65850	20
Q9FHS6	At5g43190	15
Q9FHW4	At5g37040	12
Q9FI16	At5g44490	27
Q9FI48	At5g51000	23
Q9FIH1	At5g42460	20
Q9FIH4	At5g42430	19
Q9FII1	At5g42360	29
Q9FIT3	At5g62060	16
Q9FJ04	SPH26	10
Q9FJ30	At5g41840	25
Q9FJC0	At5g53640	28
Q9FJC1	At5g53635	22
Q9FJJ4	At5g62510	16
Q9FJT1	At5g56820	26
Q9FJT2	At5g56810	23
Q9FJU3	At5g56690	28
Q9FJV1	At5g56570	26
Q9FJV2	At5g56560	25
Q9FK27	At5g50450	18
Q9FK54	At5g18160	20
Q9FKJ1	At5g60560	20
Q9FKR3	At5g38730	36
Q9FKZ7	At5g66830	25
Q9FL82	At5g39250	12
Q9FL99	At5g44980	23
Q9FLA1	At5g44960	24
Q9FLA2	At5g44950	22
Q9FLA3	At5g44940	21
Q9FLE8	At5g39865	20
Q9FLJ4	At5g61400	30
Q9FLP7	At5g55150	18
Q9FLQ0	At5g55110	10
Q9FLS0	At5g07610	17
Q9FLV7	At5g24050	15
Q9FLV8	At5g24040	19
Q9FLX3	At5g52880	11
Q9FLY6	SPH15	8
Q9FLY7	At5g39490	28
Q9FLZ1	At5g39460	28
Q9FLZ8	EDL2	11
Q9FM55	At5g62970	22
Q9FM87	At5g56440	23
Q9FM88	At5g56430	18
Q9FM89	At5g56420	27
Q9FM90	At5g56410	24
Q9FM91	At5g56400	22
Q9FM92	At5g56390	21
Q9FM93	At5g56380	27
Q9FM94	At5g56370	18
Q9FMC1	At5g38810	15
Q9FMT5	At5g14160	17
Q9FMW4	At5g23370	13
Q9FMW5	At5g23360	12
Q9FMW6	At5g23350	13
Q9FN07	At5g63820	10
Q9FNI8	At5g22730	29
Q9FNJ1	At5g22700	22
Q9FNJ4	At5g22670	24
Q9FNK0	At5g22610	31
Q9FNL2	At5g46100	29
Q9FNM2	JAL45	21
Q9FRS4	At1g08610	23
Q9FT50	At3g52320	22
Q9FTA0	At5g08350	13
Q9FVQ9	At1g32140	34
Q9FVS1	At1g57790	16
Q9FVT4	At1g57690	19
Q9FVU4	At1g57580	16
Q9FVV8	At1g71320	21
Q9FWW5	At1g12150	37
Q9FWW7	At1g12170	21
Q9FWZ1	FBL13	24
Q9FX09	At1g47390	18
Q9FXC7	At1g67623	15
Q9FXE2	SEOC	26
Q9FYF4	At1g67390	27
Q9FYI3	At1g30945	7
Q9FYJ1	At1g31000	14
Q9FZ52	At1g16930	25
Q9FZ53	At1g16940	21
Q9FZ70	At1g13570	26
Q9FZD4	At1g26500	26
Q9FZD5	At1g26510	18
Q9FZD6	At1g26515	20
Q9FZE7	At1g47702	4
Q9FZF8	At1g47790	22
Q9FZI7	At1g27490	7
Q9FZJ3	At1g27420	20
Q9LDJ9	At3g03040	22
Q9LES9	At3g56780	21
Q9LFV9	At5g15670	11
Q9LH42	At3g19520	18
Q9LH88	At3g28853	8
Q9LHD3	At3g28330	20
Q9LHD8	At3g28280	14
Q9LHN6	At3g13624	19
Q9LHQ0	At3g20710	22
Q9LHQ1	At3g20705	12
Q9LI89	At3g27150	24
Q9LIB4	At3g16880	24
Q9LID1	At3g13680	26
Q9LIK3	At3g22940	19
Q9LIL1	At3g22870	24
Q9LIR0	At3g23970	19
Q9LIR1	At3g23960	21
Q9LIR3	At3g23950	19
Q9LIR8	At3g23880	21
Q9LJ39	At3g24700	14
Q9LJ48	At3g29830	25
Q9LJ82	SPH32	6
Q9LJB5	At3g29580	19
Q9LJB9	At3g21130	20
Q9LJC0	At3g21120	24
Q9LJF8	At3g26922	17
Q9LJP0	At3g19560	23
Q9LJZ8	At3g20030	17
Q9LK24	At3g27290	18
Q9LK53	At3g13190	19
Q9LKU8	At5g28460	45
Q9LM55	At1g22040	22
Q9LM63	At1g22000	19
Q9LM64	At1g21990	21
Q9LM73	At1g20800	24
Q9LM74	At1g20795	21
Q9LM75	At1g20790	18
Q9LM89	At1g20657	20
Q9LMB0	At1g19160	15
Q9LMC2	At1g19060	14
Q9LMR4	At1g15680	20
Q9LN77	P2A12	14
Q9LP59	At1g48625	25
Q9LPH0	At1g53550	20
Q9LPJ7	At1g32660	26
Q9LPM2	At1g49990	16
Q9LPS9	At1g50590	13
Q9LPW4	At1g12855	22
Q9LQ47	At1g59675	5
Q9LQB0	At1g69090	25
Q9LQC1	At1g58310	19
Q9LQL5	At1g32420	17
Q9LQM1	At1g32375	25
Q9LRW4	At3g13830	15
Q9LRW5	At3g13825	9
Q9LRW6	At3g13820	19
Q9LRZ2	At3g16820	21
Q9LS04	At3g25750	21
Q9LS56	At3g18340	18
Q9LS57	At3g18330	24
Q9LS58	At3g18320	15
Q9LSA5	At3g18720	23
Q9LSD2	At3g27040	13
Q9LSF7	At3g25182	15
Q9LSJ3	At3g28410	22
Q9LSK8	At3g18020	35
Q9LSK9	At5g65660	4
Q9LSL9	At5g65560	57
Q9LSQ1	At3g16900	8
Q9LSU8	At3g25550	10
Q9LSV6	At3g25460	22
Q9LT21	At3g19880	17
Q9LT76	At3g19410	22
Q9LTA7	JAL47	11
Q9LTC3	At3g23260	19
Q9LTF5	At5g52620	18
Q9LTF6	At5g52610	23
Q9LTV2	At3g12840	9
Q9LU24	At3g16210	21
Q9LU43	At3g21170	18
Q9LU49	At5g51250	20
Q9LU90	At3g26010	15
Q9LUC4	At3g14710	22
Q9LUG7	PUX12	6
Q9LUI8	At3g22730	20
Q9LUI9	At3g22720	20
Q9LUJ0	At3g22710	18
Q9LUJ1	At3g22700	18
Q9LUK1	At5g40050	22
Q9LUM1	At3g14260	11
Q9LUM6	At3g17710	20
Q9LUN5	At3g17620	22
Q9LUP1	At3g17570	22
Q9LUP2	At3g17560	24
Q9LUP4	At3g17540	19
Q9LUP5	At3g17530	18
Q9LUP7	At3g17500	26
Q9LUP8	At3g17490	24
Q9LUP9	At3g17480	17
Q9LUS5	At3g16590	20
Q9LUS6	At3g16580	22
Q9LUS9	At3g16555	21
Q9LUT1	At3g17400	8
Q9LUT9	At3g17320	24
Q9LUU3	At3g17280	19
Q9LUU4	At3g17270	6
Q9LUU5	At3g17265	24
Q9LUV7	At3g22421	23
Q9LV12	At5g62660	17
Q9LV41	At3g24610	20
Q9LV45	At3g24580	21
Q9LV66	At5g48480	10
Q9LVA2	At5g62370	51
Q9LVG8	At5g60060	18
Q9LVR3	At5g66670	22
Q9LVS3	At5g47360	27
Q9LVS9	At5g47300	21
Q9LVU3	At5g47160	24
Q9LW22	SPH21	8
Q9LW55	At3g23420	19
Q9LX45	At3g59260	10
Q9LX46	At3g59250	16
Q9LX47	At3g59240	26
Q9LX48	At3g59230	21
Q9LX51	At3g59200	25
Q9LX54	At3g59170	24
Q9LX87	At3g46050	19
Q9LX89	At5g10340	17
Q9LXJ6	At3g52680	27
Q9LXJ7	At3g52670	22
Q9LXQ0	At3g44130	19
Q9LXQ1	At3g44120	21
Q9LXQ3	At3g44090	23
Q9LXQ4	At3g44080	27
Q9LXQ6	At3g44060	20
Q9LXQ7	At3g58950	21
Q9LXR0	At3g58920	25
Q9LXR1	At3g58910	10
Q9LXR4	At3g58880	19
Q9LXR6	At3g58860	24
Q9LXS0	At3g58820	24
Q9LXX3	At3g56670	11
Q9LXZ3	At3g56470	16
Q9LYU0	At3g58960	21
Q9LYY3	At5g03020	20
Q9LYY5	At5g03000	19
Q9LYY7	At5g02980	17
Q9LYZ2	At5g02930	19
Q9LYZ4	At5g02910	22
Q9LZ15	At5g02700	22
Q9LZP7	At3g62430	20
Q9LZZ2	At3g60710	17
Q9M015	At5g01610	11
Q9M0E1	At4g29420	30
Q9M0E6	At4g29370	23
Q9M0M7	At4g17200	20
Q9M0Q9	At4g09190	22
Q9M0U2	At4g05620	8
Q9M0U7	At4g05475	12
Q9M1A6	JAL39	5
Q9M1A9	JAL37	16
Q9M1D8	At3g60050	29
Q9M237	At3g43530	29
Q9M2B5	At3g43710	27
Q9M2D0	At3g61340	19
Q9M2I0	At3g58360	20
Q9M2I2	At3g58340	14
Q9M2J0	At3g58260	13
Q9M2J2	At3g58240	16
Q9M2J6	At3g58200	18
Q9M8L5	At1g80470	18
Q9M907	At3g06920	41
Q9M9Q4	At1g15015	11
Q9MA32	At1g05930	18
Q9MA49	JAL2	3
Q9MAG5	At1g53370	17
Q9MAP2	At1g33010	16
Q9S9T0	At4g05080	23
Q9S9T6	At4g05010	9
Q9S9V1	FBX15	20
Q9S9V8	FBL9	14
Q9S9V9	FBL23	20
Q9SA01	At1g31072	11
Q9SA02	At1g31080	16
Q9SA03	At1g31090	19
Q9SA16	PP2A9	9
Q9SA94	At1g11810	15
Q9SAB5	At1g11620	17
Q9SAC4	At1g10780	25
Q9SAG4	At1g80960	23
Q9SCK7	At3g49520	24
Q9SCL2	At3g49450	18
Q9SCQ5	At3g50710	20
Q9SCT6	At3g51720	18
Q9SD24	At3g51220	10
Q9SD58	At3g47150	21
Q9SD70	At3g47030	22
Q9SF24	At3g11740	12
Q9SG85	At3g10790	22
Q9SGP8	At1g28500	15
Q9SH13	At1g77880	8
Q9SH26	At1g63400	33
Q9SH27	At1g63410	13
Q9SHX9	At1g65770	21
Q9SI02	At2g22030	22
Q9SI34	FBX9	21
Q9SIC7	At2g31420	15
Q9SIH5	At2g36090	11
Q9SIV7	At2g16450	23
Q9SIW9	At2g16300	23
Q9SIX0	At2g16290	27
Q9SJ07	At2g21920	17
Q9SJ78	At2g04810	25
Q9SK64	At2g20380	17
Q9SLH9	At1g54550	22
Q9SMT9	At3g49020	25
Q9SMU0	At3g49030	25
Q9SMU1	At3g49040	22
Q9SN20	At3g49980	17
Q9SRD0	At1g76830	22
Q9SRX1	At1g02770	18
Q9SS35	At3g10240	19
Q9SSC7	At1g80120	9
Q9SSK2	At1g70970	21
Q9SSM3	JAL19	8
Q9SSQ2	At1g52495	22
Q9SSR7	At1g52650	27
Q9STG3	At3g46910	12
Q9STN5	At4g08330	10
Q9STQ0	At4g26350	23
Q9SUG4	At4g22170	22
Q9SUI0	At4g30660	2
Q9SUR8	At4g23580	21
Q9SUX7	At4g22420	7
Q9SUY0	At4g22390	12
Q9SV54	At4g28920	15
Q9SV98	At4g39600	19
Q9SVA0	At4g39580	20
Q9SVX4	At3g57590	25
Q9SX41	At1g50220	11
Q9SY17	At1g30780	20
Q9SY96	At1g61540	18
Q9SYD0	FBX10	18
Q9SYK1	At1g05600	31
Q9SYL8	At1g78640	25
Q9SYZ7	At4g34320	22
Q9SZ28	At4g26880	8
Q9SZ95	At4g09790	22
Q9SZA2	At4g09870	21
Q9SZA6	At4g33290	21
Q9SZR7	At4g29970	16
Q9T031	At4g39240	20
Q9T035	At4g39290	21
Q9T0B0	At4g23960	9
Q9T0C6	At4g11580	21
Q9T0D7	At4g11700	9
Q9T0E2	At4g11750	25
Q9T0E4	At4g11770	22
Q9T0F1	At4g09920	23
Q9T0J4	At4g38870	20
Q9XEC1	At4g04430	17
Q9XIA2	At1g49360	23
Q9XIK5	At1g10455	9
Q9XIM8	At2g15980	25
Q9XIN8	At2g27310	20
Q9ZNQ3	At2g27520	22
Q9ZPR5	At2g03610	14
Q9ZPS1	At2g02030	13
Q9ZQ60	At2g14290	21
Q9ZQ77	At2g03410	18
Q9ZQF0	At2g15640	24
Q9ZQM4	At2g11200	7
Q9ZQR2	At2g14500	13
Q9ZR09	At4g03220	27
Q9ZS96	At4g04775	11
Q9ZU26	At1g51970	7
Q9ZU31	At2g01360	7
Q9ZUA2	At2g01740	36
Q9ZUA7	At2g01790	12
Q9ZUA9	At2g01810	28
Q9ZUB9	At1g23770	20
Q9ZUE9	At2g06000	34
Q9ZUF1	At2g05970	19
Q9ZUF7	At2g05910	12
Q9ZUH0	At2g24250	15
Q9ZUN0	At2g19630	15
Q9ZV78	At2g07140	21
Q9ZV93	At1g78750	29
Q9ZV94	At1g78760	29
Q9ZVA3	At1g78840	27
Q9ZVC1	At2g41360	19
Q9ZVI1	At2g38590	23
Q9ZVI6	At2g38640	13
Q9ZVJ2	At2g38710	11
Q9ZVP2	At1g05080	24
Q9ZVQ8	PP2B8	16
Q9ZVQ9	PP2B7	17
Q9ZVR0	PP2B6	13
Q9ZVR1	PP2B5	13
Q9ZVR3	PP2B4	6
Q9ZWC6	ATB	28
