accession	gene	tryptic_peptides
A0A0B7P3V8	TY4B-P	53
D6VTK4	STE2	16
O13297	CET1	29
O13329	FOB1	24
O13516	RPS9A	11
O13525	COQ4	15
O13527	TY1B-A	53
O13535	TY1B-H	77
O13539	THP2	13
O13547	CCW14	11
O13563	RPN13	8
O14455	RPL36B	4
O14467	MBF1	11
O60200	MDM35	6
O74700	TIM9	6
O75012	MRP10	6
O94742	SEM1	3
P00044	CYC1	6
P00127	QCR6	6
P00128	QCR7	8
P00163	COB	5
P00175	CYB2	30
P00330	ADH1	18
P00331	ADH2	17
P00358	TDH2	20
P00359	TDH3	20
P00360	TDH1	22
P00401	COX1	8
P00410	COX2	8
P00420	COX3	1
P00424	COX5A	8
P00431	CCP1	21
P00445	SOD1	11
P00546	CDC28	22
P00549	CDC19	27
P00560	PGK1	26
P00572	CDC8	7
P00635	PHO5	19
P00724	SUC2	18
P00729	PRC1	17
P00812	CAR1	15
P00815	HIS4	37
P00817	IPP1	17
P00830	ATP2	27
P00854	ATP6	3
P00890	CIT1	25
P00924	ENO1	20
P00925	ENO2	20
P00927	ILV1	35
P00937	TRP3	27
P00942	TPI1	11
P00950	GPM1	12
P00958	MES1	46
P01094	PAI3	5
P01097	INH1	4
P01119	RAS1	21
P01120	RAS2	21
P01123	YPT1	14
P02293	HTB1	9
P02294	HTB2	10
P02309	HHF1	6
P02400	RPP2B	6
P02406	RPL28	8
P02557	TUB2	14
P02829	HSP82	38
P02992	TUF1	25
P02994	TEF1	21
P03069	GCN4	10
P03870	FLP1	24
P03871	REP1	20
P03873	BI2	15
P03877	AI3	20
P03878	AI4	19
P03879	BI4	22
P03962	URA3	18
P03965	CPA2	52
P04037	COX4	9
P04039	COX8	4
P04050	RPO21	72
P04051	RPO31	83
P04147	PAB1	31
P04385	GAL1	25
P04386	GAL4	35
P04387	GAL80	18
P04397	GAL10	31
P04449	RPL24A	6
P04456	RPL25	6
P04710	AAC1	18
P04786	TOP1	46
P04802	DPS1	32
P04806	HXK1	26
P04807	HXK2	26
P04817	CAN1	17
P04819	CDC9	34
P04821	CDC25	69
P04840	POR1	16
P04911	HTA1	5
P04912	HTA2	5
P05030	PMA1	30
P05066	PHR1	37
P05150	ARG3	18
P05317	RPP0	12
P05318	RPP1A	4
P05319	RPP2A	6
P05373	HEM2	17
P05374	CHO2	45
P05375	OPI3	10
P05453	SUP35	33
P05737	RPL7A	12
P05739	RPL6B	12
P05740	RPL17A	7
P05744	RPL33A	5
P05745	RPL36A	4
P05748	RPL15A	9
P05750	RPS3	16
P05755	RPS9B	11
P05756	RPS13	9
P05759	RPS31	6
P05986	TPK3	20
P06100	CDC36	8
P06101	CDC37	27
P06102	NOT3	38
P06103	PRT1	42
P06104	RAD6	3
P06105	SCP160	68
P06106	MET17	22
P06168	ILV5	21
P06169	PDC1	26
P06197	PIS1	11
P06208	LEU4	31
P06242	KIN28	18
P06243	CDC7	27
P06244	TPK1	22
P06245	TPK2	20
P06367	RPS14A	7
P06634	DED1	34
P06700	SIR2	24
P06701	SIR3	56
P06704	CDC31	9
P06738	GPH1	51
P06774	HAP2	8
P06777	RAD1	51
P06778	RAD52	28
P06779	RAD7	26
P06780	RHO1	10
P06781	RHO2	11
P06782	SNF1	30
P06784	STE7	16
P06785	CDC21	17
P06786	TOP2	67
P06787	CMD1	8
P06838	RAD10	13
P06839	RAD3	43
P06843	SPT2	18
P06844	SPT3	15
P07143	CYT1	11
P07149	FAS1	98
P07170	ADK1	16
P07213	TOM70	32
P07244	ADE57	39
P07245	ADE3	49
P07246	ADH3	19
P07248	ADR1	65
P07249	ARG80	5
P07250	ARG82	15
P07251	ATP1	30
P07255	COX9	3
P07256	COR1	23
P07257	QCR2	21
P07258	CPA1	20
P07259	URA2	122
P07260	CDC33	10
P07261	GCR1	38
P07263	HTS1	27
P07264	LEU1	39
P07267	PEP4	15
P07269	PHO2	15
P07270	PHO4	12
P07271	PIF1	44
P07272	PPR1	53
P07273	DST1	19
P07274	PFY1	4
P07276	RAD2	54
P07277	ERG12	17
P07278	BCY1	23
P07280	RPS19A	9
P07281	RPS19B	9
P07283	SEC53	17
P07284	SES1	22
P07286	ALG7	13
P07342	ILV2	32
P07347	ARD1	14
P07560	SEC4	14
P07702	LYS2	82
P07703	RPC40	17
P07834	CDC4	37
P07866	LTE1	85
P07884	MOD5	27
P08004	CHS1	49
P08018	PBS2	34
P08067	RIP1	11
P08153	SWI5	32
P08417	FUM1	23
P08425	MSF1	24
P08432	SPE1	21
P08456	CHO1	11
P08458	SPS1	23
P08466	NUC1	16
P08518	RPB2	57
P08524	ERG20	19
P08525	QCR8	5
P08536	MET3	24
P08539	GPA1	29
P08566	ARO1	80
P08638	LEU3	34
P08640	FLO11	9
P08678	CYR1	104
P08679	CIT2	24
P08964	MYO1	111
P09032	GCD1	31
P09064	SUI3	17
P09119	CDC6	34
P09201	FBP1	16
P09232	PRB1	25
P09440	MIS1	51
P09547	SWI1	45
P09620	KEX1	33
P09624	LPD1	28
P09733	TUB1	18
P09734	TUB3	20
P09798	CDC16	38
P09880	TRL1	55
P09938	RNR2	19
P09950	HEM1	22
P09959	SWI6	44
P0C0T4	RPS25B	5
P0C0V8	RPS21A	6
P0C0W9	RPL11A	9
P0C0X0	RPS28B	4
P0C2I2	TY1B-DR5	74
P0C2I3	TY1B-DR6	72
P0C2I5	TY1B-LR2	73
P0C2I6	TY1B-LR3	73
P0C2I7	TY1B-LR4	73
P0C2I9	TY1B-PR1	76
P0C2J0	TY1B-PR2	74
P0C2J1	TY1B-PR3	72
P0C2J3	TY2B-LR1	88
P0C2J5	TY2B-LR2	79
P0C2J7	TY4B-H	89
P0C5R9	YPR170W-B	2
P0CD91	AQY1	5
P0CE41	HAP1	65
P0CG63	UBI4	24
P0CH08	RPL40A	6
P0CH09	RPL40B	6
P0CS90	SSC1	31
P0CX25	RPL43A	4
P0CX26	RPL43B	4
P0CX27	RPL42A	3
P0CX28	RPL42B	3
P0CX29	RPS23A	7
P0CX30	RPS23B	7
P0CX31	RPS24A	6
P0CX32	RPS24B	6
P0CX35	RPS4A	14
P0CX36	RPS4B	14
P0CX37	RPS6A	9
P0CX38	RPS6B	9
P0CX39	RPS8A	8
P0CX40	RPS8B	8
P0CX41	RPL23A	9
P0CX42	RPL23B	9
P0CX43	RPL1A	9
P0CX44	RPL1B	9
P0CX45	RPL2A	12
P0CX46	RPL2B	12
P0CX47	RPS11A	10
P0CX48	RPS11B	10
P0CX49	RPL18A	11
P0CX50	RPL18B	11
P0CX51	RPS16A	10
P0CX53	RPL12A	9
P0CX54	RPL12B	9
P0CX55	RPS18A	10
P0CX56	RPS18B	10
P0CX63	TY2B-F	86
P0CX64	TY2B-GR2	86
P0CX77	ASP3-2	10
P0CX78	ASP3-3	10
P0CX79	ASP3-4	10
P0CX80	CUP1-1	3
P0CX81	CUP1-2	3
P0CX82	RPL19A	7
P0CX83	RPL19B	7
P0CX84	RPL35A	5
P0CX85	RPL35B	5
P0CY06	MATALPHA1	8
P0CY08	MATALPHA2	12
P0CZ17	ASP3-1	10
P10080	SBP1	13
P10081	TIF1	21
P10127	ADH4	13
P10174	COX7	2
P10363	PRI1	26
P10507	MAS1	22
P10591	SSA1	34
P10592	SSA2	35
P10614	ERG11	23
P10622	RPP1B	3
P10659	SAM1	21
P10664	RPL4A	15
P10823	GPA2	22
P10862	RAD18	22
P10863	TIR1	10
P10869	HOM3	27
P10870	SNF3	27
P10961	HSF1	41
P10962	MAK16	11
P10964	RPA190	93
P11075	SEC7	96
P11076	ARF1	11
P11154	PYC1	54
P11325	NAM2	51
P11353	HEM13	18
P11412	ZWF1	30
P11433	CDC24	44
P11484	SSB1	30
P11491	PHO8	25
P11632	NHP6A	4
P11633	NHP6B	4
P11709	BIK1	25
P11710	FUS1	20
P11745	RNA1	29
P11746	MCM1	3
P11747	TAF13	3
P11792	SCH9	27
P11914	MAS2	24
P11938	RAP1	35
P11972	SST2	35
P11978	SIR4	72
P11986	INO1	22
P12383	PDR1	49
P12385	SUP45	27
P12611	WHI2	24
P12630	BAR1	17
P12683	HMG1	40
P12684	HMG2	44
P12688	YPK1	31
P12689	REV1	61
P12695	LAT1	23
P12709	PGI1	25
P12753	RAD50	81
P12754	GCD2	24
P12866	STE6	59
P12868	PEP5	53
P12904	SNF4	20
P12945	NAT1	47
P12954	SRS2	62
P12962	CAF20	7
P13099	TOP3	36
P13134	KEX2	28
P13185	KIN1	58
P13186	KIN2	53
P13259	PCT1	20
P13365	CLN3	22
P13382	POL1	77
P13393	SPT15	15
P13434	HAP3	5
P13517	CAP2	13
P13574	STE12	29
P13586	PMR1	43
P13587	ENA1	46
P13663	HOM2	19
P13712	MSI1	12
P13856	RSR1	19
P14020	DPM1	16
P14064	HAP4	20
P14065	GCY1	21
P14120	RPL30	5
P14126	RPL3	21
P14164	ABF1	31
P14180	CHS2	48
P14242	PMS1	48
P14284	REV3	77
P14291	RED1	44
P14306	TFS1	9
P14540	FBA1	14
P14680	YAK1	33
P14681	KSS1	19
P14682	CDC34	7
P14693	SAM35	15
P14724	CDC26	4
P14736	RAD4	39
P14737	RAD9	75
P14741	GCN3	16
P14743	NMT1	23
P14747	CMP2	32
P14832	CPR1	8
P14843	ARO3	21
P14904	APE1	29
P14906	SEC63	28
P14907	NSP1	33
P14908	MTF1	17
P14922	CYC8	31
P15019	TAL1	19
P15108	HSC82	39
P15180	KRS1	26
P15202	CTA1	24
P15274	AMD1	39
P15303	SEC23	29
P15315	CUP2	10
P15367	SEC11	8
P15424	MSS116	37
P15436	POL3	59
P15442	GCN2	85
P15454	GUK1	12
P15496	IDI1	14
P15565	TRM1	33
P15624	FRS1	31
P15625	FRS2	29
P15646	NOP1	17
P15700	URA6	12
P15703	BGL2	11
P15705	STI1	33
P15731	UBC4	4
P15732	UBC5	4
P15790	CKA1	23
P15801	MIP1	65
P15807	MET8	15
P15873	POL30	16
P15891	ABP1	35
P15938	PRP16	60
P15992	HSP26	12
P16120	THR4	27
P16140	VMA2	29
P16370	RPB3	14
P16387	PDA1	26
P16451	PDX1	23
P16467	PDC5	26
P16474	KAR2	34
P16521	YEF3	47
P16522	CDC23	31
P16550	APA1	17
P16603	NCP1	32
P16622	HEM15	18
P16649	TUP1	37
P16658	SEN2	18
P16661	ALG1	26
P16664	RGP1	35
P16861	PFK1	51
P16862	PFK2	42
P16892	FUS3	16
P17064	FCY2	8
P17065	SEC2	35
P17076	RPL8A	16
P17106	CBF1	18
P17119	KAR3	46
P17157	PHO85	18
P17214	EST1	36
P17255	VMA1	63
P17260	KRE1	5
P17423	THR1	15
P17442	PHO81	61
P17505	MDH1	16
P17536	TPM1	12
P17555	SRV2	24
P17629	HPR1	38
P17649	UGA1	26
P17695	GRX2	9
P17709	GLK1	24
P17883	SKI3	81
P17890	RPC31	9
P17891	CLC1	12
P17898	CPT1	5
P17967	PDI1	27
P18238	AAC3	16
P18239	PET9	18
P18409	MDM10	23
P18410	SPO7	14
P18412	TEC1	19
P18480	SNF5	26
P18759	SEC18	41
P18851	STE4	14
P18852	STE18	6
P18888	SNF6	10
P18898	CDC43	17
P18899	DDR48	8
P18961	YPK2	32
P19073	CDC42	6
P19097	FAS2	103
P19145	GAP1	24
P19146	ARF2	11
P19211	ANB1	8
P19262	KGD2	20
P19263	RGR1	60
P19358	SAM2	21
P19414	ACO1	37
P19454	CKA2	18
P19516	COX11	17
P19524	MYO2	89
P19541	RDS2	23
P19657	PMA2	30
P19658	EXO70	30
P19659	GAL11	38
P19736	PRP9	33
P19807	HNM1	13
P19812	UBR1	84
P19880	YAP1	28
P19881	PHO13	19
P19882	HSP60	32
P19955	YMR31	9
P20050	HOP1	27
P20052	PHO80	17
P20053	PRP4	18
P20081	FPR1	8
P20095	PRP2	49
P20107	ZRC1	9
P20133	BET2	15
P20134	SFL1	25
P20424	SRP54	29
P20433	RPB4	10
P20434	RPB5	9
P20435	RPO26	5
P20436	RPB8	6
P20447	DBP3	24
P20448	HCA4	36
P20449	DBP5	25
P20457	PRI2	29
P20459	SUI2	21
P20484	MAK11	21
P20485	CKI1	29
P20486	CKS1	7
P20604	SIT4	18
P20606	SAR1	13
P20676	NUP1	39
P20795	VPS33	26
P20840	SAG1	13
P20967	KGD1	41
P21147	OLE1	20
P21182	SPE2	19
P21190	IME1	9
P21192	ACE2	41
P21242	PRE10	13
P21243	SCL1	19
P21268	FAR1	46
P21269	CCA1	28
P21372	PRP5	49
P21373	UTR1	27
P21374	ISY1	12
P21375	OSM1	30
P21524	RNR1	40
P21538	REB1	37
P21560	CBP3	18
P21576	VPS1	44
P21592	COX10	15
P21651	REC107	17
P21672	RNR3	42
P21691	SIR1	34
P21734	UBC1	11
P21801	SDH2	14
P21825	SEC62	14
P21826	DAL7	31
P21827	SRM1	20
P21951	POL2	115
P21954	IDP1	23
P21957	OPI1	18
P21965	MCK1	22
P22007	RAM1	17
P22082	SNF2	68
P22108	APA2	17
P22133	MDH2	14
P22137	CHC1	86
P22138	RPA135	53
P22139	RPB10	2
P22140	EPT1	9
P22141	PRE1	7
P22146	GAS1	22
P22147	XRN1	73
P22148	MSN1	14
P22149	AFT1	21
P22203	VMA4	13
P22204	DBF2	19
P22211	NPR1	32
P22213	SLY1	33
P22214	SEC22	7
P22216	RAD53	37
P22217	TRX1	8
P22219	VPS15	66
P22224	SEC15	42
P22276	RET1	54
P22289	QCR9	2
P22336	RFA1	34
P22515	UBA1	54
P22516	CHL1	42
P22517	CMK2	20
P22543	VPS34	44
P22579	SIN3	65
P22696	ESS1	12
P22768	ARG1	20
P22803	TRX2	8
P22804	BET1	6
P22855	AMS1	62
P22936	APN1	18
P22943	HSP12	8
P23179	SPO11	22
P23201	SPA2	82
P23202	URE2	16
P23254	TKL1	29
P23255	TAF2	61
P23287	CNA1	30
P23291	YCK1	25
P23292	YCK2	22
P23293	SGV1	45
P23301	HYP2	8
P23337	GSY1	31
P23394	PRP28	37
P23501	YSR3	19
P23503	NAR1	26
P23542	AAT2	22
P23561	STE11	29
P23585	HXT2	18
P23594	PPH21	14
P23595	PPH22	15
P23615	SPT6	73
P23638	PRE9	14
P23639	PRE8	11
P23642	VAN1	22
P23643	VPS3	53
P23644	TOM40	15
P23724	PRE7	12
P23776	EXG1	18
P23833	SCO1	15
P23900	FPS1	15
P23968	VMA16	6
P24000	RPL24B	6
P24004	PEX1	46
P24276	SSD1	61
P24279	MCM3	55
P24280	SEC14	20
P24309	DBR1	20
P24384	PRP22	68
P24482	DPB2	34
P24583	PKC1	60
P24783	DBP2	27
P24784	DBP1	43
P24813	CAD1	19
P24814	GRR1	57
P24867	PCL1	18
P24868	CLB1	26
P24869	CLB2	29
P24870	CLB3	22
P25040	TSR4	18
P25042	ROX1	14
P25043	PUP1	10
P25044	PTP1	22
P25045	LCB1	21
P25046	ROX3	6
P25087	ERG6	22
P25293	NAP1	18
P25294	SIS1	14
P25296	CNB1	11
P25297	PHO84	19
P25298	RNA14	39
P25299	RNA15	9
P25300	BUD5	32
P25301	RAD57	22
P25302	SWI4	48
P25333	SAT4	30
P25336	MSH3	51
P25338	MPO1	7
P25340	ERG4	18
P25342	CDC10	17
P25343	RVS161	19
P25344	STE50	13
P25346	GIT1	20
P25348	MRPL32	8
P25349	YCP4	17
P25353	NPP1	25
P25356	BPH1	98
P25357	SNT1	58
P25358	ELO2	7
P25359	RRP43	19
P25360	PHO87	26
P25364	HCM1	32
P25368	RRP7	11
P25369	LSB5	15
P25373	GRX1	8
P25374	NFS1	23
P25375	PRD1	38
P25376	AGP1	20
P25377	ADH7	16
P25378	RHB1	11
P25382	RSA4	28
P25384	TY2B-C	86
P25385	BOS1	14
P25386	USO1	97
P25389	KCC4	54
P25441	RPC53	22
P25443	RPS2	13
P25451	PUP3	8
P25453	DMC1	17
P25454	RAD51	16
P25491	YDJ1	16
P25502	PUT3	36
P25515	VMA3	5
P25554	SGF29	14
P25555	GBP2	22
P25569	GID7	36
P25573	MGR1	23
P25574	EMC1	25
P25576	POF1	17
P25582	SPB1	36
P25583	KAR4	19
P25586	KRR1	18
P25587	LDB16	9
P25588	MRC1	50
P25591	VAC17	22
P25604	STP22	10
P25605	ILV6	15
P25613	ADY2	6
P25615	POL4	35
P25618	CWH43	30
P25623	SYP1	37
P25627	BUD23	8
P25635	PWP2	47
P25637	YIH1	9
P25641	ATG15	20
P25644	PAT1	36
P25646	PTC6	26
P25648	SRB8	69
P25651	CSM1	8
P25653	FIG2	21
P25655	CDC39	115
P25656	CDC50	18
P25693	PCL2	19
P25694	CDC48	42
P25719	CPR3	10
P25808	SPB4	37
P25846	MSH1	58
P25847	MSH2	56
P26188	MGT1	10
P26263	PDC6	28
P26309	CDC20	32
P26321	RPL5	13
P26364	ADK2	14
P26448	BUB2	15
P26449	BUB3	20
P26570	PPZ1	34
P26754	RFA2	11
P26755	RFA3	7
P26783	RPS5	11
P26784	RPL16A	11
P26785	RPL16B	11
P26786	RPS7A	13
P26793	RAD27	19
P27351	APL1	37
P27466	CMK1	23
P27472	GSY2	32
P27476	NSR1	18
P27514	PHO91	29
P27515	URK1	24
P27614	CPS1	23
P27616	ADE1	22
P27636	CDC15	48
P27637	BUD14	29
P27654	TIP1	4
P27680	COQ3	17
P27692	SPT5	50
P27697	COQ8	30
P27705	MIG1	17
P27796	POT1	18
P27801	PEP3	52
P27809	KRE2	23
P27810	KTR1	22
P27825	CNE1	21
P27882	ERV1	11
P27895	CIN8	61
P27999	RPB9	5
P28000	RPC19	7
P28004	PRP45	24
P28005	POP5	12
P28007	GAR1	8
P28240	ICL1	25
P28241	IDH2	12
P28263	UBC8	6
P28272	URA1	13
P28274	URA7	30
P28319	CWP1	11
P28320	YJU2	15
P28321	YJU3	17
P28495	CAP1	15
P28496	LAC1	16
P28519	RAD14	14
P28627	IMP1	10
P28707	SBA1	7
P28708	PRR1	28
P28737	MSP1	20
P28742	KIP1	57
P28743	KIP2	38
P28777	ARO2	22
P28791	SEC20	18
P28795	PEX3	16
P28834	IDH1	18
P29029	CTS1	11
P29055	SUA7	15
P29056	BRF1	28
P29295	HRR25	22
P29311	BMH1	15
P29340	PEX4	9
P29366	BEM1	27
P29453	RPL8B	16
P29461	PTP2	35
P29465	CHS3	55
P29468	PAP1	33
P29469	MCM2	48
P29496	MCM5	46
P29509	TRR1	13
P29539	RIF1	104
P29547	CAM1	23
P29703	RAM2	15
P29704	ERG9	21
P29952	PMI40	19
P30283	CLB5	22
P30605	ITR1	15
P30620	PSO2	31
P30624	FAA1	39
P30656	PRE2	15
P30657	PRE4	8
P30665	MCM4	52
P30771	NAM7	44
P30822	CRM1	53
P30902	ATP7	10
P30952	MLS1	30
P31109	SNC1	5
P31111	ZIP1	53
P31115	DEG1	24
P31116	HOM6	20
P31244	RAD16	43
P31373	CYS3	16
P31374	PSK1	72
P31376	SWC3	29
P31377	SYN8	12
P31378	NTG1	24
P31380	FUN30	51
P31382	PMT2	36
P31383	TPD3	27
P31384	CCR4	34
P31385	DEP1	19
P31386	ATS1	20
P31412	VMA5	23
P31539	HSP104	51
P31688	TPS2	47
P31755	OCH1	22
P32074	SEC21	47
P32178	ARO7	16
P32179	MET22	18
P32259	SIN4	53
P32266	MGM1	46
P32288	GLN1	15
P32316	ACH1	26
P32318	THI4	10
P32319	PEP1	74
P32323	AGA1	2
P32324	EFT1	45
P32325	DBF4	35
P32327	PYC2	55
P32328	DBF20	23
P32329	YPS1	8
P32332	OAC1	18
P32333	MOT1	97
P32334	MSB2	13
P32335	MSS51	26
P32336	NUD1	37
P32337	PSE1	43
P32338	RME1	13
P32339	HMX1	14
P32340	NDI1	24
P32343	SSH4	26
P32344	QRI5	4
P32345	PPH3	15
P32347	HEM12	19
P32349	RPC82	33
P32350	KNS1	36
P32352	ERG2	4
P32353	ERG3	15
P32354	MCM10	30
P32356	NTH1	46
P32357	AAR2	19
P32361	IRE1	64
P32363	SPT14	23
P32366	VMA6	16
P32367	TFC1	31
P32368	SAC1	36
P32377	MVD1	19
P32379	PUP2	13
P32380	SPC110	49
P32381	ARP2	18
P32383	PLC1	43
P32386	YBT1	81
P32389	MET4	20
P32419	MDH3	22
P32432	SFP1	17
P32447	ASF1	10
P32449	ARO4	16
P32454	APE2	54
P32457	CDC3	27
P32458	CDC11	17
P32461	DPH2	18
P32462	ERG24	11
P32465	HXT1	21
P32466	HXT3	20
P32467	HXT4	18
P32468	CDC12	23
P32471	EFB1	11
P32472	FPR2	7
P32474	EUG1	17
P32476	ERG1	24
P32478	HSP150	13
P32479	HIR1	45
P32480	HIR2	40
P32481	GCD11	26
P32485	HOG1	22
P32486	KRE6	21
P32490	MKK1	23
P32491	MKK2	24
P32492	MYO4	84
P32494	NGG1	37
P32495	NHP2	5
P32497	NIP1	44
P32499	NUP2	42
P32500	NDC1	29
P32501	GCD6	41
P32502	GCD7	18
P32504	CBF2	52
P32505	NAB2	20
P32521	PAN1	45
P32523	PRP19	24
P32524	PRP21	16
P32526	KAR9	35
P32527	ZUO1	20
P32528	DUR1,2	96
P32529	RPA12	4
P32558	SPT16	50
P32561	RPD3	26
P32562	CDC5	35
P32563	VPH1	32
P32565	RPN2	53
P32566	SMI1	14
P32567	PAH1	41
P32568	SNQ2	66
P32569	SRB4	36
P32570	SRB6	5
P32571	DOA4	42
P32573	SPS19	13
P32578	SIP1	36
P32579	SUA5	16
P32580	SUV3	35
P32582	CYS4	30
P32584	STE14	12
P32585	SRB5	13
P32588	PUB1	10
P32589	SSE1	36
P32591	SWI3	44
P32597	STH1	64
P32598	GLC7	16
P32599	SAC6	36
P32600	TOR2	128
P32602	SEC17	16
P32604	FBP26	25
P32605	MUD1	17
P32607	RTG1	8
P32609	PEP7	35
P32610	VMA8	9
P32614	FRD1	26
P32621	GDA1	23
P32622	YEF1	21
P32623	UTR2	12
P32628	RAD23	14
P32629	ANP1	21
P32639	BRR2	103
P32641	RAD24	31
P32642	GRX4	14
P32643	TMT1	15
P32644	ECM32	60
P32657	CHD1	76
P32660	DNF1	75
P32767	KAP122	44
P32768	FLO1	8
P32769	HBS1	28
P32771	SFA1	18
P32773	TOA1	8
P32774	TOA2	9
P32776	TFB1	35
P32783	ABD1	21
P32784	SCT1	38
P32789	ALK2	33
P32790	SLA1	39
P32791	FRE1	35
P32793	YSC84	19
P32794	AFG2	41
P32795	YME1	40
P32796	CAT2	34
P32797	CDC13	51
P32798	COT1	12
P32799	COX13	8
P32800	PEX2	17
P32801	ELM1	34
P32802	EMP70	25
P32803	EMP24	12
P32804	ZRT1	12
P32807	YKU70	31
P32828	SLX5	29
P32829	MRE11	28
P32830	TIM12	8
P32832	NPL6	26
P32833	ORC2	28
P32835	GSP1	10
P32838	PPG1	9
P32839	BCS1	22
P32842	VMA11	2
P32844	SEC6	43
P32849	RAD5	59
P32854	PEP12	13
P32855	SEC8	52
P32860	NFU1	15
P32861	UGP1	26
P32862	RGT1	43
P32863	RAD54	45
P32864	MRS6	24
P32867	SSO1	10
P32873	BEM3	56
P32874	HFA1	125
P32892	DRS1	39
P32893	TRS65	28
P32895	PRS1	16
P32897	TIM23	9
P32898	CYM1	53
P32899	IMP3	13
P32900	SKG6	29
P32901	PTR2	22
P32905	RPS0A	11
P32906	MNS1	33
P32908	SMC1	60
P32909	SMY2	31
P32910	RPC34	16
P32911	SUI1	6
P32912	VAM7	15
P32913	VPS17	23
P32914	SPT4	3
P32915	SEC61	15
P32916	SRP101	34
P32917	STE5	42
P32939	YPT7	13
P32944	SWE1	40
P33122	TYE7	7
P33201	MRT4	13
P33202	UFD4	72
P33203	PRP40	34
P33296	UBC6	8
P33297	RPT5	24
P33298	RPT3	22
P33299	RPT1	24
P33300	SUR1	20
P33301	XRS2	38
P33302	PDR5	61
P33307	CSE1	44
P33308	CSE2	8
P33309	DOM34	20
P33310	MDL1	35
P33313	CNS1	21
P33314	BUD2	67
P33317	DUT1	8
P33322	CBF5	22
P33327	GDH2	48
P33328	SNC2	5
P33330	SER1	17
P33332	SEC3	66
P33333	SLC1	18
P33334	PRP8	112
P33336	SKN1	23
P33338	SLA2	42
P33339	TFC4	59
P33399	LHP1	12
P33400	RIM101	27
P33401	PGM1	24
P33413	DUR3	18
P33416	HSP78	45
P33418	LOS1	44
P33419	SPC29	15
P33420	NIP100	48
P33421	SDH3	13
P33441	MFT1	23
P33442	RPS1A	17
P33448	TOM6	1
P33734	HIS7	36
P33748	MSN2	14
P33749	MSN4	27
P33751	PAD1	15
P33753	TRM2	33
P33754	SEC66	11
P33755	NPL4	32
P33760	PEX6	49
P33767	WBP1	20
P33775	PMT1	30
P33892	GCN1	143
P33893	PET112	27
P33895	NUF2	23
P34077	NIC96	42
P34078	LTV1	16
P34087	RPB7	9
P34110	VPS35	47
P34111	TFC3	62
P34160	STO1	45
P34161	YOX1	22
P34162	SRB2	12
P34163	TGL1	30
P34164	SIP2	25
P34165	MFA1	2
P34166	MFA2	2
P34167	TIF3	27
P34216	EDE1	55
P34217	PIN4	14
P34218	SAS3	37
P34221	PTC3	16
P34223	SHP1	22
P34225	YEL1	39
P34226	SKT5	32
P34227	PRX1	16
P34230	PXA2	47
P34233	ASH1	30
P34241	URB1	101
P34243	HCS1	39
P34244	HSL1	80
P34247	UTP11	11
P34248	YPF1	18
P34252	SLD2	19
P34730	BMH2	15
P34756	FAB1	107
P34758	SCD5	18
P34760	TSA1	12
P34761	WHI3	15
P34909	MOT2	23
P35056	PEX5	35
P35127	YUH1	10
P35169	TOR1	134
P35177	SPT7	67
P35179	SSS1	5
P35180	TOM20	10
P35181	APS1	8
P35182	PTC1	16
P35183	AST1	16
P35187	SGS1	68
P35189	TAF14	14
P35192	MAC1	20
P35193	ATG19	22
P35194	UTP20	134
P35196	RER2	17
P35197	GCS1	22
P35200	UPS2	14
P35201	MIF2	26
P35203	CTF13	22
P35206	CSG2	16
P35207	SKI2	67
P35208	SPT10	26
P35688	LRG1	62
P35691	TMA19	8
P35718	RPC25	7
P35728	MPE1	26
P35729	NUP120	44
P35732	DEF1	16
P35734	ASK1	13
P35817	BDF1	31
P35843	HES1	18
P35844	KES1	22
P35845	SWH1	57
P35997	RPS27A	4
P35999	OCT1	45
P36000	APL2	37
P36003	NNK1	45
P36006	MYO3	58
P36007	SRY1	18
P36009	DHR2	44
P36010	YNK1	10
P36012	CSE4	8
P36014	GPX1	6
P36015	YKT6	16
P36016	LHS1	49
P36017	VPS21	15
P36018	YPT52	13
P36022	DYN1	231
P36024	SIS2	27
P36027	MID2	8
P36033	FRE2	24
P36035	JEN1	26
P36037	DOA1	39
P36041	EAP1	18
P36044	MNN4	52
P36046	MIA40	24
P36047	SDS22	18
P36048	SNU114	58
P36049	EBP2	19
P36051	MCD4	33
P36056	RSM22	35
P36057	SRP102	8
P36060	MCR1	17
P36068	SHE2	10
P36075	CUE2	26
P36076	CAB3	33
P36077	SRX1	9
P36080	RRP14	17
P36081	PSG1	17
P36088	YKL069W	8
P36094	SPC42	22
P36095	VPS24	10
P36096	TUL1	21
P36100	TFA1	21
P36102	PAN3	24
P36104	SWD2	17
P36105	RPL14A	8
P36107	AUR1	7
P36108	DID4	10
P36112	MIC60	25
P36116	VPS51	10
P36117	ALY1	38
P36119	RQT4	31
P36120	DBP7	43
P36122	BCH2	35
P36123	SAP190	44
P36124	SET3	43
P36126	SPO14	88
P36130	CAF4	33
P36131	SPC34	15
P36132	KAE1	21
P36136	SHB17	14
P36143	GLG1	22
P36146	LAS1	31
P36148	GPT2	36
P36149	BET3	12
P36152	DRE2	17
P36156	ECM4	21
P36160	RPF2	11
P36161	NUP133	62
P36162	DAD2	6
P36163	OMA1	16
P36165	TGL4	51
P36170	FLO10	17
P36421	TYS1	23
P36517	MRPL4	17
P36531	MRPL36	7
P36775	PIM1	63
P37012	PGM2	27
P37020	GEF1	36
P37292	SHM1	28
P37296	STV1	44
P37297	STT4	85
P37298	SDH4	9
P37299	QCR10	5
P37303	GLY1	22
P37366	CCL1	19
P37370	VRP1	25
P37838	NOP4	35
P38009	ADE17	32
P38011	ASC1	15
P38013	AHP1	9
P38041	BOI1	66
P38042	CDC27	33
P38067	UGA2	21
P38069	MNN2	31
P38070	YPK3	20
P38071	ETR1	19
P38074	HMT1	18
P38075	PDX3	11
P38077	ATP3	18
P38080	AKL1	57
P38084	BAP2	21
P38085	TAT1	21
P38086	RDH54	55
P38088	GRS1	42
P38109	ATG42	18
P38110	TEL1	140
P38111	MEC1	129
P38112	MAK5	37
P38115	ARA1	21
P38116	ARL1	10
P38121	POL12	31
P38123	SWD3	9
P38125	DTR1	17
P38127	RIM2	17
P38128	SMP1	14
P38129	TAF5	40
P38130	KTR3	22
P38132	MCM7	49
P38137	PCS60	26
P38138	ROT2	44
P38139	LDH1	22
P38140	ERT1	25
P38143	GPX2	10
P38144	ISW1	62
P38146	YPT10	13
P38147	CHK1	27
P38149	DUG2	35
P38153	APM3	24
P38165	RTG3	21
P38167	ECM21	52
P38169	BNA4	23
P38170	BRN1	35
P38174	MAP2	19
P38181	NUP170	77
P38182	ATG8	7
P38198	STU1	85
P38199	HEK2	16
P38200	SHE1	17
P38203	LSM2	6
P38205	NCL1	40
P38207	APN2	29
P38208	POP8	5
P38211	GPI18	20
P38212	RCR1	8
P38217	KAP104	37
P38221	CDS1	18
P38225	FAT1	35
P38227	QDR3	27
P38230	ZTA1	20
P38236	MUM2	15
P38237	UBP14	37
P38238	TRM7	10
P38242	ALG14	12
P38244	PFF1	41
P38247	SLM4	7
P38248	ECM33	10
P38249	RPG1	60
P38250	IST2	35
P38251	RFC5	21
P38255	RXT2	17
P38257	MMS4	36
P38261	EXO84	39
P38262	SIF2	28
P38263	VID24	18
P38264	PHO88	14
P38265	IML3	15
P38266	AIM3	36
P38270	ATG14	19
P38271	OPY1	16
P38272	SHE3	21
P38273	CCZ1	29
P38274	HSL7	40
P38279	RTC2	6
P38283	SLI15	45
P38285	AMN1	35
P38286	IFA38	16
P38287	CSH1	16
P38289	EXO5	33
P38291	POP7	7
P38295	EHT1	25
P38297	FZO1	46
P38298	YPC1	9
P38301	GDT1	9
P38304	MED8	8
P38307	DER1	10
P38310	FTH1	16
P38313	AME1	18
P38316	ATG12	7
P38319	TDP1	30
P38323	MCX1	28
P38328	ARC40	18
P38332	RRT2	21
P38333	ENP1	27
P38334	TRS20	8
P38336	POP4	17
P38339	RGD1	33
P38340	TAE1	10
P38341	MIC12	8
P38342	TSC10	17
P38344	REI1	16
P38345	SDH8	9
P38348	HSM3	26
P38351	PAF1	23
P38352	SAF1	34
P38353	SSH1	17
P38356	BSD2	9
P38360	PCA1	52
P38361	PHO89	17
P38426	TPS3	52
P38427	TSL1	50
P38428	CUE1	12
P38429	SAP30	9
P38431	TIF5	26
P38439	LEO1	22
P38523	MGE1	13
P38555	YPT31	15
P38590	MSG5	29
P38604	ERG7	31
P38615	RIM11	15
P38623	RCK2	26
P38624	PRE3	13
P38626	CBR1	20
P38627	URA8	32
P38628	PCM1	26
P38629	RFC3	21
P38630	RFC1	45
P38631	FKS1	73
P38632	MMS21	15
P38633	SOH1	5
P38634	SIC1	14
P38636	ATX1	4
P38688	SRP72	32
P38689	PRS3	19
P38691	KSP1	44
P38692	KIC1	38
P38695	HXT5	19
P38696	ARP1	15
P38697	IMD2	20
P38700	APM2	23
P38701	RPS20	8
P38703	LAG1	18
P38704	STP2	26
P38710	INM1	13
P38711	RPS27B	4
P38712	RRP3	28
P38713	OSH3	53
P38715	GRE3	23
P38717	SIP3	77
P38719	DBP8	24
P38720	GND1	28
P38731	ARN1	20
P38736	GOS1	15
P38741	RIM4	25
P38742	NPR3	47
P38753	HSE1	23
P38754	RPL14B	8
P38755	OSH7	23
P38757	NEM1	18
P38758	TDA3	27
P38759	VPS29	14
P38764	RPN1	49
P38766	RRM3	47
P38768	PIH1	18
P38770	BRL1	25
P38778	SMF2	9
P38779	CIC1	20
P38781	RSC30	36
P38782	MED6	15
P38785	GIC1	18
P38786	RPP1	17
P38788	SSZ1	29
P38792	RRP4	18
P38793	TRM5	30
P38797	PTC7	19
P38798	NMD2	64
P38800	LAM4	73
P38801	LRP1	9
P38803	IPI1	18
P38805	RPF1	18
P38806	YNG2	15
P38810	SFB3	33
P38811	TRA1	208
P38815	YPT35	7
P38817	GGA2	26
P38820	UBA4	19
P38821	APE4	22
P38822	BZZ1	33
P38823	DMA1	15
P38825	TOM71	32
P38826	ORC6	28
P38827	SET1	54
P38830	NDT80	36
P38836	ECM14	20
P38838	WSS1	11
P38840	ARO9	29
P38843	CHS7	8
P38844	DSE2	6
P38850	RTT107	51
P38851	LAM1	68
P38853	KEL1	70
P38855	PEX18	14
P38856	YAP1801	13
P38857	MPC2	8
P38859	DNA2	84
P38861	NMD3	21
P38862	ATG7	35
P38863	SPC97	46
P38869	SVP26	9
P38870	RGD3	50
P38873	KOG1	74
P38874	IKI1	12
P38875	GPI16	21
P38878	LNP1	12
P38879	EGD2	8
P38881	NVJ1	22
P38882	UTP9	29
P38883	RIX1	39
P38886	RPN10	9
P38887	SMN1	28
P38888	MNL1	27
P38889	SKN7	19
P38890	SET5	28
P38891	BAT1	18
P38894	FLO5	9
P38902	RPB11	9
P38903	RTS1	30
P38907	CHL4	25
P38910	HSP10	6
P38911	FPR3	10
P38912	TIF11	7
P38915	SPT8	29
P38920	MLH1	47
P38922	HRB1	22
P38925	SMF1	16
P38927	REV7	14
P38928	AXL2	28
P38929	PMC1	53
P38930	CKB2	11
P38931	SSN2	72
P38932	VPS45	33
P38934	BFR1	29
P38953	RAD55	15
P38954	IPT1	17
P38956	SNF11	5
P38959	VPS41	52
P38960	STN1	24
P38961	RRP8	22
P38967	TAT2	16
P38968	SEC31	43
P38970	HAL5	43
P38987	TEM1	12
P38989	SMC2	63
P38990	SAK1	45
P38991	IPL1	19
P38992	SUR2	10
P38993	FET3	13
P38994	MSS4	39
P38995	CCC2	40
P38996	NAB3	23
P38998	LYS1	17
P39001	UME6	36
P39002	FAA3	33
P39003	HXT6	20
P39004	HXT7	20
P39006	PSD1	26
P39007	STT3	34
P39008	POP2	15
P39009	DUN1	30
P39010	AKR1	32
P39012	GAA1	22
P39013	END3	22
P39014	MET30	34
P39015	STM1	12
P39016	MPT5	31
P39073	SSN3	31
P39081	PCF11	36
P39083	RGA1	49
P39104	PIK1	47
P39105	PLB1	21
P39107	MNN9	15
P39108	PEX7	17
P39109	YCF1	77
P39111	VMA7	6
P39112	DSS1	43
P39515	TIM17	8
P39516	RPS14B	7
P39517	DHH1	23
P39518	FAA2	38
P39520	IFH1	27
P39521	FHL1	48
P39522	ILV3	26
P39524	DRS2	52
P39531	RCY1	44
P39533	ACO2	32
P39538	UBP12	47
P39540	ELO1	8
P39547	UIP3	9
P39552	MST28	11
P39676	YHB1	17
P39678	MBP1	37
P39683	NPT1	33
P39685	POM152	69
P39702	VPS8	65
P39704	ERP2	6
P39705	NUP60	29
P39706	SWD1	19
P39707	SEN34	14
P39715	ECM1	12
P39717	GPB2	40
P39718	PEX22	9
P39719	FLC2	31
P39720	OAF1	48
P39722	GEM1	37
P39723	SPC72	27
P39726	GCV3	5
P39727	ERV46	15
P39729	RBG1	23
P39730	FUN12	43
P39731	MTW1	15
P39735	SAW1	11
P39742	SEC72	9
P39743	RVS167	13
P39744	NOC2	41
P39875	EXO1	37
P39904	VPS52	29
P39923	NPR2	36
P39925	AFG3	37
P39926	SSO2	11
P39928	SLN1	54
P39929	SNF7	13
P39935	TIF4631	45
P39936	TIF4632	41
P39940	RSP5	45
P39943	MIG3	14
P39946	PAC1	29
P39952	OXA1	12
P39956	RPH1	39
P39958	GDI1	22
P39960	BEM2	113
P39962	YCK3	27
P39966	PTC2	25
P39968	VAC8	23
P39969	BOI2	45
P39976	DLD3	25
P39979	HPA3	8
P39984	HAT2	18
P39985	POL5	56
P39986	SPF1	59
P39990	SNU13	7
P39993	GEA2	70
P39995	EAF5	17
P39997	NPP2	22
P39998	EDC3	20
P40009	YND1	34
P40010	NUG1	26
P40011	YER010C	8
P40013	BIM1	17
P40014	SPC25	13
P40015	ISC1	20
P40016	RPN3	29
P40018	SMB1	14
P40021	ZRG8	36
P40024	ARB1	25
P40028	YEN1	37
P40032	TPA1	32
P40034	JHD1	24
P40040	THO1	8
P40046	VTC1	7
P40047	ALD5	30
P40048	PTP3	46
P40054	SER3	21
P40055	UTP7	25
P40056	GET2	11
P40059	DOT6	25
P40061	TSC11	77
P40063	RTT105	9
P40064	NUP157	70
P40065	MAM1	16
P40066	GLE2	17
P40068	FLO8	28
P40069	KAP123	52
P40070	LSM4	7
P40072	SLX8	7
P40073	SHO1	8
P40075	SCS2	11
P40078	NSA2	13
P40084	RTR1	15
P40086	COX15	21
P40087	DDI1	22
P40089	LSM5	4
P40090	SCC4	36
P40091	PEA2	24
P40094	COG3	45
P40096	BUR6	7
P40106	GPP2	17
P40107	VRG4	7
P40150	SSB2	30
P40151	MGS1	34
P40152	PPN2	15
P40160	RIO2	20
P40161	RTT106	24
P40164	PSY2	41
P40167	SLZ1	9
P40186	PCL7	18
P40202	CCS1	12
P40204	SMX2	3
P40208	GID8	24
P40217	TIF34	21
P40218	LDO45	13
P40219	LDO16	4
P40302	PRE5	16
P40303	PRE6	12
P40308	TGL3	28
P40316	PDS1	21
P40318	SSM4	52
P40319	ELO3	12
P40327	RPT2	25
P40335	PEP8	22
P40339	RFC4	18
P40340	YTA7	75
P40341	YTA12	47
P40343	VPS27	31
P40344	ATG3	13
P40345	LRO1	32
P40347	LTP1	7
P40348	RFC2	25
P40352	RAD26	51
P40353	ATF1	31
P40356	PGD1	9
P40357	SEC9	28
P40358	JEM1	34
P40359	PSF2	10
P40360	ARG2	26
P40362	UTP18	17
P40367	LAS21	23
P40368	NUP82	35
P40395	RIC1	49
P40414	TPM2	11
P40416	ATM1	31
P40422	RPC10	3
P40438	VTH1	81
P40450	BNR1	69
P40453	UBP7	57
P40454	RRD1	11
P40457	MLP2	100
P40458	ATG32	19
P40460	NDC80	41
P40462	TMA108	45
P40465	CSM2	12
P40466	FKH1	16
P40467	ASG1	43
P40469	MET18	58
P40471	AYR1	18
P40477	NUP159	66
P40479	SDP1	16
P40482	SEC24	36
P40484	MOB1	14
P40485	SLM1	25
P40487	DPH1	22
P40489	XBP1	28
P40492	FYV10	29
P40494	PRK1	42
P40495	LYS12	22
P40498	UTP25	36
P40501	AVT7	13
P40505	SDS3	13
P40506	CAB2	21
P40507	AIR1	16
P40509	SEC28	12
P40510	SER33	22
P40515	FIS1	10
P40527	NEO1	56
P40530	PKP1	18
P40535	CST6	22
P40537	ULP2	49
P40540	EMC5	7
P40541	IRR1	52
P40543	ATG45	7
P40547	VID28	43
P40548	SNL1	8
P40553	DOT5	14
P40554	URM1	2
P40556	YIA6	17
P40557	EPS1	36
P40558	CFD1	15
P40559	INP51	46
P40562	MPH1	41
P40563	AIM21	42
P40564	DJP1	23
P40565	IST3	7
P40566	EGH1	33
P40568	DSN1	23
P40571	RPR2	9
P40573	MET28	9
P40577	MND2	15
P40578	MGA2	44
P40581	HYR1	7
P40693	RLP7	13
P40825	ALA1	60
P40850	MKT1	39
P40851	AXL1	63
P40857	PHS1	7
P40890	VTH2	81
P40917	CIN5	9
P40955	CHS6	42
P40956	GTS1	15
P40957	MAD1	45
P40958	MAD2	15
P40959	MVP1	29
P40961	PHB1	14
P40963	SAS2	19
P40968	CDC40	23
P40969	CEP3	34
P40970	LCB2	24
P40988	FET4	25
P40989	GSC2	73
P40991	NOP2	27
P40992	RRN7	26
P40993	SNM1	8
P40994	ARF3	8
P41056	RPL33B	5
P41057	RPS29A	4
P41058	RPS29B	4
P41277	GPP1	16
P41318	LST8	19
P41338	ERG10	21
P41543	OST1	17
P41546	HAC1	8
P41695	BUB1	52
P41696	AZF1	33
P41697	BUD6	46
P41698	BUD8	23
P41735	CAT5	15
P41800	MMM1	22
P41805	RPL10	11
P41807	VMA13	28
P41808	SMK1	23
P41809	HKR1	34
P41810	SEC26	45
P41811	SEC27	43
P41812	POP1	42
P41813	FKH2	40
P41816	OYE3	20
P41821	MID1	11
P41832	BNI1	98
P41833	IME4	28
P41834	UFE1	15
P41835	THI6	21
P41895	TFG1	33
P41896	TFG2	15
P41901	SPR3	26
P41903	TES1	18
P41909	PXA1	44
P41911	GPD2	25
P41912	SHR5	8
P41920	YRB1	6
P41921	GLR1	26
P41939	IDP2	28
P41948	MEP2	6
P42073	REF2	27
P42835	EGT2	20
P42836	PFA3	13
P42837	FIG4	42
P42838	LEM3	16
P42839	VNX1	27
P42844	ZIM17	9
P42845	STB1	21
P42935	ELP2	48
P42939	MVB12	7
P42945	UTP10	89
P42949	PAM16	10
P42951	LSB6	31
P43122	QRI7	21
P43123	QRI1	31
P43132	BRE2	29
P43321	SMD3	6
P43497	CWP2	1
P43534	THI5	16
P43535	GCN20	36
P43555	EMP47	23
P43558	OTU1	14
P43561	FET5	21
P43563	MOB2	12
P43564	MIL1	49
P43565	RIM15	79
P43567	AGX1	20
P43571	BST1	39
P43572	EPL1	47
P43573	BUD27	40
P43583	BLM10	100
P43585	VTC2	47
P43586	LOC1	7
P43587	YPI1	7
P43588	RPN11	17
P43593	UBP6	27
P43594	MIC19	11
P43597	AIP5	70
P43601	ATG18	20
P43602	ROG3	30
P43603	LSB3	23
P43605	ECO1	16
P43609	RSC8	31
P43612	SAP155	47
P43616	DUG1	26
P43618	CNN1	16
P43621	RET2	19
P43633	ALK1	42
P43635	CIT3	24
P43636	ALG2	25
P43637	TOS3	22
P43639	CKB1	12
P43682	SFT1	6
P45818	ROK1	28
P45978	SCD6	15
P46367	ALD4	30
P46654	RPS0B	11
P46655	GUS1	45
P46669	RPA43	14
P46671	FAR3	14
P46672	ARC1	24
P46673	NUP85	38
P46674	SAC3	68
P46675	STU2	47
P46676	SUM1	53
P46677	TAF1	44
P46678	BDP1	33
P46680	AIP1	33
P46681	DLD2	24
P46682	APL6	48
P46784	RPS10B	6
P46943	GUF1	31
P46944	TRS85	34
P46946	SAE2	19
P46947	BUD13	15
P46948	SKI6	10
P46951	YPP1	48
P46957	POL31	27
P46959	GCD14	22
P46962	CTK2	20
P46963	CTK3	14
P46964	OST2	6
P46971	PMT4	27
P46972	IMP2	8
P46984	GON7	7
P46985	MNN11	22
P46989	ATG27	16
P46990	RPL17B	7
P46995	SET2	43
P47001	CIS3	5
P47002	SSY5	35
P47006	RPA34	11
P47008	SFH5	18
P47011	GLG2	19
P47013	LCB3	15
P47016	NIT2	19
P47017	LSM1	9
P47024	TY4B-J	90
P47025	MDV1	31
P47026	GWT1	13
P47027	DPB11	37
P47029	ALY2	43
P47032	PRY1	2
P47033	PRY3	16
P47035	NET1	63
P47037	SMC3	63
P47039	BNA3	21
P47041	BIT61	26
P47043	ZAP1	31
P47047	MTR4	51
P47050	RTT101	45
P47054	NUP192	79
P47057	SNX4	25
P47058	TAD2	10
P47061	VPS53	48
P47064	APS3	6
P47068	BBC1	58
P47069	MPS3	34
P47074	MAD3	30
P47075	VTC4	39
P47076	RPC17	8
P47077	NOP9	38
P47082	AVT1	24
P47083	MPP10	27
P47087	PEX39	3
P47093	LSM8	4
P47096	BNA1	11
P47098	TY1B-JR1	73
P47100	TY1B-JR2	77
P47102	GEA1	62
P47104	RAV1	69
P47110	POL32	17
P47112	TAH11	29
P47113	BFA1	32
P47114	KCH1	29
P47116	PTK2	38
P47119	HAM1	11
P47120	LIA1	20
P47122	NPA3	16
P47124	HOC1	15
P47130	CSN12	25
P47134	BIR1	52
P47136	BUD4	73
P47142	VPS25	11
P47143	ADO1	16
P47149	NNF1	13
P47154	STE24	20
P47156	JHD2	32
P47160	ENT3	18
P47164	STR2	27
P47169	MET5	73
P47170	IML1	86
P47171	HIR3	86
P47176	BAT2	19
P47178	DAN1	9
P47190	PMT3	33
P47818	CCC1	17
P47821	SSN8	18
P47822	SRB7	6
P47912	FAA4	29
P47977	TIS11	16
P48016	ATH1	47
P48164	RPS7B	14
P48231	TCB2	61
P48236	GPC1	18
P48237	CCM1	47
P48240	MTR3	12
P48360	ARH1	28
P48361	ASK10	49
P48362	HGH1	23
P48412	UPF3	18
P48415	SEC16	93
P48439	OST3	12
P48510	DSK2	9
P48524	BUL1	50
P48558	BXI1	8
P48559	YPT11	18
P48561	TRF5	24
P48562	CLA4	47
P48563	MON2	87
P48566	MSB3	34
P48567	PUS4	22
P48581	RAD17	21
P48582	BRO1	52
P48813	GNP1	27
P48836	VMA10	5
P48837	NUP57	18
P49017	COQ5	17
P49018	GPI8	16
P49095	GCV2	43
P49166	RPL37A	6
P49334	TOM22	7
P49435	APT1	9
P49573	CTR1	16
P49626	RPL4B	15
P49686	NUP42	9
P49687	NUP145	54
P49704	PRP31	23
P49723	RNR4	20
P49775	HNT2	12
P49955	HSH155	48
P49956	CTF18	48
P49957	TRM9	17
P49960	PRP24	26
P50076	DIE2	20
P50077	CCH1	82
P50078	TOS2	27
P50079	HSV2	27
P50082	AMA1	31
P50085	PHB2	17
P50087	MIC26	12
P50090	KEL2	46
P50091	PEX21	15
P50094	IMD4	23
P50095	IMD3	20
P50101	UBP15	54
P50102	UBP8	24
P50105	TAF4	24
P50106	RPA14	2
P50107	GLO1	16
P50108	MNN10	21
P50110	SAM37	20
P50111	ZDS1	44
P50275	ASE1	54
P50623	UBC9	6
P50861	RIB4	8
P50874	ORC5	23
P50875	SPT20	28
P50942	INP52	66
P50945	MIC27	13
P50947	PHO23	18
P51402	RPL37B	6
P51862	ROM2	72
P51979	HFM1	63
P51996	YPT32	16
P52286	SKP1	10
P52488	UBA2	32
P52489	PYK2	29
P52490	UBC13	5
P52491	UBC12	8
P52553	YKE2	7
P52593	NUP188	72
P52870	SBH1	5
P52871	SBH2	5
P52891	NUP84	34
P52893	ALT1	24
P52910	ACS2	30
P52917	VPS4	26
P52920	NBP35	11
P52923	AIF1	19
P52960	PIP2	47
P53008	CWH41	43
P53010	PAN2	56
P53011	SEH1	20
P53012	SCS3	17
P53032	SUT1	13
P53037	PSD2	54
P53038	TEL2	36
P53039	YIP1	4
P53040	TAF6	25
P53043	PPT1	24
P53044	UFD1	21
P53045	ERG25	11
P53048	MAL11	19
P53049	YOR1	70
P53051	IMA1	38
P53061	ZIP2	39
P53062	BRR6	7
P53063	RAI1	25
P53064	RTF1	26
P53067	KAP114	42
P53068	DOC1	10
P53076	VID30	46
P53079	COG1	23
P53082	BOL2	5
P53083	MDM34	20
P53086	KIP3	37
P53088	NCS6	18
P53090	ARO8	22
P53091	MCM6	54
P53093	YIP4	6
P53095	DSD1	19
P53096	HOS2	25
P53104	ATG1	50
P53109	AIM14	23
P53112	PEX14	21
P53114	NUT1	49
P53115	INO80	63
P53119	HUL5	45
P53127	SNT2	77
P53129	MON1	34
P53131	PRP43	37
P53135	SLD3	39
P53137	CUE3	25
P53140	RMD9	37
P53141	MLC1	12
P53144	YGK1	12
P53145	LSG1	37
P53146	USE1	14
P53148	SPC105	42
P53150	LIF1	25
P53152	MMS2	7
P53154	GUP1	26
P53157	MPC1	6
P53159	MPS2	24
P53163	MNP1	9
P53164	NPY1	17
P53165	SGF73	26
P53166	MRH4	33
P53167	PUS2	24
P53168	DUO1	17
P53170	PKP2	24
P53173	ERV14	3
P53176	MST27	10
P53178	ALG13	13
P53184	PNC1	9
P53191	PIB2	34
P53192	GET1	13
P53193	JAC1	8
P53195	COG7	15
P53196	RPN14	19
P53197	CDH1	29
P53199	ERG26	15
P53201	SWC4	26
P53202	CUL3	40
P53204	NMA2	18
P53207	SNU71	33
P53208	EAT1	14
P53215	THG1	14
P53218	POP6	9
P53219	IMO32	20
P53221	RPL26B	6
P53223	CAX4	8
P53224	ORM1	7
P53226	BUD9	31
P53230	TAM41	25
P53236	RSC1	44
P53238	PEF1	14
P53250	TWF1	15
P53251	SLX9	11
P53252	PIL1	14
P53254	UTP22	62
P53255	DRN1	27
P53256	RRP46	10
P53259	PCP1	12
P53261	NOP7	30
P53262	VOA1	5
P53264	CLD1	27
P53267	DAM1	15
P53271	COG2	17
P53276	UTP8	35
P53277	SYF2	9
P53281	LSB1	7
P53286	BTN2	16
P53290	GTR2	11
P53294	PUS6	21
P53296	ATF2	31
P53297	PBP1	32
P53298	OKP1	21
P53299	TIM13	9
P53301	CRH1	17
P53303	ZPR1	24
P53309	YAP1802	15
P53311	MPC3	11
P53314	CPD1	10
P53317	NOP19	8
P53318	COQ6	26
P53322	TNA1	18
P53323	BUD32	8
P53324	SAY1	24
P53327	SLH1	101
P53330	RTT102	8
P53334	SCW4	14
P53335	PXR1	13
P53378	TUB4	13
P53379	MKC7	16
P53397	OGG1	20
P53507	TOM7	1
P53538	SSU72	8
P53540	SPC98	42
P53541	SPO1	25
P53549	RPT4	21
P53550	DCP2	51
P53551	HHO1	13
P53552	THO2	92
P53598	LSC1	14
P53599	SSK2	87
P53604	MSO1	11
P53615	NCE103	11
P53616	SUN4	6
P53617	NRD1	22
P53622	COP1	58
P53628	SNF12	30
P53632	PAP2	29
P53633	YIP3	6
P53685	HST1	25
P53686	HST2	15
P53687	HST3	19
P53688	HST4	18
P53691	CPR6	15
P53720	SMM1	25
P53721	RCF2	8
P53722	ATP23	13
P53725	MPP6	8
P53729	ZNG1	20
P53731	ARC35	15
P53734	DBP6	36
P53738	TRM112	5
P53739	FPK1	37
P53740	YNR048W	15
P53741	BRE5	24
P53742	NOG2	33
P53743	ESF2	15
P53746	FRE4	34
P53753	DSE4	28
P53759	DUS1	20
P53769	CWC24	15
P53829	CAF40	16
P53832	WSC2	15
P53833	POP3	10
P53838	BOR1	20
P53839	GOR1	17
P53840	TOF1	63
P53843	IST1	12
P53844	PDR17	24
P53845	YIF1	16
P53846	LTO1	10
P53847	DSL1	43
P53848	FOL1	45
P53853	VPS75	14
P53855	ATG2	78
P53859	CSL4	15
P53860	PDR16	22
P53865	CNM67	32
P53866	SQS1	33
P53867	ATG4	18
P53868	ALG9	24
P53871	DUG3	15
P53872	YNL190W	10
P53874	UBP10	37
P53877	IPI3	28
P53879	RHO5	16
P53886	APC1	91
P53890	BNI5	27
P53893	RIA1	54
P53894	CBK1	27
P53895	ASI2	14
P53896	PGA1	8
P53897	IGO1	7
P53899	CUZ1	14
P53901	INN1	22
P53904	ALF1	13
P53905	LSM7	6
P53909	AAH1	19
P53911	EAF7	23
P53914	KRE33	54
P53915	NRK1	13
P53917	FAR11	51
P53919	NAF1	15
P53920	NMA111	55
P53923	NCS2	25
P53924	DMA2	19
P53927	NOP15	9
P53930	YAF9	15
P53933	APP1	21
P53935	NST1	39
P53939	NIS1	12
P53940	APJ1	22
P53941	IMP4	16
P53942	RNH201	15
P53943	AQR1	22
P53946	ARP5	32
P53950	VAC7	31
P53951	COG5	24
P53954	ALG11	32
P53955	SLM2	31
P53959	COG6	46
P53965	SIW14	18
P53968	CRZ1	22
P53969	SAM50	29
P53971	FAP1	49
P53972	RCM1	26
P53973	HDA1	28
P53974	ARK1	33
P53978	HEF3	48
P53981	PYP1	14
P53983	ASI3	28
P54000	SUB1	14
P54070	KTR6	28
P54074	ASI1	31
P54113	ADE16	32
P54115	ALD6	26
P54199	MPS1	31
P54780	RPL15B	9
P54781	ERG5	29
P54783	ALO1	26
P54784	ORC1	48
P54785	MOT3	9
P54786	ZDS2	33
P54787	VPS9	22
P54790	ORC3	33
P54791	ORC4	32
P54837	ERV25	9
P54854	HXT15	22
P54857	TGL2	21
P54860	UFD2	45
P54861	DNM1	43
P54862	HXT11	21
P54867	SLG1	7
P54999	SMX3	3
P57743	LSM3	3
P60010	ACT1	20
P61829	OLI1	1
P61830	HHT1	4
P62651	ERI1	1
P69771	DID2	11
P69850	DAD3	8
P69851	DAD4	3
P69852	HSK3	5
P80210	ADE12	22
P80428	ARP4	25
P80667	PEX13	12
P80967	TOM5	3
P81449	TIM11	6
P81450	ATP18	4
P87108	TIM10	7
P89102	SEC5	58
P89105	CTR9	61
Q00055	GPD1	21
Q00245	RHO3	14
Q00246	RHO4	13
Q00362	CDC55	27
Q00381	APS2	5
Q00402	NUM1	151
Q00416	SEN1	124
Q00539	NAM8	17
Q00578	SSL2	39
Q00582	GTR1	13
Q00618	BET4	22
Q00684	CDC14	24
Q00711	SDH1	31
Q00764	TPS1	20
Q00772	SLT2	20
Q00776	APM1	21
Q00816	REG1	49
Q00916	SNP1	17
Q00947	STP1	19
Q00955	ACC1	124
Q01080	RPA49	18
Q01159	CEG1	26
Q01217	ARG5,6	49
Q01389	BCK1	72
Q01448	HPC2	24
Q01454	CTF4	48
Q01476	UBP2	62
Q01477	UBP3	43
Q01519	COX12	6
Q01532	LAP3	26
Q01560	NPL3	23
Q01574	ACS1	35
Q01589	SED1	3
Q01590	SED5	12
Q01649	CIK1	39
Q01662	MAP1	17
Q01722	GCR2	15
Q01852	TIM44	27
Q01855	RPS15	7
Q01896	ENA2	48
Q01919	KIN4	41
Q01926	MRS2	23
Q01939	RPT6	24
Q02046	MTD1	15
Q02100	SKO1	23
Q02159	UBC7	7
Q02199	NUP49	11
Q02201	OSH6	28
Q02205	MEH1	10
Q02206	RSC4	33
Q02207	FOX2	55
Q02256	YVH1	19
Q02260	SMD1	6
Q02326	RPL6A	11
Q02336	ADA2	23
Q02354	UTP6	35
Q02455	MLP1	101
Q02457	TBF1	19
Q02486	ABF2	11
Q02521	SPP2	8
Q02554	CUS1	28
Q02555	RNT1	25
Q02574	MEC3	24
Q02606	CIP1	10
Q02629	NUP100	19
Q02630	NUP116	27
Q02642	EGD1	8
Q02647	DYN2	6
Q02685	RMI1	12
Q02724	ULP1	37
Q02725	VTC3	47
Q02732	CTF19	16
Q02733	IRC15	24
Q02767	VPS28	13
Q02773	RPM2	56
Q02774	SHR3	3
Q02775	SLU7	22
Q02776	TIM50	22
Q02784	GRX5	9
Q02785	PDR12	58
Q02792	RAT1	49
Q02793	SKI8	13
Q02794	STD1	18
Q02795	SWP1	7
Q02796	LGE1	26
Q02804	ARL3	13
Q02805	ROD1	38
Q02821	SRP1	19
Q02884	ELP4	18
Q02887	ATG21	22
Q02888	INA17	9
Q02890	PNG1	17
Q02892	NOG1	34
Q02896	YDC1	5
Q02908	ELP3	28
Q02931	NAN1	37
Q02933	RNY1	25
Q02939	TFB2	31
Q02948	VPS30	28
Q02950	MRP51	20
Q02959	HOS3	37
Q02979	GDE1	60
Q03002	FRK1	38
Q03010	UME1	20
Q03012	SPP1	21
Q03018	ESP1	75
Q03020	ISU1	10
Q03034	FDC1	25
Q03048	COF1	7
Q03063	DIG1	19
Q03067	SGF11	5
Q03071	ELC1	5
Q03081	MET31	10
Q03096	EST3	8
Q03103	ERO1	30
Q03124	RSC9	30
Q03125	NRG1	9
Q03144	SNO1	12
Q03148	SNZ1	13
Q03178	PIR1	12
Q03180	PIR3	14
Q03195	RLI1	33
Q03213	HOT1	28
Q03219	FPY1	15
Q03262	PRM15	32
Q03280	TOM1	172
Q03290	TFB3	21
Q03305	RMT2	19
Q03308	VPS16	39
Q03322	TLG1	9
Q03330	GCN5	25
Q03337	TRS31	16
Q03373	DIG2	12
Q03388	VPS72	39
Q03390	VPS60	4
Q03406	SLD5	14
Q03407	PKH1	35
Q03433	VPS71	15
Q03434	TY1B-ML2	75
Q03435	NHP10	12
Q03455	MSC2	29
Q03465	RPN4	18
Q03466	EBS1	37
Q03494	TY2B-DR2	86
Q03496	TRM732	82
Q03497	STE20	48
Q03503	MAK3	11
Q03529	SCS7	16
Q03530	RCE1	9
Q03532	HAS1	31
Q03533	TDA1	25
Q03554	GOT1	7
Q03557	HER2	26
Q03558	OYE2	18
Q03579	LIP1	8
Q03612	TY1B-ER1	74
Q03619	TY1B-ER2	77
Q03630	BET5	9
Q03631	WAR1	42
Q03640	TCB3	64
Q03649	MGL2	23
Q03654	CEF1	33
Q03655	GAS3	26
Q03656	SKY1	29
Q03660	TRS130	54
Q03674	PLB2	23
Q03677	ADI1	12
Q03687	ANY1	19
Q03690	CLU1	62
Q03691	ROT1	5
Q03702	CCE1	17
Q03705	CGI121	12
Q03713	RCF1	8
Q03714	USA1	41
Q03723	OST6	15
Q03758	BUL2	43
Q03761	TAF12	29
Q03769	ENT5	15
Q03770	SSY1	25
Q03771	ACL4	16
Q03774	TRM82	27
Q03778	FMN1	13
Q03784	TRS23	14
Q03785	VHS1	19
Q03790	NUP53	18
Q03818	ATG16	5
Q03825	MSS11	24
Q03833	GIS1	34
Q03834	MSH6	68
Q03835	GRX3	10
Q03855	TY1B-DR1	71
Q03862	ARX1	28
Q03868	SPO71	70
Q03897	MTC5	56
Q03898	FIN1	20
Q03920	MTQ2	10
Q03921	DOP1	89
Q03940	RVB1	22
Q03941	CAB5	10
Q03944	VPS64	28
Q03954	SPC19	8
Q03957	CTK1	30
Q03973	HMO1	9
Q04002	SCC2	79
Q04003	SAS4	26
Q04013	YHM2	15
Q04048	SYF1	46
Q04049	RAD30	39
Q04053	SNX41	23
Q04062	RPN9	21
Q04067	TIF35	13
Q04080	GPI17	17
Q04082	GPI19	2
Q04087	LRS4	19
Q04089	DOT1	24
Q04110	ECM11	14
Q04119	PPN1	33
Q04120	TSA2	12
Q04121	NHX1	11
Q04149	MUS81	35
Q04175	SXM1	37
Q04177	UTP5	23
Q04178	HPT1	12
Q04179	URH1	8
Q04195	SIZ1	46
Q04199	CAC2	19
Q04214	TY1B-MR1	76
Q04217	ECM16	65
Q04226	TAF11	21
Q04228	UBX2	24
Q04235	TRM12	26
Q04264	PDS5	68
Q04272	VPS20	10
Q04305	UTP15	23
Q04307	RPC11	6
Q04311	VMS1	32
Q04322	GYL1	42
Q04338	VTI1	12
Q04344	HNT1	8
Q04359	SPO20	22
Q04364	PEX9	27
Q04370	PEX12	24
Q04371	YMR027W	26
Q04372	TAP42	21
Q04373	PUF6	29
Q04377	LCD1	35
Q04396	LPP1	12
Q04401	SDH7	7
Q04409	EMI2	29
Q04410	GRH1	11
Q04430	CAB1	18
Q04431	KRE28	17
Q04432	HSP31	11
Q04437	YKU80	27
Q04439	MYO5	62
Q04458	HFD1	22
Q04461	EUC1	24
Q04472	MGR3	24
Q04477	SPC24	9
Q04491	SEC13	15
Q04493	GIM5	11
Q04500	UTP14	37
Q04511	UFO1	27
Q04601	APC4	38
Q04603	DPB4	13
Q04629	SWF1	19
Q04632	COG8	35
Q04636	POB3	26
Q04638	ITT1	25
Q04651	ERV41	15
Q04659	CSM3	13
Q04660	ERB1	36
Q04670	TY1B-MR2	76
Q04673	SSL1	23
Q04693	RSE1	68
Q04705	PRM6	15
Q04711	TY1B-ML1	76
Q04728	ARG7	27
Q04739	GAL83	12
Q04740	RNH1	18
Q04746	KAR5	23
Q04749	AVO2	20
Q04779	RCO1	38
Q04781	RKR1	80
Q04839	GFD1	5
Q04847	ROY1	27
Q04868	ELP6	8
Q04894	ADH6	17
Q04921	SPR28	21
Q04924	GTB1	30
Q04930	CRF1	22
Q04947	RTN1	19
Q04951	SCW10	13
Q04958	NTE1	74
Q04964	SML1	6
Q05016	YMR226C	13
Q05021	TAF7	20
Q05022	RRP5	95
Q05027	TAF9	8
Q05029	BCH1	31
Q05031	DFG5	16
Q05040	FAR8	30
Q05080	HOF1	39
Q05123	ARP9	21
Q05164	HPF1	14
Q05166	ASM4	22
Q05359	ERP1	10
Q05471	SWR1	70
Q05498	FCF1	6
Q05506	YDR341C	41
Q05515	SVF1	20
Q05521	DPP1	11
Q05549	HRQ1	61
Q05567	DPL1	35
Q05568	PEX10	20
Q05580	HEL2	38
Q05583	CIA1	14
Q05584	GLO2	16
Q05636	RRP45	15
Q05775	HCR1	12
Q05776	UPS1	9
Q05777	NCW2	7
Q05785	ENT2	23
Q05787	HRD3	36
Q05788	PNP1	17
Q05789	ATG38	12
Q05791	CDC123	21
Q05871	ECI1	15
Q05900	YHC1	14
Q05902	ECM38	38
Q05919	VPS38	24
Q05930	MDM30	33
Q05931	SSQ1	32
Q05933	ARC18	8
Q05934	VID22	39
Q05946	UTP13	41
Q05949	BUR2	15
Q05958	ECM22	27
Q05979	BNA5	17
Q06010	STE23	58
Q06032	CST9	27
Q06053	DUS3	41
Q06058	SEI1	10
Q06063	DUS4	19
Q06078	UTP21	41
Q06096	COG4	44
Q06102	YTH1	11
Q06103	RPN7	22
Q06106	MRD1	46
Q06132	SGD1	44
Q06135	GAS2	29
Q06142	KAP95	25
Q06143	DIC1	16
Q06144	ORM2	9
Q06147	LCB5	35
Q06148	NEJ1	16
Q06151	DCS1	24
Q06156	YCS4	65
Q06159	ATG39	14
Q06160	SPH1	30
Q06163	EST2	51
Q06164	MMS22	64
Q06168	SFH1	17
Q06169	PEX30	26
Q06178	NMA1	19
Q06188	PDP3	18
Q06201	GMC2	10
Q06204	NGK1	19
Q06205	FPR4	11
Q06211	MMS1	64
Q06213	NUT2	8
Q06217	SMD2	6
Q06218	DBP9	32
Q06224	YSH1	42
Q06263	VTA1	18
Q06266	TOS4	28
Q06287	EMG1	16
Q06321	ATG26	53
Q06324	MMR1	23
Q06328	YPQ2	8
Q06337	EAF1	59
Q06339	TFC6	25
Q06340	ESC2	22
Q06346	KEI1	5
Q06349	DXO1	23
Q06385	VPS74	17
Q06389	FRQ1	10
Q06390	PHO92	18
Q06406	LSM6	5
Q06407	RGA2	60
Q06408	ARO10	35
Q06409	DCK1	104
Q06410	ATG17	30
Q06411	SPP382	37
Q06412	TUS1	59
Q06440	CRN1	37
Q06449	PIN3	7
Q06488	RSC2	50
Q06493	YLH47	25
Q06504	NAT3	10
Q06505	SPN1	27
Q06506	RRP9	27
Q06508	LOA1	13
Q06510	TAZ1	21
Q06512	NOC4	25
Q06522	YPR147C	11
Q06541	ARV1	17
Q06549	CDD1	7
Q06551	ERF2	17
Q06554	IRC20	89
Q06580	MLC2	11
Q06592	HPA2	10
Q06593	OPT2	35
Q06596	ARR1	11
Q06598	ARR3	12
Q06604	BSP1	38
Q06616	CSA1	11
Q06623	HDA3	36
Q06625	GDB1	72
Q06628	ATG13	40
Q06629	HDA2	42
Q06630	MHR1	13
Q06639	RSC3	42
Q06648	GIC2	19
Q06651	PIB1	16
Q06671	ATG23	24
Q06675	MCM21	16
Q06676	YFT2	13
Q06677	SWA2	28
Q06679	UTP4	41
Q06680	YCG1	51
Q06681	YSP2	65
Q06685	VIP1	66
Q06696	VPS36	29
Q06697	CDC73	19
Q06703	CDA2	14
Q06704	IMH1	52
Q06705	CSR1	20
Q06706	IKI3	63
Q06708	VAC14	46
Q06810	OPY2	16
Q06817	GRS2	33
Q06833	NVJ2	44
Q06836	SYT1	53
Q07084	SSK1	31
Q07350	PRP11	15
Q07381	TSR1	36
Q07418	PEX19	23
Q07442	BDF2	22
Q07457	BRE1	41
Q07468	VAM6	54
Q07471	THI3	29
Q07478	SUB2	22
Q07508	LUC7	17
Q07528	ATG20	32
Q07532	IWR1	16
Q07533	CYK3	41
Q07540	YFH1	9
Q07551	YDL124W	20
Q07560	CRD1	13
Q07651	FMP45	11
Q07657	SHS1	26
Q07688	YPD1	9
Q07732	ADY3	46
Q07791	TY2B-DR3	86
Q07793	TY1B-DR4	68
Q07794	RTT109	19
Q07800	PSR1	17
Q07804	YEH1	29
Q07807	PUF3	38
Q07821	ISA1	16
Q07824	TPO1	15
Q07830	GPI13	32
Q07845	GRC3	28
Q07878	VPS13	159
Q07879	ATG10	5
Q07896	NOC3	34
Q07913	NSE1	20
Q07914	PAM18	4
Q07915	RLP24	4
Q07921	TEN1	10
Q07923	LOT6	9
Q07930	PML1	10
Q07938	MEU1	17
Q07950	YEH2	28
Q07951	IRC25	9
Q07953	SDO1	17
Q07963	UBR2	95
Q08001	LAM6	37
Q08004	BUD20	7
Q08032	CDC45	27
Q08096	RCL1	16
Q08108	PLB3	27
Q08109	HRD1	26
Q08144	TLG2	22
Q08162	DIS3	51
Q08179	MDM38	32
Q08193	GAS5	16
Q08204	SMC5	59
Q08208	NOP12	27
Q08214	NTG2	21
Q08215	PEX15	19
Q08217	PSK2	58
Q08218	LDS2	7
Q08220	GSH2	26
Q08224	THI20	31
Q08229	NBA1	26
Q08230	SDH5	10
Q08231	THP1	26
Q08235	BRX1	16
Q08236	AVO1	60
Q08245	ZEO1	6
Q08273	HRT1	6
Q08278	MED7	12
Q08281	RTC1	67
Q08282	PPM2	33
Q08285	RRP40	14
Q08387	DNL4	52
Q08412	CUE5	23
Q08417	RSB1	9
Q08438	VHS3	25
Q08444	NOB1	20
Q08446	SGT1	26
Q08448	LPL1	20
Q08465	YNG1	9
Q08484	GYP1	34
Q08490	SGO1	21
Q08491	SKI7	34
Q08492	BUD21	11
Q08496	DIA2	42
Q08548	ALE1	23
Q08550	MPC54	22
Q08558	DCI1	13
Q08562	ULS1	79
Q08581	SLK19	51
Q08601	MCA1	11
Q08641	ABP140	25
Q08645	MET7	27
Q08647	PUS7	35
Q08649	ESA1	23
Q08650	DGA1	18
Q08651	ENV9	13
Q08683	APC5	33
Q08685	CLP1	20
Q08686	TUM1	22
Q08689	NAT5	8
Q08702	HNT3	9
Q08723	RPN8	19
Q08746	RRS1	8
Q08747	UAF30	12
Q08749	TIM18	8
Q08754	BUD7	34
Q08760	RAX1	21
Q08773	ISW2	62
Q08816	TFB6	15
Q08826	SNX3	10
Q08831	VTS1	14
Q08873	SCP1	12
Q08886	GPB1	47
Q08887	NDD1	18
Q08905	FRE3	17
Q08920	CBC2	11
Q08921	TCO89	43
Q08923	CTI6	22
Q08924	RTT10	64
Q08925	MRN1	28
Q08930	YPL191C	17
Q08931	PRM3	6
Q08949	DDC1	34
Q08951	APL5	51
Q08952	OXR1	11
Q08955	CSM4	9
Q08957	AFT2	14
Q08959	PGC1	17
Q08960	TYW1	43
Q08962	NIP7	12
Q08965	BMS1	50
Q08967	FLC1	31
Q08968	FMP40	40
Q08972	NEW1	61
Q08986	SAM3	17
Q08992	HSP32	14
Q10740	LAP2	35
Q12001	ALG6	17
Q12003	ENV7	18
Q12006	PFA4	15
Q12009	TRM8	16
Q12010	YPQ1	5
Q12017	PLP2	14
Q12018	CDC53	50
Q12019	MDN1	249
Q12024	YTM1	21
Q12030	TAF10	9
Q12033	RIM20	33
Q12038	SRO7	48
Q12039	HMI1	39
Q12041	MET32	10
Q12043	TGL5	33
Q12045	VIK1	30
Q12046	CWC2	19
Q12048	ATG41	3
Q12050	ELG1	46
Q12051	BTS1	16
Q12052	TGS1	16
Q12055	FAP7	14
Q12060	HFI1	21
Q12063	NUS1	19
Q12068	GRE2	19
Q12069	PUS9	20
Q12071	VPS54	51
Q12080	NOP53	17
Q12082	DMO2	5
Q12088	TY1B-LR1	77
Q12092	ATG29	12
Q12093	SLM3	22
Q12094	TSR3	13
Q12098	SLX4	31
Q12099	FAL1	23
Q12100	RTK1	29
Q12106	MCP1	11
Q12108	RTC5	30
Q12112	TY1B-NL1	76
Q12113	TY2B-OR1	85
Q12114	CHS5	23
Q12118	SGT2	18
Q12123	DCS2	25
Q12124	MED2	11
Q12127	CCW12	3
Q12136	SAS10	26
Q12141	TY1B-GR1	74
Q12142	ATG9	53
Q12146	PSF3	8
Q12149	RRP6	34
Q12150	CSF1	132
Q12151	UPC2	34
Q12154	GET3	18
Q12157	APC11	10
Q12158	MCD1	26
Q12159	YRA1	12
Q12164	POM33	15
Q12166	LEU9	29
Q12168	ACF2	35
Q12173	TY3A-G	10
Q12176	MAK21	48
Q12178	FCY1	9
Q12181	TAH18	35
Q12184	YAH1	6
Q12186	MSL5	24
Q12188	REC8	29
Q12191	BUG1	15
Q12193	TY1B-BR	76
Q12196	RIO1	22
Q12198	HSU1	32
Q12200	NCR1	45
Q12206	WTM2	24
Q12207	NCE102	7
Q12208	USB1	17
Q12211	PUS1	30
Q12213	RPL7B	12
Q12216	NFI1	27
Q12220	DIP2	50
Q12223	RAD59	14
Q12224	RLM1	17
Q12229	UBX3	20
Q12230	LSP1	13
Q12236	PKH2	65
Q12241	VAM3	11
Q12245	POC4	6
Q12246	LCB4	31
Q12248	DAD1	4
Q12250	RPN5	26
Q12255	NYV1	10
Q12262	MCM16	10
Q12263	GIN4	64
Q12265	PRS5	24
Q12267	SMC4	84
Q12269	TY1B-GR2	72
Q12271	INP53	59
Q12273	TY1B-OL	74
Q12275	CRM2	82
Q12277	RRP42	12
Q12280	IQG1	80
Q12284	ERV2	9
Q12285	MDY2	12
Q12287	COX17	3
Q12292	ATG34	21
Q12297	TAF3	18
Q12300	RGT2	19
Q12303	YPS3	20
Q12305	RDL1	8
Q12306	SMT3	6
Q12309	CLF1	35
Q12311	NTO1	35
Q12315	GLE1	21
Q12316	TY1B-GR3	79
Q12317	MSB4	25
Q12318	PSY3	15
Q12320	GLO4	18
Q12321	MED1	25
Q12324	YVC1	24
Q12328	TIM22	9
Q12330	SME1	3
Q12333	FRE7	29
Q12334	SCM3	15
Q12337	TY2B-GR1	87
Q12339	UTP23	14
Q12341	HAT1	22
Q12343	MED4	21
Q12344	GYP5	43
Q12355	PST1	19
Q12361	GPR1	37
Q12362	RIB2	30
Q12363	WTM1	16
Q12365	BBP1	25
Q12366	NDJ1	16
Q12373	HIF1	14
Q12377	RPN6	21
Q12379	SWM1	9
Q12380	ATG5	19
Q12382	DGK1	11
Q12383	TRM13	25
Q12386	ARP8	39
Q12389	DBP10	48
Q12396	EMP46	24
Q12400	TRM10	16
Q12402	YOP1	8
Q12404	MPD1	19
Q12406	ARP7	25
Q12408	NPC2	4
Q12411	SPO21	31
Q12414	TY1B-PL	73
Q12416	WHI5	15
Q12417	PRP46	29
Q12421	ATG31	10
Q12425	ISA2	11
Q12429	DPH6	35
Q12432	EAF3	26
Q12438	GRX6	12
Q12440	APC2	40
Q12443	RTN2	21
Q12445	POM34	16
Q12446	LAS17	21
Q12449	AHA1	18
Q12451	OSH2	62
Q12452	ERG27	21
Q12457	NSI1	27
Q12458	YPR1	20
Q12460	NOP56	28
Q12461	RRD2	17
Q12462	PEX11	12
Q12463	TRM11	17
Q12464	RVB2	28
Q12465	RAX2	26
Q12466	TCB1	56
Q12468	RRI1	21
Q12469	SKM1	35
Q12472	TY2B-DR1	88
Q12473	FRE6	24
Q12476	AIR2	19
Q12477	PCL9	19
Q12481	RRP36	14
Q12483	SNF8	11
Q12488	PSF1	10
Q12490	TY1B-BL	75
Q12491	TY2B-B	87
Q12494	KCS1	52
Q12495	RLF2	26
Q12499	NOP58	27
Q12501	TY2B-OR2	86
Q12502	LDB19	32
Q12505	SKS1	22
Q12508	RMD5	26
Q12509	ARP6	19
Q12511	PTC5	26
Q12513	TMA17	9
Q12514	NOT5	22
Q12517	DCP1	13
Q12518	ENT1	20
Q12522	TIF6	7
Q12524	PCD1	16
Q12527	ATG11	56
Q12530	RMP1	8
Q12532	RQC2	46
Q12674	DNF3	77
Q12675	DNF2	70
Q12680	GLT1	106
Q12691	ENA5	48
Q12692	HTZ1	6
Q12697	YPK9	61
Q12734	CSR2	53
Q12745	SEC39	34
Q12746	PGA3	15
Q12748	CTF3	39
Q12749	SMC6	59
Q12754	RRP12	56
Q3E731	COX19	5
Q3E754	RPS21B	6
Q3E757	RPL11B	9
Q3E772	LSO2	3
Q3E792	RPS25A	5
Q3E793	BOL1	6
Q3E798	MIM2	2
Q3E7A4	CMC2	6
Q3E7B6	VMA9	4
Q3E7C1	TFB5	4
Q3E7X9	RPS28A	4
Q3E833	PCC1	7
Q3E840	KTI11	4
Q3E846	COA6	5
Q6Q547	NOP10	3
Q6WNK7	SUS1	6
Q7LHG5	TY3B-I	83
Q92316	OST5	4
Q92317	NCB2	8
Q92325	LAG2	24
Q92328	MDM12	17
Q92331	VPS5	35
Q92393	TY1B-OR	74
Q96VH5	MIC10	6
Q99176	SRN2	11
Q99190	TSC13	14
Q99207	NOP14	31
Q99210	YOR111W	13
Q99216	PNO1	15
Q99219	TY3A-I	10
Q99220	YOS9	26
Q99222	AFI1	46
Q99231	TY1B-DR3	73
Q99257	MEX67	23
Q99258	RIB3	14
Q99260	YPT6	11
Q99271	NHA1	30
Q99278	MED11	7
Q99287	SEY1	42
Q99299	AIM44	36
Q99312	ISN1	22
Q99314	SAS5	16
Q99315	TY3B-G	87
Q99321	DDP1	11
Q99325	ATG40	8
Q99337	TY1B-NL2	78
Q99380	OST4	0
Q99383	HRP1	17
Q99385	VCX1	9
Q99394	TRS33	13
Q9URQ3	TAD3	17
Q9ZZW7	BI3	19
Q9ZZX1	AI5_ALPHA	23
D6W196	SAL1	30
O13559	YRF1-4	69
O13577	DIF1	9
O14464	RTC6	4
P00045	CYC7	7
P00425	COX5B	9
P00427	COX6	10
P00447	SOD2	11
P00856	ATP8	0
P00899	TRP2	26
P00931	TRP5	38
P01098	STF1	3
P02381	VAR1	22
P03872	REP2	12
P03882	SCEI	11
P04076	ARG4	27
P04161	ADE8	10
P04173	LEU2	19
P04650	RPL39	1
P04801	THS1	38
P04803	MSW1	17
P05085	ARG81	36
P05316	FUR4	21
P05626	ATP4	14
P05694	MET6	42
P05738	RPL9A	10
P05743	RPL26A	6
P05747	RPL29	2
P05749	RPL22A	5
P06115	CTT1	25
P06182	CYC3	10
P06633	HIS3	9
P06773	DCD1	17
P06775	HIP1	20
P06776	PDE2	24
P06783	STE3	14
P07253	CBP6	12
P07262	GDH1	28
P07266	MRS1	22
P07275	PUT2	27
P07285	TRP4	19
P07806	VAS1	61
P07807	DFR1	13
P07991	CAR2	23
P08431	GAL7	19
P08465	MET2	22
P09368	PUT1	24
P09435	SSA3	34
P09436	ILS1	62
P09457	ATP5	13
P0C074	YSF3	3
P0C0W1	RPS22A	8
P0C2H6	RPL27A	6
P0C2H8	RPL31A	7
P0C2H9	RPL31B	7
P0CD90	AQY2	2
P0CD99	MPH2	22
P0CE00	MPH3	22
P0CH63	DDI2	11
P0CH64	DDI3	11
P0CT04	PBI2	5
P0CW40	IMA3	38
P0CW41	IMA4	38
P0CX08	DSF1	24
P0CX20	YRF1-1	89
P0CX23	RPL20A	8
P0CX24	RPL20B	8
P0CX33	RPS30A	3
P0CX34	RPS30B	3
P0CX52	RPS16B	10
P0CX86	RPL41A	0
P0CX87	RPL41B	0
P10355	PET122	14
P10566	MRS3	9
P10662	MRP1	16
P10834	PET54	21
P10849	MTF2	25
P10963	PCK1	27
P11655	SEC12	18
P12612	TCP1	31
P12685	TRK1	46
P12686	MRP13	18
P12687	MRP7	20
P12887	UNG1	22
P13045	GAL3	23
P13090	ATR1	12
P13181	GAL2	21
P13188	GLN4	49
P13298	URA5	15
P13433	RPO41	71
P13483	DAT1	5
P13711	POX1	44
P13902	INO4	9
P14063	MRPL31	6
P14066	CBS1	15
P14359	SNA3	5
P14742	GFA1	39
P14772	BPT1	75
P15179	MSD1	38
P15365	DAL5	20
P15380	PUT4	18
P16965	STF2	3
P17121	SAC7	32
P17122	SPO16	13
P17261	ERS1	10
P18408	MET16	10
P18494	GLN3	24
P18544	ARG8	22
P18562	FUR1	14
P18900	COQ1	27
P18963	IRA1	144
P19158	IRA2	146
P19735	PRP6	50
P20051	URA4	17
P20084	MRPL33	4
P20437	CLN1	20
P20438	CLN2	19
P21306	ATP15	4
P21595	DIT2	30
P21657	DAL81	38
P21771	MRPS28	15
P22035	BAS1	41
P22134	MAG1	20
P22135	ATP12	22
P22136	AEP2	37
P22202	SSA4	34
P22209	KIN3	23
P22353	MRPL8	12
P22354	MRPL20	9
P22438	MSM1	29
P22470	SAN1	26
P23059	MAK31	5
P23248	RPS1B	17
P23285	CPR2	10
P23369	MRPL25	6
P23624	SPO13	10
P23641	MIR1	16
P23748	MIH1	30
P24521	ERG8	27
P24719	MEK1	24
P24871	CLB4	17
P25037	UBP1	34
P25038	IFM1	35
P25039	MEF1	38
P25270	MRM1	18
P25303	SCJ1	19
P25332	RBK1	14
P25337	BUD31	8
P25339	PUF4	25
P25341	KIN82	32
P25345	SLM5	27
P25365	SED4	32
P25367	RNQ1	7
P25371	ADP1	41
P25379	CHA1	20
P25381	RRT12	20
P25390	SSK22	75
P25558	BUD3	90
P25559	DCC1	21
P25560	RER1	9
P25566	MXR2	10
P25567	SRO9	21
P25578	PGS1	28
P25580	PBN1	18
P25594	VBA3	16
P25596	GEX1	23
P25621	FEN2	15
P25625	PER1	12
P25626	IMG1	11
P25628	ARE1	22
P25632	RSC6	26
P25638	TAH1	5
P25649	AHC2	8
P26343	DAL80	16
P26370	UGA3	26
P26637	CDC60	58
P26725	YUR1	18
P26798	INO2	6
P27344	DPB3	6
P27929	NAM9	29
P28006	GAC1	35
P28239	PPA2	15
P28273	OXP1	73
P28584	TRK2	36
P28817	EHD3	25
P29467	MEI4	21
P29478	SEC65	14
P30606	ITR2	18
P30619	SEC1	40
P30775	MRF1	19
P31334	MRPL9	14
P31379	LDS1	10
P31381	FUN26	16
P31787	ACB1	7
P32048	MSK1	32
P32190	GUT1	38
P32191	GUT2	38
P32263	PRO3	15
P32264	PRO1	24
P32331	YMC1	15
P32341	VPH2	8
P32342	SRP21	7
P32364	SMY1	43
P32378	COQ2	11
P32387	MRP20	13
P32445	RIM1	7
P32459	DAL3	13
P32463	ACP1	7
P32464	HYM1	23
P32469	DPH5	15
P32473	PDB1	15
P32477	GSH1	34
P32487	LYP1	16
P32489	MEI5	10
P32496	RPN12	14
P32522	PET309	61
P32525	ECM25	29
P32559	MSS1	27
P32581	IME2	28
P32590	SSE2	42
P32601	DSS4	7
P32603	SPR1	24
P32608	RTG2	32
P32611	RML2	23
P32613	TCA17	6
P32617	IES6	10
P32626	UTR4	9
P32656	GCG1	11
P32775	GLC3	36
P32781	AGA2	3
P32785	FMT1	24
P32786	RRN6	35
P32787	MGM101	18
P32788	LAA2	12
P32805	FZF1	13
P32806	GYP6	18
P32831	NGR1	19
P32836	GSP2	10
P32837	UGA4	14
P32841	REC114	21
P32843	YME2	50
P32875	LIP5	23
P32891	DLD1	27
P32903	PMP1	1
P32904	MRPL6	14
P32907	ATO2	9
P32943	CLB6	22
P32945	PPQ1	23
P33200	PDR3	37
P33204	ARC19	9
P33304	AFR1	31
P33306	BCK2	26
P33311	MDL2	34
P33312	RIB7	9
P33315	TKL2	27
P33323	REC104	10
P33329	PPZ2	38
P33411	PRP18	16
P33412	ECT1	17
P33417	IXR1	11
P33550	KTR2	19
P33750	SOF1	28
P33759	MRPS5	20
P33890	TIR2	5
P33891	TIP20	38
P33894	STE13	44
P34072	MKS1	28
P34219	TOD6	30
P34220	YBL055C	26
P34222	PTH2	10
P34228	SEF1	56
P34232	MTR2	6
P34237	COY1	39
P34239	LST4	43
P34253	KTI12	19
P35176	CPR5	12
P35184	SQT1	12
P35190	CLG1	14
P35191	MDJ1	28
P35202	THI80	19
P35210	SPT23	45
P35497	SOR1	20
P35723	YET1	10
P35727	BLI1	6
P35731	OAR1	14
P35842	PHO11	22
P35996	MRPL38	9
P36002	PTK1	31
P36004	KKQ8	41
P36005	KDX1	21
P36008	TEF4	21
P36013	MAE1	35
P36019	YPT53	18
P36023	OAF3	48
P36036	YRA2	11
P36039	EMC3	7
P36040	ADD66	9
P36053	ELF1	8
P36059	NNR2	18
P36062	AVT3	15
P36064	CMC1	5
P36070	RRN3	26
P36084	MUD2	28
P36091	DCW1	11
P36093	PHD1	18
P36097	TTI1	56
P36101	TCD2	22
P36106	BYE1	28
P36110	PRY2	4
P36113	HEL1	31
P36115	IRS4	24
P36118	NTR2	11
P36121	RPC37	18
P36135	UTH1	6
P36139	PET10	18
P36142	HFL1	19
P36144	UTP30	15
P36145	TFA2	16
P36147	PAM17	7
P36159	TRZ1	42
P36164	TVP38	11
P36166	PXL1	41
P36167	SRL3	9
P36168	ESL2	56
P36169	SKG1	18
P36173	GEX2	23
P36224	JNM1	21
P36516	MRPL3	27
P36519	MRPL7	17
P36520	MRPL10	19
P36521	MRPL11	19
P36523	MRPL15	16
P36525	MRPL24	15
P36526	MRPL27	8
P36527	MRPL28	9
P36528	MRPL17	18
P36532	MRPL37	5
P36533	MRPL39	3
P37254	ABZ1	37
P37261	FRM2	9
P37262	SOL2	18
P37291	SHM2	28
P37302	APE3	22
P37898	AAP1	50
P38061	RPL32	8
P38063	PRS4	15
P38064	MRPL16	14
P38065	APL3	63
P38066	RIB1	23
P38068	GRX7	13
P38072	SCO2	15
P38082	NRG2	13
P38090	AGP2	16
P38113	ADH5	15
P38114	TBS1	49
P38122	ECM31	16
P38124	FLR1	12
P38126	PCH2	28
P38131	KTR4	26
P38148	PPS1	41
P38152	CTP1	15
P38158	MAL32	30
P38162	MIX23	12
P38163	SRO77	47
P38164	SEA4	50
P38175	MRP21	11
P38179	ALG3	16
P38193	PSY4	24
P38196	FUI1	27
P38204	RRN10	9
P38210	LDB7	7
P38218	POA1	11
P38219	OLA1	24
P38222	RKM3	25
P38224	FIG1	11
P38226	CST26	18
P38228	TCM62	31
P38241	ECM2	20
P38254	PBY1	36
P38260	FES1	17
P38276	YBR137W	8
P38278	BMT2	14
P38282	SPP381	9
P38288	TOS1	14
P38293	UMP1	10
P38300	MBA1	13
P38302	NTC20	5
P38314	SDS24	22
P38315	YBP1	44
P38324	SLX1	15
P38326	SWC5	18
P38329	VHC1	35
P38330	YBR238C	39
P38331	YBR242W	14
P38337	SHG1	7
P38347	EFM2	18
P38349	UBX7	22
P38359	SUL1	32
P38616	YGP1	9
P38620	PRS2	15
P38622	RCK1	29
P38625	GUA1	30
P38637	STS1	18
P38682	GLO3	26
P38687	SRP68	32
P38698	PPX1	19
P38699	STB5	36
P38705	DIA4	26
P38724	ARN2	17
P38727	DFP4	10
P38735	VMR1	80
P38737	ECM29	103
P38748	ETP1	25
P38749	YAP3	16
P38751	SHU1	9
P38756	TCD1	23
P38760	MIP6	35
P38769	NEL1	28
P38772	BCD1	17
P38773	DOG2	12
P38777	FSH1	15
P38783	FYV4	6
P38789	SSF1	21
P38791	DYS1	22
P38794	PCL5	14
P38795	QNS1	31
P38796	PPE1	19
P38812	GEP4	11
P38813	BIG1	17
P38816	TRR2	14
P38818	CTM1	28
P38824	COX23	6
P38837	NSG1	8
P38845	CRP1	19
P38860	MTG2	25
P38865	CTR2	5
P38866	FMO1	23
P38871	SSP1	26
P38876	PTH1	11
P38877	CTF8	10
P38880	MDM31	16
P38904	SPP41	60
P38909	CYC2	19
P38913	FAD1	17
P38921	PET8	15
P38957	SHU2	14
P38962	TVP23	9
P38966	VTC5	35
P38972	ADE6	61
P38985	SRP14	8
P38986	ASP1	15
P38988	GGC1	18
P38999	LYS9	24
P39000	SHC1	27
P39011	BEM4	39
P39076	CCT2	29
P39077	CCT3	32
P39078	CCT4	29
P39103	COX14	4
P39106	MNN1	38
P39113	CAT8	64
P39526	LAA1	112
P39535	PHO90	25
P39543	SOP4	9
P39548	KTD1	11
P39677	MEF2	33
P39684	PES4	38
P39692	MET10	54
P39709	SEO1	19
P39712	FLO9	9
P39713	BDH2	18
P39714	BDH1	14
P39724	BOL3	7
P39732	GIP4	41
P39734	FRT2	24
P39924	HXT13	22
P39927	PTI1	15
P39932	STL1	22
P39933	PZF1	25
P39938	RPS26A	6
P39939	RPS26B	6
P39953	YEA6	20
P39954	SAH1	20
P39955	SAP1	49
P39970	ACA1	17
P39980	SIT1	21
P39983	SDD1	16
P39987	ECM10	31
P39994	PXP1	24
P40003	VAB2	11
P40004	YEA4	11
P40005	GIM4	7
P40007	NOP16	7
P40012	HEM14	37
P40017	YAT2	45
P40019	CHZ1	8
P40020	FIR1	41
P40023	EDC2	5
P40025	PHM8	14
P40026	KRE29	27
P40029	MXR1	11
P40030	ERG28	7
P40031	SPO73	9
P40033	RSM18	9
P40035	PIC2	14
P40038	PCL6	23
P40043	RGI1	8
P40045	TDA2	8
P40051	ICP55	26
P40071	TMN3	25
P40074	AVT6	13
P40077	DSE1	22
P40079	LCP5	15
P40080	VFA1	6
P40085	EMP65	24
P40088	FTR1	12
P40092	SPI1	1
P40099	FAU1	12
P40154	IES2	14
P40155	PEX17	14
P40165	NNR1	12
P40169	YNL194C	14
P40185	MMF1	9
P40207	ERG29	14
P40212	RPL13B	9
P40215	NDE1	32
P40260	MEP1	8
P40310	TOK1	22
P40314	BTT1	5
P40328	YTA6	37
P40350	ALG5	17
P40351	ALG8	26
P40354	NTA1	25
P40363	YJL068C	15
P40366	DLS1	3
P40413	CCT5	32
P40433	PFK26	38
P40442	CSS1	22
P40452	COA1	11
P40459	PAN6	20
P40468	TAO3	126
P40472	SIM1	6
P40473	POG1	9
P40474	QDR2	21
P40475	QDR1	22
P40480	HOS4	60
P40481	HPM1	16
P40486	SHQ1	31
P40493	BMT5	15
P40499	ICE2	21
P40504	KTR7	26
P40512	PCI8	20
P40513	MAM33	10
P40516	EFM4	12
P40517	YRB2	18
P40518	ARC15	9
P40522	VHR1	29
P40526	DFG10	13
P40528	SYG1	42
P40529	AGE2	13
P40532	APQ12	8
P40546	FAF1	11
P40549	MNT3	27
P40550	PDR11	50
P40552	TIR3	5
P40555	NAS2	12
P40561	SGN1	10
P40567	MSL1	6
P40574	YAP5	14
P40576	INA22	10
P40580	IRC24	16
P40582	GTT1	11
P40583	YPS6	10
P40856	SAP185	50
P40858	MRPL49	10
P40884	IMA5	32
P40885	HXT9	21
P40886	HXT8	17
P40897	OPT1	25
P40960	PAC11	28
P40965	MSH4	52
P40971	LYS14	34
P40975	PMP2	0
P40985	HUL4	59
P40986	CDC1	23
P41544	SYS1	6
P41733	GAB1	10
P41734	IAH1	12
P41806	VMA21	2
P41814	GCD10	21
P41815	BAP3	22
P41817	CUP9	12
P41818	GLC8	12
P41819	DIM1	22
P41910	MAF1	15
P41930	SSU1	12
P41940	PSA1	18
P42826	XKS1	29
P42833	HXT14	18
P42841	PFS2	24
P42842	EMW1	51
P42843	SKP2	33
P42846	KRI1	23
P42847	MRPS18	13
P42900	SLS1	34
P42934	PMT6	34
P42937	YCH1	11
P42938	TDA10	13
P42944	GZF3	30
P42948	SET4	33
P43124	NSE4	23
P43544	SNO3	11
P43545	SNZ3	14
P43549	AQY3	24
P43550	DAK2	24
P43551	ZNF1	25
P43553	ALR2	40
P43554	SWP82	34
P43556	RGD2	37
P43560	LAM5	37
P43568	CAK1	24
P43569	CAF16	16
P43574	GAT1	15
P43577	GNA1	11
P43579	IES1	41
P43581	HXT10	19
P43582	WWM1	7
P43589	SAD1	26
P43592	FAR7	9
P43596	IOC3	33
P43606	PTR3	41
P43610	IRC5	41
P43614	KEG1	8
P43619	BNA6	15
P43623	IRC7	14
P43634	CHA4	28
P43638	MHP1	69
P45976	FIP1	14
P46151	MET12	31
P46683	YAR1	15
P46950	SNG1	22
P46954	SIP4	34
P46961	GPI2	7
P46965	SPC1	5
P46969	RPE1	8
P46970	NMD5	46
P46974	RSF2	59
P46982	MNN5	30
P46988	PFD1	6
P46992	TOH1	14
P47019	ALB1	8
P47030	TAX4	29
P47031	IML2	33
P47040	YHC3	10
P47042	IKS1	25
P47045	TIM54	28
P47051	AIM22	21
P47052	YJL045W	27
P47055	LOH1	10
P47056	IRC18	9
P47088	GPI14	20
P47089	TMA22	9
P47095	MDE1	13
P47103	CPR7	19
P47108	URB2	64
P47117	ARP3	19
P47118	YAE1	9
P47123	MOG1	12
P47125	BNA2	23
P47128	EAF6	7
P47133	EMC2	15
P47135	JSN1	33
P47137	YJR096W	19
P47138	JJJ3	10
P47147	YMR1	34
P47150	RSM7	19
P47158	IBA57	26
P47167	MCM22	15
P47168	TTI2	24
P47179	DAN4	23
P47185	HXT16	22
P47771	ALD2	28
P47988	TEA1	39
P48015	GCV1	17
P48232	SNN1	4
P48234	ENP2	29
P48239	GTO1	22
P48363	PAC10	11
P48365	GYP7	31
P48445	BPL1	32
P48525	MSE1	33
P48527	MSY1	28
P48565	RIM21	17
P48570	LYS20	22
P48589	RPS12	7
P48743	RFX1	35
P49089	ASN1	27
P49167	RPL38	3
P49367	LYS4	32
P49954	NIT3	17
P50086	NAS6	13
P50109	PSP2	26
P50264	FMS1	26
P50276	MUP1	15
P50277	BIO3	23
P50278	SOL1	18
P50896	PSP1	36
P50944	AVT4	24
P50946	OCA1	9
P51401	RPL9B	10
P51533	PDR10	64
P51534	SHE4	43
P51601	FOL2	15
P51998	YML6	18
P52867	PMT5	26
P52868	CWC23	15
P52892	ALT2	22
P52919	NBP1	16
P53035	MIG2	6
P53059	MNT2	27
P53065	TAD1	27
P53072	TAN1	18
P53073	EMC4	10
P53075	SHE10	27
P53080	EDC1	9
P53094	MDS3	81
P53101	STR3	20
P53102	MND1	10
P53107	YRB30	22
P53108	YIP5	10
P53111	ARI1	19
P53121	FLC3	25
P53123	MRM2	14
P53124	PCL10	15
P53125	ITC1	66
P53128	MET13	29
P53136	NSA1	26
P53158	KXD1	9
P53169	YBP2	32
P53174	PRM8	10
P53177	TYW3	17
P53179	RIM8	30
P53185	VIR1	39
P53187	HOP2	8
P53188	CGR1	3
P53189	SCW11	7
P53203	PEX31	16
P53214	MTL1	10
P53220	TIM21	12
P53228	NQM1	16
P53233	FMP48	20
P53235	YGR054W	31
P53237	LST7	13
P53239	COX18	9
P53242	GID10	13
P53244	ART5	23
P53246	ENV11	41
P53258	MDR1	49
P53260	GTF1	12
P53266	SHY1	25
P53273	VSB1	36
P53280	CAF130	63
P53283	TPO2	16
P53289	RTS3	16
P53295	RBG2	21
P53306	GPI1	23
P53312	LSC2	27
P53313	SDA1	32
P53320	MTM1	18
P53331	RNH70	23
P53332	CAB4	21
P53333	CWC22	27
P53337	ERV29	14
P53341	MAL12	30
P53388	DIP5	22
P53389	HOL1	12
P53390	MEP3	6
P53437	RRN9	19
P53438	SOK2	26
P53600	RET3	8
P53629	ARE2	23
P53631	HXT17	22
P53718	NRM1	16
P53727	BUD17	16
P53730	ALG12	23
P53732	MRPS12	8
P53756	PDR18	48
P53824	SNZ2	14
P53830	CUS2	15
P53834	HCH1	10
P53835	PRM1	28
P53836	CAF120	46
P53849	GIS2	10
P53851	TEX1	23
P53852	YNL247W	44
P53854	CWC25	9
P53858	BNI4	45
P53861	ELA1	21
P53863	JJJ1	24
P53875	MRPL19	9
P53881	MRPL22	20
P53889	FMP41	15
P53900	GIM3	8
P53903	PGA2	7
P53916	TEP1	26
P53921	MRP35	4
P53934	YNL092W	18
P53937	SWS2	7
P53938	EOS1	15
P53944	MTQ1	15
P53953	SFB2	39
P53966	KTR5	24
P53982	IDP3	27
P54003	SUR7	10
P54114	ALD3	30
P54730	UBX4	20
P54838	DAK1	30
P54839	ERG13	23
P54885	PRO2	24
P54964	REX2	14
P56628	RPL22B	5
P57744	TIM8	6
P80235	YAT1	33
P81451	ATP19	3
P87262	RPL34A	5
P87284	PMP3	1
P89114	SAE3	6
P89886	TMA20	9
Q00723	PRP38	14
Q00873	CYT2	13
Q01163	RSM23	33
Q01329	PTA1	36
Q01802	AAT1	29
Q01846	MDM1	58
Q01976	YSA1	10
Q02196	MET14	10
Q02197	MAK10	32
Q02202	ECM9	21
Q02204	MRPL13	13
Q02208	TOF2	35
Q02516	HAP5	14
Q02648	TRM44	32
Q02721	REC102	11
Q02753	RPL21A	7
Q02770	CWC27	18
Q02783	MFM1	21
Q02825	SEN54	25
Q02866	MUK1	35
Q02875	SYH1	30
Q02883	FMP30	23
Q02891	EEB1	19
Q02932	KAP120	41
Q02969	PEX25	24
Q02983	RRN5	19
Q03016	GIP3	68
Q03028	ODC1	15
Q03079	MRX11	9
Q03088	SVL3	29
Q03151	MTG1	21
Q03161	YMR099C	21
Q03162	MUB1	30
Q03175	SRT1	17
Q03212	EAR1	24
Q03214	ECM5	79
Q03220	CTL1	19
Q03254	FCP1	29
Q03264	NGL2	30
Q03281	HEH2	33
Q03289	PFA5	17
Q03306	PKH3	46
Q03323	SDC1	7
Q03327	UGO1	24
Q03338	PRP3	25
Q03370	PEX29	26
Q03375	CWC21	11
Q03429	MZM1	6
Q03430	RSM28	20
Q03446	RCR2	12
Q03661	ESC1	70
Q03694	INP1	17
Q03707	SRC1	40
Q03718	NSE5	25
Q03735	NAB6	38
Q03750	TAF8	18
Q03764	EKI1	31
Q03768	GIR2	9
Q03772	CWC15	10
Q03776	PRP42	33
Q03782	SNU56	25
Q03792	RIM13	37
Q03796	TPP1	15
Q03824	INP2	38
Q03829	MME1	14
Q03860	TVP15	4
Q03919	RUB1	4
Q03935	YAP6	21
Q03937	HED1	9
Q03956	RAV2	19
Q03981	CSN9	9
Q04004	PLP1	16
Q04006	UPS3	12
Q04031	RRP17	8
Q04066	BNA7	15
Q04081	PPM1	19
Q04116	YHP1	18
Q04170	IAT4	10
Q04172	SHE9	26
Q04174	SMP3	14
Q04182	PDR15	61
Q04183	TRS120	72
Q04213	IOC4	19
Q04279	SEG1	56
Q04299	YMR087W	15
Q04347	BUD22	22
Q04368	CSI1	13
Q04383	PLM2	23
Q04412	AGE1	26
Q04433	FIT1	15
Q04471	YMR114C	26
Q04545	TDA9	52
Q04549	ARP10	16
Q04562	TMN2	25
Q04658	SMA2	15
Q04675	SEN15	4
Q04697	GSF2	18
Q04712	RRN11	22
Q04751	NAT4	11
Q04902	SNO4	14
Q04934	IVY1	21
Q04935	COX20	13
Q04949	DYN3	18
Q04952	FKS3	67
Q04969	SPC2	9
Q05024	TRI1	16
Q05043	RSF1	15
Q05050	EIS1	50
Q05131	RCH1	17
Q05468	RQC1	39
Q05473	MRX8	16
Q05518	PAL1	28
Q05533	INM2	12
Q05541	NSE3	17
Q05543	RTT103	18
Q05610	DON1	11
Q05635	RNH202	19
Q05670	FUS2	32
Q05778	PBA1	15
Q05779	COQ9	11
Q05790	CRR1	20
Q05809	COA4	6
Q05874	NNT1	7
Q05892	COQ11	15
Q05911	ADE13	27
Q05924	DCR2	30
Q05926	GRX8	6
Q05942	RSA3	11
Q05947	UCC1	16
Q05998	THI7	16
Q06001	FAR10	21
Q06005	LIP2	18
Q06071	BLS1	8
Q06090	MRPL51	9
Q06091	SNT309	10
Q06098	ISR1	18
Q06104	GLD1	9
Q06116	HOB2	129
Q06137	YLR345W	27
Q06149	PDR8	29
Q06162	NKP2	9
Q06179	FMP27	128
Q06208	RIF2	22
Q06236	SHH4	8
Q06244	PUS5	14
Q06245	SEC10	42
Q06315	SKG3	55
Q06325	YPS7	24
Q06333	CNL1	7
Q06336	GGA1	31
Q06338	BCP1	14
Q06344	ESF1	29
Q06350	CTS2	24
Q06405	ATP17	4
Q06417	TDA5	19
Q06436	MAG2	30
Q06451	TPO3	17
Q06489	MRI1	23
Q06497	ANT1	14
Q06511	RRP15	9
Q06525	URN1	27
Q06538	CSC1	31
Q06543	GPN3	9
Q06567	MCP2	27
Q06568	NDL1	10
Q06624	AOS1	16
Q06631	BFR2	31
Q06632	CFT1	65
Q06667	IPK1	15
Q06668	OMS1	28
Q06672	TSR2	6
Q06678	MRPL35	20
Q06682	UBX5	23
Q06683	IRC3	41
Q06702	CDA1	12
Q06707	SWC7	8
Q06709	REH1	15
Q06815	MRL1	10
Q06819	DIB1	7
Q06820	MDM36	23
Q06834	ASR1	17
Q06835	RDS3	6
Q06839	LEC1	48
Q06891	RAF1	9
Q06892	POS5	15
Q06991	PUN1	8
Q07395	SYO1	22
Q07500	NDE2	27
Q07527	TRM3	85
Q07534	HEM25	18
Q07541	EXP1	7
Q07623	NOP6	11
Q07648	DTD1	8
Q07729	GUD1	28
Q07799	LMO1	39
Q07825	FRA1	35
Q07844	RIX7	42
Q07949	PSR2	15
Q07979	RSC58	30
Q07980	MLH2	43
Q08058	COQ10	12
Q08119	ESC8	30
Q08157	TOS7	21
Q08176	MIM1	3
Q08199	SIL1	26
Q08219	RRT8	9
Q08227	INP54	19
Q08232	DSC2	11
Q08237	REX4	14
Q08269	ALR1	41
Q08271	GAS4	19
Q08287	NOP8	25
Q08295	IMA2	37
Q08299	ENB1	22
Q08409	AUS1	51
Q08457	SLD7	17
Q08471	MSA1	29
Q08485	NRT1	18
Q08561	IES4	7
Q08579	THI72	16
Q08580	PEX27	22
Q08622	GEP3	32
Q08646	SSP2	21
Q08673	SRL1	1
Q08726	GPN2	17
Q08732	HRK1	42
Q08742	RDL2	10
Q08745	RPS10A	6
Q08817	SOG2	40
Q08822	CIR2	35
Q08902	AMF1	7
Q08906	FIT2	6
Q08908	FRE5	36
Q08911	FDH1	21
Q08913	FEX1	12
Q08914	HSP33	14
Q08929	GUP2	30
Q08932	RSA1	17
Q08961	RKM1	35
Q08963	LEA1	12
Q08966	PCL8	26
Q08975	THI21	34
Q08977	CUB1	27
Q08981	ACM1	12
Q08985	SAM4	17
Q08991	FEX2	12
Q12000	TMA46	17
Q12004	TFB4	18
Q12008	GPM2	18
Q12013	AKR2	36
Q12015	DSC3	15
Q12016	VPS68	4
Q12025	EMC10	9
Q12027	GID12	34
Q12028	APL4	41
Q12029	FSF1	15
Q12031	ICL2	32
Q12034	SLF1	20
Q12035	FCF2	11
Q12040	YOR283W	15
Q12049	THP3	21
Q12056	ISU2	10
Q12066	NUR1	26
Q12072	IOC2	27
Q12083	MLH3	43
Q12084	DAS2	10
Q12090	REX3	21
Q12096	GNT1	27
Q12102	CFT2	44
Q12104	SWT1	25
Q12107	APC9	14
Q12122	LYS21	23
Q12125	GET4	17
Q12132	USV1	16
Q12133	SPC3	7
Q12143	NSL1	16
Q12152	YPL150W	53
Q12153	SSF2	23
Q12156	AIM7	5
Q12163	NBP2	9
Q12165	ATP16	7
Q12171	MDM32	30
Q12172	YRR1	32
Q12175	MSH5	42
Q12180	HAL9	52
Q12192	RFM1	13
Q12199	TIP41	21
Q12204	YOR022C	41
Q12205	MNL2	41
Q12209	FRE8	26
Q12215	WSC3	10
Q12218	TIR4	9
Q12219	CIM1	15
Q12232	SLP1	26
Q12233	ATP20	7
Q12234	RUD3	25
Q12235	YCT1	14
Q12242	RUP1	26
Q12256	TPO4	21
Q12270	RBD2	7
Q12283	MCT1	13
Q12286	SUT2	14
Q12289	CRC1	16
Q12291	BMT6	18
Q12296	MAM3	29
Q12308	TFC8	27
Q12310	PRR2	31
Q12325	SUL2	35
Q12326	GPM3	18
Q12335	PST2	7
Q12338	RNH203	5
Q12342	LDB17	31
Q12345	IES3	10
Q12347	HRT3	18
Q12348	RRI2	31
Q12349	ATP14	5
Q12354	YLR118C	7
Q12359	ATO3	5
Q12369	SFI1	50
Q12372	MMP1	18
Q12375	ORT1	13
Q12387	MDM20	42
Q12390	GTT2	10
Q12395	DCN1	12
Q12398	HMS1	12
Q12405	LPX1	17
Q12415	TFC7	22
Q12420	SNU66	26
Q12427	STB3	21
Q12431	EMC6	3
Q12433	AHC1	27
Q12434	RDI1	10
Q12442	IZH2	12
Q12447	PAA1	11
Q12450	ERP4	8
Q12453	CEX1	45
Q12467	MRX4	20
Q12471	PFK27	14
Q12482	AGC1	47
Q12487	MRPL23	10
Q12493	NKP1	13
Q12507	SFG1	16
Q12510	CMR1	27
Q12743	DFM1	15
Q12751	RTP1	47
Q12753	HAA1	27
Q2V2P4	ATG44	4
Q2V2P8	WIP1	7
Q2V2P9	COX26	3
Q3E705	EFG1	11
Q3E785	SDH6	5
Q3E790	TSC3	2
Q3E7B2	COA3	4
Q3E7Y3	RPS22B	8
Q3E7Y6	NBL1	4
Q3E827	LSO1	2
Q3E829	MHF2	5
Q3E834	YOS1	5
Q3E835	MHF1	5
Q6Q560	ISD11	8
Q6Q595	SCS22	8
Q8TGJ3	KSH1	4
Q99177	BRR1	20
Q99181	HSH49	12
Q99186	APM4	26
Q99188	RGS2	17
Q99189	MTR10	40
Q99234	DFG16	24
Q99288	DET1	17
Q99297	ODC2	15
Q99316	MPD2	17
Q99332	FRT1	32
Q99344	UBA3	14
Q99359	RAD61	33
Q99382	ENV10	8
Q99393	IZH4	10
Q9P305	IGO2	8
Q9URQ5	HTL1	6
O14468	YOR304C-A	4
O74302	TY1A-DR4	16
P00498	HIS1	18
P00912	TRP1	7
P01149	MF(ALPHA)1	5
P02407	RPS17A	6
P03874	CBP2	27
P03875	AI1	47
P03876	AI2	44
P04046	ADE4	27
P06174	HEM4	15
P07172	HIS5	16
P07236	MST1	28
P07252	CBP1	39
P07390	PET494	32
P08019	SGA1	17
P08459	SPS2	30
P08468	PET111	45
P09007	SRD1	10
P09932	HO	34
P0C155	YOL153C	22
P0C271	PLS1	3
P0C2H7	RPL27B	6
P0C2I4	TY1A-H	16
P0C2I8	TY1A-LR4	16
P0C2J4	TY2A-LR1	18
P0C2J6	TY2A-LR2	17
P0CE11	HVG1	9
P0CE68	NFT1	58
P0CX09	MAN2	24
P0CX10	ERR1	18
P0CX11	ERR2	18
P0CX13	COS3	16
P0CX14	YRF1-3	91
P0CX15	YRF1-7	91
P0CX21	YRF1-5	89
P0CX22	YRF1-8	89
P0CX57	TY1A-A	16
P0CX58	TY1A-PR1	16
P0CX59	TY1A-OR	14
P0CX60	TY1A-PR2	14
P0CX61	TY2A-F	17
P0CX62	TY2A-GR2	17
P0CX65	TY1A-DR5	16
P0CX66	TY1A-ER2	16
P0CX67	TY1A-GR3	16
P0CX68	TY1A-LR1	16
P0CX69	TY1A-MR2	16
P0CX70	TY1A-DR6	16
P0CX71	TY1A-ER1	16
P0CX72	TY1A-LR2	16
P0CX73	TY1A-PL	16
P0CX74	TY1A-JR1	16
P0CX75	TY1A-LR3	16
P0CX76	TY1A-ML2	16
P0CY07	HMLALPHA1	8
P0CY09	HMLALPHA2	12
P0CY11	HMRA1	6
P10663	MRP2	7
P11927	KAR1	22
P14127	RPS17B	6
P14905	CBS2	22
P16151	ERD1	19
P16523	MER1	11
P16547	OM45	22
P16639	ATE1	27
P17123	SPO12	8
P17558	PET123	16
P18411	FUN14	9
P18414	ERD2	11
P18496	ATP10	18
P18634	ART10	31
P18962	DAP2	39
P19956	MRPL44	3
P20048	SEC59	18
P20049	TYR1	23
P21264	ADE2	31
P21304	PWP1	29
P21339	MSB1	58
P21623	DIT1	27
P21705	DAL82	9
P22023	KRE5	67
P22215	SLY41	17
P22434	PDE1	17
P23180	AIM17	18
P23250	RPI1	11
P23500	MRS4	11
P23796	RIT1	23
P23797	GPI12	16
P24031	PHO3	20
P24720	MNE1	35
P25036	YSP3	24
P25334	CPR4	16
P25335	DAL2	19
P25351	YCR023C	24
P25354	DFP3	10
P25366	OCA4	19
P25372	TRX3	11
P25380	SPS22	29
P25383	TY2A-C	18
P25568	ATG22	17
P25579	LRE1	30
P25584	PEX34	7
P25611	RDS1	37
P25617	YCR016W	16
P25619	HSP30	9
P25642	IMG2	10
P25659	FUB1	9
P28625	YIM1	17
P28778	MRP17	6
P28789	HEM3	17
P30402	URA10	15
P30777	GPI10	32
P32317	AFG1	26
P32351	IMP2'	8
P32375	DAL1	16
P32388	MRP49	7
P32435	MF(ALPHA)2	3
P32448	ASF2	26
P32451	BIO2	18
P32452	PHA2	13
P32453	ATP11	17
P32493	AEP1	27
P32572	SPS18	18
P32583	SRP40	7
P32606	PET127	37
P32634	PMD1	85
P32645	ISC10	13
P32770	NRP1	25
P32857	PTM1	14
P32858	AIM26	5
P32896	PDC2	40
P32902	MRP4	19
P33199	YGL015C	4
P33303	SFC1	14
P33331	NTF2	5
P33335	SGE1	11
P33757	SPO23	30
P34231	YKL187C	18
P34234	LOT5	7
P34240	ZRT3	13
P34250	SEG2	52
P35172	NTH2	45
P35178	RRP1	15
P35195	ECM15	2
P35209	SPT21	34
P35724	MNR2	34
P35735	SFK1	11
P36001	RMA1	26
P36026	UBP11	39
P36029	TPO5	13
P36032	MCH2	10
P36038	CBT1	11
P36054	RCN1	14
P36069	PMU1	14
P36078	HOT13	9
P36090	ANR2	26
P36125	GMH1	6
P36137	UIP5	16
P36141	FMP46	7
P36150	MET1	36
P36154	AIM29	8
P36157	MSA2	15
P36158	YKR078W	31
P36172	VBA5	17
P36534	MRPL40	14
P36973	APT2	7
P37267	CBP4	8
P37293	NAT2	16
P37304	PAM1	40
P38073	EDS1	43
P38079	YRO2	11
P38081	YBR056W	26
P38087	YMC2	21
P38089	PTC4	24
P38120	MRPS9	14
P38141	THI2	21
P38142	YBR241C	13
P38145	RIB5	11
P38151	PBP2	15
P38156	MAL31	19
P38157	MAL33	25
P38166	SFT2	9
P38172	MRX3	13
P38176	AVT5	13
P38177	YBL086C	25
P38187	UBP13	31
P38191	MOH1	8
P38197	YBL036C	17
P38206	RFT1	28
P38216	CPP1	3
P38229	GIP1	30
P38232	REG2	14
P38234	RFS1	10
P38281	APD1	21
P38305	AIM4	8
P38312	ERV15	3
P38325	OM14	4
P38335	MTC4	42
P38343	SLM6	3
P38358	VBA2	16
P38693	PHO12	20
P38694	MSC7	29
P38702	LEU5	23
P38707	DED81	28
P38708	YHR020W	39
P38714	MSR1	42
P38732	EFM1	30
P38734	MUP3	23
P38738	OCA5	24
P38739	WSC4	16
P38745	YHL017W	12
P38750	YHL008C	25
P38765	YHI9	12
P38767	ERC1	17
P38771	RRF1	14
P38774	DOG1	12
P38776	YHK8	15
P38784	VMA22	9
P38787	PAN5	24
P38790	HTD2	14
P38804	RTC3	7
P38809	YHR097C	17
P38814	SBE22	42
P38819	ERP5	11
P38828	LSM12	11
P38829	YHR122W	7
P38839	SPL2	7
P38848	PEX28	27
P38849	MTC6	18
P38852	LIN1	16
P38854	TDA11	24
P38858	SOL3	16
P38872	PFS1	12
P38884	AIM18	13
P38885	AIM46	20
P38892	CRG1	14
P38958	PET100	5
P38969	PNT1	26
P38971	ALP1	17
P39005	KRE9	7
P39079	CCT6	26
P39101	CAJ1	21
P39102	XDJ1	21
P39110	CIN4	13
P39523	YMR124W	45
P39525	CEM1	20
P39551	PRM9	13
P39567	IMD1	16
P39682	PRP39	35
P39708	GDH3	25
P39937	PAC2	28
P39944	UBP5	31
P39959	YER130C	15
P39961	TOG1	50
P39965	AIM10	35
P39967	UBP9	31
P39981	AVT2	17
P39982	HHY1	3
P39988	BUD16	12
P40002	MIT1	11
P40006	IRC22	3
P40036	GIP2	33
P40037	HMF1	8
P40039	FCY21	7
P40041	VHR2	30
P40050	MRX1	41
P40060	IES5	7
P40081	YER134C	8
P40095	YER158C	29
P40100	PUG1	13
P40105	YRF1-2	84
P40156	RRG9	8
P40187	PIG2	25
P40188	RGI2	11
P40210	SIP5	24
P40214	FDO1	13
P40309	KHA1	33
P40312	CYB5	5
P40317	SOK1	50
P40325	HUA1	5
P40342	SWM2	9
P40355	MNN14	52
P40434	YIL177C	85
P40440	YIL171W	2
P40445	YIL166C	19
P40451	AIM20	12
P40463	VHS2	21
P40464	FLX1	19
P40478	POR2	19
P40491	FMC1	8
P40496	RSM25	13
P40511	SPO22	53
P40525	RPL34B	5
P40531	GVP36	15
P40533	TED1	17
P40544	YKE4	8
P40545	HIS6	16
P40570	VLD1	14
P40579	NRE1	13
P40889	YJL225C	85
P40987	CIN1	59
P40990	MSS2	23
P41902	CRS5	4
P41913	GDS1	21
P42222	ERR3	19
P42223	SBE2	46
P42834	MDJ2	9
P42883	THI12	17
P42940	CIR1	13
P42941	SER2	14
P42943	CCT7	31
P42950	GSM1	32
P43548	AGP3	17
P43557	FMP32	13
P43562	YFL040W	18
P43570	GYP8	25
P43591	YFH7	23
P43598	IGD1	9
P43607	RRT5	8
P43611	OSW7	31
P43613	ERJ5	14
P43615	IRC6	12
P43620	RMD8	28
P45819	SPO74	23
P45820	HUR1	4
P46670	CIN2	11
P46955	NCA3	6
P46956	PHO86	13
P46958	IDS2	22
P46973	HIT1	8
P46983	ATG36	14
P46993	ASG7	8
P46999	PIR5	10
P47005	DAS1	36
P47007	MRX5	26
P47015	AIM23	18
P47018	MTC1	31
P47046	IRC8	35
P47048	YJL049W	26
P47049	UBX6	20
P47079	CCT8	34
P47081	COX16	5
P47084	MRX12	28
P47085	MHO1	21
P47099	TY1A-JR2	16
P47111	VPS55	1
P47127	AIM24	25
P47140	AIM25	20
P47141	RSM26	11
P47148	PXP2	13
P47153	TDA4	6
P47155	ILM1	9
P47161	VPS70	42
P47163	EFM3	20
P47165	XPT1	12
P47166	SGM1	35
P47172	YJR141W	15
P47175	HMS2	16
P47177	YJR149W	22
P47180	PGU1	16
P47183	THI11	16
P47187	COS5	17
P47976	CTH1	11
P48353	HLJ1	10
P48526	ISM1	55
P48560	TOS6	3
P48564	MRX6	23
P48606	RBL2	9
P49090	ASN2	26
P50080	AZR1	16
P50104	STB4	42
P50112	KNH1	8
P50113	LYS5	11
P50273	ATP22	40
P50873	MRK1	20
P52290	DIA3	20
P52492	UBC11	8
P52911	EXG2	31
P52918	MSN5	66
P52924	COS10	15
P53036	SAP4	39
P53046	ROM1	61
P53047	RTA1	8
P53050	MGA1	20
P53058	VEL1	6
P53060	RMR1	8
P53070	MTO1	31
P53099	TPN1	15
P53118	ROG1	34
P53130	GPG1	3
P53139	YGL108C	6
P53142	VPS73	13
P53147	TOS8	16
P53153	LCL3	17
P53155	YGL082W	18
P53172	SDS23	21
P53183	YGL039W	18
P53198	ERP6	11
P53200	EFM5	12
P53206	MCY1	24
P53241	VHT1	24
P53248	PEX8	28
P53253	NNF2	40
P53257	TPC1	19
P53278	YGR130C	41
P53279	FHN1	7
P53285	VPS62	21
P53292	MRPS35	18
P53304	SLI1	23
P53305	RSM27	6
P53315	SOL4	10
P53316	YGR250C	43
P53319	GND2	26
P53338	MAL13	21
P53394	YPR003C	21
P53630	BIO4	8
P53723	YNR021W	20
P53724	MRPL50	9
P53733	RSM19	6
P53735	ZRG17	16
P53744	BIO5	12
P53748	PUL3	9
P53749	PUL4	29
P53751	YNR065C	53
P53752	YNR066C	20
P53755	BSC5	23
P53819	YRF1-6	91
P53823	SNO2	11
P53850	RTC4	20
P53857	YNL234W	21
P53873	SWT21	18
P53878	PBR1	22
P53882	TDA7	17
P53883	NOP13	25
P53885	MDG1	22
P53892	IBD2	13
P53898	NSG2	12
P53913	FYV6	8
P53918	ESBP6	17
P53949	OCA2	13
P53958	BOP3	20
P53960	YNL040W	25
P53961	GPI15	15
P53962	YNL035C	20
P53970	EFM6	12
P54005	DIA1	16
P56508	SNA2	2
P87275	AIM11	5
P89113	DDR2	0
Q00453	RGM1	6
Q01766	HAL1	18
Q02608	MRPS16	5
Q02710	ECM23	11
Q02772	PET191	8
Q02803	OAZ1	13
Q02863	UBP16	26
Q02889	MGR2	3
Q02981	YPL109C	33
Q03029	SPO19	7
Q03085	SRL4	16
Q03099	YML133C	70
Q03104	MSC1	22
Q03153	ATP25	36
Q03201	RSM10	11
Q03210	NGL3	27
Q03218	MMT1	19
Q03246	MRPS17	11
Q03266	ABZ2	18
Q03419	IZH1	14
Q03441	RMD1	24
Q03482	CPP2	2
Q03483	TY2A-DR2	17
Q03516	RSN1	28
Q03525	TMA23	10
Q03559	YMR295C	4
Q03652	DML1	26
Q03667	MIX17	5
Q03673	AIM34	9
Q03697	YMD8	13
Q03760	PML39	20
Q03786	YDR248C	12
Q03798	AIM36	17
Q03799	MRPS8	12
Q03856	TY1A-DR1	16
Q03880	PKR1	2
Q03899	YDR131C	30
Q03942	RKM2	24
Q03964	TY1A-DR2	15
Q03976	RSM24	20
Q04005	ATC1	15
Q04007	SND1	38
Q04052	ARO80	52
Q04083	THI74	5
Q04201	CUE4	4
Q04210	YET2	8
Q04212	ARA2	14
Q04215	TY1A-MR1	15
Q04216	DLT1	17
Q04225	RRB1	21
Q04233	GIS4	25
Q04301	VBA1	24
Q04329	ICY1	5
Q04341	MIX14	7
Q04399	GMC1	32
Q04411	URC2	44
Q04418	RBA50	25
Q04429	HLR1	17
Q04487	SHH3	10
Q04516	AIM33	12
Q04533	YML082W	26
Q04585	YDR109C	38
Q04598	YDR115W	5
Q04599	MRPL1	18
Q04600	TMA64	27
Q04602	VBA4	25
Q04623	ECM18	22
Q04689	AIM32	19
Q04706	TY1A-ML1	16
Q04734	RIM9	8
Q04767	TVP18	6
Q04772	IRC21	13
Q04792	GAD1	26
Q04806	GTO3	19
Q04895	DAL4	21
Q04922	MFB1	27
Q05015	FSH2	4
Q05648	MRX10	22
Q05672	RBS1	14
Q05676	SOM1	6
Q05827	HOR7	3
Q05863	YLR281C	5
Q05867	YLR283W	18
Q05905	HRI1	12
Q05955	ADY4	26
Q06011	ECM19	6
Q06107	YPR114W	9
Q06108	RGC1	55
Q06109	RRG8	14
Q06134	SPO77	24
Q06177	TMA10	5
Q06200	ECM7	17
Q06214	JIP5	22
Q06216	PIG1	32
Q06466	TDA6	24
Q06469	CUR1	15
Q06479	YLR352W	43
Q06485	ATG33	7
Q06490	THI22	35
Q06494	YPR127W	21
Q06537	YPR153W	4
Q06563	SYM1	8
Q06636	GPI11	7
Q06640	YDR306C	24
Q06644	PMT7	28
Q06665	RAD34	29
Q06673	ECM30	52
Q06686	CTR3	12
Q06688	BER1	12
Q06689	YLR413W	17
Q06698	YLR419W	71
Q06822	ASA1	20
Q07349	MRX9	25
Q07351	STP4	19
Q07362	PBP4	11
Q07376	MCH1	15
Q07451	YET3	12
Q07454	YDL073W	53
Q07458	RXT3	12
Q07549	SNA4	5
Q07622	ACK1	33
Q07653	HBT1	59
Q07655	WHI4	25
Q07660	BRE4	61
Q07684	MFG1	19
Q07748	THI13	16
Q07786	SOR2	20
Q07788	COS7	17
Q07798	SPO75	38
Q07843	IRC19	13
Q07872	ENT4	15
Q07888	YLL067C	67
Q07897	CMS1	17
Q07904	THI73	16
Q07959	IZH3	27
Q07987	PAU23	5
Q07988	AFB1	6
Q07990	YLR042C	1
Q07993	XYL2	20
Q08003	RFU1	13
Q08045	LCL2	5
Q08182	YAP7	11
Q08202	OPI10	10
Q08223	AIM39	18
Q08225	YOL057W	37
Q08226	CRT10	37
Q08234	YOL075C	54
Q08268	MCH4	22
Q08280	BSC6	13
Q08347	BDS1	34
Q08416	IRC23	8
Q08421	ETT1	16
Q08422	TMC1	8
Q08553	SYC1	11
Q08693	TRE2	35
Q08729	DSE3	18
Q08750	MUM3	22
Q08777	MCH5	14
Q08818	MSC6	39
Q08904	RDR1	27
Q08907	FIT3	3
Q08919	TRE1	31
Q08926	UIP4	17
Q08954	NBR9	11
Q08956	YIG1	22
Q08970	MMT2	21
Q08971	YPL225W	10
Q08995	YPR204W	52
Q12021	RAD28	25
Q12026	YLR053C	3
Q12036	PPT2	10
Q12057	PIN2	11
Q12059	ULA1	21
Q12067	ATX2	7
Q12074	SPE3	13
Q12078	SMF3	13
Q12085	TY1A-GR1	16
Q12086	DIN7	26
Q12089	AEP3	32
Q12091	DAP1	9
Q12109	WRS1	27
Q12117	MRH1	9
Q12119	FCY22	9
Q12128	BAG7	19
Q12129	NMD4	8
Q12139	YPR022C	45
Q12144	PER33	13
Q12145	CMR3	13
Q12155	EMA19	8
Q12161	PSH1	21
Q12167	RRG1	22
Q12185	YDR018C	19
Q12189	RKI1	18
Q12194	RGL1	18
Q12202	OSW2	38
Q12214	HOS1	22
Q12217	TY1A-BR	14
Q12221	PUF2	29
Q12222	YGK3	21
Q12226	AYT1	24
Q12239	YOL107W	12
Q12247	FYV7	4
Q12251	YPR011C	20
Q12252	PHM7	46
Q12254	SVS1	4
Q12260	TY2A-B	17
Q12266	TY1A-BL	15
Q12272	TPT1	10
Q12276	HER1	66
Q12282	SPR2	7
Q12288	YLR126C	13
Q12293	TY2A-OR2	17
Q12314	SFM1	14
Q12329	HSP42	15
Q12340	YRM1	32
Q12350	JID1	16
Q12358	JLP1	21
Q12367	RKM5	15
Q12368	SNU23	12
Q12374	NCA2	32
Q12378	RTR2	11
Q12385	ICT1	25
Q12391	TY1A-NL1	15
Q12392	TY2A-DR1	18
Q12393	GEP5	20
Q12403	ERP3	9
Q12407	YDL199C	27
Q12412	PNS1	19
Q12424	YDL206W	24
Q12428	PDH1	30
Q12436	ZRT2	14
Q12439	TY2A-OR1	17
Q12441	TY1A-DR3	16
Q12454	OCA6	11
Q12455	SPE4	11
Q12470	TY1A-NL2	16
Q12480	AIM45	18
Q12485	TY1A-GR2	16
Q12489	YDL012C	2
Q12500	AVL9	40
Q12504	RKM4	20
Q12512	ZPS1	9
Q12515	PAR32	11
Q12516	SRF1	23
Q12520	HUT1	11
Q12525	MHT1	16
Q12672	RPL21B	7
Q12676	FOL3	23
Q12690	RPL13A	9
Q2V2Q1	ADF1	5
Q3E6R5	YDR381C-A	6
Q3E752	SPO24	2
Q3E764	TMA7	3
Q3E7A7	YKL018C-A	6
Q3E7X8	YEL077C	65
Q3E824	YOR020W-A	4
Q3E828	MCO6	3
Q3E830	EGO2	4
Q6Q546	HUB1	4
Q6Q5H1	TY1A-PR3	16
Q6Q5K6	HUG1	5
Q6Q5X2	CPP3	3
Q7LHD1	CCW22	1
Q86ZR7	YKL033W-A	13
Q8TGM6	TAR1	6
Q8TGN9	NAG1	8
Q92392	TY1A-OL	16
Q99208	YLL066C	70
Q99247	DUF1	52
Q99252	ECM3	28
Q99303	TY2A-DR3	17
Q99369	FSH3	13
Q99373	PET20	13
A0A023PXB5	IRC2	5
A0A023PXH9	YDR149C	10
A0A023PZI1	OPI11	4
A0A023PZL7	YMR294W-A	5
A0A8D9PH56	OTO1	3
A2P2R3	YMR084W	14
A5Z2X5	YPR010C-A	3
D6VPM8	DFP1	6
O13511	YAL065C	3
O13512	YAL064W-B	0
O13529	ECM12	10
O13543	YLR294C	4
O13548	YPR099C	6
O13549	VPS63	6
O13550	YLR269C	7
O13554	VPS65	7
O13584	VPS69	3
O13585	YPR089W	35
O13587	YPR096C	6
O43137	YBR085C-A	5
O94084	OPI9	4
O94143	BUD19	1
P03881	Q0255	26
P08521	YOR302W	1
P08593	MSS18	20
P09937	SPS4	16
P0C261	YML057C-A	7
P0C289	YDR034C-A	0
P0C2J2	TY2A-GR1	18
P0C5B8	YHL050W-A	11
P0CD97	YER039C-A	3
P0CD98	YLL053C	4
P0CE69	YKR104W	18
P0CE85	PAU19	5
P0CE86	PAU21	9
P0CE87	PAU22	9
P0CE88	PAU1	5
P0CE89	PAU14	5
P0CE90	PAU6	5
P0CE91	PAU18	5
P0CE92	PAU8	5
P0CE93	PAU11	5
P0CF18	YMR085W	24
P0CF19	YOL162W	9
P0CF20	YOL163W	7
P0CF21	YIL168W	10
P0CF22	SDL1	10
P0CF34	SDC25	49
P0CF35	FDH2	12
P0CF36	YPL276W	10
P0CL27	YER190C-A	2
P0CL28	YGR296C-A	2
P0CL29	YML133W-A	2
P0CL30	YNL339W-A	2
P0CL31	YPL283W-A	2
P0CL34	YHR219C-A	11
P0CL35	YML133W-B	11
P0CL36	YNL339W-B	11
P0CL37	YDR545C-A	12
P0CL38	YLR466C-A	12
P0CL39	YLR467C-A	12
P0CL40	YOR396C-A	12
P0CL41	YIL177W-A	13
P0CL42	YJL225W-A	13
P0CT86	YJR107C-A	5
P0CX12	COS2	16
P0CX18	YAR066W	7
P0CX19	YHR214W	7
P0CX99	YFL068W	11
P0CY13	HMRA2	6
P10356	YER152C	20
P13130	SPS100	6
P22580	AMD2	20
P23060	MAK32	19
P23493	MBR1	17
P25355	CTR86	33
P25361	YCR043C	4
P25362	PET18	11
P25370	GFD2	30
P25565	YCL002C	9
P25585	FYV5	4
P25606	YCR100C	16
P25607	YCR101C	7
P25608	YCR102C	20
P25610	PAU3	5
P25612	AAD3	16
P25616	CTO1	20
P25631	YCR051W	10
P25639	YCR061W	17
P25654	YCR090C	9
P28003	FUN19	22
P28626	YIM2	5
P29589	AHT1	10
P32047	MLF3	17
P32330	DGR2	48
P32385	RNP1	13
P32450	AUA1	5
P32460	DCG1	13
P32488	ISF1	13
P32564	SCM4	7
P32612	PAU2	5
P32616	YEL045C	9
P32618	YEL043W	36
P32633	MTC7	8
P32792	YSC83	20
P33324	YKL091C	18
P34224	YBL059W	10
P34246	MTC2	20
P34251	YKL107W	19
P35198	MTH1	19
P35719	MRP8	12
P35736	YKL050C	50
P35994	PAU16	5
P35995	YKL222C	27
P36025	YOR062C	15
P36034	COS9	17
P36052	YKL162C	25
P36066	YKL133C	24
P36082	PSY1	8
P36083	YKL075C	17
P36085	STB6	39
P36086	YKL071W	15
P36103	YKL023W	11
P36114	YKR018C	31
P36129	OPI8	6
P36134	YKR041W	12
P36138	YKR045C	9
P36151	YKR070W	16
P36155	YKR075C	11
P37263	YCR087C-A	8
P37265	YCR041W	3
P38083	YBR063C	25
P38150	YBR284W	36
P38155	PAU24	5
P38189	YBL062W	4
P38190	YBL053W	3
P38192	RRT1	4
P38195	ECM13	7
P38201	YBL029W	12
P38202	YBL028C	4
P38213	DSF2	35
P38231	FMP23	11
P38235	YBR053C	21
P38239	YBR062C	10
P38240	YBR064W	10
P38243	YBR071W	14
P38246	ECM8	19
P38253	YBR090C	6
P38256	YBR096W	14
P38267	YBR113W	6
P38268	YBR116C	7
P38277	YBR138C	24
P38280	YSW1	29
P38284	ICS2	17
P38290	UBS1	12
P38292	PEX32	17
P38306	YBR197C	13
P38308	COS111	46
P38318	YBR220C	19
P38320	YBR224W	6
P38346	BIT2	27
P38354	YBR285W	8
P38355	YBR287W	11
P38374	YSY6	3
P38430	YMR262W	18
P38635	HIS2	15
P38690	YHR033W	21
P38709	YHL012W	25
P38716	YHR112C	19
P38721	YHL050C	37
P38723	COS8	16
P38725	PAU13	5
P38726	PXP3	4
P38728	ECM34	10
P38740	YHL026C	14
P38744	YHL018W	7
P38746	YLF2	23
P38747	OTU2	13
P38832	ANS1	4
P38833	YHR127W	13
P38835	YHR131C	35
P38841	YHR138C	7
P38842	YHR140W	7
P38867	YHR177W	24
P38893	YHR210C	16
P39529	YJL206C	35
P39542	YJL193W	15
P39549	DFP2	2
P39557	YAR047C	6
P39721	AIM2	13
P39931	SSP120	11
P39945	AST2	23
P39975	RMD6	11
P39991	YEL025C	54
P39996	GTT3	19
P40008	FMP52	15
P40022	YER034W	8
P40042	RRT13	12
P40049	YER076C	10
P40052	YER079W	13
P40053	AIM9	42
P40057	YER084W	5
P40058	YER085C	10
P40076	YER121W	4
P40093	YER156C	20
P40097	YER181C	2
P40098	FMP10	16
P40157	VID27	43
P40159	YNL208W	8
P40168	YNL195C	11
P40206	JLP2	12
P40209	GAT2	23
P40326	YGR269W	6
P40361	YJL070C	44
P40364	MPM1	14
P40441	HXT12	18
P40446	YIL165C	4
P40447	NIT1	11
P40449	YIL161W	12
P40456	ESL1	50
P40470	RRT14	9
P40476	PRM5	12
P40483	YIL108W	36
P40497	YIL092W	31
P40500	YIL089W	9
P40502	AIM19	6
P40508	YIL077C	14
P40514	YIL067C	27
P40520	YIL059C	3
P40521	YIL058W	5
P40524	YIL054W	2
P40534	PRM2	23
P40560	YIL001W	30
P40569	GAT4	6
P40585	PAU15	5
P40892	YJL218W	6
P40893	REE1	12
P40962	RTS2	15
P42840	YNL320W	15
P42884	AAD14	18
P42933	SPG5	16
P42936	YGR201C	7
P42942	YGR210C	19
P42946	PRM10	8
P42947	YJL107C	18
P43537	YFL067W	7
P43538	YFL066C	26
P43542	COS4	19
P43547	AAD6	9
P43552	YFL051C	1
P43575	PAU5	4
P43590	YFR006W	26
P43595	DCV1	6
P43600	CSS2	7
P43604	ULI1	7
P43617	YFR045W	16
P43624	YFR056C	5
P46679	STB2	45
P46949	FYV8	40
P46991	YJL175W	2
P46996	YJL163C	20
P46997	JJJ2	26
P46998	FMP33	6
P47009	YJL144W	3
P47010	IRC9	5
P47014	YJL132W	34
P47020	YJL120W	5
P47023	TY4A-J	21
P47034	ICS3	7
P47036	APQ13	3
P47044	YJL055W	11
P47065	PET130	20
P47072	YJL016W	28
P47090	YJR015W	16
P47101	YJR030C	38
P47115	YJR056C	11
P47129	ACF4	18
P47131	YJR085C	4
P47139	YJR098C	40
P47144	ECM27	17
P47145	LIH1	15
P47146	ABM1	3
P47157	YJR120W	9
P47159	YJR124C	13
P47173	YJR142W	21
P47174	YJR146W	7
P47181	YJR154W	24
P47182	AAD10	15
P48235	ECL1	14
P48569	YDL183C	13
P50084	BNS1	5
P50088	SPG1	5
P50089	YGR237C	37
P50263	SIP18	5
P50943	RRT16	4
P53009	SCY1	47
P53053	COS12	25
P53057	YPS5	6
P53066	YGL242C	7
P53074	YGL230C	8
P53077	MTC3	6
P53078	SDT1	16
P53081	NIF3	16
P53087	YGL214W	8
P53089	YGL204C	5
P53100	YGL185C	21
P53110	YGL159W	18
P53117	RRT6	11
P53120	YGL140C	53
P53134	YGL114W	25
P53156	YGL081W	15
P53171	GEP7	16
P53194	BRP1	5
P53209	YGR016W	7
P53210	YGR017W	17
P53212	YGR021W	13
P53217	YGR026W	9
P53227	YGR042W	17
P53243	YGR067C	29
P53249	YGR079W	14
P53265	YGR111W	25
P53272	YGR122W	19
P53274	YGR126W	12
P53275	YGR127W	20
P53287	YGR151C	5
P53288	YGR160W	2
P53293	YGR168C	24
P53326	YGR266W	41
P53336	YGR283C	15
P53339	YGR290W	3
P53343	PAU12	5
P53344	COS6	18
P53427	PAU4	5
P53583	MPA43	30
P53584	YTP1	15
P53728	CPR8	14
P53736	YNR040W	14
P53745	MNT4	29
P53747	YNR061C	11
P53750	YNR064C	13
P53757	YNR071C	19
P53822	COS1	18
P53841	BSC4	7
P53862	YNL228W	6
P53869	MRX7	4
P53907	YNL144C	28
P53908	YNL143C	6
P53912	YNL134C	16
P53925	YNL115C	30
P53928	YNL109W	6
P53929	YNL108C	12
P53932	YNL095C	29
P53947	YNL058C	10
P53952	YNL050C	12
P53956	YNL046W	7
P53964	YNL033W	10
P53975	YNL019C	10
P53976	YNL018C	23
P54072	YLR152C	23
P54858	DOS2	19
P85052	BUD25	8
P87267	YDR417C	2
P87286	OPI7	8
P9WEJ1	YNL040C-A	1
P9WEJ6	YGR016C-A	0
Q01684	SPR6	11
Q02203	YKR005C	24
Q02209	YKR011C	19
Q02651	SMA1	15
Q02749	YPL068C	13
Q02754	YPL067C	10
Q02771	PET117	5
Q02781	YPL062W	7
Q02786	LCL1	4
Q02799	LEE1	11
Q02820	NCE101	3
Q02864	YPL071C	8
Q02872	YPL108W	8
Q02873	YPL107W	8
Q02895	AAD16	21
Q02961	YPL113C	19
Q03036	IRC4	10
Q03049	YDR541C	16
Q03050	PAU10	5
Q03102	YML131W	16
Q03177	YMR102C	44
Q03187	YFL013W-A	11
Q03193	YDR090C	7
Q03233	ADD37	12
Q03263	YMR279C	12
Q03361	JIP4	47
Q03362	YDR476C	8
Q03508	YMR265C	30
Q03629	YML079W	9
Q03648	YMR209C	27
Q03653	EFR3	39
Q03722	YML020W	40
Q03730	YML018C	12
Q03780	YDR239C	47
Q03783	BUD26	4
Q03795	YMR155W	23
Q03823	YMR160W	46
Q03900	YDR132C	23
Q03913	VPS61	10
Q03983	YDR179W-A	28
Q04018	YMR244W	8
Q04033	YDR415C	16
Q04093	YDR444W	30
Q04100	YDR445C	6
Q04162	YDR387C	19
Q04231	RAD33	11
Q04304	YMR090W	15
Q04336	YMR196W	57
Q04398	SPG3	3
Q04406	EMI1	9
Q04408	YDR514C	23
Q04413	API2	7
Q04438	SPG4	7
Q04489	YML096W	30
Q04608	YDR124W	14
Q04748	SOV1	53
Q04773	YMR074C	9
Q04835	YMR253C	17
Q04867	YMR310C	14
Q04869	YMR315W	15
Q04925	YDR222W	22
Q04978	YML053C	3
Q04991	FMP42	21
Q05497	YDR338C	24
Q05611	BSC2	10
Q05637	PHM6	3
Q05812	MSC3	29
Q05854	YLR278C	47
Q05881	YLR287C	22
Q05899	YLR297W	6
Q05937	STP3	12
Q05948	YLR225C	21
Q06070	YLR407W	12
Q06089	YPR098C	4
Q06139	CIS1	6
Q06146	YLR257W	17
Q06152	YLR271W	13
Q06158	YLR311C	6
Q06170	YLR326W	10
Q06199	YLR456W	6
Q06235	YLR162W	8
Q06247	YLR173W	27
Q06251	YLR177W	30
Q06252	YLR179C	11
Q06523	YPR148C	23
Q06524	SUE1	10
Q06595	YPR196W	26
Q06597	ARR2	9
Q06608	YPR172W	8
Q06674	HIM1	24
Q07074	YHR007C-A	1
Q07379	YDL057W	14
Q07505	YDL086W	13
Q07521	OPI6	6
Q07530	YDL114W	14
Q07535	YDL118W	6
Q07555	YDL129W	17
Q07589	YDL144C	17
Q07629	YDL218W	11
Q07716	AIM6	19
Q07747	AAD4	14
Q07829	RRT7	5
Q07834	YLL032C	38
Q07887	LDB18	8
Q07895	YLR001C	31
Q07928	GAT3	7
Q07986	YLR036C	9
Q07992	BUD28	3
Q08023	FMP25	30
Q08054	CSI2	11
Q08206	YOL036W	34
Q08213	NGL1	17
Q08238	YOL079W	1
Q08240	YOL099C	2
Q08272	YOL134C	2
Q08300	CSS3	1
Q08322	PAU20	5
Q08361	AAD15	7
Q08474	VAM10	6
Q08498	YOR082C	3
Q08522	IRC14	5
Q08559	FYV12	7
Q08630	IRC13	6
Q08634	YOR238W	13
Q08687	TMA16	10
Q08692	OSW1	16
Q08743	YOR292C	9
Q08748	YOR296W	69
Q08774	RRG7	13
Q08786	YOR331C	10
Q08844	YOR365C	21
Q08900	YOR376W	8
Q08910	YOR387C	4
Q08912	YOR389W	29
Q08922	YPL182C	3
Q08958	YPL205C	3
Q08964	YPL216W	55
Q08969	GRE1	7
Q08974	YPL257W	8
Q08979	KEL3	28
Q08980	YPL264C	8
Q08984	PBI1	25
Q08989	YPL277C	23
Q08993	YPR202W	12
Q12012	YOR289W	15
Q12020	SRL2	19
Q12032	AIM41	10
Q12042	YPL162C	10
Q12044	RCN2	17
Q12064	BUD30	6
Q12079	YPR027C	12
Q12103	YDL109C	33
Q12116	TMS1	15
Q12121	YDL211C	11
Q12134	HUA2	14
Q12140	BSC1	6
Q12160	YPR063C	6
Q12177	YLL056C	16
Q12179	YPL245W	27
Q12182	YOR342C	14
Q12212	SIA1	32
Q12244	YLL054C	45
Q12253	YLR046C	9
Q12257	YDL177C	12
Q12259	YLR108C	31
Q12298	YDR061W	31
Q12301	YDL180W	14
Q12322	YOL114C	10
Q12331	YDR262W	17
Q12346	YPR071W	12
Q12370	PAU17	4
Q12418	GIS3	23
Q12459	PRM7	7
Q12479	IRC11	10
Q12486	YOR131C	14
Q12497	FMP16	7
Q12498	PRM4	15
Q12523	YPL247C	23
Q12529	SET6	23
Q2V2P2	YKL065W-A	2
Q2V2P3	YKL023C-A	4
Q2V2P5	YIL102C-A	0
Q2V2Q2	YCL048W-A	0
Q3E6R4	YDR524C-B	3
Q3E743	YJR112W-A	5
Q3E747	YLR363W-A	4
Q3E756	YBL029C-A	6
Q3E769	YOL159C-A	5
Q3E770	PAU9	5
Q3E784	SLO1	6
Q3E7A3	YJL133C-A	6
Q3E7A8	YNL162W-A	3
Q3E7A9	CMC4	5
Q3E7B0	YER053C-A	2
Q3E7B7	YDL085C-A	2
Q3E7B9	YOR008C-A	5
Q3E7Y4	YBL112C	9
Q3E7Y5	YBL111C	35
Q3E7Z8	YCR024C-B	5
Q3E808	DGR1	3
Q3E811	RRT15	1
Q3E823	COA2	1
Q3E841	YNR034W-A	7
Q3E842	YMR122W-A	5
Q45U18	YIL134C-A	3
Q6B0V8	IRC16	2
Q6B0X2	YMR158W-B	5
Q6B2U8	TDA8	2
Q6Q5P6	TY4A-H	20
Q7M4S9	YBL113C	30
Q870I1	YOL013W-B	2
Q8TGK5	YBL113W-A	12
Q8TGM7	ART2	1
Q8TGU5	YBR296C-A	2
Q8TGU7	YBR126W-A	4
Q96VH4	HBN1	9
Q99248	YOR019W	39
Q99326	YOR338W	18
Q99341	FYV1	12
Q99395	YPL229W	6
Q9ZZX0	AI5_BETA	18
A0A023PXA5	YAL019W-A	7
A0A023PXB0	YAR019W-A	8
A0A023PXB9	YDR199W	1
A0A023PXC2	YEL053W-A	4
A0A023PXC7	YER068C-A	2
A0A023PXD3	YER088C-A	3
A0A023PXD5	YER147C-A	7
A0A023PXD9	YFL015W-A	5
A0A023PXE5	YHL006W-A	9
A0A023PXE8	YHR028W-A	5
A0A023PXF2	YHR071C-A	7
A0A023PXF5	YHR218W-A	9
A0A023PXF8	YIL066W-A	6
A0A023PXG3	YIL156W-A	4
A0A023PXG7	YLR230W	7
A0A023PXH2	YML031C-A	4
A0A023PXH4	YAL026C-A	8
A0A023PXH5	YBR126W-B	2
A0A023PXH6	YMR172C-A	6
A0A023PXI0	YMR306C-A	8
A0A023PXI4	YDR203W	3
A0A023PXI5	YPR197C	13
A0A023PXI8	YER006C-A	7
A0A023PXJ3	YER076W-A	6
A0A023PXJ7	YER107W-A	6
A0A023PXK2	YER148W-A	8
A0A023PXK7	YFL021C-A	14
A0A023PXL1	YHL019W-A	12
A0A023PXL7	YHR056W-A	9
A0A023PXM2	YHR131W-A	3
A0A023PXM7	YIL020C-A	8
A0A023PXN3	YIL068W-A	6
A0A023PXN9	YIL171W-A	6
A0A023PXP4	YLR235C	6
A0A023PXP7	YML034C-A	8
A0A023PXQ4	YMR173W-A	13
A0A023PXQ9	YMR316C-B	2
A0A023PYC6	YAL016C-A	1
A0A023PYD0	YAL059C-A	7
A0A023PYD3	YDR094W	4
A0A023PYD7	YDR187C	3
A0A023PYD9	YEL018C-A	7
A0A023PYE4	YER067C-A	7
A0A023PYE9	YER087C-A	1
A0A023PYF4	YER145C-A	8
A0A023PYF7	YER172C-A	8
A0A023PYG1	YHL002C-A	8
A0A023PYG5	YHL046W-A	4
A0A023PYH0	YHR070C-A	7
A0A023PYH5	YHR193C-A	5
A0A023PYH8	YIL047C-A	6
A0A023PYI2	YIL142C-A	4
A0A023PYI5	YIR036W-A	5
A0A023PYJ0	YML009C-A	3
A0A023PYJ4	YMR153C-A	7
A0A023PYJ7	YMR304C-A	5
A0A023PYK2	YPR170C	4
A0A023PZ94	YAL031W-A	2
A0A023PZ99	YDR008C	4
A0A023PZA4	YDR154C	6
A0A023PZA9	YDR230W	6
A0A023PZB3	FMP49	5
A0A023PZB8	YER079C-A	4
A0A023PZC3	YER133W-A	5
A0A023PZC7	YER152W-A	10
A0A023PZD0	YFR036W-A	3
A0A023PZD5	YHL030W-A	8
A0A023PZE1	YHR063W-A	6
A0A023PZE2	YAL047W-A	6
A0A023PZE4	YHR165W-A	3
A0A023PZE6	YDR048C	4
A0A023PZE8	YDR157W	7
A0A023PZE9	YIL029W-A	5
A0A023PZF2	YEL009C-A	6
A0A023PZF3	YIL071W-A	6
A0A023PZF5	YER046W-A	5
A0A023PZF9	YIR023C-A	2
A0A023PZG0	YER084W-A	7
A0A023PZG4	YLR236C	5
A0A023PZG5	YER137W-A	4
A0A023PZG9	YML047W-A	7
A0A023PZH1	YER165C-A	6
A0A023PZH4	YFR052C-A	5
A0A023PZH5	YMR290W-A	0
A0A023PZH9	YHL034W-A	7
A0A023PZI4	YHR069C-A	2
A0A023PZI9	YHR182C-A	7
A0A023PZJ3	YIL030W-A	6
A0A023PZJ9	YIL115W-A	5
A0A023PZK4	YIR030W-A	5
A0A023PZK9	YLR458W	6
A0A023PZL2	YMR119W-A	7
A0A023PZM3	YPR050C	4
A0A0B7P221	RDT1	2
A0A8D9PCQ4	YMR008C-A	7
A0A8D9UGQ7	YLR379W-A	5
A0A8D9UGU6	YKL104W-A	3
I2HB52	YBR056W-A	1
I2HB70	YMR316C-A	6
O13513	YAL056C-A	7
O13514	YAL042C-A	4
O13515	YAL034C-B	5
O13517	YPL102C	6
O13518	YPL114W	7
O13519	YPL136W	4
O13520	YPL044C	8
O13521	YPL035C	9
O13522	YDR396W	4
O13523	YDR401W	7
O13530	YLR198C	5
O13531	YLR202C	9
O13532	YLR217W	6
O13533	YHR049C-A	4
O13534	YHR214W-A	4
O13536	YHR139C-A	8
O13537	YHR145C	6
O13540	YLR279W	5
O13541	YLR280C	8
O13542	YLR282C	7
O13544	YLR302C	4
O13545	YLR374C	7
O13546	YLR232W	6
O13553	YLR317W	9
O13555	JIP3	7
O13556	YLR462W	11
O13557	YLR463C	12
O13558	BSC3	5
O13560	YLR444C	3
O13561	YLR169W	5
O13562	YLR171W	6
O13564	YLR428C	6
O13565	YLR358C	8
O13566	YPR123C	1
O13567	YPR126C	3
O13568	YPR130C	5
O13569	YPR136C	6
O13570	YPR142C	5
O13571	YPR146C	4
O13572	YPR150W	6
O13573	YLR252W	3
O13574	YLR255C	8
O13575	YPR177C	7
O13576	YLR434C	5
O13578	YLR415C	7
O13579	YLR379W	5
O13582	YPR076W	1
O13583	YPR077C	7
O13586	YPR092W	3
O13588	YAL069W	0
O42831	YAR075W	7
O94085	YLR339C	9
O94086	YLR349W	7
P0C0V2	YER188C-A	4
P0C1V3	YAL016C-B	4
P0C1Z1	YDR524W-C	2
P0C268	YBL039W-B	1
P0C269	YBL100W-C	1
P0C270	YER138W-A	3
P0C272	YOL013W-A	3
P0C5E0	YDR193W	7
P0C5E1	YPR059C	8
P0C5K9	YBL039C-A	1
P0C5L0	YBR056C-B	1
P0C5L1	YBL068W-A	4
P0C5L2	YBR076C-A	4
P0C5L3	YBR103C-A	3
P0C5L4	YBR121C-A	4
P0C5L5	YBR191W-A	1
P0C5L6	YDL022C-A	6
P0C5L7	YDR118W-A	2
P0C5L8	YDL240C-A	2
P0C5L9	YDL247W-A	2
P0C5M0	YDR320W-B	1
P0C5M1	YDR371C-A	2
P0C5M2	YDR406W-A	5
P0C5M3	YDR183C-A	5
P0C5M4	YDL185C-A	5
P0C5M5	YDL114W-A	0
P0C5M6	YEL020C-B	2
P0C5M7	YEL050W-A	3
P0C5M8	YER090C-A	3
P0C5M9	YFR009W-A	6
P0C5N0	YFR010W-A	3
P0C5N1	YGL014C-A	2
P0C5N2	YGR122C-A	0
P0C5N3	YGL041W-A	7
P0C5N4	YHR073C-B	2
P0C5N5	YHR180C-B	2
P0C5N6	YHR032W-A	5
P0C5N7	YHR073W-A	3
P0C5N8	YHR180W-A	2
P0C5N9	YJL156W-A	3
P0C5P0	YJL197C-A	3
P0C5P1	YJL127W-A	2
P0C5P2	YKL100W-A	2
P0C5P3	YKL145W-A	2
P0C5P4	YKL162C-A	0
P0C5P5	YKL165C-A	7
P0C5P6	YLR163W-A	2
P0C5P7	YLR222C-A	4
P0C5P8	YLR149C-A	1
P0C5P9	YLR154W-B	3
P0C5Q0	YLR154W-F	2
P0C5Q1	YLR364C-A	3
P0C5Q2	YMR013W-A	2
P0C5Q3	YMR013C-A	3
P0C5Q4	YMR141W-A	5
P0C5Q5	YMR307C-A	4
P0C5Q6	YMR194C-A	3
P0C5Q7	YNR001W-A	4
P0C5Q8	YNL067W-A	3
P0C5Q9	YOR008W-B	1
P0C5R0	YOR314W-A	4
P0C5R1	YOR329W-A	3
P0C5R2	YOR072W-A	6
P0C5R3	YOR073W-A	3
P0C5R4	YOL083C-A	3
P0C5R5	YPR016W-A	5
P0C5R6	YPR074W-A	3
P0C5R7	YPR169W-A	2
P0C5R8	YPR170W-A	0
P0C5S0	YPL250W-A	1
P0C5S1	YPR160W-A	1
P0CE96	YLR156W	6
P0CE97	YLR159W	6
P0CE98	YLR161W	6
P0CE99	YLR157W-D	4
P0CF00	YLR157W-E	3
P0CF16	YML003W	12
P0CF17	YML002W	45
P0CF33	YLL017W	6
P0CI66	YAR062W	2
P0CI67	YHR213W	2
P0CL23	YIL175W	2
P0CL24	YJL222W-B	2
P0CL25	YIL174W	6
P0CL26	YJL222W-A	6
P0CL32	YHR052W-A	1
P0CL33	YHR054W-A	1
P0CX16	YEL076C-A	9
P0CX17	YLR464W	9
P0CX88	YAR060C	5
P0CX89	YHR212C	5
P0CX90	YAR061W	2
P0CX91	YHR212W-A	2
P0CX92	YAR069C	2
P0CX93	YHR214C-D	2
P0CX94	YER190C-B	12
P0CX95	YEL077W-A	12
P0CX96	YGR296C-B	12
P0CX97	YPL283W-B	12
P0CX98	YPR204C-A	12
P0CY00	YLL066W-A	11
P0CY01	YLL067W-A	11
P0CY02	YLR154C-H	3
P0CY03	YLR156C-A	3
P0CY04	YLR157C-C	3
P0CY05	YLR159C-A	3
P25347	YCR001W	6
P25350	YCR006C	10
P25352	YCR025C	6
P25561	YCL021W	8
P25562	YCL022C	7
P25563	YCL023C	4
P25571	YCL041C	7
P25572	YCL042W	4
P25575	YCL046W	6
P25577	YCL049C	15
P25593	YCL068C	11
P25600	TY5A	11
P25601	TY5B	6
P25602	YCL076W	11
P25603	CWH36	3
P25614	YCR013C	6
P25620	YCR022C	3
P25629	YCR049C	8
P25630	YCR050C	7
P25640	YCR064C	6
P25650	YCR085W	5
P25652	YCR087W	11
P25657	YCR099C	7
P32475	YGR176W	4
P32630	UTR5	7
P32772	UGX2	8
P32859	YKL036C	9
P34215	YBR144C	7
P34238	YKL177W	5
P34245	YKL097C	8
P34249	YKL102C	5
P35725	YKL063C	7
P35733	YKL053W	6
P36030	YKL225W	4
P36031	YKL223W	7
P36042	YKL202W	2
P36050	YKL169C	4
P36058	YKL153W	3
P36061	YKL147C	7
P36065	YKL136W	4
P36067	YKL131W	12
P36071	YKL123W	8
P36072	YKL118W	4
P36073	YKL115C	5
P36074	YKL111C	4
P36079	YKL083W	5
P36087	YKL070W	10
P36089	YKL066W	6
P36092	YKL044W	5
P36098	YKL031W	6
P36099	YKL030W	4
P36109	YKR012C	9
P36111	YKR015C	30
P36127	YKR032W	6
P36128	YKR033C	4
P36133	YKR040C	3
P36140	YKR047W	5
P36153	YKR073C	4
P37264	YCL065W	4
P38161	YBL108W	6
P38168	YBL100C	6
P38171	YBL096C	6
P38173	YBL094C	7
P38178	YBL083C	7
P38180	YBL081W	6
P38183	YBL077W	5
P38184	YBL073W	8
P38185	YBL071C	5
P38186	YBL070C	6
P38188	YBL065W	6
P38194	YBL044W	6
P38209	YBL012C	6
P38214	YBR012C	6
P38215	YBR013C	7
P38220	YBR027C	7
P38223	YBR032W	2
P38233	YBR051W	4
P38252	YBR089W	11
P38258	YBR099C	8
P38269	YBR124W	3
P38275	YBR134W	5
P38294	YBR174C	4
P38296	YBR178W	2
P38299	YBR184W	28
P38303	YBR190W	6
P38309	YBR206W	6
P38311	YBR209W	4
P38317	YBR219C	6
P38321	YBR225W	46
P38322	YBR226C	5
P38327	YBR232C	3
P38338	YBR259W	39
P38350	YBR277C	7
P38357	YBR292C	6
P38362	YBR300C	8
P38722	YHL049C	12
P38729	YHL042W	8
P38730	YHL041W	10
P38733	YHL037C	5
P38752	YHL005C	7
P38763	YHR022C	12
P38775	YHR045W	28
P38780	YHR054C	15
P38799	YHR078W	23
P38808	YHR095W	10
P38831	YHR125W	3
P38834	YHR130C	3
P38864	YHR173C	6
P38868	YHR180W	4
P38898	YHR217C	0
P38899	YHR218W	32
P38900	YHR219W	25
P39532	YJL202C	2
P39534	MBB1	8
P39541	YJL195C	10
P39545	PAU7	3
P39550	YAR030C	3
P39559	YAR053W	5
P39563	YAR064W	6
P39564	YAR068W	4
P39566	YAR070C	6
P39703	YAL004W	8
P39710	YAL066W	7
P39711	YAL064W	4
P39725	YAL045C	3
P39728	YAL037W	14
P39971	YEL076C	12
P39972	YEL075C	6
P39973	YEL074W	3
P39974	YEL073C	1
P39977	YEL068C	1
P39978	YEL067C	11
P39989	YEL028W	9
P39992	YEL023C	37
P39999	YEL014C	5
P40000	YEL010W	7
P40001	YEL008W	6
P40062	YER097W	8
P40082	YER135C	5
P40083	YER137C	9
P40101	YER186C	17
P40102	YER187W	5
P40103	YER188W	10
P40104	YER189W	6
P40162	YNL205C	5
P40163	YNL203C	12
P40166	YNL198C	5
P40211	YMR141C	5
P40323	YPL073C	7
P40365	YJL067W	4
P40448	YIL163C	6
P40455	YIL152W	16
P40461	YIL141W	4
P40488	YIL102C	2
P40490	YIL100W	3
P40503	YIL086C	4
P40519	YIL060W	9
P40523	YIL055C	26
P40536	YIL032C	5
P40538	YIL029C	4
P40539	YIL028W	8
P40542	YIL025C	7
P40551	YIL012W	4
P40572	YIR016W	13
P40575	YIR020C	6
P40584	YIR040C	7
P40586	YIR042C	12
P40587	YIR043C	11
P40588	YIR044C	4
P40891	YJL220W	6
P40895	YJL215C	5
P40896	YJL213W	15
P40898	YJL211C	10
P43539	YFL065C	2
P43540	YFL064C	10
P43541	YFL063W	4
P43546	YFL057C	9
P43566	YFL032W	2
P43576	YFL019C	6
P43578	YFL015C	4
P43580	YFL012W	7
P43599	YFR018C	14
P43608	YFR035C	5
P43622	YFR054C	6
P43625	YFR057W	9
P46945	YGL176C	27
P46986	YJL182C	6
P46987	YJL181W	30
P46994	YJL169W	5
P47003	YJL152W	5
P47004	YJL150W	3
P47012	YJL135W	7
P47021	YJL119C	5
P47022	YJL118W	8
P47028	YJL086C	6
P47038	YJL064W	4
P47053	YJL043W	15
P47059	YJL032W	5
P47062	YJL028W	4
P47063	YJL027C	7
P47066	YJL022W	8
P47073	YJL015C	6
P47078	YJL009W	6
P47080	YJL007C	4
P47086	YJR011C	15
P47091	YJR018W	3
P47092	YJR020W	7
P47094	YJR023C	4
P47105	YJR037W	5
P47106	YJR038C	5
P47107	YJR039W	52
P47121	YJR071W	9
P47126	YJR079W	4
P47132	YJR087W	8
P47151	YJR114W	5
P47152	YJR115W	4
P47162	YJR128W	7
P47184	YJR157W	7
P47188	YJR162C	4
P48238	YGR153W	9
P48568	YDL186W	15
P50083	YGR226C	5
P53054	YGL262W	6
P53056	YGL260W	4
P53069	YGL239C	7
P53071	YGL235W	7
P53084	YGL218W	15
P53085	YGL217C	5
P53092	YGL199C	8
P53097	YGL193C	7
P53098	YGL188C	3
P53103	YGL182C	7
P53105	YGL177W	3
P53106	YGL165C	5
P53113	YGL152C	3
P53116	YGL149W	3
P53122	YGL138C	20
P53126	YGL132W	5
P53132	YGL118C	6
P53133	YGL117W	15
P53138	YGL109W	2
P53143	YGL102C	0
P53151	YGL088W	4
P53160	YGL074C	3
P53161	YGL072C	6
P53162	YGL069C	3
P53175	YGL052W	5
P53181	YGL042C	4
P53182	YGL041C	4
P53186	YGL034C	8
P53190	YGL024W	6
P53205	YGR011W	4
P53211	YGR018C	5
P53213	YGR022C	6
P53216	YGR025W	6
P53222	YGR035C	7
P53225	YGR039W	6
P53229	YGR045C	7
P53231	YGR050C	7
P53232	YGR051C	2
P53234	YGR053C	16
P53240	YGR064W	7
P53245	YGR069W	4
P53247	YGR073C	7
P53263	YGR107W	8
P53268	YGR114C	4
P53269	YGR115C	5
P53270	YGR117C	24
P53282	YGR137W	5
P53284	YGR139W	5
P53291	YGR164W	7
P53300	YGR182C	4
P53302	YGR190C	2
P53307	YGR219W	6
P53308	YGR228W	2
P53310	YGR242W	3
P53321	YGR259C	6
P53325	YGR265W	7
P53329	YGR273C	8
P53340	YGR291C	4
P53342	YGR293C	5
P53717	YNR005C	5
P53719	YNR014W	6
P53726	YNR025C	3
P53737	YNR042W	4
P53754	YNR068C	12
P53758	YNR077C	1
P53820	YNL338W	0
P53821	YNL337W	3
P53825	YNL324W	5
P53826	YNL319W	7
P53827	YNL303W	5
P53828	YNL296W	6
P53831	YNL285W	3
P53837	YNL276C	8
P53842	YNL266W	5
P53856	YNL235C	4
P53864	YNL226W	7
P53870	YNL193W	22
P53876	YNL184C	6
P53880	YNL179C	5
P53884	YNL174W	5
P53887	YNL171C	7
P53888	YNL170W	8
P53891	YNL165W	14
P53902	YNL150W	7
P53906	YNL146W	5
P53910	YNL140C	13
P53922	YNL120C	10
P53926	YNL114C	4
P53936	YNL089C	9
P53948	YNL057W	7
P53957	YNL043C	6
P53963	YNL034W	25
P53967	YNL028W	5
P53977	YNL017C	6
P53979	YNL013C	5
P53980	YNL011C	22
P54007	YLR460C	21
P87012	YCL001W-A	8
P87191	YER119C-A	4
P87261	YDR537C	11
P87263	YER066C-A	9
P87264	YDR467C	6
P87266	YDR413C	7
P87268	YDR426C	9
P87269	YDR433W	1
P87270	YDR442W	7
P87271	YDR455C	5
P87272	YDR509W	8
P87273	YDR521W	1
P87274	YDR526C	3
P87280	YDR290W	6
P87281	YDR269C	2
P87282	YDR271C	8
P87283	YDR274C	8
P87285	YDR355C	3
P87287	YDR366C	7
P87288	YDR327W	4
P89495	YBL109W	0
P89888	YEL075W-A	14
P90471	YBR109W-A	4
P9WEJ2	YNL155C-A	4
P9WEJ3	YMR106W-A	5
P9WEJ4	YFR035W-A	5
P9WEJ5	YDL204W-A	5
P9WEN8	YHR052C-B	4
P9WEN9	YHR054C-B	4
Q00590	YDL213W-A	5
Q02217	YEL034C-A	6
Q02590	YER091C-A	3
Q02598	YIL014C-A	0
Q02659	YPL025C	8
Q02826	YPL080C	5
Q02831	YPL077C	15
Q03051	YDR543C	4
Q03057	YDR544C	0
Q03080	YPL039W	15
Q03083	YPL034W	9
Q03186	YFL012W-A	9
Q03205	YDR042C	14
Q03207	YML122C	7
Q03208	YML119W	20
Q03231	YMR181C	8
Q03236	YMR187C	24
Q03418	YDR491C	6
Q03480	YDR209C	5
Q03675	YMR007W	8
Q03695	YMR206W	12
Q03703	YML037C	16
Q03759	YML108W	5
Q03787	YDR249C	20
Q03788	YDR250C	3
Q03831	YDR095C	6
Q03864	YDR102C	5
Q03879	YMR122C	7
Q03884	YIL100C-A	2
Q03885	YIR017W-A	7
Q03886	YIR020W-A	4
Q03888	YIR020C-B	17
Q03904	YDR133C	5
Q04019	YMR245W	9
Q04069	YDR431W	4
Q04203	YPR012W	3
Q04223	YMR130W	18
Q04276	YMR082C	7
Q04434	YDR535C	11
Q04436	YMR103C	8
Q04501	YML090W	6
Q04502	YML089C	9
Q04521	YML084W	6
Q04526	YML083C	20
Q04597	YDR114C	7
Q04674	YMR057C	7
Q04814	YMR252C	8
Q04838	YMR254C	6
Q04893	YMR317W	26
Q04897	YMR320W	4
Q04898	YMR321C	6
Q04909	YMR324C	2
Q04923	YDR220C	3
Q05451	YHR050W-A	4
Q05503	YDR340W	5
Q05510	YDR344C	8
Q05530	YDR286C	7
Q05612	YDR278C	3
Q05898	YLR296W	6
Q06051	YLR400W	9
Q06057	YLR402W	2
Q06127	YLR334C	7
Q06150	BOP2	25
Q06267	YLR184W	9
Q06594	YPR195C	8
Q06695	YLR416C	5
Q06813	YPR078C	22
Q06821	YPR084W	16
Q07355	YDL050C	8
Q07410	YDL062W	10
Q07435	YDL068W	7
Q07438	YDL071C	4
Q07509	YDL094C	9
Q07613	YDL187C	4
Q07649	YDL221W	7
Q07658	YDL228C	7
Q07738	YDL241W	4
Q07746	YDL242W	9
Q07790	YDR053W	4
Q07811	YLL020C	3
Q07865	YLL037W	1
Q07880	YLL044W	3
Q07881	YLL047W	6
Q07927	YLR012C	7
Q07967	YLR030W	14
Q07978	YLR031W	10
Q07989	YLR041W	5
Q08018	YLR076C	4
Q08027	YLR101C	2
Q08110	YOL014W	3
Q08118	IRC10	34
Q08172	YOL024W	13
Q08187	YOL029C	11
Q08205	YOL037C	4
Q08207	YOL035C	1
Q08216	YOL046C	10
Q08222	YOL050C	1
Q08241	YOL106W	2
Q08259	YOL118C	1
Q08270	YOL131W	5
Q08293	YOL150C	7
Q08321	YOL160W	3
Q08373	YOL166C	5
Q08411	YOR041C	5
Q08419	YOR050C	5
Q08428	YOR053W	4
Q08439	YOR055W	4
Q08486	YOR072W	3
Q08503	YOR102W	8
Q08504	YOR105W	5
Q08521	YOR121C	6
Q08532	YOR139C	5
Q08533	YOR146W	4
Q08540	YOR169C	7
Q08543	YOR170W	4
Q08560	YOR186W	9
Q08604	YOR199W	6
Q08620	YOR200W	8
Q08621	YOR203W	7
Q08681	YOR248W	3
Q08728	YOR263C	9
Q08734	YOR268C	4
Q08736	YOR277C	3
Q08741	YOR282W	4
Q08756	YOR300W	4
Q08789	YOR333C	4
Q08811	YOR345C	8
Q08842	YOR364W	9
Q08872	YOR366W	6
Q08903	YOR379C	7
Q08909	YOR385W	15
Q08915	YOR392W	8
Q08916	YPL142C	6
Q08927	YPL185W	6
Q08953	YPL197C	5
Q08976	YPL261C	6
Q08990	YPL278C	3
Q08994	YPR203W	3
Q12023	YDL011C	3
Q12047	YDL158C	3
Q12058	YPL251W	5
Q12070	YOR024W	5
Q12077	YLR140W	6
Q12110	YLR049C	22
Q12111	YDR029W	7
Q12115	YDL016C	5
Q12130	YLR112W	6
Q12135	YDL172C	7
Q12138	YLR125W	8
Q12147	YDL026W	4
Q12148	YDL163W	2
Q12169	YOR015W	7
Q12174	YLR123C	4
Q12187	YDL196W	3
Q12195	YDR015C	5
Q12210	YDL009C	4
Q12225	YOR225W	5
Q12240	YDR215C	8
Q12243	YOR029W	7
Q12249	YOR218C	5
Q12261	YOR325W	7
Q12264	YDL023C	5
Q12274	YOR097C	9
Q12281	YDL032W	7
Q12307	YDL162C	5
Q12312	YLR122C	9
Q12327	YLR124W	8
Q12336	YLL059C	9
Q12351	YOR012W	5
Q12352	YDL041W	2
Q12394	YDL152W	5
Q12426	YDR010C	7
Q12444	YOR309C	5
Q12448	YDL034W	5
Q12484	YOR343C	4
Q12492	YPR064W	7
Q12496	YOL098C	47
Q12506	YOR314W	6
Q12528	YLR111W	7
Q12531	YPR015C	8
Q12744	YML094C-A	3
Q2V2P0	YPR145C-A	3
Q2V2P1	YLR146W-A	5
Q2V2P6	YGL194C-A	5
Q2V2P7	YDR461C-A	4
Q2V2Q0	YDL007C-A	2
Q2V2Q3	YBR201C-A	3
Q35811	Q0092	2
Q3E732	YLR264C-A	1
Q3E735	YOR034C-A	5
Q3E736	YOR192C-C	5
Q3E737	YJL047C-A	3
Q3E739	YIR021W-A	5
Q3E740	YGL258W-A	4
Q3E741	YAL037C-A	3
Q3E742	YLR412C-A	3
Q3E744	YGR161W-C	2
Q3E746	YHR086W-A	3
Q3E750	YGL041C-B	2
Q3E751	YPL119C-A	3
Q3E755	YBR200W-A	4
Q3E758	YHL048C-A	2
Q3E760	YMR030W-A	6
Q3E762	YBR230W-A	3
Q3E763	YDR246W-A	3
Q3E765	YKL183C-A	1
Q3E766	YMR175W-A	2
Q3E767	YNL067W-B	3
Q3E771	YLR285C-A	2
Q3E774	YDL159W-A	3
Q3E775	YJR151W-A	1
Q3E776	YBR255C-A	6
Q3E778	YBR196C-B	2
Q3E781	YBR221W-A	2
Q3E782	YMR247W-A	2
Q3E786	YGR240C-A	1
Q3E787	YCR095W-A	2
Q3E789	YDR169C-A	1
Q3E791	YAL063C-A	5
Q3E794	YBR072C-A	2
Q3E795	YLR361C-A	6
Q3E796	YDR182W-A	3
Q3E7A0	YKL106C-A	3
Q3E7A2	YER078W-A	3
Q3E7A5	YOL164W-A	2
Q3E7A6	YML007C-A	2
Q3E7B3	YPR108W-A	4
Q3E7B4	YPL038W-A	3
Q3E7B5	YMR230W-A	4
Q3E7Y7	YOR293C-A	2
Q3E7Y8	YOL155W-A	5
Q3E7Y9	YOL097W-A	4
Q3E7Z0	YNL277W-A	4
Q3E7Z1	YNL146C-A	3
Q3E7Z2	YNL042W-B	3
Q3E7Z3	YIR018C-A	2
Q3E7Z4	YIL046W-A	1
Q3E7Z5	YIL002W-A	5
Q3E7Z6	YHL015W-A	2
Q3E7Z7	YDR003W-A	2
Q3E7Z9	YOL038C-A	2
Q3E801	YJL136W-A	1
Q3E802	YGL006W-A	3
Q3E804	YOR381W-A	3
Q3E805	YOR376W-A	3
Q3E806	YOR316C-A	4
Q3E807	YOR011W-A	3
Q3E809	YML054C-A	4
Q3E810	YLR342W-A	4
Q3E813	YLR154C-G	3
Q3E814	YLL006W-A	1
Q3E815	YHR175W-A	1
Q3E816	YGR121W-A	4
Q3E817	YFL041W-A	4
Q3E818	YDR194W-A	4
Q3E819	YCR108C	3
Q3E820	YBR196C-A	2
Q3E821	YBL008W-A	4
Q3E825	YLR307C-A	7
Q3E826	YKL068W-A	4
Q3E832	YOR072W-B	3
Q3E837	YJL052C-A	2
Q3E838	YFR012W-A	1
Q3E843	YMR158C-A	2
Q45U48	YGR035W-A	5
Q6B0R2	YMR193C-A	7
Q6B0R7	YMR326C	5
Q6B0V7	YPR002C-A	1
Q6B0W0	YPR039W	6
Q6B0W2	YPR014C	7
Q6B0X1	YMR135W-A	8
Q6B0Y1	YML009W-B	7
Q6B0Y5	YMR046W-A	0
Q6B0Y6	YMR052C-A	9
Q6B0Y7	YMR075C-A	6
Q6B0Y8	YML012C-A	6
Q6B0Z2	YML101C-A	3
Q6B108	YML116W-A	6
Q6B113	YBL107W-A	3
Q6B2I9	YML099W-A	8
Q6Q571	YMR086C-A	7
Q6Q572	YMR031W-A	6
Q6Q5F3	YPR053C	9
Q7LIF1	YLR366W	5
Q7LIF2	YLR365W	7
Q8J0M4	YCL012C	7
Q8TGJ0	YOR394C-A	2
Q8TGJ1	YOL166W-A	3
Q8TGJ2	YNR075C-A	2
Q8TGJ4	YLR466C-B	0
Q8TGJ7	YLL066W-B	0
Q8TGJ8	YJL026C-A	5
Q8TGK0	YHR214C-E	6
Q8TGK1	YHR213W-B	7
Q8TGK4	YBR298C-A	3
Q8TGK6	YAL067W-A	6
Q8TGK7	YAL068W-A	1
Q8TGK8	YPR160C-A	6
Q8TGK9	YPL135C-A	1
Q8TGL0	YPL222C-A	2
Q8TGL1	YOR335W-A	2
Q8TGL2	YOR231C-A	4
Q8TGL3	YOR186C-A	3
Q8TGL4	YOR161W-B	4
Q8TGL5	YOR161W-A	1
Q8TGL6	YOR108C-A	3
Q8TGL7	YNR003W-A	2
Q8TGL8	YNL097W-A	4
Q8TGL9	YNL144W-A	1
Q8TGM0	YMR272W-A	3
Q8TGM1	YLR399W-A	2
Q8TGM2	YLR347W-A	2
Q8TGM3	YLR299C-A	2
Q8TGM4	YLR286W-A	4
Q8TGM5	ART3	3
Q8TGM8	YLL019W-A	2
Q8TGM9	YKR075W-A	4
Q8TGN0	YKL156C-A	2
Q8TGN1	YJR140W-A	3
Q8TGN2	YJL020W-A	2
Q8TGN3	YJL077W-A	2
Q8TGN4	YIL021C-A	6
Q8TGN5	YIL105W-A	2
Q8TGN6	YHR137C-A	13
Q8TGN7	YGR270C-A	3
Q8TGN8	YGR068W-A	1
Q8TGP0	YGL063C-A	0
Q8TGP1	YGL123C-A	2
Q8TGP2	YER023C-A	2
Q8TGP3	YEL008C-A	3
Q8TGP4	YEL032C-A	3
Q8TGP5	YDR464C-A	4
Q8TGP6	YDR354C-A	2
Q8TGP7	YDL025W-A	2
Q8TGP8	YDL086C-A	9
Q8TGP9	YDL159C-B	0
Q8TGQ0	YCR081C-A	5
Q8TGQ1	YCR047W-A	3
Q8TGQ2	YCR045W-A	5
Q8TGQ3	YBR223W-A	2
Q8TGQ4	YBR141W-A	2
Q8TGQ5	YBR131C-A	2
Q8TGQ6	YBL006W-A	2
Q8TGQ7	YPR159C-A	0
Q8TGQ8	YOL085W-A	2
Q8TGQ9	YNL103W-A	1
Q8TGR0	YLR437C-A	3
Q8TGR1	YLR120W-A	1
Q8TGR2	YFR034W-A	4
Q8TGR3	YER158W-A	6
Q8TGR4	YER088W-B	3
Q8TGR5	YEL030C-A	5
Q8TGR6	YDR524C-A	2
Q8TGR7	YDR510C-A	1
Q8TGR8	YAL037C-B	4
Q8TGR9	YPL152W-A	2
Q8TGS0	YOR161C-C	2
Q8TGS1	YOR032W-A	2
Q8TGS2	YOL019W-A	2
Q8TGS4	YMR315W-A	2
Q8TGS5	YMR272W-B	2
Q8TGS6	YMR242W-A	3
Q8TGS7	YMR182W-A	2
Q8TGS8	YMR105W-A	4
Q8TGS9	YMR001C-A	3
Q8TGT0	YML100W-A	4
Q8TGT1	YLR406C-A	4
Q8TGT2	YKL096C-B	2
Q8TGT3	YJL077W-B	1
Q8TGT4	YHR213W-A	6
Q8TGT5	YHR032C-A	2
Q8TGT6	YHR022C-A	2
Q8TGT7	YGR204C-A	3
Q8TGT8	YGR174W-A	1
Q8TGT9	YGR146C-A	1
Q8TGU0	YGL007C-A	2
Q8TGU1	YGL188C-A	2
Q8TGU2	YFR032C-B	3
Q8TGU3	YFL031C-A	3
Q8TGU4	YER175W-A	4
Q8TGU6	YBR182C-A	4
Q8TGU8	YBL071C-B	3
Q8TGV0	YAR035C-A	1
Q96VG5	YCR102W-A	3
Q96VG6	YCR097W-A	3
Q96VG8	YCR038W-A	1
Q96VH1	YCR018C-A	2
Q96VH2	YCL001W-B	6
Q96VH3	YCL021W-A	7
Q99296	YLR149C	37
Q99318	YOR318C	6
Q99339	YLL065W	4
Q99345	YOL085C	6
Q99401	YPL238C	3
Q9ZZV8	Q0297	4
Q9ZZW1	Q0182	7
Q9ZZW2	Q0144	2
Q9ZZW3	Q0143	2
Q9ZZW4	Q0142	2
Q9ZZX7	Q0032	2
Q9ZZX8	Q0017	2
Q9ZZX9	Q0010	3
