accession	gene	tryptic_peptides
A0A087X1C5	CYP2D7	23
A0A096LP01	SMIM26	6
A0A0B4J2F0	PIGBOS1	2
A0A0C5B5G6	MT-RNR1	1
A0A0K2S4Q6	CD300H	4
A0A0U1RRE5	NBDY	4
A0A1B0GTW7	CIROP	34
A0A2R8Y7D0	TINCR	6
A0A8I5KQE6	RPSA2	13
A0AV02	SLC12A8	21
A0AV96	RBM47	21
A0AVF1	IFT56	35
A0AVI4	TMEM129	14
A0AVK6	E2F8	35
A0AVT1	UBA6	58
A0FGR8	ESYT2	45
A0FGR9	ESYT3	37
A0JLT2	MED19	8
A0JNW5	BLTP3B	81
A0JP26	POTEB3	26
A0MZ66	SHTN1	38
A0PJK1	SLC5A10	14
A0PJY2	FEZF1	25
A0PK00	TMEM120B	13
A0PK05	TMEM72	6
A0PK11	CLRN2	8
A1A4S6	ARHGAP10	45
A1A4Y4	IRGM	10
A1A519	FAM170A	18
A1A5B4	ANO9	28
A1A5C7	SLC22A23	29
A1E959	ODAM	2
A1KXE4	FAM168B	3
A1KZ92	PXDNL	79
A1L0T0	HACL2	25
A1L167	UBE2QL1	9
A1L190	SYCE3	8
A1L390	PLEKHG3	48
A1L3X0	ELOVL7	9
A1L4H1	SSC5D	61
A1L4K1	FSD2	30
A1X283	SH3PXD2B	46
A1XBS5	CIBAR1	14
A1Z1Q3	MACROD2	17
A2A288	ZC3H12D	31
A2A2Y4	FRMD3	24
A2IDD5	CCDC78	24
A2PYH4	HFM1	88
A2RRP1	NBAS	110
A2RTX5	TARS3	40
A2RU14	TMEM218	3
A2RU30	TESPA1	22
A2RU49	HYKK	18
A2RUB1	MEIOC	54
A2RUB6	CCDC66	51
A2RUC4	TYW5	19
A2RUH7	MYBPHL	12
A2VDJ0	TMEM131L	69
A2VEC9	SSPOP	140
A3KMH1	VWA8	109
A4D0S4	LAMB4	83
A4D126	CRPPA	24
A4D161	FAM221A	13
A4D1B5	GSAP	37
A4D1E9	GTPBP10	25
A4D1P6	WDR91	39
A4D1T9	PRSS37	11
A4D256	CDC14C	20
A4D2B0	MBLAC1	10
A4D2P6	GRID2IP	53
A4GXA9	EME2	18
A4UGR9	XIRP2	190
A5A3E0	POTEF	54
A5D8T8	CLEC18A	22
A5D8V6	VPS37C	7
A5D8V7	ODAD3	33
A5D8W1	CFAP69	48
A5LHX3	PSMB11	21
A5PKW4	PSD	42
A5PLL7	PEDS1	11
A5PLN9	TRAPPC13	20
A5X5Y0	HTR3E	15
A5YKK6	CNOT1	120
A5YM72	CARNS1	35
A6BM72	MEGF11	22
A6H8Y1	BDP1	125
A6H8Z2	FAM221B	18
A6NC98	CCDC88B	80
A6NCS4	NKX2-6	12
A6ND01	IZUMO1R	8
A6ND36	SACK1G	42
A6NDB9	PALM3	30
A6NDG6	PGP	18
A6NDV4	TMEM8B	15
A6NED2	RCCD1	19
A6NEM1	GOLGA6L9	18
A6NER3	GAGE12J	1
A6NFA1	TRABD2B	14
A6NFQ2	TCAF2	31
A6NFX1	MFSD2B	11
A6NFY7	SDHAF1	6
A6NGG8	PCARE	66
A6NGQ2	OOEP	7
A6NGU5	GGT3P	25
A6NHQ2	FBLL1	18
A6NHR9	SMCHD1	105
A6NHX0	CASTOR2	13
A6NI15	MSGN1	4
A6NI61	MYMK	9
A6NI73	LILRA5	12
A6NIH7	UNC119B	11
A6NIM6	SLC15A5	22
A6NIX2	WTIP	23
A6NJ78	METTL15	23
A6NK06	ACOD1	21
A6NK58	LIPT2	10
A6NK89	RASSF10	21
A6NKB5	PCNX2	80
A6NKF2	ARID3C	14
A6NMY6	ANXA2P2	22
A6NMZ7	COL6A6	111
A6NNB3	IFITM5	7
A6NNM8	TTLL13	46
A6NNN8	SLC38A8	13
A6NNY8	USP27X	22
A6NNZ2	TUBB8B	16
A6PVC2	TTLL8	49
A6PVI3	NCBP2L	10
A6QL63	ABTB3	49
A7E2V4	ZSWIM8	71
A7E2Y1	MYH7B	105
A7KAX9	ARHGAP32	95
A7MCY6	TBKBP1	27
A7MD48	SRRM4	27
A8CG34	POM121C	28
A8K0Z3	WASHC1	17
A8K2U0	A2ML1	64
A8K4G0	CD300LB	11
A8K7I4	CLCA1	42
A8K830	POU2AF3	2
A8K8P3	SFI1	59
A8K8V0	ZNF785	23
A8MPY1	GABRR3	15
A8MQ03	CYSRT1	6
A8MQ27	NEURL1B	21
A8MT69	CENPX	7
A8MTA8	CIMIP2B	15
A8MTJ3	GNAT3	18
A8MTJ6	FOXI3	8
A8MTQ0	NOTO	6
A8MTZ0	BBIP1	5
A8MUP2	CSKMT	7
A8MV65	VGLL3	10
A8MVW5	HEPACAM2	18
A8MW92	PHF20L1	51
A8MW95	BECN2	21
A8MW99	MEI4	16
A8MXD5	GRXCR1	11
A8MXV4	NUDT19	16
A8MYU2	KCNU1	47
A8MZ59	LEUTX	5
A8TX70	COL6A5	135
A9QM74	KPNA7	16
A9UHW6	MIF4GD	15
A9YTQ3	AHRR	36
B0I1T2	MYO1G	53
B0L3A2	FBXW7-AS1	4
B0YJ81	HACD1	8
B1AK53	ESPN	27
B1AL88	NALF1	20
B2RTY4	MYO9A	140
B2RUY7	VWC2L	7
B2RUZ4	SMIM1	3
B2RXF5	ZBTB42	25
B2RXH2	KDM4E	16
B3KU38	IQCJ-SCHIP1	30
B6A8C7	TARM1	14
B7U540	KCNJ18	18
B7ZAQ6	GPHRA	21
B7ZBB8	PPP1R3G	16
C0HME6	RPL36	12
C4AMC7	WASH3P	18
C9JE40	PATL2	21
C9JLW8	MCRIP1	7
C9JR72	KBTBD13	26
C9JRZ8	AKR1B15	20
D3W0D1	KLRF2	5
D6RGH6	MCIDAS	17
E0CX11	STMP1	1
E9PQX1	CATSPERH	4
F5H094	SLCO1B3-SLCO1B7	29
G2XKQ0	SUMO1P1	4
H0YL14	TMEM250	7
H3BS89	TMEM178B	9
H3BV60	TGFBR3L	10
K7EJ46	SMIM22	2
K9M1U5	IFNL4	11
L0R8F8	MIEF1	4
M0R2J8	DCDC1	100
M5A8F1	ERVH48-1	11
O00115	DNASE2	14
O00116	AGPS	34
O00124	UBXN8	15
O00139	KIF2A	34
O00141	SGK1	20
O00142	TK2	16
O00144	FZD9	22
O00148	DDX39A	21
O00151	PDLIM1	16
O00154	ACOT7	20
O00155	GPR25	14
O00159	MYO1C	57
O00160	MYO1F	58
O00161	SNAP23	12
O00165	HAX1	16
O00167	EYA2	17
O00168	FXYD1	2
O00170	AIP	17
O00175	CCL24	4
O00178	GTPBP1	28
O00180	KCNK1	8
O00182	LGALS9	16
O00186	STXBP3	30
O00187	MASP2	30
O00189	AP4M1	25
O00192	ARVCF	46
O00194	RAB27B	13
O00198	HRK	5
O00203	AP3B1	57
O00204	SULT2B1	19
O00206	TLR4	37
O00212	RHOD	12
O00213	APBB1	24
O00214	LGALS8	19
O00217	NDUFS8	13
O00219	HAS3	28
O00220	TNFRSF10A	20
O00221	NFKBIE	27
O00222	GRM8	42
O00230	CORT	4
O00231	PSMD11	27
O00232	PSMD12	25
O00233	PSMD9	11
O00237	RNF103	24
O00238	BMPR1B	24
O00241	SIRPB1	23
O00244	ATOX1	4
O00253	AGRP	7
O00254	F2RL2	11
O00255	MEN1	28
O00257	CBX4	25
O00258	GET1	11
O00264	PGRMC1	8
O00267	SUPT5H	51
O00268	TAF4	34
O00270	GPR31	6
O00273	DFFA	19
O00287	RFXAP	8
O00291	HIP1	57
O00292	LEFTY2	18
O00294	TULP1	30
O00299	CLIC1	15
O00300	TNFRSF11B	24
O00303	EIF3F	15
O00305	CACNB4	27
O00308	WWP2	47
O00311	CDC7	33
O00322	UPK1A	9
O00327	BMAL1	24
O00329	PIK3CD	55
O00330	PDHX	22
O00337	SLC28A1	24
O00338	SULT1C2	16
O00339	MATN2	40
O00341	SLC1A7	18
O00358	FOXE1	10
O00370		68
O00391	QSOX1	45
O00400	SLC33A1	21
O00401	WASL	22
O00408	PDE2A	49
O00409	FOXN3	23
O00410	IPO5	53
O00411	POLRMT	57
O00418	EEF2K	38
O00421	CCRL2	13
O00422	SAP18	12
O00423	EML1	41
O00425	IGF2BP3	29
O00429	DNM1L	50
O00442	RTCA	19
O00443	PIK3C2A	95
O00444	PLK4	42
O00445	SYT5	21
O00451	GFRA2	22
O00453	LST1	3
O00459	PIK3R2	43
O00461	GOLIM4	38
O00462	MANBA	37
O00463	TRAF5	33
O00468	AGRN	83
O00469	PLOD2	37
O00470	MEIS1	17
O00471	EXOC5	41
O00472	ELL2	37
O00476	SLC17A3	11
O00478	BTN3A3	22
O00481	BTN3A1	25
O00482	NR5A2	22
O00483	COXFA4	6
O00487	PSMD14	14
O00488	ZNF593	6
O00499	BIN1	28
O00501	CLDN5	5
O00505	KPNA3	16
O00506	STK25	21
O00507	USP9Y	113
O00512	BCL9	54
O00519	FAAH	23
O00522	KRIT1	42
O00526	UPK2	8
O00533	CHL1	47
O00541	PES1	29
O00548	DLL1	34
O00555	CACNA1A	99
O00559	EBAG9	7
O00560	SDCBP	9
O00562	PITPNM1	53
O00566	MPHOSPH10	27
O00567	NOP56	31
O00571	DDX3X	39
O00574	CXCR6	11
O00584	RNASET2	15
O00585	CCL21	6
O00590	ACKR2	10
O00591	GABRP	21
O00592	PODXL	21
O00602	FCN1	15
O00622	CCN1	26
O00623	PEX12	17
O00625	PIR	17
O00626	CCL22	2
O00628	PEX7	13
O00629	KPNA4	15
O00631	SLN	1
O00635	TRIM38	19
O00712	NFIB	19
O00716	E2F3	14
O00743	PPP6C	16
O00744	WNT10B	22
O00746	NME4	13
O00748	CES2	19
O00750	PIK3C2B	83
O00754	MAN2B1	50
O00755	WNT7A	21
O00757	FBP2	15
O00762	UBE2C	11
O00763	ACACB	122
O00764	PDXK	13
O00767	SCD	13
O14490	DLGAP1	40
O14492	SH2B2	26
O14493	CLDN4	6
O14494	PLPP1	10
O14495	PLPP3	13
O14497	ARID1A	70
O14503	BHLHE40	21
O14508	SOCS2	13
O14511	NRG2	45
O14512	SOCS7	23
O14513	NCKAP5	99
O14514	ADGRB1	72
O14519	CDK2AP1	4
O14520	AQP7	10
O14521	SDHD	4
O14522	PTPRT	67
O14523	C2CD2L	26
O14524	NEMP1	19
O14525	ASTN1	51
O14526	FCHO1	35
O14529	CUX2	73
O14530	TXNDC9	13
O14531	DPYSL4	30
O14543	SOCS3	10
O14544	SOCS6	22
O14548	COX7A2L	5
O14556	GAPDHS	18
O14558	HSPB6	7
O14559	ARHGAP33	53
O14561	NDUFAB1	7
O14569	CYB561D2	3
O14576	DYNC1I1	20
O14578	CIT	123
O14579	COPE	13
O14593	RFXANK	11
O14594	NCAN	40
O14595	CTDSP2	10
O14607	UTY	57
O14610	GNGT2	3
O14613	CDC42EP2	7
O14617	AP3D1	51
O14618	CCS	14
O14625	CXCL11	4
O14626	GPR171	15
O14627	CDX4	6
O14628	ZNF195	38
O14633	LCE2B	2
O14638	ENPP3	38
O14639	ABLIM1	47
O14640	DVL1	31
O14641	DVL2	30
O14645	DNALI1	15
O14646	CHD1	85
O14647	CHD2	80
O14649	KCNK3	10
O14653	GOSR2	9
O14654	IRS4	54
O14656	TOR1A	16
O14657	TOR1B	16
O14662	STX16	18
O14669	PRRG2	5
O14672	ADAM10	40
O14678	ABCD4	25
O14681	EI24	12
O14682	ENC1	39
O14684	PTGES	7
O14686	KMT2D	171
O14713	ITGB1BP1	12
O14717	TRDMT1	22
O14727	APAF1	63
O14730	RIOK3	26
O14732	IMPA2	13
O14733	MAP2K7	21
O14734	ACOT8	16
O14735	CDIPT	7
O14737	PDCD5	10
O14744	PRMT5	32
O14745	NHERF1	22
O14746	TERT	57
O14756	HSD17B6	18
O14757	CHEK1	23
O14763	TNFRSF10B	18
O14764	GABRD	19
O14770	MEIS2	12
O14771	ZNF213	23
O14772	FPGT	32
O14773	TPP1	22
O14775	GNB5	19
O14776	TCERG1	39
O14777	NDC80	45
O14782	KIF3C	39
O14786	NRP1	41
O14787	TNPO2	35
O14788	TNFSF11	16
O14791	APOL1	19
O14792	HS3ST1	13
O14793	MSTN	17
O14795	UNC13B	82
O14796	SH2D1B	9
O14798	TNFRSF10C	6
O14802	POLR3A	81
O14804	TAAR5	12
O14807	MRAS	13
O14810	CPLX1	5
O14813	PHOX2A	13
O14815	CAPN9	35
O14817	TSPAN4	7
O14818	PSMA7	14
O14827	RASGRF2	56
O14828	SCAMP3	10
O14829	PPEF1	35
O14830	PPEF2	41
O14832	PHYH	18
O14836	TNFRSF13B	14
O14842	FFAR1	6
O14843	FFAR3	8
O14862	AIM2	19
O14863	SLC30A4	16
O14867	BACH1	40
O14874	BCKDK	20
O14879	IFIT3	24
O14880	MGST3	7
O14893	GEMIN2	12
O14894	TM4SF5	3
O14896	IRF6	21
O14901	KLF11	19
O14904	WNT9A	19
O14905	WNT9B	18
O14907	TAX1BP3	5
O14908	GIPC1	15
O14910	LIN7A	12
O14917	PCDH17	51
O14920	IKBKB	39
O14924	RGS12	60
O14925	TIMM23	9
O14926	FSCN2	25
O14929	HAT1	15
O14931	NCR3	12
O14933	UBE2L6	9
O14936	CASK	49
O14939	PLD2	50
O14944	EREG	7
O14948	TFEC	12
O14949	UQCRQ	6
O14950	MYL12B	9
O14957	UQCR11	2
O14958	CASQ2	16
O14960	LECT2	6
O14964	HGS	25
O14965	AURKA	22
O14966	RAB29	12
O14967	CLGN	25
O14972	VPS26C	15
O14974	PPP1R12A	46
O14975	SLC27A2	30
O14976	GAK	60
O14977	AZIN1	15
O14978	ZNF263	37
O14979	HNRNPDL	21
O14980	XPO1	53
O14981	BTAF1	83
O14983	ATP2A1	42
O14986	PIP5K1B	19
O14994	SYN3	29
O15013	ARHGEF10	52
O15014	ZNF609	50
O15015	ZNF646	82
O15018	PDZD2	136
O15020	SPTBN2	128
O15021	MAST4	124
O15027	SEC16A	79
O15031	PLXNB2	86
O15033	AREL1	38
O15040	TECPR2	56
O15041	SEMA3E	42
O15042	U2SURP	38
O15047	SETD1A	62
O15049	N4BP3	29
O15054	KDM6B	65
O15055	PER2	46
O15056	SYNJ2	65
O15060	ZBTB39	32
O15061	SYNM	84
O15062	ZBTB5	24
O15066	KIF3B	41
O15067	PFAS	56
O15068	MCF2L	58
O15072	ADAMTS3	55
O15075	DCLK1	32
O15078	CEP290	144
O15079	SNPH	24
O15083	ERC2	47
O15084	ANKRD28	36
O15085	ARHGEF11	69
O15091	PRORP	33
O15105	SMAD7	21
O15111	CHUK	36
O15116	LSM1	6
O15117	FYB1	25
O15118	NPC1	43
O15119	TBX3	24
O15120	AGPAT2	12
O15121	DEGS1	7
O15123	ANGPT2	28
O15126	SCAMP1	12
O15127	SCAMP2	6
O15130	NPFF	4
O15131	KPNA5	23
O15143	ARPC1B	18
O15144	ARPC2	19
O15145	ARPC3	10
O15146	MUSK	38
O15151	MDM4	22
O15155	BET1	3
O15156	ZBTB7B	12
O15160	POLR1C	14
O15162	PLSCR1	9
O15164	TRIM24	54
O15165	LDLRAD4	9
O15169	AXIN1	40
O15173	PGRMC2	9
O15178	TBXT	10
O15182	CETN3	11
O15194	CTDSPL	12
O15195	VILL	45
O15197	EPHB6	41
O15198	SMAD9	21
O15204	ADAMDEC1	21
O15205	UBD	10
O15209	ZBTB22	19
O15211	RGL2	30
O15212	PFDN6	8
O15213	WDR46	29
O15217	GSTA4	13
O15218	ACKR5	5
O15226	NKRF	38
O15228	GNPAT	35
O15229	KMO	28
O15230	LAMA5	160
O15231	ZNF185	38
O15232	MATN3	28
O15234	CASC3	27
O15239	NDUFA1	2
O15240	VGF	31
O15243	LEPROT	4
O15244	SLC22A2	21
O15245	SLC22A1	20
O15247	CLIC2	14
O15254	ACOX3	39
O15258	RER1	9
O15259	NPHP1	36
O15260	SURF4	9
O15263	DEFB4A	2
O15264	MAPK13	21
O15265	ATXN7	36
O15266	SHOX	16
O15269	SPTLC1	21
O15270	SPTLC2	33
O15273	TCAP	11
O15287	FANCG	35
O15294	OGT	48
O15296	ALOX15B	33
O15297	PPM1D	29
O15303	GRM6	35
O15304	SIVA1	8
O15305	PMM2	16
O15315	RAD51B	14
O15318	POLR3G	7
O15327	INPP4B	49
O15342	ATP6V0E1	2
O15344	MID1	30
O15347	HMGB3	6
O15350	TP73	25
O15353	FOXN1	17
O15354	GPR37	26
O15355	PPM1G	23
O15357	INPPL1	67
O15360	FANCA	66
O15370	SOX12	11
O15371	EIF3D	24
O15372	EIF3H	20
O15374	SLC16A4	11
O15379	HDAC3	23
O15381	NVL	45
O15382	BCAT2	17
O15389	SIGLEC5	24
O15391	YY2	12
O15392	BIRC5	8
O15393	TMPRSS2	16
O15394	NCAM2	46
O15397	IPO8	46
O15399	GRIN2D	50
O15400	STX7	11
O15405	TOX3	13
O15409	FOXP2	18
O15417	TNRC18	120
O15427	SLC16A3	15
O15431	SLC31A1	2
O15432	SLC31A2	0
O15438	ABCC3	61
O15439	ABCC4	69
O15440	ABCC5	64
O15444	CCL25	5
O15446	POLR1G	15
O15455	TLR3	43
O15457	MSH4	48
O15460	P4HA2	29
O15466	ST8SIA5	19
O15467	CCL16	6
O15479	MAGEB2	13
O15481	MAGEB4	21
O15484	CAPN5	33
O15488	GYG2	16
O15492	RGS16	11
O15496	PLA2G10	9
O15498	YKT6	14
O15499	GSC2	7
O15503	INSIG1	10
O15504	NUP42	17
O15511	ARPC5	10
O15514	POLR2D	9
O15516	CLOCK	26
O15519	CFLAR	26
O15520	FGF10	7
O15522	NKX2-8	10
O15523	DDX3Y	42
O15524	SOCS1	13
O15525	MAFG	11
O15527	OGG1	18
O15528	CYP27B1	26
O15529	GPR42	8
O15530	PDPK1	25
O15533	TAPBP	9
O15534	PER1	40
O15535	ZSCAN9	23
O15537	RS1	10
O15539	RGS5	10
O15540	FABP7	7
O15541	RNF113A	17
O15547	P2RX6	16
O15550	KDM6A	57
O15551	CLDN3	7
O15552	FFAR2	13
O15553	MEFV	41
O15554	KCNN4	17
O42043	ERVK-18	20
O43143	DHX15	38
O43147	SGSM2	42
O43148	RNMT	25
O43149	ZZEF1	131
O43150	ASAP2	46
O43151	TET3	70
O43155	FLRT2	31
O43156	TTI1	47
O43157	PLXNB1	69
O43159	RRP8	23
O43164	PJA2	25
O43166	SIPA1L1	93
O43167	ZBTB24	28
O43169	CYB5B	6
O43172	PRPF4	29
O43173	ST8SIA3	22
O43174	CYP26A1	27
O43175	PHGDH	22
O43181	NDUFS4	9
O43182	ARHGAP6	48
O43184	ADAM12	41
O43186	CRX	6
O43187	IRAK2	31
O43189	PHF1	29
O43193	MLNR	14
O43194	GPR39	17
O43196	MSH5	43
O43236	SEPTIN4	56
O43237	DYNC1LI2	24
O43240	KLK10	12
O43242	PSMD3	34
O43248	HOXC11	15
O43251	RBFOX2	11
O43252	PAPSS1	32
O43255	SIAH2	9
O43257	ZNHIT1	4
O43264	ZW10	41
O43272	PRODH	36
O43278	SPINT1	23
O43280	TREH	26
O43281	EFS	21
O43283	MAP3K13	40
O43286	B4GALT5	17
O43290	SART1	39
O43291	SPINT2	13
O43292	GPAA1	19
O43293	DAPK3	19
O43294	TGFB1I1	23
O43295	SRGAP3	63
O43296	ZNF264	32
O43298	ZBTB43	20
O43299	AP5Z1	43
O43300	LRRTM2	28
O43303	CCP110	52
O43306	ADCY6	43
O43307	ARHGEF9	24
O43309	ZSCAN12	30
O43310	CTIF	36
O43312	MTSS1	31
O43313	ATMIN	24
O43314	PPIP5K2	61
O43315	AQP9	6
O43316	PAX4	18
O43318	MAP3K7	30
O43320	FGF16	9
O43323	DHH	21
O43324	EEF1E1	12
O43353	RIPK2	26
O43364	HOXA2	12
O43374	RASA4	47
O43379	WDR62	65
O43390	HNRNPR	34
O43395	PRPF3	32
O43396	TXNL1	15
O43399	TPD52L2	11
O43402	EMC8	11
O43405	COCH	27
O43422	THAP12	40
O43424	GRID2	45
O43426	SYNJ1	84
O43427	FIBP	20
O43432	EIF4G3	82
O43435	TBX1	20
O43439	CBFA2T2	32
O43447	PPIH	11
O43448	KCNAB3	15
O43451	MGAM	106
O43462	MBTPS2	12
O43463	SUV39H1	19
O43464	HTRA2	22
O43474	KLF4	11
O43482	OIP5	12
O43488	AKR7A2	17
O43490	PROM1	40
O43491	EPB41L2	56
O43493	TGOLN2	22
O43497	CACNA1G	81
O43502	RAD51C	17
O43504	LAMTOR5	5
O43505	B4GAT1	15
O43506	ADAM20	25
O43508	TNFSF12	8
O43511	SLC26A4	23
O43513	MED7	10
O43516	WIPF1	21
O43520	ATP8B1	49
O43521	BCL2L11	8
O43524	FOXO3	19
O43525	KCNQ3	39
O43526	KCNQ2	46
O43529	CHST10	17
O43541	SMAD6	19
O43542	XRCC3	21
O43543	XRCC2	15
O43548	TGM5	30
O43556	SGCE	16
O43557	TNFSF14	11
O43559	FRS3	26
O43561	LAT	7
O43566	RGS14	32
O43567	RNF13	11
O43570	CA12	13
O43572	AKAP10	31
O43581	SYT7	20
O43583	DENR	9
O43586	PSTPIP1	23
O43592	XPOT	43
O43593	HR	56
O43597	SPRY2	18
O43598	DNPH1	9
O43602	DCX	20
O43603	GALR2	9
O43609	SPRY1	18
O43610	SPRY3	14
O43612	HCRT	6
O43613	HCRTR1	15
O43614	HCRTR2	17
O43615	TIMM44	29
O43617	TRAPPC3	9
O43623	SNAI2	12
O43633	CHMP2A	9
O43639	NCK2	22
O43653	PSCA	4
O43660	PLRG1	28
O43663	PRC1	30
O43665	RGS10	8
O43670	ZNF207	6
O43674	NDUFB5	9
O43676	NDUFB3	6
O43678	NDUFA2	6
O43679	LDB2	13
O43680	TCF21	9
O43681	GET3	15
O43683	BUB1	52
O43684	BUB3	15
O43687	AKAP7	8
O43688	PLPP2	12
O43699	SIGLEC6	14
O43704	SULT1B1	16
O43707	ACTN4	55
O43708	GSTZ1	9
O43709	BUD23	8
O43711	TLX3	7
O43715	TRIAP1	6
O43716	GATC	9
O43719	HTATSF1	52
O43731	KDELR3	8
O43734	TRAF3IP2	25
O43739	CYTH3	20
O43741	PRKAB2	14
O43745	CHP2	11
O43747	AP1G1	34
O43749	OR1F1	2
O43752	STX6	12
O43759	SYNGR1	5
O43760	SYNGR2	7
O43761	SYNGR3	11
O43765	SGTA	12
O43766	LIAS	18
O43768	ENSA	8
O43772	SLC25A20	18
O43776	NARS1	22
O43781	DYRK3	32
O43790	KRT86	31
O43791	SPOP	18
O43795	MYO1B	62
O43805	SSNA1	8
O43808	SLC25A17	13
O43809	NUDT21	13
O43813	LANCL1	17
O43815	STRN	36
O43818	RRP9	24
O43819	SCO2	15
O43820	HYAL3	15
O43822	CFAP410	16
O43823	AKAP8	24
O43825	B3GALT2	23
O43826	SLC37A4	12
O43827	ANGPTL7	17
O43829	ZBTB14	23
O43837	IDH3B	21
O43847	NRDC	45
O43852	CALU	16
O43854	EDIL3	26
O43861	ATP9B	53
O43865	AHCYL1	28
O43866	CD5L	18
O43868	SLC28A2	17
O43889	CREB3	14
O43895	XPNPEP2	31
O43896	KIF1C	62
O43897	TLL1	55
O43900	PRICKLE3	25
O43903	GAS2	18
O43909	EXTL3	47
O43913	ORC5	25
O43914	TYROBP	4
O43915	VEGFD	22
O43916	CHST1	18
O43918	AIRE	33
O43920	NDUFS5	6
O43921	EFNA2	5
O43924	PDE6D	4
O43927	CXCL13	4
O43929	ORC4	25
O43933	PEX1	54
O60216	RAD21	26
O60218	AKR1B10	20
O60220	TIMM8A	6
O60229	KALRN	148
O60231	DHX16	51
O60232	ZNRD2	9
O60235	TMPRSS11D	12
O60237	PPP1R12B	48
O60238	BNIP3L	9
O60239	SH3BP5	24
O60240	PLIN1	27
O60241	ADGRB2	64
O60242	ADGRB3	66
O60243	HS6ST1	19
O60244	MED14	65
O60245	PCDH7	43
O60248	SOX15	10
O60256	PRPSAP2	23
O60258	FGF17	10
O60259	KLK8	9
O60260	PRKN	27
O60264	SMARCA5	56
O60266	ADCY3	46
O60269	GPRIN2	17
O60271	SPAG9	67
O60281	ZNF292	125
O60282	KIF5C	57
O60284	ST18	59
O60285	NUAK1	31
O60291	MGRN1	25
O60292	SIPA1L3	90
O60293	ZFC3H1	92
O60294	LCMT2	28
O60296	TRAK2	37
O60303	KATNIP	73
O60304	ZNF500	25
O60306	AQR	65
O60307	MAST3	53
O60308	CEP104	53
O60312	ATP10A	55
O60313	OPA1	55
O60315	ZEB2	50
O60318	MCM3AP	73
O60331	PIP5K1C	22
O60333	KIF1B	95
O60336	MAPKBP1	65
O60337	MARCHF6	25
O60341	KDM1A	37
O60343	TBC1D4	63
O60346	PHLPP1	80
O60353	FZD6	33
O60356	NUPR1	1
O60359	CACNG3	11
O60381	HBP1	24
O60383	GDF9	21
O60391	GRIN3B	39
O60393	NOBOX	24
O60423	ATP8B3	56
O60427	FADS1	21
O60437	PPL	114
O60443	GSDME	25
O60447	EVI5	39
O60449	LY75	80
O60462	NRP2	49
O60469	DSCAM	98
O60476	MAN1A2	28
O60477	BRINP1	37
O60478	GPR137B	15
O60479	DLX3	9
O60481	ZIC3	12
O60486	PLXNC1	77
O60487	MPZL2	8
O60488	ACSL4	34
O60493	SNX3	9
O60494	CUBN	114
O60496	DOK2	16
O60499	STX10	12
O60500	NPHS1	47
O60502	OGA	46
O60503	ADCY9	62
O60504	SORBS3	34
O60506	SYNCRIP	32
O60507	TPST1	18
O60508	CDC40	36
O60512	B4GALT3	20
O60513	B4GALT4	20
O60516	EIF4EBP3	4
O60519	CREBL2	6
O60524	NEMF	51
O60543	CIDEA	9
O60547	GMDS	26
O60548	FOXD2	12
O60551	NMT2	24
O60563	CCNT1	26
O60565	GREM1	9
O60566	BUB1B	57
O60568	PLOD3	42
O60573	EIF4E2	12
O60583	CCNT2	27
O60602	TLR5	41
O60603	TLR2	44
O60609	GFRA3	14
O60610	DIAPH1	62
O60613	SELENOF	9
O60635	TSPAN1	5
O60636	TSPAN2	7
O60641	SNAP91	21
O60645	EXOC3	35
O60656	UGT1A9	20
O60658	PDE8A	41
O60662	KLHL41	30
O60663	LMX1B	21
O60664	PLIN3	26
O60667	FCMR	17
O60669	SLC16A7	10
O60671	RAD1	17
O60673	REV3L	148
O60674	JAK2	62
O60675	MAFK	10
O60678	PRMT3	23
O60682	MSC	11
O60683	PEX10	14
O60684	KPNA6	22
O60687	SRPX2	21
O60701	UGDH	27
O60704	TPST2	15
O60706	ABCC9	65
O60711	LPXN	15
O60716	CTNND1	48
O60721	SLC24A1	38
O60725	ICMT	9
O60729	CDC14B	24
O60733	PLA2G6	40
O60741	HCN1	31
O60749	SNX2	26
O60755	GALR3	11
O60759	CYTIP	12
O60760	HPGDS	7
O60762	DPM1	15
O60763	USO1	41
O60779	SLC19A2	9
O60783	MRPS14	7
O60784	TOM1	18
O60806	TBX19	10
O60812	HNRNPCL1	18
O60814	H2BC12	7
O60825	PFKFB2	35
O60826	CCDC22	36
O60828	PQBP1	9
O60829	PAGE4	4
O60830	TIMM17B	9
O60831	PRAF2	4
O60832	DKC1	29
O60840	CACNA1F	66
O60841	EIF5B	51
O60844	ZG16	9
O60858	TRIM13	23
O60861	GAS7	19
O60869	EDF1	10
O60870	KIN	24
O60879	DIAPH2	55
O60880	SH2D1A	7
O60882	MMP20	25
O60883	GPR37L1	14
O60884	DNAJA2	20
O60885	BRD4	42
O60888	CUTA	6
O60890	OPHN1	53
O60894	RAMP1	7
O60895	RAMP2	5
O60896	RAMP3	5
O60902	SHOX2	15
O60906	SMPD2	22
O60907	TBL1X	25
O60909	B4GALT2	18
O60911	CTSV	17
O60921	HUS1	13
O60925	PFDN1	8
O60927	PPP1R11	5
O60928	KCNJ13	8
O60930	RNASEH1	14
O60931	CTNS	7
O60934	NBN	40
O60936	NOL3	7
O60938	KERA	18
O60939	SCN2B	11
O60941	DTNB	31
O60942	RNGTT	31
O75015	FCGR3B	7
O75019	LILRA1	17
O75022	LILRB3	21
O75023	LILRB5	24
O75027	ABCB7	31
O75030	MITF	18
O75031	HSF2BP	16
O75037	KIF21B	73
O75038	PLCH2	63
O75044	SRGAP2	49
O75051	PLXNA2	87
O75052	NOS1AP	28
O75054	IGSF3	55
O75056	SDC3	13
O75061	DNAJC6	31
O75063	FAM20B	19
O75069	TMCC2	33
O75072	FKTN	24
O75074	LRP3	32
O75077	ADAM23	36
O75078	ADAM11	30
O75081	CBFA2T3	29
O75083	WDR1	31
O75084	FZD7	18
O75093	SLIT1	60
O75094	SLIT3	69
O75095	MEGF6	51
O75096	LRP4	94
O75106	AOC2	27
O75110	ATP9A	52
O75112	LDB3	27
O75113	N4BP1	47
O75116	ROCK2	79
O75121	MFAP3L	21
O75122	CLASP2	74
O75127	PTCD1	34
O75128	COBL	65
O75129	ASTN2	60
O75131	CPNE3	26
O75132	ZBED4	59
O75140	DEPDC5	70
O75143	ATG13	22
O75144	ICOSLG	11
O75145	PPFIA3	62
O75146	HIP1R	63
O75147	OBSL1	86
O75150	RNF40	49
O75151	PHF2	50
O75152	ZC3H11A	41
O75154	RAB11FIP3	27
O75155	CAND2	55
O75159	SOCS5	22
O75161	NPHP4	66
O75164	KDM4A	43
O75165	DNAJC13	110
O75167	PHACTR2	25
O75170	PPP6R2	49
O75173	ADAMTS4	36
O75175	CNOT3	19
O75177	SS18L1	5
O75179	ANKRD17	78
O75182	SIN3B	57
O75185	ATP2C2	46
O75190	DNAJB6	13
O75191	XYLB	25
O75192	PEX11A	13
O75197	LRP5	73
O75204	TMEM127	5
O75208	COQ9	12
O75223	GGCT	13
O75251	NDUFS7	11
O75293	GADD45B	7
O75298	RTN2	27
O75306	NDUFS2	25
O75309	CDH16	28
O75310	UGT2B11	22
O75311	GLRA3	16
O75312	ZPR1	24
O75317	USP12	17
O75319	DUSP11	21
O75323	NIPSNAP2	15
O75324	SNN	3
O75326	SEMA7A	34
O75330	HMMR	45
O75334	PPFIA2	65
O75339	CILP	57
O75340	PDCD6	9
O75342	ALOX12B	36
O75344	FKBP6	13
O75347	TBCA	6
O75348	ATP6V1G1	6
O75351	VPS4B	25
O75352	MPDU1	4
O75354	ENTPD6	22
O75355	ENTPD3	23
O75356	ENTPD5	20
O75360	PROP1	8
O75362	ZNF217	57
O75364	PITX3	12
O75365	PTP4A3	10
O75366	AVIL	41
O75367	MACROH2A1	16
O75368	SH3BGRL	7
O75369	FLNB	134
O75376	NCOR1	109
O75379	VAMP4	6
O75380	NDUFS6	8
O75381	PEX14	15
O75382	TRIM3	34
O75385	ULK1	44
O75386	TULP3	17
O75387	SLC43A1	17
O75390	CS	19
O75396	SEC22B	12
O75398	DEAF1	19
O75400	PRPF40A	34
O75409	H2AP	6
O75410	TACC1	42
O75414	NME6	10
O75417	POLQ	129
O75419	CDC45	24
O75420	GIGYF1	46
O75425	MOSPD3	11
O75426	FBXO24	33
O75427	LRCH4	31
O75431	MTX2	11
O75436	VPS26A	18
O75438	NDUFB1	3
O75439	PMPCB	26
O75443	TECTA	90
O75444	MAF	9
O75445	USH2A	194
O75446	SAP30	9
O75448	MED24	51
O75449	KATNA1	31
O75452	RDH16	18
O75460	ERN1	40
O75461	E2F6	14
O75462	CRLF1	23
O75469	NR1I2	21
O75473	LGR5	36
O75475	PSIP1	29
O75477	ERLIN1	20
O75478	TADA2A	21
O75486	SUPT3H	9
O75487	GPC4	24
O75489	NDUFS3	17
O75494	SRSF10	10
O75496	GMNN	7
O75503	CLN5	20
O75506	HSBP1	5
O75508	CLDN11	5
O75509	TNFRSF21	36
O75521	ECI2	17
O75525	KHDRBS3	11
O75528	TADA3	20
O75529	TAF5L	22
O75530	EED	24
O75531	BANF1	5
O75533	SF3B1	59
O75534	CSDE1	48
O75553	DAB1	19
O75554	WBP4	12
O75556	SCGB2A1	6
O75558	STX11	16
O75563	SKAP2	18
O75564	JRK	28
O75569	PRKRA	15
O75570	MTRF1	25
O75575	CRCP	7
O75578	ITGA10	41
O75581	LRP6	74
O75582	RPS6KA5	42
O75586	MED6	13
O75592	MYCBP2	217
O75593	FOXH1	16
O75594	PGLYRP1	10
O75600	GCAT	17
O75602	SPAG6	27
O75603	GCM2	24
O75604	USP2	27
O75607	NPM3	8
O75608	LYPLA1	11
O75610	LEFTY1	19
O75616	ERAL1	22
O75618	DEDD	22
O75626	PRDM1	42
O75628	REM1	15
O75629	CREG1	9
O75631	UPK3A	10
O75636	FCN3	15
O75638	CTAG2	7
O75643	SNRNP200	113
O75648	TRMU	28
O75663	TIPRL	16
O75665	OFD1	58
O75674	TOM1L1	13
O75676	RPS6KA4	39
O75677	RFPL1	15
O75679	RFPL3	11
O75688	PPM1B	22
O75689	ADAP1	20
O75691	UTP20	138
O75694	NUP155	55
O75695	RP2	16
O75712	GJB3	17
O75716	STK16	14
O75717	WDHD1	55
O75718	CRTAP	24
O75746	SLC25A12	35
O75747	PIK3C2G	70
O75751	SLC22A3	16
O75752	B3GALNT1	20
O75762	TRPA1	53
O75771	RAD51D	16
O75781	PALM	23
O75783	RHBDL1	13
O75787	ATP6AP2	15
O75791	GRAP2	15
O75792	RNASEH2A	15
O75794	CDC123	16
O75795	UGT2B17	23
O75800	ZMYND10	20
O75807	PPP1R15A	33
O75808	CAPN15	52
O75815	BCAR3	48
O75817	POP7	5
O75818	RPP40	19
O75821	EIF3G	17
O75822	EIF3J	15
O75828	CBR3	16
O75829	CNMD	16
O75832	PSMD10	12
O75838	CIB2	9
O75840	KLF7	13
O75841	UPK1B	7
O75843	AP1G2	36
O75844	ZMPSTE24	19
O75845	SC5D	8
O75864	PPP1R37	28
O75865	TRAPPC6A	7
O75871	CEACAM4	7
O75874	IDH1	25
O75879	GATB	29
O75880	SCO1	14
O75881	CYP7B1	25
O75882	ATRN	61
O75884	RBBP9	10
O75886	STAM2	22
O75888	TNFSF13	9
O75891	ALDH1L1	52
O75896	TUSC2	6
O75897	SULT1C4	18
O75899	GABBR2	43
O75900	MMP23B	16
O75907	DGAT1	15
O75908	SOAT2	17
O75909	CCNK	18
O75911	DHRS3	13
O75912	DGKI	44
O75914	PAK3	25
O75915	ARL6IP5	6
O75916	RGS9	41
O75920	SERF1A	4
O75923	DYSF	99
O75925	PIAS1	27
O75928	PIAS2	27
O75934	BCAS2	13
O75935	DCTN3	11
O75936	BBOX1	20
O75937	DNAJC8	14
O75940	SMNDC1	9
O75943	RAD17	30
O75947	ATP5PD	10
O75951	LYZL6	5
O75952	CABYR	18
O75955	FLOT1	28
O75956	CDK2AP2	2
O75962	TRIO	144
O75964	ATP5MG	6
O75969	AKAP3	45
O75970	MPDZ	92
O75971	SNAPC5	4
O75976	CPD	71
O76003	GLRX3	18
O76011	KRT34	23
O76013	KRT36	28
O76014	KRT37	21
O76015	KRT38	21
O76021	RSL1D1	22
O76024	WFS1	37
O76027	ANXA9	23
O76031	CLPX	40
O76036	NCR1	10
O76039	CDKL5	55
O76041	NEBL	64
O76050	NEURL1	21
O76054	SEC14L2	18
O76061	STC2	10
O76062	TM7SF2	11
O76064	RNF8	24
O76070	SNCG	8
O76071	CIAO1	17
O76074	PDE5A	49
O76075	DFFB	15
O76076	CCN5	10
O76081	RGS20	21
O76082	SLC22A5	18
O76083	PDE9A	30
O76090	BEST1	26
O76093	FGF18	12
O76094	SRP72	32
O76095	JTB	8
O76096	CST7	7
O77932	DXO	17
O94759	TRPM2	74
O94760	DDAH1	17
O94761	RECQL4	47
O94762	RECQL5	56
O94763	URI1	21
O94766	B3GAT3	14
O94768	STK17B	9
O94769	ECM2	32
O94776	MTA2	40
O94777	DPM2	1
O94778	AQP8	4
O94779	CNTN5	55
O94782	USP1	37
O94788	ALDH1A2	21
O94804	STK10	45
O94805	ACTL6B	18
O94806	PRKD3	31
O94808	GFPT2	41
O94810	RGS11	20
O94811	TPPP	11
O94812	BAIAP3	41
O94813	SLIT2	69
O94817	ATG12	3
O94818	NOL4	32
O94822	LTN1	90
O94823	ATP10B	56
O94826	TOMM70	32
O94827	PLEKHG5	44
O94829	IPO13	39
O94830	DDHD2	29
O94832	MYO1D	62
O94842	TOX4	15
O94844	RHOBTB1	38
O94850	DDN	39
O94851	MICAL2	97
O94855	SEC24D	36
O94856	NFASC	57
O94864	SUPT7L	12
O94868	FCHSD2	38
O94874	UFL1	46
O94875	SORBS2	52
O94876	TMCC1	32
O94880	PHF14	38
O94885	SASH1	58
O94886	TMEM63A	30
O94887	FARP2	55
O94888	UBXN7	21
O94889	KLHL18	20
O94892	ZNF432	37
O94898	LRIG2	48
O94900	TOX	11
O94901	SUN1	39
O94905	ERLIN2	21
O94906	PRPF6	56
O94907	DKK1	14
O94910	ADGRL1	63
O94911	ABCA8	63
O94913	PCF11	81
O94915	FRYL	134
O94916	NFAT5	31
O94919	ENDOD1	24
O94921	CDK14	24
O94923	GLCE	30
O94925	GLS	34
O94927	HAUS5	32
O94929	ABLIM3	42
O94933	SLITRK3	38
O94941	UBOX5	24
O94953	KDM4B	44
O94955	RHOBTB3	26
O94956	SLCO2B1	20
O94964	MTCL2	94
O94966	USP19	56
O94972	TRIM37	39
O94973	AP2A2	47
O94979	SEC31A	45
O94983	CAMTA2	43
O94985	CLSTN1	36
O94986	CEP152	95
O94989	ARHGEF15	39
O94991	SLITRK5	40
O94992	HEXIM1	11
O94993	SOX30	26
O95045	UPP2	17
O95047	OR2A4	8
O95049	TJP3	43
O95050	INMT	8
O95057	DIRAS1	12
O95059	RPP14	9
O95067	CCNB2	23
O95069	KCNK2	18
O95070	YIF1A	8
O95071	UBR5	125
O95072	REC8	31
O95073	FSBP	19
O95104	SCAF4	24
O95125	ZNF202	25
O95136	S1PR2	13
O95139	NDUFB6	8
O95140	MFN2	39
O95147	DUSP14	12
O95149	SNUPN	16
O95150	TNFSF15	15
O95153	TSPOAP1	74
O95154	AKR7A3	15
O95155	UBE4B	64
O95159	ZFPL1	11
O95163	ELP1	59
O95166	GABARAP	3
O95167	NDUFA3	4
O95169	NDUFB8	8
O95171	SCEL	46
O95180	CACNA1H	80
O95182	NDUFA7	7
O95183	VAMP5	6
O95185	UNC5C	37
O95196	CSPG5	14
O95197	RTN3	41
O95198	KLHL2	28
O95201	ZNF205	30
O95202	LETM1	38
O95206	PCDH8	49
O95208	EPN2	18
O95210	STBD1	25
O95214	LEPROTL1	4
O95218	ZRANB2	18
O95219	SNX4	26
O95222	OR6A2	8
O95229	ZWINT	13
O95231	VENTX	8
O95232	LUC7L3	19
O95235	KIF20A	46
O95236	APOL3	20
O95237	LRAT	11
O95238	SPDEF	14
O95239	KIF4A	61
O95243	MBD4	37
O95248	SBF1	89
O95249	GOSR1	16
O95251	KAT7	28
O95255	ABCC6	54
O95256	IL18RAP	25
O95257	GADD45G	6
O95258	SLC25A14	15
O95259	KCNH1	41
O95260	ATE1	23
O95263	PDE8B	39
O95264	HTR3B	14
O95267	RASGRP1	41
O95271	TNKS	59
O95273	CCNDBP1	12
O95274	LYPD3	16
O95278	EPM2A	15
O95279	KCNK5	13
O95292	VAPB	13
O95294	RASAL1	45
O95295	SNAPIN	8
O95297	MPZL1	10
O95298	NDUFC2	8
O95299	NDUFA10	18
O95302	FKBP9	24
O95319	CELF2	17
O95340	PAPSS2	32
O95342	ABCB11	64
O95343	SIX3	11
O95347	SMC2	63
O95352	ATG7	37
O95359	TACC2	128
O95361	TRIM16	26
O95363	FARS2	21
O95365	ZBTB7A	17
O95372	LYPLA2	12
O95373	IPO7	40
O95376	ARIH2	25
O95377	GJB5	18
O95379	TNFAIP8	10
O95382	MAP3K6	46
O95388	CCN4	18
O95389	CCN6	20
O95390	GDF11	16
O95391	SLU7	34
O95393	BMP10	22
O95394	PGM3	29
O95395	GCNT3	29
O95396	MOCS3	25
O95398	RAPGEF3	45
O95399	UTS2	7
O95400	CD2BP2	14
O95402	MED26	27
O95405	ZFYVE9	53
O95406	CNIH1	2
O95407	TNFRSF6B	12
O95409	ZIC2	10
O95415	BRI3	3
O95416	SOX14	10
O95425	SVIL	114
O95427	PIGN	29
O95428	PAPLN	60
O95429	BAG4	12
O95433	AHSA1	22
O95436	SLC34A2	25
O95445	APOM	10
O95447	LCA5L	35
O95450	ADAMTS2	57
O95452	GJB6	12
O95453	PARN	29
O95455	TGDS	22
O95456	PSMG1	15
O95460	MATN4	35
O95461	LARGE1	40
O95466	FMNL1	58
O95467	GNAS	9
O95470	SGPL1	25
O95471	CLDN7	3
O95475	SIX6	12
O95476	CTDNEP1	9
O95477	ABCA1	104
O95479	H6PD	40
O95484	CLDN9	3
O95486	SEC24A	33
O95487	SEC24B	33
O95490	ADGRL2	60
O95497	VNN1	21
O95498	VNN2	17
O95500	CLDN14	6
O95503	CBX6	17
O95528	SLC2A10	13
O95544	NADK	15
O95551	TDP2	16
O95562	SFT2D2	7
O95563	MPC2	8
O95568	METTL18	17
O95571	ETHE1	14
O95573	ACSL3	31
O95600	KLF8	10
O95602	POLR1A	93
O95613	PCNT	188
O95619	YEATS4	14
O95622	ADCY5	47
O95628	CNOT4	24
O95630	STAMBP	21
O95631	NTN1	29
O95633	FSTL3	11
O95639	CPSF4	16
O95644	NFATC1	36
O95670	ATP6V1G2	6
O95671	ASMTL	29
O95672	ECEL1	39
O95674	CDS2	16
O95677	EYA4	17
O95678	KRT75	29
O95684	CEP43	16
O95696	BRD1	56
O95704	APBB3	22
O95707	POP4	9
O95711	LY86	3
O95714	HERC2	222
O95715	CXCL14	6
O95716	RAB3D	14
O95718	ESRRB	20
O95721	SNAP29	13
O95727	CRTAM	18
O95741	CPNE6	31
O95747	OXSR1	25
O95749	GGPS1	17
O95750	FGF19	8
O95751	LDOC1	7
O95754	SEMA4F	29
O95758	PTBP3	17
O95760	IL33	10
O95772	STARD3NL	11
O95777	LSM8	7
O95782	AP2A1	53
O95785	WIZ	76
O95786	RIGI	53
O95789	ZMYM6	68
O95793	STAU1	30
O95801	TTC4	22
O95803	NDST3	49
O95807	TMEM50A	7
O95810	CAVIN2	18
O95813	CER1	12
O95816	BAG2	14
O95817	BAG3	28
O95819	MAP4K4	53
O95822	MLYCD	29
O95825	CRYZL1	19
O95831	AIFM1	30
O95832	CLDN1	7
O95833	CLIC3	13
O95834	EML2	29
O95835	LATS1	49
O95837	GNA14	20
O95843	GUCA1C	11
O95847	SLC25A27	20
O95848	NUDT14	9
O95858	TSPAN15	10
O95859	TSPAN12	11
O95861	BPNT1	20
O95863	SNAI1	10
O95864	FADS2	18
O95865	DDAH2	15
O95866	MPIG6B	12
O95867	LY6G6C	6
O95868	LY6G6D	3
O95870	ABHD16A	29
O95872	GPANK1	21
O95876	WDPCP	36
O95881	TXNDC12	10
O95886	DLGAP3	42
O95897	OLFM2	18
O95900	TRUB2	21
O95905	ECD	27
O95907	SLC16A8	13
O95922	TTLL1	24
O95925	EPPIN	6
O95926	SYF2	9
O95931	CBX7	9
O95932	TGM6	41
O95935	TBX18	28
O95936	EOMES	27
O95944	NCR2	15
O95947	TBX6	15
O95948	ONECUT2	17
O95954	FTCD	27
O95965	ITGBL1	23
O95967	EFEMP2	21
O95968	SCGB1D1	4
O95970	LGI1	27
O95971	CD160	7
O95972	BMP15	21
O95977	S1PR4	17
O95980	RECK	43
O95983	MBD3	16
O95985	TOP3B	46
O95988	TCL1B	7
O95989	NUDT3	9
O95990	FAM107A	10
O95992	CH25H	2
O95994	AGR2	9
O95995	DRC4	27
O95996	APC2	120
O95997	PTTG1	9
O95998	IL18BP	10
O95999	BCL10	9
O96000	NDUFB10	11
O96004	HAND1	7
O96005	CLPTM1	25
O96006	ZBED1	30
O96007	MOCS2	11
O96008	TOMM40	10
O96009	NAPSA	13
O96011	PEX11B	14
O96013	PAK4	23
O96014	WNT11	20
O96015	DNAL4	7
O96017	CHEK2	25
O96018	APBA3	17
O96019	ACTL6A	18
O96020	CCNE2	18
O96024	B3GALT4	11
O96028	NSD2	69
O96033	MOCS2	6
O97980	HMHB1	4
P00156	MT-CYB	4
P00167	CYB5A	6
P00325	ADH1B	18
P00326	ADH1C	19
P00338	LDHA	18
P00352	ALDH1A1	22
P00367	GLUD1	31
P00374	DHFR	13
P00387	CYB5R3	14
P00390	GSR	22
P00395	MT-CO1	5
P00403	MT-CO2	6
P00414	MT-CO3	2
P00439	PAH	29
P00441	SOD1	8
P00450	CP	46
P00451	F8	119
P00480	OTC	18
P00488	F13A1	34
P00491	PNP	18
P00492	HPRT1	13
P00505	GOT2	26
P00519	ABL1	55
P00533	EGFR	59
P00540	MOS	18
P00558	PGK1	25
P00568	AK1	11
P00709	LALBA	7
P00734	F2	31
P00736	C1R	33
P00738	HP	20
P00739	HPR	20
P00740	F9	19
P00742	F10	24
P00746	CFD	11
P00747	PLG	43
P00748	F12	28
P00749	PLAU	25
P00750	PLAT	31
P00751	CFB	36
P00797	REN	16
P00813	ADA	20
P00846	MT-ATP6	2
P00915	CA1	14
P00918	CA2	14
P00966	ASS1	21
P00973	OAS1	16
P00995	SPINK1	4
P01008	SERPINC1	27
P01009	SERPINA1	23
P01011	SERPINA3	20
P01019	AGT	18
P01023	A2M	69
P01024	C3	95
P01031	C5	82
P01033	TIMP1	11
P01034	CST3	7
P01036	CST4	9
P01037	CST1	6
P01040	CSTA	7
P01042	KNG1	35
P01100	FOS	9
P01106	MYC	13
P01111	NRAS	10
P01112	HRAS	10
P01116	KRAS	9
P01127	PDGFB	13
P01130	LDLR	45
P01133	EGF	54
P01135	TGFA	5
P01137	TGFB1	20
P01138	NGF	14
P01148	GNRH1	5
P01160	NPPA	8
P01178	OXT	7
P01185	AVP	9
P01189	POMC	13
P01210	PENK	13
P01213	PDYN	12
P01215	CGA	4
P01222	TSHB	6
P01225	FSHB	7
P01229	LHB	7
P01236	PRL	12
P01241	GH1	12
P01242	GH2	13
P01258	CALCA	9
P01266	TG	111
P01270	PTH	8
P01275	GCG	10
P01282	VIP	10
P01286	GHRH	7
P01298	PPY	3
P01303	NPY	4
P01308	INS	2
P01344	IGF2	8
P01350	GAST	5
P01374	LTA	3
P01375	TNF	12
P01563	IFNA2	11
P01568	IFNA21	9
P01570	IFNA14	10
P01574	IFNB1	10
P01579	IFNG	6
P01583	IL1A	14
P01584	IL1B	12
P01588	EPO	9
P01589	IL2RA	7
P01591	JCHAIN	8
P01593	IGKV1D-33	4
P01594	IGKV1-33	4
P01597	IGKV1-39	4
P01602	IGKV1-5	4
P01615	IGKV2D-28	3
P01619	IGKV3-20	5
P01699	IGLV1-44	2
P01700	IGLV1-47	4
P01701	IGLV1-51	3
P01704	IGLV2-14	1
P01705	IGLV2-23	3
P01706	IGLV2-11	3
P01709	IGLV2-8	2
P01721	IGLV6-57	2
P01730	CD4	17
P01732	CD8A	8
P01742	IGHV1-69	7
P01764	IGHV3-23	6
P01768	IGHV3-30	7
P01772	IGHV3-33	7
P01814	IGHV2-70	4
P01833	PIGR	40
P01834	IGKC	5
P01848	TRAC	7
P01850	TRBC1	9
P01854	IGHE	23
P01857	IGHG1	17
P01859	IGHG2	14
P01860	IGHG3	19
P01861	IGHG4	15
P01871	IGHM	24
P01876	IGHA1	14
P01877	IGHA2	14
P01880	IGHD	18
P01889	HLA-B	18
P01893	HLA-H	17
P01903	HLA-DRA	9
P01906	HLA-DQA2	7
P01909	HLA-DQA1	7
P01911	HLA-DRB1	16
P01920	HLA-DQB1	12
P02008	HBZ	11
P02042	HBD	11
P02100	HBE1	12
P02144	MB	8
P02452	COL1A1	70
P02458	COL2A1	73
P02461	COL3A1	65
P02462	COL4A1	75
P02489	CRYAA	11
P02511	CRYAB	10
P02533	KRT14	30
P02538	KRT6A	30
P02545	LMNA	41
P02549	SPTA1	131
P02585	TNNC2	10
P02647	APOA1	18
P02649	APOE	22
P02652	APOA2	5
P02654	APOC1	3
P02655	APOC2	4
P02656	APOC3	6
P02671	FGA	35
P02675	FGB	29
P02679	FGG	27
P02686	MBP	14
P02689	PMP2	8
P02708	CHRNA1	19
P02724	GYPA	5
P02730	SLC4A1	32
P02741	CRP	7
P02743	APCS	10
P02745	C1QA	13
P02746	C1QB	12
P02747	C1QC	13
P02748	C9	26
P02749	APOH	17
P02750	LRG1	17
P02751	FN1	96
P02753	RBP4	10
P02760	AMBP	16
P02763	ORM1	10
P02765	AHSG	13
P02766	TTR	6
P02768	ALB	37
P02771	AFP	33
P02774	GC	28
P02775	PPBP	6
P02776	PF4	4
P02778	CXCL10	5
P02786	TFRC	40
P02787	TF	40
P02788	LTF	46
P02790	HPX	22
P02792	FTL	8
P02794	FTH1	11
P02795	MT2A	3
P02808	STATH	2
P02810	PRH1	0
P02812	PRB2	0
P02814	SMR3B	2
P02818	BGLAP	5
P03372	ESR1	24
P03886	MT-ND1	6
P03891	MT-ND2	6
P03897	MT-ND3	1
P03901	MT-ND4L	1
P03905	MT-ND4	9
P03915	MT-ND5	12
P03923	MT-ND6	3
P03928	MT-ATP8	4
P03950	ANG	8
P03951	F11	41
P03952	KLKB1	37
P03956	MMP1	21
P03971	AMH	22
P03973	SLPI	8
P03999	OPN1SW	14
P04000	OPN1LW	12
P04001	OPN1MW	12
P04003	C4BPA	30
P04004	VTN	19
P04035	HMGCR	40
P04040	CAT	29
P04049	RAF1	37
P04053	DNTT	29
P04054	PLA2G1B	5
P04062	GBA1	27
P04066	FUCA1	20
P04070	PROC	17
P04075	ALDOA	22
P04080	CSTB	5
P04083	ANXA1	19
P04085	PDGFA	10
P04090	RLN2	11
P04114	APOB	250
P04118	CLPS	7
P04141	CSF2	6
P04150	NR3C1	37
P04155	TFF1	5
P04156	PRNP	9
P04179	SOD2	12
P04180	LCAT	15
P04181	OAT	16
P04183	TK1	12
P04196	HRG	22
P04198	MYCN	16
P04201	MAS1	10
P04216	THY1	6
P04217	A1BG	15
P04233	CD74	14
P04234	CD3D	8
P04259	KRT6B	30
P04264	KRT1	31
P04271	S100B	3
P04275	VWF	132
P04278	SHBG	21
P04279	SEMG1	29
P04280	PRB1	0
P04350	TUBB4A	19
P04406	GAPDH	17
P04424	ASL	24
P04439	HLA-A	20
P04440	HLA-DPB1	12
P04553	PRM1	0
P04554	PRM2	2
P04626	ERBB2	46
P04628	WNT1	17
P04629	NTRK1	26
P04632	CAPNS1	11
P04637	TP53	18
P04731	MT1A	3
P04732	MT1E	3
P04733	MT1F	3
P04746	AMY2A	24
P04792	HSPB1	12
P04798	CYP1A1	27
P04818	TYMS	15
P04839	CYBB	27
P04843	RPN1	36
P04844	RPN2	22
P04899	GNAI2	17
P04908	H2AC4	5
P04920	SLC4A2	47
P04921	GYPC	2
P05000	IFNW1	6
P05014	IFNA4	8
P05019	IGF1	8
P05023	ATP1A1	45
P05026	ATP1B1	15
P05060	CHGB	38
P05062	ALDOB	18
P05067	APP	35
P05089	ARG1	16
P05090	APOD	9
P05091	ALDH2	22
P05093	CYP17A1	25
P05106	ITGB3	35
P05107	ITGB2	44
P05108	CYP11A1	28
P05109	S100A8	8
P05111	INHA	15
P05112	IL4	8
P05113	IL5	6
P05114	HMGN1	5
P05120	SERPINB2	17
P05121	SERPINE1	19
P05129	PRKCG	36
P05141	SLC25A5	19
P05154	SERPINA5	20
P05155	SERPING1	23
P05156	CFI	27
P05160	F13B	32
P05161	ISG15	9
P05162	LGALS2	10
P05164	MPO	44
P05165	PCCA	44
P05166	PCCB	30
P05177	CYP1A2	24
P05181	CYP2E1	25
P05186	ALPL	27
P05187	ALPP	28
P05198	EIF2S1	22
P05204	HMGN2	3
P05230	FGF1	8
P05231	IL6	13
P05305	EDN1	9
P05362	ICAM1	22
P05386	RPLP1	3
P05387	RPLP2	5
P05388	RPLP0	13
P05408	SCG5	9
P05412	JUN	10
P05413	FABP3	10
P05423	POLR3D	20
P05451	REG1A	6
P05452	CLEC3B	10
P05455	SSB	22
P05496	ATP5MC1	5
P05538	HLA-DQB2	15
P05543	SERPINA7	22
P05546	SERPIND1	26
P05549	TFAP2A	18
P05556	ITGB1	33
P05771	PRKCB	34
P05783	KRT18	24
P05787	KRT8	29
P05813	CRYBA1	11
P05814	CSN2	5
P05937	CALB1	14
P05976	MYL1	12
P05981	HPN	16
P05997	COL5A2	64
P06028	GYPB	1
P06126	CD1A	10
P06127	CD5	24
P06132	UROD	16
P06133	UGT2B4	23
P06213	INSR	70
P06239	LCK	23
P06241	FYN	28
P06276	BCHE	28
P06280	GLA	25
P06307	CCK	4
P06312	IGKV4-1	4
P06340	HLA-DOA	8
P06396	GSN	32
P06400	RB1	49
P06401	PGR	31
P06454	PTMA	3
P06493	CDK1	19
P06576	ATP5F1B	29
P06681	C2	39
P06702	S100A9	7
P06703	S100A6	5
P06727	APOA4	25
P06729	CD2	14
P06730	EIF4E	11
P06731	CEACAM5	25
P06732	CKM	20
P06733	ENO1	22
P06734	FCER2	16
P06737	PYGL	51
P06744	GPI	24
P06746	POLB	18
P06748	NPM1	12
P06753	TPM3	16
P06756	ITGAV	58
P06850	CRH	10
P06858	LPL	19
P06865	HEXA	25
P06870	KLK1	7
P06881	CALCA	7
P06899	H2BC11	7
P07093	SERPINE2	21
P07098	LIPF	13
P07099	EPHX1	22
P07101	TH	31
P07108	DBI	4
P07148	FABP1	7
P07195	LDHB	17
P07196	NEFL	35
P07197	NEFM	45
P07199	CENPB	20
P07202	TPO	50
P07203	GPX1	11
P07204	THBD	10
P07205	PGK2	26
P07225	PROS1	30
P07237	P4HB	35
P07288	KLK3	11
P07305	H1-0	6
P07306	ASGR1	18
P07307	ASGR2	15
P07315	CRYGC	10
P07320	CRYGD	9
P07327	ADH1A	17
P07332	FES	40
P07333	CSF1R	31
P07339	CTSD	19
P07355	ANXA2	22
P07357	C8A	26
P07358	C8B	28
P07359	GP1BA	23
P07360	C8G	12
P07384	CAPN1	36
P07437	TUBB	19
P07438	MT1B	3
P07451	CA3	14
P07476	IVL	33
P07477	PRSS1	9
P07478	PRSS2	9
P07492	GRP	9
P07498	CSN3	7
P07510	CHRNG	23
P07550	ADRB2	10
P07585	DCN	19
P07602	PSAP	29
P07686	HEXB	27
P07711	CTSL	11
P07737	PFN1	9
P07738	BPGM	14
P07741	APRT	12
P07766	CD3E	10
P07814	EPRS1	75
P07858	CTSB	16
P07864	LDHC	19
P07900	HSP90AA1	34
P07902	GALT	16
P07910	HNRNPC	17
P07911	UMOD	28
P07919	UQCRH	6
P07942	LAMB1	69
P07947	YES1	23
P07948	LYN	28
P07949	RET	59
P07951	TPM2	16
P07954	FH	25
P07988	SFTPB	13
P07992	ERCC1	14
P07996	THBS1	61
P07998	RNASE1	7
P08034	GJB1	14
P08047	SP1	10
P08069	IGF1R	64
P08100	RHO	8
P08118	MSMB	1
P08123	COL1A2	68
P08133	ANXA6	43
P08134	RHOC	8
P08138	NGFR	14
P08151	GLI1	40
P08172	CHRM2	10
P08173	CHRM4	12
P08174	CD55	22
P08183	ABCB1	64
P08185	SERPINA6	17
P08195	SLC3A2	28
P08217	CELA2A	13
P08218	CELA2B	10
P08235	NR3C2	43
P08236	GUSB	23
P08237	PFKM	34
P08238	HSP90AB1	35
P08240	SRPRA	33
P08243	ASNS	31
P08246	ELANE	12
P08247	SYP	11
P08253	MMP2	33
P08254	MMP3	23
P08263	GSTA1	12
P08294	SOD3	8
P08311	CTSG	15
P08319	ADH4	19
P08397	HMBS	17
P08473	MME	39
P08476	INHBA	26
P08493	MGP	4
P08514	ITGA2B	37
P08519	LPA	84
P08559	PDHA1	22
P08567	PLEK	11
P08571	CD14	16
P08572	COL4A2	79
P08574	CYC1	16
P08575	PTPRC	59
P08579	SNRPB2	10
P08581	MET	62
P08582	MELTF	40
P08588	ADRB1	10
P08590	MYL3	13
P08603	CFH	61
P08620	FGF4	14
P08621	SNRNP70	17
P08631	HCK	26
P08637	FCGR3A	7
P08648	ITGA5	35
P08651	NFIC	22
P08670	VIM	32
P08684	CYP3A4	23
P08686	CYP21A2	25
P08697	SERPINF2	18
P08700	IL3	8
P08708	RPS17	5
P08709	F7	23
P08727	KRT19	31
P08729	KRT7	29
P08754	GNAI3	15
P08758	ANXA5	22
P08779	KRT16	31
P08833	IGFBP1	13
P08842	STS	24
P08861	CELA3B	12
P08865	RPSA	13
P08887	IL6R	17
P08908	HTR1A	10
P08910	ABHD2	23
P08912	CHRM5	16
P08913	ADRA2A	13
P08922	ROS1	91
P08949	NMB	6
P08962	CD63	7
P08F94	PKHD1	148
P09012	SNRPA	11
P09016	HOXD4	9
P09017	HOXC4	9
P09038	FGF2	10
P09067	HOXB5	10
P09086	POU2F2	13
P09104	ENO2	20
P09110	ACAA1	18
P09132	SRP19	7
P09172	DBH	27
P09210	GSTA2	12
P09211	GSTP1	10
P09228	CST2	8
P09234	SNRPC	3
P09237	MMP7	10
P09238	MMP10	25
P09326	CD48	12
P09327	VIL1	41
P09341	CXCL1	7
P09382	LGALS1	9
P09417	QDPR	14
P09429	HMGB1	7
P09430	TNP1	0
P09455	RBP1	10
P09466	PAEP	9
P09467	FBP1	20
P09471	GNAO1	17
P09486	SPARC	13
P09488	GSTM1	16
P09493	TPM1	16
P09496	CLTA	7
P09497	CLTB	9
P09525	ANXA4	22
P09529	INHBB	16
P09543	CNP	28
P09544	WNT2	22
P09564	CD7	6
P09601	HMOX1	15
P09603	CSF1	23
P09619	PDGFRB	43
P09622	DLD	22
P09629	HOXB7	6
P09651	HNRNPA1	18
P09661	SNRPA1	10
P09668	CTSH	14
P09669	COX6C	4
P09681	GIP	9
P09683	SCT	4
P09693	CD3G	7
P09758	TACSTD2	14
P09769	FGR	25
P09848	LCT	85
P09871	C1S	24
P09874	PARP1	51
P09884	POLA1	72
P09912	IFI6	3
P09913	IFIT2	27
P09914	IFIT1	27
P09917	ALOX5	34
P09919	CSF3	4
P09923	ALPI	23
P09936	UCHL1	10
P09958	FURIN	32
P09960	LTA4H	34
P09972	ALDOC	22
P0C024	NUDT7	11
P0C0E4	RAB40AL	16
P0C0L4	C4A	80
P0C0L5	C4B	80
P0C0P6	NPS	4
P0C0S5	H2AZ1	5
P0C0S8	H2AC11	5
P0C1S8	WEE2	30
P0C1Z6	TFPT	8
P0C264	SBK3	14
P0C2W1	FBXO45	13
P0C5Y9	H2AB1	7
P0C5Z0	H2AB2	7
P0C6T2	OST4	0
P0C7P0	CISD3	8
P0C7P3	SLFN14	42
P0C7T5	ATXN1L	28
P0C7U0	ELFN1	40
P0C7W6	CCDC172	15
P0C7X2	ZNF688	12
P0C869	PLA2G4B	36
P0C870	JMJD7	17
P0CAP1	MYZAP	30
P0CAP2	POLR2M	22
P0CB47	UBTFL1	18
P0CG04	IGLC1	7
P0CG08	GPHRB	21
P0CG20	PRR35	18
P0CG30	GSTT2B	11
P0CG37	CFC1	10
P0CG47	UBB	14
P0CG48	UBC	44
P0CW18	PRSS56	25
P0DI81	TRAPPC2	6
P0DI82	TRAPPC2B	6
P0DI83	RAB34	16
P0DJD3	RBMY1A1	27
P0DJD7	PGA4	4
P0DJD8	PGA3	4
P0DJD9	PGA5	4
P0DJI8	SAA1	7
P0DJJ0	SRGAP2C	23
P0DMC3	APELA	2
P0DME0	SETSIP	9
P0DML2	CSH1	11
P0DML3	CSH2	11
P0DMM9	SULT1A3	16
P0DMN0	SULT1A4	16
P0DMS8	ADORA3	7
P0DMS9	TMIGD3	13
P0DMV8	HSPA1A	32
P0DMV9	HSPA1B	32
P0DMW2	NLRP2B	2
P0DN84	STRIT1	0
P0DN86	CGB3	10
P0DOX5		22
P0DOY3	IGLC3	7
P0DP23	CALM1	9
P0DP24	CALM2	9
P0DP25	CALM3	9
P0DP42	TMEM225B	7
P0DP57	SLURP2	2
P0DP58	LYNX1	3
P0DP91	ERCC6	37
P0DPB3	SCHIP1	27
P0DPB6	POLR1D	7
P0DPD6	ECE2	42
P0DPD7	EEF1AKMT4	14
P0DPD8	EEF1AKMT4-ECE2	45
P0DPH7	TUBA3C	21
P0DPH8	TUBA3D	21
P0DPK2	H3Y1	5
P0DPK3	NOTCH2NLB	9
P0DPK4	NOTCH2NLC	11
P0DPK5	H3Y2	6
P0DSE1	TRA	9
P0DSE2	TRB	18
P0DTE4	UGT2A1	21
P0DTE5	UGT2A2	18
P0DTE7	AMY1B	24
P0DTE8	AMY1C	24
P0DTU3	TRA	11
P0DTU4	TRB	17
P0DUB6	AMY1A	24
P0DW81	MARCHF6-DT	2
P10070	GLI2	41
P10071	GLI3	56
P10073	ZSCAN22	29
P10074	ZBTB48	33
P10082	PYY	5
P10092	CALCB	7
P10109	FDX1	13
P10114	RAP2A	12
P10124	SRGN	4
P10144	GZMB	15
P10145	CXCL8	4
P10147	CCL3	3
P10153	RNASE2	4
P10155	RO60	29
P10163	PRB4	0
P10176	COX8A	3
P10242	MYB	24
P10243	MYBL1	32
P10244	MYBL2	38
P10253	GAA	36
P10265	ERVK-10	5
P10275	AR	36
P10276	RARA	17
P10301	RRAS	15
P10321	HLA-C	16
P10323	ACR	21
P10398	ARAF	30
P10412	H1-4	10
P10415	BCL2	8
P10451	SPP1	12
P10515	DLAT	32
P10523	SAG	22
P10586	PTPRF	95
P10588	NR2F6	18
P10589	NR2F1	20
P10599	TXN	7
P10600	TGFB3	16
P10606	COX5B	8
P10619	CTSA	18
P10620	MGST1	5
P10632	CYP2C8	28
P10635	CYP2D6	23
P10636	MAPT	39
P10643	C7	43
P10644	PRKAR1A	19
P10645	CHGA	20
P10646	TFPI	12
P10696	ALPG	27
P10720	PF4V1	6
P10721	KIT	47
P10745	RBP3	46
P10746	UROS	12
P10747	CD28	10
P10767	FGF6	12
P10768	ESD	14
P10809	HSPD1	33
P10826	RARB	15
P10827	THRA	28
P10828	THRB	21
P10909	CLU	19
P10911	MCF2	42
P10912	GHR	18
P10914	IRF1	12
P10916	MYL2	10
P10966	CD8B	8
P10997	IAPP	6
P11021	HSPA5	32
P11047	LAMC1	68
P11049	CD37	13
P11055	MYH3	101
P11086	PNMT	9
P11117	ACP2	19
P11137	MAP2	93
P11142	HSPA8	33
P11150	LIPC	20
P11161	EGR2	11
P11166	SLC2A1	13
P11168	SLC2A2	12
P11169	SLC2A3	10
P11171	EPB41	43
P11172	UMPS	27
P11177	PDHB	18
P11182	DBT	25
P11215	ITGAM	56
P11216	PYGB	49
P11217	PYGM	50
P11226	MBL2	15
P11229	CHRM1	12
P11230	CHRNB1	23
P11233	RALA	10
P11234	RALB	9
P11245	NAT2	13
P11274	BCR	56
P11277	SPTB	127
P11279	LAMP1	19
P11308	ERG	23
P11309	PIM1	16
P11310	ACADM	20
P11362	FGFR1	35
P11387	TOP1	39
P11388	TOP2A	79
P11413	G6PD	34
P11441	UBL4A	9
P11464	PSG1	22
P11473	VDR	19
P11474	ESRRA	20
P11487	FGF3	12
P11488	GNAT1	16
P11498	PC	59
P11509	CYP2A6	31
P11511	CYP19A1	29
P11532	DMD	196
P11586	MTHFD1	51
P11597	CETP	23
P11678	EPX	40
P11684	SCGB1A1	5
P11686	SFTPC	8
P11712	CYP2C9	24
P11717	IGF2R	120
P11766	ADH5	16
P11801	PSKH1	21
P11802	CDK4	16
P11831	SRF	10
P11836	MS4A1	9
P11908	PRPS2	16
P11912	CD79A	6
P11926	ODC1	17
P11940	PABPC1	31
P12004	PCNA	16
P12018	VPREB1	5
P12034	FGF5	11
P12035	KRT3	32
P12036	NEFH	36
P12074	COX6A1	5
P12081	HARS1	28
P12104	FABP2	8
P12107	COL11A1	91
P12109	COL6A1	49
P12110	COL6A2	48
P12111	COL6A3	162
P12235	SLC25A4	20
P12236	SLC25A6	20
P12259	F5	87
P12268	IMPDH2	21
P12270	TPR	107
P12271	RLBP1	15
P12272	PTHLH	7
P12273	PIP	9
P12277	CKB	16
P12314	FCGR1A	17
P12318	FCGR2A	10
P12319	FCER1A	7
P12429	ANXA3	22
P12524	MYCL	16
P12532	CKMT1A	19
P12544	GZMA	16
P12643	BMP2	16
P12644	BMP4	17
P12645	BMP3	24
P12694	BCKDHA	24
P12724	RNASE3	8
P12755	SKI	41
P12757	SKIL	36
P12814	ACTN1	53
P12821	ACE	54
P12829	MYL4	13
P12830	CDH1	25
P12838	DEFA4	7
P12882	MYH1	101
P12883	MYH7	100
P12931	SRC	24
P12955	PEPD	22
P12956	XRCC6	33
P12980	LYL1	10
P13010	XRCC5	38
P13051	UNG	12
P13056	NR2C1	29
P13073	COX4I1	11
P13164	IFITM1	2
P13196	ALAS1	35
P13224	GP1BB	5
P13232	IL7	10
P13236	CCL4	2
P13284	IFI30	7
P13349	MYF5	8
P13378	HOXD8	8
P13385	CRIPTO	11
P13473	LAMP2	18
P13489	RNH1	26
P13497	BMP1	51
P13498	CYBA	7
P13500	CCL2	2
P13501	CCL5	4
P13521	SCG2	38
P13533	MYH6	101
P13535	MYH8	99
P13569	CFTR	69
P13584	CYP4B1	27
P13591	NCAM1	37
P13598	ICAM2	16
P13611	VCAN	118
P13612	ITGA4	45
P13631	RARG	20
P13637	ATP1A3	44
P13639	EEF2	45
P13640	MT1G	3
P13645	KRT10	26
P13646	KRT13	28
P13647	KRT5	31
P13667	PDIA4	38
P13671	C6	46
P13674	P4HA1	27
P13682	ZNF35	32
P13686	ACP5	11
P13688	CEACAM1	15
P13693	TPT1	8
P13716	ALAD	15
P13725	OSM	17
P13726	F3	14
P13727	PRG2	14
P13747	HLA-E	17
P13762	HLA-DRB4	13
P13765	HLA-DOB	16
P13796	LCP1	38
P13797	PLS3	38
P13798	APEH	30
P13804	ETFA	20
P13805	TNNT1	8
P13807	GYS1	32
P13861	PRKAR2A	24
P13866	SLC5A1	20
P13928	ANXA8	19
P13929	ENO3	19
P13942	COL11A2	85
P13945	ADRB3	11
P13984	GTF2F2	17
P13987	CD59	6
P13994	YJU2B	22
P13995	MTHFD2	21
P14060	HSD3B1	14
P14061	HSD17B1	14
P14091	CTSE	5
P14136	GFAP	30
P14138	EDN3	9
P14151	SELL	10
P14174	MIF	4
P14207	FOLR2	13
P14209	CD99	4
P14210	HGF	41
P14222	PRF1	26
P14314	PRKCSH	17
P14316	IRF2	11
P14317	HCLS1	18
P14324	FDPS	17
P14373	TRIM27	23
P14384	CPM	22
P14406	COX7A2	4
P14410	SI	80
P14415	ATP1B2	14
P14416	DRD2	9
P14543	NID1	47
P14550	AKR1A1	20
P14555	PLA2G2A	7
P14598	NCF1	24
P14616	INSRR	60
P14618	PKM	30
P14621	ACYP2	9
P14625	HSP90B1	40
P14635	CCNB1	20
P14649	MYL6B	13
P14651	HOXB3	8
P14652	HOXB2	8
P14653	HOXB1	8
P14672	SLC2A4	9
P14678	SNRPB	14
P14679	TYR	25
P14735	IDE	46
P14770	GP9	6
P14778	IL1R1	31
P14780	MMP9	35
P14784	IL2RB	24
P14854	COX6B1	7
P14859	POU2F1	11
P14866	HNRNPL	21
P14867	GABRA1	25
P14868	DARS1	36
P14902	IDO1	22
P14920	DAO	11
P14921	ETS1	18
P14923	JUP	43
P14927	UQCRB	6
P15018	LIF	11
P15036	ETS2	12
P15056	BRAF	29
P15085	CPA1	22
P15086	CPB1	26
P15090	FABP4	7
P15104	GLUL	13
P15121	AKR1B1	17
P15144	ANPEP	45
P15151	PVR	10
P15153	RAC2	7
P15169	CPN1	18
P15170	GSPT1	24
P15172	MYOD1	14
P15173	MYOG	8
P15248	IL9	6
P15259	PGAM2	14
P15260	IFNGR1	16
P15289	ARSA	14
P15291	B4GALT1	16
P15309	ACP3	16
P15311	EZR	34
P15313	ATP6V1B1	26
P15328	FOLR1	14
P15336	ATF2	17
P15374	UCHL3	10
P15382	KCNE1	5
P15391	CD19	20
P15407	FOSL1	6
P15408	FOSL2	12
P15428	HPGD	14
P15498	VAV1	45
P15502	ELN	8
P15509	CSF2RA	19
P15514	AREG	10
P15515	HTN1	2
P15516	HTN3	2
P15529	CD46	12
P15531	NME1	10
P15538	CYP11B1	27
P15559	NQO1	13
P15586	GNS	25
P15622	ZNF250	33
P15692	VEGFA	18
P15735	PHKG2	21
P15812	CD1E	9
P15813	CD1D	10
P15814	IGLL1	11
P15822	HIVEP1	119
P15848	ARSB	25
P15863	PAX1	22
P15880	RPS2	18
P15882	CHN1	26
P15884	TCF4	24
P15907	ST6GAL1	20
P15918	RAG1	57
P15923	TCF3	18
P15924	DSP	164
P15927	RPA2	10
P15941	MUC1	12
P15954	COX7C	5
P15976	GATA1	11
P16035	TIMP2	9
P16050	ALOX15	38
P16066	NPR1	53
P16070	CD44	27
P16083	NQO2	14
P16104	H2AX	7
P16109	SELP	29
P16112	ACAN	46
P16118	PFKFB1	32
P16144	ITGB4	92
P16150	SPN	13
P16152	CBR1	17
P16157	ANK1	89
P16219	ACADS	19
P16220	CREB1	4
P16233	PNLIP	23
P16234	PDGFRA	51
P16260	SLC25A16	18
P16278	GLB1	24
P16284	PECAM1	43
P16298	PPP3CB	25
P16333	NCK1	19
P16383	GCFC2	45
P16389	KCNA2	18
P16401	H1-5	10
P16402	H1-3	12
P16403	H1-2	11
P16410	CTLA4	9
P16422	EPCAM	15
P16435	POR	37
P16442	ABO	22
P16444	DPEP1	22
P16452	EPB42	36
P16455	MGMT	9
P16471	PRLR	25
P16473	TSHR	30
P16499	PDE6A	48
P16519	PCSK2	23
P16520	GNB3	13
P16581	SELE	21
P16591	FER	42
P16615	ATP2A2	46
P16619	CCL3L1	3
P16662	UGT2B7	20
P16671	CD36	16
P16860	NPPB	8
P16870	CPE	24
P16871	IL7R	15
P16885	PLCG2	65
P16930	FAH	21
P16949	STMN1	9
P16989	YBX3	15
P17010	ZFX	26
P17014	ZNF12	40
P17020	ZNF16	33
P17021	ZNF17	41
P17023	ZNF19	29
P17024	ZNF20	32
P17027	ZNF23	35
P17028	ZNF24	21
P17030	ZNF25	25
P17036	ZNF3	29
P17040	ZSCAN20	53
P17041	ZNF32	18
P17050	NAGA	17
P17066	HSPA6	37
P17081	RHOQ	10
P17096	HMGA1	6
P17152	TMEM11	8
P17174	GOT1	22
P17181	IFNAR1	35
P17213	BPI	19
P17252	PRKCA	32
P17275	JUNB	13
P17301	ITGA2	45
P17302	GJA1	19
P17342	NPR3	28
P17405	SMPD1	21
P17480	UBTF	37
P17482	HOXB9	13
P17483	HOXB4	12
P17509	HOXB6	11
P17516	AKR1C4	18
P17535	JUND	12
P17540	CKMT2	20
P17542	TAL1	14
P17544	ATF7	17
P17568	NDUFB7	7
P17600	SYN1	28
P17612	PRKACA	18
P17643	TYRP1	20
P17655	CAPN2	33
P17658	KCNA6	18
P17661	DES	31
P17676	CEBPB	11
P17677	GAP43	12
P17693	HLA-G	19
P17706	PTPN2	26
P17707	AMD1	18
P17735	TAT	25
P17752	TPH1	25
P17787	CHRNB2	23
P17812	CTPS1	28
P17813	ENG	20
P17844	DDX5	33
P17858	PFKL	35
P17861	XBP1	12
P17900	GM2A	8
P17927	CR1	96
P17931	LGALS3	9
P17936	IGFBP3	18
P17947	SPI1	8
P17948	FLT1	72
P17980	PSMC3	26
P17987	TCP1	31
P18031	PTPN1	27
P18054	ALOX12	38
P18065	IGFBP2	15
P18074	ERCC2	39
P18075	BMP7	14
P18077	RPL35A	7
P18084	ITGB5	44
P18085	ARF4	11
P18089	ADRA2B	14
P18124	RPL7	12
P18146	EGR1	11
P18206	VCL	74
P18283	GPX2	12
P18405	SRD5A1	13
P18428	LBP	14
P18433	PTPRA	37
P18440	NAT1	15
P18505	GABRB1	18
P18507	GABRG2	20
P18509	ADCYAP1	9
P18510	IL1RN	7
P18545	PDE6G	2
P18564	ITGB6	36
P18577	RHCE	12
P18583	SON	74
P18615	NELFE	19
P18621	RPL17	9
P18627	LAG3	14
P18669	PGAM1	13
P18754	RCC1	17
P18825	ADRA2C	10
P18827	SDC1	7
P18846	ATF1	6
P18847	ATF3	6
P18848	ATF4	8
P18850	ATF6	28
P18858	LIG1	48
P18859	ATP5PF	6
P18887	XRCC1	28
P19012	KRT15	30
P19013	KRT4	28
P19021	PAM	44
P19022	CDH2	31
P19075	TSPAN8	9
P19086	GNAZ	17
P19087	GNAT2	18
P19099	CYP11B2	28
P19105	MYL12A	9
P19113	HDC	30
P19174	PLCG1	60
P19224	UGT1A6	25
P19235	EPOR	12
P19237	TNNI1	7
P19256	CD58	7
P19320	VCAM1	40
P19338	NCL	35
P19367	HK1	48
P19387	POLR2C	14
P19388	POLR2E	12
P19397	CD53	7
P19404	NDUFV2	16
P19419	ELK1	12
P19429	TNNI3	8
P19438	TNFRSF1A	19
P19440	GGT1	23
P19447	ERCC3	42
P19474	TRIM21	26
P19484	TFEB	17
P19525	EIF2AK2	21
P19526	FUT1	14
P19532	TFE3	18
P19544	WT1	14
P19622	EN2	13
P19623	SRM	15
P19634	SLC9A1	21
P19652	ORM2	10
P19784	CSNK2A2	19
P19793	RXRA	23
P19801	AOC1	34
P19823	ITIH2	47
P19827	ITIH1	33
P19835	CEL	23
P19838	NFKB1	46
P19875	CXCL2	6
P19878	NCF2	30
P19883	FST	18
P19957	PI3	6
P19971	TYMP	24
P20020	ATP2B1	50
P20023	CR2	46
P20036	HLA-DPA1	7
P20042	EIF2S2	21
P20061	TCN1	15
P20062	TCN2	20
P20073	ANXA7	19
P20132	SDS	16
P20138	CD33	15
P20142	PGC	4
P20151	KLK2	9
P20155	SPINK2	5
P20160	AZU1	11
P20226	TBP	9
P20231	TPSB2	13
P20248	CCNA2	22
P20264	POU3F3	9
P20265	POU3F2	9
P20273	CD22	29
P20290	BTF3	10
P20292	ALOX5AP	5
P20309	CHRM3	15
P20333	TNFRSF1B	11
P20336	RAB3A	13
P20337	RAB3B	13
P20338	RAB4A	14
P20339	RAB5A	11
P20340	RAB6A	13
P20366	TAC1	7
P20382	PMCH	8
P20393	NR1D1	27
P20396	TRH	10
P20472	PVALB	8
P20585	MSH3	57
P20591	MX1	33
P20592	MX2	42
P20594	NPR2	56
P20618	PSMB1	14
P20645	M6PR	15
P20648	ATP4A	47
P20671	H2AC7	5
P20674	COX5A	10
P20700	LMNB1	35
P20701	ITGAL	40
P20702	ITGAX	54
P20711	DDC	22
P20718	GZMH	12
P20719	HOXA5	11
P20742	PZP	57
P20749	BCL3	21
P20774	OGN	16
P20783	NTF3	16
P20794	MAK	37
P20800	EDN2	9
P20807	CAPN3	47
P20809	IL11	10
P20810	CAST	34
P20813	CYP2B6	24
P20815	CYP3A5	24
P20823	HNF1A	15
P20827	EFNA1	9
P20839	IMPDH1	20
P20848	SERPINA2	23
P20849	COL9A1	47
P20851	C4BPB	14
P20853	CYP2A7	29
P20908	COL5A1	85
P20916	MAG	22
P20929	NEB	563
P20930	FLG	211
P20933	AGA	16
P20936	RASA1	48
P20941	PDC	15
P20963	CD247	9
P21108	PRPS1L1	15
P21127	CDK11B	40
P21128	ENDOU	23
P21145	MAL	1
P21217	FUT3	22
P21246	PTN	8
P21266	GSTM3	17
P21281	ATP6V1B2	25
P21283	ATP6V1C1	27
P21291	CSRP1	11
P21333	FLNA	129
P21359	NF1	137
P21397	MAOA	26
P21399	ACO1	42
P21439	ABCB4	69
P21452	TACR2	8
P21453	S1PR1	16
P21462	FPR1	13
P21549	AGXT	19
P21554	CNR1	18
P21579	SYT1	20
P21580	TNFAIP3	46
P21583	KITLG	10
P21589	NT5E	27
P21673	SAT1	9
P21675	TAF1	76
P21695	GPD1	22
P21709	EPHA1	43
P21728	DRD1	14
P21730	C5AR1	11
P21731	TBXA2R	10
P21741	MDK	8
P21754	ZP3	15
P21757	MSR1	29
P21781	FGF7	9
P21796	VDAC1	17
P21802	FGFR2	34
P21810	BGN	17
P21815	IBSP	8
P21817	RYR1	242
P21854	CD72	19
P21860	ERBB3	54
P21912	SDHB	18
P21917	DRD4	9
P21918	DRD5	12
P21926	CD9	6
P21941	MATN1	27
P21953	BCKDHB	16
P21964	COMT	15
P21980	TGM2	32
P22001	KCNA3	23
P22003	BMP5	18
P22004	BMP6	19
P22033	MMUT	36
P22059	OSBP	41
P22061	PCMT1	11
P22079	LPO	39
P22083	FUT4	26
P22087	FBL	19
P22102	GART	48
P22105	TNXB	181
P22223	CDH3	29
P22234	PAICS	19
P22301	IL10	7
P22303	ACHE	26
P22304	IDS	19
P22307	SCP2	25
P22309	UGT1A1	16
P22310	UGT1A4	22
P22314	UBA1	53
P22352	GPX3	11
P22362	CCL1	5
P22392	NME2	11
P22413	ENPP1	43
P22415	USF1	9
P22455	FGFR4	34
P22459	KCNA4	23
P22460	KCNA5	21
P22466	GAL	7
P22492	H1-6	9
P22528	SPRR1B	7
P22557	ALAS2	33
P22570	FDXR	30
P22607	FGFR3	32
P22612	PRKACG	16
P22626	HNRNPA2B1	19
P22670	RFX1	27
P22674	CCNO	19
P22680	CYP7A1	28
P22681	CBL	39
P22692	IGFBP4	10
P22694	PRKACB	18
P22695	UQCRC2	19
P22732	SLC2A5	11
P22735	TGM1	44
P22736	NR4A1	22
P22748	CA4	14
P22749	GNLY	8
P22760	AADAC	21
P22792	CPN2	22
P22794	EVI2A	9
P22830	FECH	25
P22888	LHCGR	34
P22891	PROZ	19
P22894	MMP8	20
P22897	MRC1	73
P22914	CRYGS	7
P23025	XPA	9
P23083	IGHV1-2	7
P23109	AMPD1	33
P23141	CES1	30
P23142	FBLN1	31
P23193	TCEA1	17
P23219	PTGS1	27
P23229	ITGA6	59
P23246	SFPQ	27
P23258	TUBG1	21
P23276	KEL	32
P23280	CA6	10
P23284	PPIB	13
P23297	S100A1	3
P23327	HRC	29
P23352	ANOS1	33
P23368	ME2	28
P23378	GLDC	42
P23381	WARS1	24
P23396	RPS3	19
P23409	MYF6	11
P23415	GLRA1	16
P23416	GLRA2	14
P23434	GCSH	7
P23435	CBLN1	12
P23443	RPS6KB1	20
P23458	JAK1	63
P23467	PTPRB	106
P23468	PTPRD	91
P23469	PTPRE	34
P23470	PTPRG	67
P23471	PTPRZ1	78
P23490	LORICRIN	3
P23497	SP100	40
P23508	MCC	39
P23510	TNFSF4	7
P23511	NFYA	2
P23515	OMG	17
P23526	AHCY	22
P23527	H2BC17	7
P23528	CFL1	10
P23560	BDNF	16
P23582	NPPC	5
P23588	EIF4B	25
P23610	F8A1	11
P23634	ATP2B4	57
P23677	ITPKA	24
P23743	DGKA	39
P23759	PAX7	18
P23760	PAX3	17
P23763	VAMP1	4
P23769	GATA2	13
P23771	GATA3	14
P23786	CPT2	35
P23919	DTYMK	16
P23921	RRM1	43
P23942	PRPH2	13
P23945	FSHR	28
P23946	CMA1	12
P23975	SLC6A2	15
P24001	IL32	12
P24043	LAMA2	159
P24046	GABRR1	21
P24071	FCAR	11
P24158	PRTN3	7
P24278	ZBTB25	20
P24298	GPT	22
P24310	COX7A1	5
P24311	COX7B	2
P24347	MMP11	20
P24385	CCND1	19
P24386	CHM	32
P24387	CRHBP	16
P24390	KDELR1	8
P24394	IL4R	26
P24462	CYP3A7	26
P24468	NR2F2	19
P24522	GADD45A	7
P24530	EDNRB	21
P24534	EEF1B2	12
P24539	ATP5PB	16
P24557	TBXAS1	26
P24588	AKAP5	19
P24592	IGFBP6	10
P24593	IGFBP5	12
P24666	ACP1	9
P24723	PRKCH	32
P24752	ACAT1	24
P24821	TNC	100
P24844	MYL9	9
P24855	DNASE1	9
P24863	CCNC	13
P24864	CCNE1	19
P24903	CYP2F1	21
P24928	POLR2A	92
P24941	CDK2	19
P25021	HRH2	14
P25024	CXCR1	13
P25025	CXCR2	14
P25054	APC	154
P25063	CD24	1
P25067	COL8A2	22
P25089	FPR3	12
P25090	FPR2	12
P25092	GUCY2C	53
P25098	GRK2	36
P25100	ADRA1D	14
P25101	EDNRA	18
P25103	TACR1	12
P25105	PTAFR	8
P25106	ACKR3	7
P25116	F2R	13
P25189	MPZ	11
P25205	MCM3	52
P25208	NFYB	4
P25311	AZGP1	18
P25325	MPST	14
P25391	LAMA1	142
P25398	RPS12	7
P25440	BRD2	34
P25445	FAS	19
P25490	YY1	16
P25685	DNAJB1	20
P25686	DNAJB2	15
P25705	ATP5F1A	31
P25713	MT3	3
P25774	CTSS	15
P25786	PSMA1	18
P25787	PSMA2	10
P25788	PSMA3	12
P25789	PSMA4	13
P25791	LMO2	7
P25800	LMO1	10
P25815	S100P	4
P25874	UCP1	18
P25929	NPY1R	10
P25940	COL5A3	81
P25942	CD40	12
P25963	NFKBIA	9
P26006	ITGA3	36
P26010	ITGB7	37
P26012	ITGB8	41
P26022	PTX3	18
P26038	MSN	34
P26045	PTPN3	44
P26196	DDX6	25
P26232	CTNNA2	49
P26358	DNMT1	76
P26367	PAX6	13
P26368	U2AF2	15
P26371	KRTAP5-9	4
P26373	RPL13	10
P26374	CHML	33
P26378	ELAVL4	20
P26436	ACRV1	5
P26439	HSD3B2	12
P26440	IVD	22
P26441	CNTF	9
P26447	S100A4	6
P26572	MGAT1	19
P26583	HMGB2	8
P26599	PTBP1	20
P26639	TARS1	43
P26640	VARS1	55
P26641	EEF1G	25
P26651	ZFP36	9
P26678	PLN	2
P26715	KLRC1	13
P26717	KLRC2	12
P26718	KLRK1	7
P26842	CD27	15
P26885	FKBP2	7
P26927	MST1	36
P26951	IL3RA	20
P26992	CNTFR	12
P26998	CRYBB3	12
P27037	ACVR2A	23
P27105	STOM	15
P27144	AK4	13
P27169	PON1	15
P27216	ANXA13	22
P27338	MAOB	27
P27348	YWHAQ	14
P27352	CBLIF	11
P27361	MAPK3	22
P27448	MARK3	40
P27449	ATP6V0C	3
P27469	G0S2	4
P27482	CALML3	11
P27487	DPP4	39
P27539	GDF1	15
P27540	ARNT	32
P27544	CERS1	14
P27635	RPL10	8
P27658	COL8A1	20
P27694	RPA1	26
P27695	APEX1	15
P27701	CD82	11
P27707	DCK	13
P27708	CAD	97
P27797	CALR	19
P27815	PDE4A	38
P27816	MAP4	59
P27824	CANX	23
P27918	CFP	19
P27930	IL1R2	18
P27986	PIK3R1	34
P27987	ITPKB	52
P28039	AOAH	26
P28062	PSMB8	16
P28065	PSMB9	9
P28066	PSMA5	10
P28067	HLA-DMA	3
P28068	HLA-DMB	11
P28069	POU1F1	9
P28070	PSMB4	11
P28072	PSMB6	11
P28074	PSMB5	14
P28161	GSTM2	17
P28221	HTR1D	8
P28222	HTR1B	8
P28223	HTR2A	18
P28288	ABCD3	36
P28289	TMOD1	17
P28290	ITPRID2	64
P28300	LOX	16
P28324	ELK4	13
P28325	CST5	7
P28328	PEX2	17
P28329	CHAT	38
P28330	ACADL	17
P28331	NDUFS1	38
P28332	ADH6	16
P28335	HTR2C	13
P28336	NMBR	18
P28340	POLD1	65
P28347	TEAD1	12
P28356	HOXD9	12
P28358	HOXD10	18
P28360	MSX1	12
P28370	SMARCA1	56
P28472	GABRB3	17
P28476	GABRR2	20
P28482	MAPK1	22
P28562	DUSP1	15
P28566	HTR1E	9
P28676	GCA	10
P28698	MZF1	35
P28702	RXRB	25
P28715	ERCC5	51
P28749	RBL1	56
P28799	GRN	22
P28827	PTPRM	60
P28838	LAP3	32
P28845	HSD11B1	14
P28906	CD34	8
P28907	CD38	20
P28908	TNFRSF8	24
P29016	CD1B	15
P29017	CD1C	9
P29033	GJB2	11
P29034	S100A2	4
P29074	PTPN4	44
P29083	GTF2E1	20
P29084	GTF2E2	18
P29120	PCSK1	36
P29122	PCSK6	45
P29144	TPP2	65
P29218	IMPA1	16
P29274	ADORA2A	7
P29275	ADORA2B	9
P29279	CCN2	24
P29317	EPHA2	45
P29320	EPHA3	48
P29322	EPHA8	49
P29323	EPHB2	50
P29350	PTPN6	36
P29353	SHC1	27
P29371	TACR3	12
P29372	MPG	15
P29373	CRABP2	8
P29374	ARID4A	62
P29375	KDM5A	87
P29376	LTK	30
P29400	COL4A5	62
P29401	TKT	28
P29459	IL12A	13
P29460	IL12B	14
P29466	CASP1	19
P29474	NOS3	58
P29475	NOS1	71
P29508	SERPINB3	22
P29536	LMOD1	27
P29558	RBMS1	11
P29590	PML	48
P29597	TYK2	61
P29622	SERPINA4	24
P29692	EEF1D	16
P29728	OAS2	33
P29803	PDHA2	19
P29965	CD40LG	12
P29966	MARCKS	11
P29972	AQP1	4
P29973	CNGA1	23
P29992	GNA11	19
P30038	ALDH4A1	29
P30039	PBLD	16
P30040	ERP29	14
P30041	PRDX6	15
P30043	BLVRB	10
P30044	PRDX5	13
P30046	DDT	7
P30047	GCHFR	4
P30048	PRDX3	13
P30049	ATP5F1D	3
P30050	RPL12	9
P30084	ECHS1	19
P30085	CMPK1	10
P30086	PEBP1	10
P30101	PDIA3	27
P30153	PPP2R1A	32
P30154	PPP2R1B	30
P30203	CD6	23
P30260	CDC27	39
P30273	FCER1G	3
P30279	CCND2	15
P30281	CCND3	15
P30291	WEE1	32
P30301	MIP	3
P30304	CDC25A	32
P30305	CDC25B	32
P30307	CDC25C	24
P30405	PPIF	11
P30411	BDKRB2	10
P30414	NKTR	63
P30419	NMT1	20
P30511	HLA-F	18
P30518	AVPR2	10
P30519	HMOX2	18
P30520	ADSS2	21
P30530	AXL	33
P30531	SLC6A1	17
P30532	CHRNA5	26
P30533	LRPAP1	21
P30536	TSPO	5
P30542	ADORA1	4
P30550	GRPR	11
P30556	AGTR1	11
P30559	OXTR	14
P30566	ADSL	24
P30613	PKLR	33
P30622	CLIP1	78
P30626	SRI	11
P30679	GNA15	22
P30711	GSTT1	10
P30740	SERPINB1	19
P30793	GCH1	14
P30825	SLC7A1	17
P30837	ALDH1B1	21
P30838	ALDH3A1	21
P30872	SSTR1	10
P30874	SSTR2	8
P30876	POLR2B	57
P30926	CHRNB4	23
P30939	HTR1F	11
P30968	GNRHR	8
P30988	CALCR	9
P30989	NTSR1	13
P30990	NTS	6
P31025	LCN1	8
P31040	SDHA	31
P31146	CORO1A	20
P31150	GDI1	24
P31151	S100A7	7
P31152	MAPK4	37
P31153	MAT2A	19
P31213	SRD5A2	9
P31249	HOXD3	10
P31260	HOXA10	12
P31268	HOXA7	7
P31269	HOXA9	7
P31270	HOXA11	10
P31271	HOXA13	10
P31273	HOXC8	9
P31274	HOXC9	10
P31276	HOXC13	11
P31314	TLX1	6
P31321	PRKAR1B	17
P31323	PRKAR2B	21
P31327	CPS1	73
P31350	RRM2	24
P31358	CD52	0
P31371	FGF9	9
P31391	SSTR4	6
P31415	CASQ1	9
P31431	SDC4	9
P31483	TIA1	15
P31512	FMO4	29
P31513	FMO3	30
P31629	HIVEP2	104
P31639	SLC5A2	15
P31641	SLC6A6	17
P31644	GABRA5	21
P31645	SLC6A4	18
P31689	DNAJA1	19
P31749	AKT1	29
P31751	AKT2	30
P31785	IL2RG	12
P31930	UQCRC1	24
P31937	HIBADH	13
P31939	ATIC	37
P31941	APOBEC3A	14
P31942	HNRNPH3	16
P31943	HNRNPH1	19
P31944	CASP14	15
P31946	YWHAB	14
P31947	SFN	16
P31948	STIP1	36
P31949	S100A11	5
P31994	FCGR2B	8
P31995	FCGR2C	10
P31997	CEACAM8	13
P32004	L1CAM	52
P32019	INPP5B	51
P32119	PRDX2	11
P32121	ARRB2	19
P32189	GK	27
P32238	CCKAR	15
P32239	CCKBR	19
P32241	VIPR1	22
P32242	OTX1	7
P32243	OTX2	8
P32245	MC4R	6
P32246	CCR1	12
P32247	BRS3	9
P32248	CCR7	13
P32249	GPR183	15
P32297	CHRNA3	23
P32298	GRK4	30
P32302	CXCR5	14
P32320	CDA	5
P32321	DCTD	11
P32322	PYCR1	14
P32418	SLC8A1	34
P32455	GBP1	28
P32456	GBP2	28
P32519	ELF1	20
P32745	SSTR3	11
P32754	HPD	25
P32780	GTF2H1	28
P32856	STX2	14
P32881	IFNA8	9
P32926	DSG3	44
P32927	CSF2RB	30
P32929	CTH	20
P32942	ICAM3	25
P32969	RPL9	9
P32970	CD70	10
P32971	TNFSF8	7
P33032	MC5R	8
P33076	CIITA	50
P33121	ACSL1	36
P33151	CDH5	28
P33176	KIF5B	58
P33240	CSTF2	23
P33241	LSP1	15
P33260	CYP2C18	28
P33261	CYP2C19	29
P33316	DUT	15
P33402	GUCY1A2	41
P33527	ABCC1	73
P33681	CD80	9
P33763	S100A5	6
P33764	S100A3	7
P33778	H2BC3	7
P33897	ABCD1	36
P33908	MAN1A1	30
P33947	KDELR2	8
P33981	TTK	44
P33991	MCM4	46
P33992	MCM5	40
P33993	MCM7	39
P34059	GALNS	23
P34096	RNASE4	8
P34130	NTF4	10
P34741	SDC2	11
P34810	CD68	7
P34896	SHMT1	25
P34897	SHMT2	29
P34903	GABRA3	27
P34910	EVI2B	15
P34913	EPHX2	29
P34925	RYK	21
P34931	HSPA1L	34
P34932	HSPA4	50
P34947	GRK5	29
P34949	MPI	14
P34969	HTR7	14
P34972	CNR2	12
P34981	TRHR	14
P34982	OR1D2	10
P34995	PTGER1	10
P34998	CRHR1	16
P35030	PRSS3	14
P35052	GPC1	26
P35070	BTC	6
P35080	PFN2	7
P35125	USP6	62
P35212	GJA4	12
P35218	CA5A	11
P35219	CA8	11
P35221	CTNNA1	49
P35222	CTNNB1	41
P35225	IL13	5
P35226	BMI1	13
P35227	PCGF2	14
P35228	NOS2	64
P35232	PHB1	17
P35236	PTPN7	19
P35237	SERPINB6	21
P35240	NF2	35
P35241	RDX	33
P35243	RCVRN	13
P35244	RPA3	7
P35247	SFTPD	14
P35249	RFC4	21
P35250	RFC2	22
P35251	RFC1	59
P35268	RPL22	4
P35269	GTF2F1	20
P35270	SPR	14
P35318	ADM	11
P35321	SPRR1A	7
P35326	SPRR2A	6
P35346	SSTR5	8
P35348	ADRA1A	17
P35354	PTGS2	29
P35367	HRH1	17
P35368	ADRA1B	18
P35372	OPRM1	9
P35398	RORA	24
P35408	PTGER4	16
P35414	APLNR	14
P35442	THBS2	47
P35443	THBS4	39
P35452	HOXD12	8
P35453	HOXD13	14
P35462	DRD3	6
P35475	IDUA	31
P35498	SCN1A	71
P35499	SCN4A	57
P35503	UGT1A3	22
P35504	UGT1A5	21
P35520	CBS	26
P35523	CLCN1	37
P35527	KRT9	26
P35548	MSX2	9
P35555	FBN1	144
P35556	FBN2	128
P35557	GCK	19
P35558	PCK1	33
P35568	IRS1	52
P35573	AGL	88
P35575	G6PC1	9
P35579	MYH9	102
P35580	MYH10	100
P35590	TIE1	48
P35606	COPB2	46
P35609	ACTN2	55
P35610	SOAT1	21
P35611	ADD1	25
P35612	ADD2	36
P35613	BSG	15
P35625	TIMP3	11
P35626	GRK3	37
P35637	FUS	13
P35638	DDIT3	3
P35658	NUP214	60
P35659	DEK	21
P35663	CYLC1	23
P35670	ATP7B	56
P35680	HNF1B	17
P35711	SOX5	35
P35712	SOX6	40
P35713	SOX18	16
P35716	SOX11	16
P35749	MYH11	97
P35754	GLRX	5
P35789	ZNF93	37
P35790	CHKA	21
P35813	PPM1A	21
P35858	IGFALS	24
P35869	AHR	25
P35900	KRT20	28
P35908	KRT2	39
P35913	PDE6B	47
P35914	HMGCL	16
P35916	FLT4	60
P35968	KDR	64
P35998	PSMC2	26
P36021	SLC16A2	12
P36222	CHI3L1	22
P36268	GGT2P	27
P36269	GGT5	23
P36382	GJA5	16
P36383	GJC1	15
P36402	TCF7	13
P36404	ARL2	9
P36405	ARL3	11
P36406	TRIM23	27
P36507	MAP2K2	16
P36508	ZNF76	21
P36537	UGT2B10	21
P36542	ATP5F1C	12
P36543	ATP6V1E1	13
P36544	CHRNA7	15
P36551	CPOX	27
P36575	ARR3	15
P36578	RPL4	17
P36639	NUDT1	6
P36776	LONP1	40
P36871	PGM1	33
P36873	PPP1CC	17
P36888	FLT3	45
P36894	BMPR1A	25
P36896	ACVR1B	21
P36897	TGFBR1	24
P36941	LTBR	9
P36952	SERPINB5	22
P36954	POLR2I	8
P36955	SERPINF1	21
P36956	SREBF1	45
P36957	DLST	21
P36959	GMPR	17
P36969	GPX4	12
P36980	CFHR2	14
P37023	ACVRL1	23
P37058	HSD17B3	16
P37059	HSD17B2	19
P37088	SCNN1A	29
P37108	SRP14	7
P37173	TGFBR2	31
P37198	NUP62	10
P37231	PPARG	19
P37235	HPCAL1	15
P37268	FDFT1	22
P37275	ZEB1	42
P37287	PIGA	24
P37288	AVPR1A	14
P37802	TAGLN2	14
P37837	TALDO1	16
P37840	SNCA	6
P38117	ETFB	14
P38159	RBMX	26
P38398	BRCA1	90
P38405	GNAL	19
P38432	COIL	26
P38435	GGCX	28
P38484	IFNGR2	11
P38567	SPAM1	18
P38570	ITGAE	49
P38571	LIPA	12
P38606	ATP6V1A	33
P38646	HSPA9	38
P38919	EIF4A3	22
P38935	IGHMBP2	54
P38936	CDKN1A	10
P39019	RPS19	10
P39023	RPL3	20
P39059	COL15A1	40
P39060	COL18A1	52
P39086	GRIK1	45
P39210	MPV17	7
P39656	DDOST	20
P39687	ANP32A	9
P39748	FEN1	19
P39877	PLA2G5	5
P39880	CUX1	70
P39900	MMP12	29
P39905	GDNF	7
P40121	CAPG	14
P40123	CAP2	25
P40126	DCT	21
P40145	ADCY8	60
P40189	IL6ST	44
P40197	GP5	23
P40198	CEACAM3	10
P40199	CEACAM6	12
P40200	CD96	19
P40205	MYCNOS	5
P40222	TXLNA	24
P40225	THPO	18
P40227	CCT6A	26
P40238	MPL	23
P40259	CD79B	10
P40261	NNMT	11
P40305	IFI27	3
P40306	PSMB10	9
P40337	VHL	5
P40394	ADH7	20
P40424	PBX1	15
P40425	PBX2	19
P40426	PBX3	15
P40429	RPL13A	9
P40616	ARL1	9
P40617	ARL4A	8
P40692	MLH1	50
P40763	STAT3	39
P40818	USP8	55
P40855	PEX19	18
P40879	SLC26A3	32
P40925	MDH1	15
P40926	MDH2	20
P40933	IL15	5
P40937	RFC5	24
P40938	RFC3	22
P40939	HADHA	40
P40967	PMEL	15
P41002	CCNF	37
P41091	EIF2S3	23
P41134	ID1	9
P41143	OPRD1	10
P41145	OPRK1	9
P41146	OPRL1	8
P41159	LEP	7
P41161	ETV5	19
P41162	ETV3	24
P41180	CASR	39
P41181	AQP2	4
P41182	BCL6	37
P41208	CETN2	9
P41212	ETV6	20
P41214	EIF2D	31
P41217	CD200	9
P41218	MNDA	20
P41219	PRPH	31
P41220	RGS2	12
P41221	WNT5A	20
P41222	PTGDS	8
P41223	BUD31	8
P41225	SOX3	13
P41226	UBA7	41
P41227	NAA10	15
P41229	KDM5C	79
P41231	P2RY2	16
P41235	HNF4A	18
P41236	PPP1R2	7
P41238	APOBEC1	11
P41240	CSK	27
P41247	PNPLA4	15
P41250	GARS1	41
P41252	IARS1	58
P41271	NBL1	5
P41273	TNFSF9	11
P41279	MAP3K8	25
P41439	FOLR3	10
P41440	SLC19A1	22
P41567	EIF1	5
P41586	ADCYAP1R1	14
P41587	VIPR2	19
P41594	GRM5	63
P41595	HTR2B	15
P41597	CCR2	11
P41732	TSPAN7	7
P41743	PRKCI	22
P41968	MC3R	6
P41970	ELK3	16
P42025	ACTR1B	19
P42081	CD86	9
P42126	ECI1	14
P42127	ASIP	4
P42166	TMPO	34
P42167	TMPO	22
P42224	STAT1	39
P42226	STAT6	29
P42229	STAT5A	41
P42261	GRIA1	45
P42262	GRIA2	43
P42263	GRIA3	39
P42285	MTREX	55
P42330	AKR1C3	17
P42331	ARHGAP25	41
P42336	PIK3CA	63
P42338	PIK3CB	55
P42345	MTOR	133
P42356	PI4KA	117
P42357	HAL	34
P42566	EPS15	46
P42568	MLLT3	21
P42574	CASP3	15
P42575	CASP2	24
P42658	DPP6	43
P42677	RPS27	4
P42679	MATK	25
P42680	TEC	37
P42681	TXK	31
P42684	ABL2	51
P42685	FRK	32
P42694	HELZ	88
P42695	NCAPD3	66
P42701	IL12RB1	27
P42702	LIFR	60
P42704	LRPPRC	88
P42765	ACAA2	20
P42766	RPL35	4
P42768	WAS	21
P42771	CDKN2A	8
P42772	CDKN2B	7
P42773	CDKN2C	10
P42785	PRCP	20
P42830	CXCL5	6
P42857	NSG1	10
P42858	HTT	142
P42892	ECE1	41
P42898	MTHFR	32
P43003	SLC1A3	15
P43004	SLC1A2	21
P43005	SLC1A1	18
P43007	SLC1A4	18
P43026	GDF5	24
P43034	PAFAH1B1	24
P43080	GUCA1A	11
P43088	PTGFR	10
P43115	PTGER3	11
P43119	PTGIR	10
P43121	MCAM	32
P43146	DCC	56
P43155	CRAT	27
P43166	CA7	13
P43220	GLP1R	19
P43234	CTSO	13
P43235	CTSK	13
P43243	MATR3	38
P43246	MSH2	43
P43250	GRK6	28
P43251	BTD	21
P43268	ETV4	15
P43304	GPD2	42
P43307	SSR1	9
P43308	SSR2	3
P43320	CRYBB2	14
P43351	RAD52	22
P43353	ALDH3B1	20
P43354	NR4A2	17
P43355	MAGEA1	13
P43356	MAGEA2	14
P43357	MAGEA3	12
P43358	MAGEA4	12
P43360	MAGEA6	12
P43361	MAGEA8	13
P43364	MAGEA11	17
P43365	MAGEA12	14
P43378	PTPN9	32
P43403	ZAP70	36
P43405	SYK	36
P43487	RANBP1	6
P43489	TNFRSF4	8
P43490	NAMPT	28
P43626	KIR2DL1	17
P43627	KIR2DL2	14
P43628	KIR2DL3	14
P43629	KIR3DL1	20
P43630	KIR3DL2	18
P43631	KIR2DS2	13
P43632	KIR2DS4	12
P43652	AFM	37
P43657	LPAR6	12
P43681	CHRNA4	32
P43686	PSMC4	21
P43694	GATA4	11
P43699	NKX2-1	10
P43897	TSFM	18
P45378	TNNT3	7
P45379	TNNT2	12
P45381	ASPA	16
P45452	MMP13	27
P45844	ABCG1	28
P45877	PPIC	5
P45880	VDAC2	15
P45954	ACADSB	22
P45973	CBX5	11
P45974	USP5	38
P45983	MAPK8	20
P45984	MAPK9	20
P45985	MAP2K4	23
P46013	MKI67	180
P46019	PHKA2	55
P46020	PHKA1	58
P46059	SLC15A1	24
P46060	RANGAP1	27
P46063	RECQL	34
P46087	NOP2	35
P46089	GPR3	5
P46091	CMKLR2	9
P46092	CCR10	11
P46093	GPR4	14
P46094	XCR1	7
P46095	GPR6	6
P46098	HTR3A	18
P46100	ATRX	117
P46108	CRK	18
P46109	CRKL	15
P46199	MTIF2	30
P46379	BAG6	32
P46439	GSTM5	16
P46459	NSF	43
P46527	CDKN1B	10
P46531	NOTCH1	74
P46597	ASMT	17
P46663	BDKRB1	9
P46695	IER3	3
P46721	SLCO1A2	14
P46734	MAP2K3	23
P46736	BRCC3	18
P46776	RPL27A	7
P46777	RPL5	11
P46778	RPL21	7
P46779	RPL28	9
P46781	RPS9	11
P46782	RPS5	10
P46783	RPS10	10
P46821	MAP1B	103
P46926	GNPDA1	16
P46934	NEDD4	60
P46937	YAP1	17
P46939	UTRN	174
P46940	IQGAP1	81
P46952	HAAO	16
P46976	GYG1	14
P46977	STT3A	31
P47211	GALR1	10
P47224	RABIF	5
P47710	CSN1S1	8
P47712	PLA2G4A	33
P47736	RAP1GAP	32
P47755	CAPZA2	13
P47756	CAPZB	16
P47775	GPR12	8
P47804	RGR	6
P47813	EIF1AX	7
P47869	GABRA2	22
P47870	GABRB2	20
P47871	GCGR	17
P47872	SCTR	15
P47895	ALDH1A3	24
P47897	QARS1	47
P47898	HTR5A	9
P47900	P2RY1	14
P47901	AVPR1B	16
P47902	CDX1	4
P47914	RPL29	4
P47928	ID4	9
P47929	LGALS7	10
P47974	ZFP36L2	17
P47985	UQCRFS1	14
P47989	XDH	52
P47992	XCL1	6
P48023	FASLG	9
P48029	SLC6A8	19
P48039	MTNR1A	9
P48047	ATP5PO	12
P48048	KCNJ1	11
P48050	KCNJ4	15
P48051	KCNJ6	16
P48052	CPA2	19
P48058	GRIA4	42
P48059	LIMS1	19
P48061	CXCL12	5
P48065	SLC6A12	15
P48066	SLC6A11	16
P48067	SLC6A9	19
P48145	NPBWR1	7
P48146	NPBWR2	4
P48147	PREP	45
P48163	ME1	26
P48165	GJA8	20
P48167	GLRB	22
P48169	GABRA4	31
P48200	IREB2	44
P48201	ATP5MC3	5
P48230	TM4SF4	5
P48307	TFPI2	8
P48357	LEPR	53
P48378	RFX2	33
P48380	RFX3	26
P48382	RFX5	38
P48426	PIP4K2A	18
P48431	SOX2	9
P48436	SOX9	12
P48443	RXRG	23
P48444	ARCN1	26
P48448	ALDH3B2	16
P48449	LSS	35
P48454	PPP3CC	24
P48506	GCLC	30
P48507	GCLM	8
P48509	CD151	10
P48539	PCP4	4
P48544	KCNJ5	13
P48546	GIPR	22
P48547	KCNC1	19
P48549	KCNJ3	19
P48551	IFNAR2	15
P48552	NRIP1	58
P48553	TRAPPC10	53
P48556	PSMD8	18
P48594	SERPINB4	21
P48595	SERPINB10	24
P48634	PRRC2A	97
P48637	GSS	27
P48643	CCT5	34
P48645	NMU	6
P48651	PTDSS1	19
P48664	SLC1A6	17
P48668	KRT6C	30
P48681	NES	87
P48723	HSPA13	23
P48728	AMT	20
P48729	CSNK1A1	19
P48730	CSNK1D	22
P48735	IDH2	23
P48736	PIK3CG	68
P48739	PITPNB	18
P48740	MASP1	30
P48742	LHX1	15
P48745	CCN3	19
P48751	SLC4A3	44
P48764	SLC9A3	26
P48775	TDO2	25
P48788	TNNI2	5
P48960	ADGRE5	31
P48995	TRPC1	36
P49005	POLD2	22
P49006	MARCKSL1	6
P49019	HCAR3	17
P49023	PXN	28
P49069	CAMLG	15
P49116	NR2C2	33
P49137	MAPKAPK2	22
P49146	NPY2R	12
P49184	DNASE1L1	14
P49189	ALDH9A1	24
P49190	PTH2R	23
P49207	RPL34	6
P49221	TGM4	38
P49238	CX3CR1	14
P49247	RPIA	19
P49257	LMAN1	21
P49279	SLC11A1	9
P49281	SLC11A2	10
P49286	MTNR1B	7
P49321	NASP	41
P49326	FMO5	29
P49327	FASN	121
P49335	POU3F4	10
P49336	CDK8	21
P49354	FNTA	16
P49356	FNTB	11
P49366	DHPS	20
P49368	CCT3	31
P49407	ARRB1	19
P49411	TUFM	31
P49418	AMPH	27
P49419	ALDH7A1	24
P49427	CDC34	9
P49447	CYB561	5
P49448	GLUD2	31
P49450	CENPA	4
P49454	CENPF	193
P49458	SRP9	7
P49459	UBE2A	3
P49585	PCYT1A	23
P49588	AARS1	50
P49589	CARS1	40
P49590	HARS2	27
P49591	SARS1	26
P49593	PPM1F	22
P49619	DGKG	34
P49638	TTPA	14
P49639	HOXA1	11
P49641	MAN2A2	52
P49642	PRIM1	26
P49643	PRIM2	28
P49662	CASP4	23
P49674	CSNK1E	22
P49675	STAR	18
P49682	CXCR3	10
P49683	PRLHR	9
P49685	GPR15	15
P49703	ARL4D	8
P49711	CTCF	27
P49715	CEBPA	7
P49716	CEBPD	7
P49720	PSMB3	9
P49721	PSMB2	10
P49736	MCM2	41
P49746	THBS3	34
P49747	COMP	31
P49748	ACADVL	41
P49753	ACOT2	30
P49754	VPS41	44
P49755	TMED10	12
P49756	RBM25	31
P49757	NUMB	20
P49758	RGS6	20
P49759	CLK1	24
P49760	CLK2	19
P49761	CLK3	22
P49763	PGF	8
P49765	VEGFB	9
P49767	VEGFC	25
P49768	PSEN1	18
P49770	EIF2B2	18
P49771	FLT3LG	7
P49773	HINT1	8
P49788	RARRES1	13
P49789	FHIT	10
P49790	NUP153	58
P49792	RANBP2	174
P49795	RGS19	12
P49796	RGS3	63
P49798	RGS4	12
P49802	RGS7	22
P49810	PSEN2	15
P49815	TSC2	88
P49821	NDUFV1	24
P49840	GSK3A	17
P49841	GSK3B	21
P49842	WHR1	15
P49848	TAF6	40
P49862	KLK7	11
P49863	GZMK	10
P49888	SULT1E1	19
P49895	DIO1	13
P49901	SMCP	7
P49902	NT5C2	25
P49903	SEPHS1	12
P49908	SELENOP	17
P49910	ZNF165	25
P49913	CAMP	9
P49914	MTHFS	12
P49915	GMPS	36
P49916	LIG3	57
P49917	LIG4	44
P49918	CDKN1C	10
P49959	MRE11	35
P49961	ENTPD1	18
P50052	AGTR2	12
P50053	KHK	17
P50120	RBP2	7
P50135	HNMT	14
P50148	GNAQ	19
P50150	GNG4	4
P50151	GNG10	4
P50213	IDH3A	20
P50219	MNX1	10
P50221	MEOX1	8
P50222	MEOX2	8
P50225	SULT1A1	17
P50226	SULT1A2	18
P50238	CRIP1	4
P50281	MMP14	21
P50336	PPOX	24
P50391	NPY4R	7
P50395	GDI2	27
P50402	EMD	14
P50406	HTR6	8
P50416	CPT1A	39
P50440	GATM	25
P50443	SLC26A2	24
P50452	SERPINB8	21
P50453	SERPINB9	22
P50454	SERPINH1	23
P50458	LHX2	17
P50461	CSRP3	10
P50479	PDLIM4	17
P50502	ST13	13
P50539	MXI1	10
P50542	PEX5	29
P50548	ERF	21
P50549	ETV1	18
P50552	VASP	17
P50553	ASCL1	5
P50570	DNM2	46
P50579	METAP2	23
P50583	NUDT2	10
P50591	TNFSF10	14
P50607	TUB	19
P50613	CDK7	18
P50616	TOB1	12
P50747	HLCS	36
P50748	KNTC1	111
P50749	RASSF2	18
P50750	CDK9	18
P50851	LRBA	140
P50876	RNF144A	14
P50895	BCAM	30
P50897	PPT1	12
P50914	RPL14	6
P50990	CCT8	37
P50991	CCT4	32
P50993	ATP1A2	48
P50995	ANXA11	19
P51003	PAPOLA	39
P51114	FXR1	29
P51116	FXR2	36
P51124	GZMM	15
P51148	RAB5C	11
P51149	RAB7A	14
P51151	RAB9A	12
P51153	RAB13	12
P51157	RAB28	13
P51159	RAB27A	14
P51160	PDE6C	55
P51161	FABP6	8
P51164	ATP4B	12
P51168	SCNN1B	26
P51170	SCNN1G	19
P51172	SCNN1D	31
P51178	PLCD1	33
P51398	DAP3	22
P51449	RORC	24
P51451	BLK	30
P51452	DUSP3	9
P51460	INSL3	7
P51511	MMP15	25
P51512	MMP16	24
P51513	NOVA1	21
P51530	DNA2	69
P51531	SMARCA2	59
P51532	SMARCA4	62
P51553	IDH3G	16
P51570	GALK1	18
P51571	SSR4	7
P51572	BCAP31	15
P51575	P2RX1	18
P51580	TPMT	14
P51582	P2RY4	15
P51587	BRCA2	180
P51589	CYP2J2	32
P51606	RENBP	19
P51608	MECP2	23
P51610	HCFC1	61
P51617	IRAK1	26
P51636	CAV2	8
P51648	ALDH3A2	21
P51649	ALDH5A1	25
P51654	GPC3	21
P51659	HSD17B4	37
P51665	PSMD7	15
P51668	UBE2D1	4
P51671	CCL11	2
P51674	GPM6A	9
P51677	CCR3	10
P51679	CCR4	6
P51681	CCR5	11
P51684	CCR6	13
P51685	CCR8	8
P51686	CCR9	10
P51687	SUOX	25
P51688	SGSH	21
P51690	ARSL	24
P51692	STAT5B	37
P51693	APLP1	31
P51784	USP11	50
P51787	KCNQ1	28
P51788	CLCN2	31
P51790	CLCN3	33
P51793	CLCN4	26
P51795	CLCN5	30
P51797	CLCN6	38
P51798	CLCN7	22
P51800	CLCNKA	24
P51801	CLCNKB	24
P51805	PLXNA3	85
P51808	DYNLT3	4
P51809	VAMP7	13
P51810	GPR143	11
P51811	XK	22
P51812	RPS6KA3	43
P51813	BMX	39
P51814	ZNF41	42
P51816	AFF2	55
P51817	PRKX	15
P51825	AFF1	49
P51826	AFF3	54
P51828	ADCY7	48
P51841	GUCY2F	53
P51843	NR0B1	27
P51854	TKTL1	27
P51857	AKR1D1	21
P51858	HDGF	16
P51864	CRIPTO3	11
P51878	CASP5	28
P51884	LUM	16
P51888	PRELP	22
P51946	CCNH	18
P51948	MNAT1	15
P51955	NEK2	23
P51956	NEK3	24
P51957	NEK4	43
P51959	CCNG1	15
P51965	UBE2E1	8
P51970	NDUFA8	7
P51991	HNRNPA3	19
P51993	FUT6	19
P52179	MYOM1	98
P52198	RND2	12
P52209	PGD	22
P52272	HNRNPM	46
P52292	KPNA2	20
P52294	KPNA1	19
P52298	NCBP2	9
P52306	RAP1GDS1	31
P52333	JAK3	61
P52429	DGKE	26
P52434	POLR2H	9
P52435	POLR2J	6
P52564	MAP2K6	22
P52565	ARHGDIA	6
P52566	ARHGDIB	12
P52569	SLC7A2	27
P52594	AGFG1	17
P52597	HNRNPF	15
P52630	STAT2	37
P52655	GTF2A1	5
P52657	GTF2A2	7
P52701	MSH6	69
P52732	KIF11	67
P52735	VAV2	48
P52736	ZNF133	35
P52738	ZNF140	27
P52739	ZBTB35	28
P52742	ZNF135	42
P52744	ZNF138	13
P52747	ZNF143	25
P52756	RBM5	35
P52757	CHN2	24
P52758	RIDA	7
P52788	SMS	20
P52789	HK2	48
P52790	HK3	38
P52797	EFNA3	8
P52798	EFNA4	6
P52799	EFNB2	14
P52803	EFNA5	13
P52815	MRPL12	8
P52823	STC1	10
P52824	DGKQ	41
P52848	NDST1	49
P52849	NDST2	46
P52888	THOP1	36
P52895	AKR1C2	17
P52907	CAPZA1	13
P52926	HMGA2	5
P52945	PDX1	8
P52948	NUP98	68
P52952	NKX2-5	13
P52954	LBX1	11
P52961	ART1	13
P53004	BLVRA	16
P53007	SLC25A1	16
P53041	PPP5C	25
P53350	PLK1	34
P53355	DAPK1	70
P53365	ARFIP2	16
P53367	ARFIP1	20
P53370	NUDT6	21
P53384	NUBP1	12
P53396	ACLY	57
P53420	COL4A4	84
P53539	FOSB	8
P53567	CEBPG	1
P53582	METAP1	20
P53597	SUCLG1	13
P53602	MVD	18
P53609	PGGT1B	19
P53611	RABGGTB	11
P53618	COPB1	48
P53621	COPA	69
P53634	CTSC	21
P53667	LIMK1	37
P53671	LIMK2	33
P53672	CRYBA2	9
P53673	CRYBA4	9
P53674	CRYBB1	16
P53675	CLTCL1	91
P53677	AP3M2	22
P53680	AP2S1	6
P53701	HCCS	15
P53708	ITGA8	46
P53778	MAPK12	19
P53779	MAPK10	22
P53794	SLC5A3	21
P53801	PTTG1IP	7
P53803	POLR2K	2
P53804	TTC3	93
P53805	RCAN1	10
P53814	SMTN	49
P53816	PLAAT3	6
P53985	SLC16A1	12
P53990	IST1	11
P53992	SEC24C	40
P53999	SUB1	6
P54098	POLG	58
P54105	CLNS1A	8
P54108	CRISP3	9
P54132	BLM	76
P54136	RARS1	37
P54198	HIRA	40
P54219	SLC18A1	14
P54252	ATXN3	14
P54253	ATXN1	30
P54257	HAP1	30
P54259	ATN1	27
P54274	TERF1	22
P54277	PMS1	53
P54278	PMS2	46
P54284	CACNB3	23
P54289	CACNA2D1	52
P54296	MYOM2	81
P54315	PNLIPRP1	25
P54317	PNLIPRP2	19
P54368	OAZ1	15
P54577	YARS1	36
P54578	USP14	25
P54619	PRKAG1	20
P54646	PRKAA2	24
P54652	HSPA2	35
P54687	BCAT1	15
P54707	ATP12A	48
P54709	ATP1B3	12
P54710	FXYD2	4
P54725	RAD23A	13
P54727	RAD23B	13
P54750	PDE1A	26
P54753	EPHB3	49
P54756	EPHA5	50
P54760	EPHB4	50
P54762	EPHB1	53
P54764	EPHA4	45
P54802	NAGLU	32
P54803	GALC	29
P54819	AK2	14
P54821	PRRX1	10
P54826	GAS1	14
P54829	PTPN5	27
P54840	GYS2	34
P54845	NRL	5
P54849	EMP1	3
P54851	EMP2	2
P54852	EMP3	6
P54855	UGT2B15	22
P54868	HMGCS2	22
P54886	ALDH18A1	42
P54920	NAPA	18
P54922	ADPRH	17
P55000	SLURP1	5
P55001	MFAP2	5
P55008	AIF1	6
P55010	EIF5	22
P55011	SLC12A2	48
P55017	SLC12A3	34
P55036	PSMD4	14
P55039	DRG2	22
P55040	GEM	16
P55042	RRAD	14
P55055	NR1H2	17
P55056	APOC4	6
P55058	PLTP	22
P55060	CSE1L	52
P55061	TMBIM6	4
P55064	AQP5	6
P55072	VCP	42
P55073	DIO3	11
P55075	FGF8	14
P55081	MFAP1	19
P55083	MFAP4	7
P55084	HADHB	26
P55085	F2RL1	10
P55087	AQP4	7
P55089	UCN	8
P55107	GDF10	27
P55145	MANF	9
P55157	MTTP	46
P55160	NCKAP1L	62
P55196	AFDN	88
P55197	MLLT10	25
P55198	MLLT6	28
P55199	ELL	35
P55201	BRPF1	63
P55209	NAP1L1	13
P55210	CASP7	18
P55211	CASP9	14
P55212	CASP6	15
P55259	GP2	23
P55263	ADK	20
P55265	ADAR	67
P55268	LAMB2	84
P55273	CDKN2D	9
P55283	CDH4	30
P55285	CDH6	32
P55286	CDH8	25
P55287	CDH11	35
P55289	CDH12	30
P55290	CDH13	31
P55291	CDH15	33
P55316	FOXG1	15
P55317	FOXA1	11
P55318	FOXA3	8
P55327	TPD52	8
P55344	LIM2	4
P55345	PRMT2	17
P55347	PKNOX1	12
P55735	SEC13	13
P55769	SNU13	8
P55771	PAX9	17
P55773	CCL23	7
P55774	CCL18	4
P55786	NPEPPS	46
P55789	GFER	8
P55795	HNRNPH2	18
P55809	OXCT1	26
P55851	UCP2	17
P55854	SUMO3	3
P55884	EIF3B	34
P55895	RAG2	20
P55899	FCGRT	14
P55916	UCP3	17
P55957	BID	10
P56134	ATP5MF	4
P56159	GFRA1	19
P56177	DLX1	8
P56178	DLX5	9
P56180	TPTE	26
P56181	NDUFV3	7
P56182	RRP1	25
P56192	MARS1	38
P56199	ITGA1	54
P56202	CTSW	19
P56211	ARPP19	6
P56270	MAZ	15
P56279	TCL1A	6
P56282	POLE2	24
P56373	P2RX3	24
P56377	AP1S2	10
P56378	ATP5MJ	4
P56381	ATP5F1E	3
P56385	ATP5ME	4
P56470	LGALS4	13
P56524	HDAC4	47
P56537	EIF6	9
P56539	CAV3	7
P56545	CTBP2	18
P56556	NDUFA6	8
P56557	TMEM50B	3
P56559	ARL4C	8
P56589	PEX3	16
P56597	NME5	15
P56645	PER3	50
P56693	SOX10	12
P56696	KCNQ4	29
P56703	WNT3	21
P56704	WNT3A	20
P56705	WNT4	19
P56706	WNT7B	22
P56715	RP1	96
P56730	PRSS12	43
P56746	CLDN15	6
P56747	CLDN6	7
P56748	CLDN8	7
P56750	CLDN17	8
P56817	BACE1	17
P56851	EDDM3B	9
P56856	CLDN18	9
P56880	CLDN20	6
P56915	GSC	6
P56937	HSD17B7	13
P56945	BCAR1	42
P56962	STX17	12
P56975	NRG3	31
P57052	RBM11	13
P57053	H2BC12L	7
P57054	PIGP	4
P57055	RIPPLY3	10
P57057	SLC37A1	14
P57059	SIK1	25
P57071	PRDM15	53
P57073	SOX8	16
P57075	UBASH3A	33
P57076	CFAP298	14
P57078	RIPK4	43
P57081	WDR4	18
P57082	TBX4	22
P57086	SCAND1	8
P57087	JAM2	11
P57088	TMEM33	10
P57103	SLC8A3	33
P57105	SYNJ2BP	8
P57678	GEMIN4	50
P57679	EVC	51
P57682	KLF3	14
P57721	PCBP3	15
P57727	TMPRSS3	19
P57729	RAB38	12
P57735	RAB25	14
P57737	CORO7	32
P57738	TCTA	2
P57739	CLDN2	7
P57740	NUP107	49
P57764	GSDMD	16
P57768	SNX16	16
P57771	RGS8	12
P57772	EEFSEC	28
P57789	KCNK10	20
P57796	CABP4	15
P58004	SESN2	24
P58005	SESN3	26
P58012	FOXL2	11
P58107	EPPK1	267
P58215	LOXL3	34
P58304	VSX2	21
P58335	ANTXR2	22
P58340	MLF1	13
P58397	ADAMTS12	77
P58400	NRXN1	18
P58401	NRXN2	23
P58418	CLRN1	10
P58499	FAM3B	14
P58546	MTPN	6
P58743	SLC26A5	28
P58753	TIRAP	7
P58876	H2BC5	7
P59044	NLRP6	41
P59046	NLRP12	45
P59047	NLRP5	52
P59103	DAOA	8
P59190	RAB15	12
P59510	ADAMTS20	84
P59542	TAS2R19	10
P59665	DEFA1	4
P59666	DEFA3	4
P59768	GNG2	4
P59773	MINAR2	11
P59780	AP3S2	9
P59817	ZNF280A	26
P59901	LILRA4	21
P59910	DNAJB13	16
P59923	ZNF445	54
P59942	MCCD1	4
P59990	KRTAP12-1	0
P59991	KRTAP12-2	0
P59998	ARPC4	10
P60002	ELOF1	1
P60006	ANAPC15	1
P60008	H1-9P	11
P60014	KRTAP10-10	3
P60022	DEFB1	3
P60033	CD81	7
P60059	SEC61G	3
P60174	TPI1	16
P60201	PLP1	10
P60228	EIF3E	28
P60321	NANOS2	6
P60323	NANOS3	10
P60328	KRTAP12-3	0
P60329	KRTAP12-4	0
P60368	KRTAP10-2	0
P60370	KRTAP10-5	1
P60371	KRTAP10-6	4
P60372	KRTAP10-4	1
P60409	KRTAP10-7	1
P60410	KRTAP10-8	3
P60411	KRTAP10-9	2
P60412	KRTAP10-11	3
P60468	SEC61B	6
P60484	PTEN	17
P60507	ERVFC1	23
P60508	ERVFRD-1	19
P60510	PPP4C	16
P60520	GABARAPL2	8
P60568	IL2	7
P60602	ROMO1	4
P60604	UBE2G2	5
P60660	MYL6	10
P60709	ACTB	20
P60763	RAC3	7
P60842	EIF4A1	22
P60852	ZP1	20
P60866	RPS20	5
P60880	SNAP25	13
P60891	PRPS1	16
P60896	SEM1	0
P60900	PSMA6	13
P60903	S100A10	4
P60953	CDC42	9
P60981	DSTN	11
P61006	RAB8A	13
P61009	SPCS3	7
P61011	SRP54	30
P61018	RAB4B	14
P61019	RAB2A	14
P61020	RAB5B	11
P61024	CKS1B	4
P61026	RAB10	13
P61073	CXCR4	10
P61077	UBE2D3	4
P61081	UBE2M	10
P61086	UBE2K	12
P61088	UBE2N	10
P61106	RAB14	15
P61158	ACTR3	21
P61160	ACTR2	13
P61163	ACTR1A	19
P61165	TMEM258	2
P61201	COPS2	22
P61204	ARF3	10
P61218	POLR2F	3
P61221	ABCE1	29
P61224	RAP1B	10
P61225	RAP2B	11
P61244	MAX	10
P61247	RPS3A	17
P61254	RPL26	6
P61266	STX1B	16
P61278	SST	3
P61289	PSME3	13
P61296	HAND2	7
P61313	RPL15	12
P61326	MAGOH	10
P61328	FGF12	13
P61353	RPL27	5
P61371	ISL1	16
P61421	ATP6V0D1	16
P61457	PCBD1	7
P61513	RPL37A	4
P61586	RHOA	9
P61587	RND3	11
P61599	NAA20	9
P61601	NCALD	13
P61604	HSPE1	8
P61619	SEC61A1	16
P61626	LYZ	9
P61647	ST8SIA6	23
P61758	VBP1	15
P61764	STXBP1	31
P61769	B2M	6
P61803	DAD1	5
P61812	TGFB2	17
P61916	NPC2	10
P61923	COPZ1	5
P61925	PKIA	5
P61927	RPL37	4
P61952	GNG11	3
P61956	SUMO2	3
P61960	UFM1	4
P61962	DCAF7	15
P61964	WDR5	16
P61966	AP1S1	10
P61968	LMO4	8
P61970	NUTF2	7
P61978	HNRNPK	24
P61981	YWHAG	16
P62068	USP46	17
P62070	RRAS2	15
P62072	TIMM10	7
P62079	TSPAN5	9
P62081	RPS7	11
P62136	PPP1CA	18
P62140	PPP1CB	17
P62166	NCS1	11
P62191	PSMC1	26
P62195	PSMC5	24
P62241	RPS8	10
P62244	RPS15A	9
P62249	RPS16	11
P62253	UBE2G1	10
P62256	UBE2H	7
P62258	YWHAE	17
P62263	RPS14	4
P62266	RPS23	6
P62269	RPS18	9
P62273	RPS29	2
P62277	RPS13	9
P62280	RPS11	10
P62304	SNRPE	4
P62306	SNRPF	3
P62308	SNRPG	3
P62310	LSM3	3
P62312	LSM6	6
P62314	SNRPD1	4
P62316	SNRPD2	8
P62318	SNRPD3	6
P62324	BTG1	9
P62328	TMSB4X	2
P62330	ARF6	7
P62333	PSMC6	20
P62341	SELENOT	11
P62380	TBPL1	9
P62424	RPL7A	10
P62487	POLR2G	11
P62491	RAB11A	14
P62495	ETF1	24
P62508	ESRRG	19
P62633	CNBP	13
P62699	YPEL5	7
P62701	RPS4X	15
P62714	PPP2CB	16
P62736	ACTA2	20
P62745	RHOB	9
P62750	RPL23A	7
P62753	RPS6	9
P62760	VSNL1	13
P62805	H4C1	6
P62807	H2BC4	7
P62820	RAB1A	15
P62826	RAN	10
P62829	RPL23	9
P62834	RAP1A	10
P62837	UBE2D2	4
P62841	RPS15	6
P62847	RPS24	6
P62851	RPS25	5
P62854	RPS26	5
P62857	RPS28	3
P62861	FAU	3
P62873	GNB1	13
P62875	POLR2L	3
P62877	RBX1	3
P62879	GNB2	13
P62888	RPL30	6
P62891	RPL39	1
P62899	RPL31	7
P62906	RPL10A	11
P62910	RPL32	8
P62913	RPL11	9
P62917	RPL8	11
P62937	PPIA	10
P62942	FKBP1A	3
P62945	RPL41	0
P62952	BLCAP	0
P62955	CACNG7	11
P62979	RPS27A	6
P62987	UBA52	6
P62993	GRB2	14
P62995	TRA2B	11
P63000	RAC1	7
P63010	AP2B1	42
P63027	VAMP2	5
P63092	GNAS	20
P63096	GNAI1	15
P63098	PPP3R1	9
P63104	YWHAZ	14
P63128	ERVK-9	46
P63146	UBE2B	3
P63151	PPP2R2A	21
P63162	SNRPN	14
P63165	SUMO1	6
P63167	DYNLL1	5
P63172	DYNLT1	6
P63173	RPL38	3
P63208	SKP1	10
P63211	GNGT1	3
P63215	GNG3	3
P63218	GNG5	4
P63220	RPS21	5
P63241	EIF5A	8
P63244	RACK1	20
P63252	KCNJ2	14
P63261	ACTG1	20
P63267	ACTG2	18
P63272	SUPT4H1	6
P63279	UBE2I	7
P63316	TNNC1	6
P67775	PPP2CA	16
P67809	YBX1	12
P67812	SEC11A	10
P67870	CSNK2B	10
P67936	TPM4	15
P68032	ACTC1	20
P68036	UBE2L3	7
P68104	EEF1A1	19
P68106	FKBP1B	3
P68133	ACTA1	20
P68363	TUBA1B	21
P68366	TUBA4A	21
P68371	TUBB4B	19
P68400	CSNK2A1	18
P68402	PAFAH1B2	8
P68431	H3C1	4
P68543	UBXN2A	11
P68871	HBB	11
P69849	NOMO3	64
P69891	HBG1	11
P69892	HBG2	11
P69905	HBA1	8
P78310	CXADR	24
P78312	FAM193A	57
P78314	SH3BP2	26
P78316	NOP14	40
P78317	RNF4	6
P78318	IGBP1	19
P78324	SIRPA	25
P78325	ADAM8	32
P78329	CYP4F2	29
P78330	PSPH	13
P78332	RBM6	66
P78333	GPC5	26
P78334	GABRE	18
P78337	PITX1	12
P78344	EIF4G2	49
P78345	RPP38	18
P78346	RPP30	15
P78347	GTF2I	49
P78348	ASIC1	21
P78352	DLG4	33
P78356	PIP4K2B	19
P78357	CNTNAP1	59
P78358	CTAG1A	6
P78362	SRPK2	29
P78363	ABCA4	96
P78364	PHC1	21
P78367	NKX3-2	13
P78368	CSNK1G2	19
P78369	CLDN10	8
P78371	CCT2	32
P78380	OLR1	10
P78381	SLC35A2	12
P78382	SLC35A1	14
P78383	SLC35B1	6
P78385	KRT83	27
P78386	KRT85	33
P78395	PRAME	22
P78396	CCNA1	22
P78406	RAE1	13
P78410	BTN3A2	17
P78411	IRX5	18
P78412	IRX6	22
P78413	IRX4	23
P78415	IRX3	13
P78417	GSTO1	15
P78423	CX3CL1	20
P78424	POU6F2	12
P78426	NKX6-1	13
P78504	JAG1	50
P78508	KCNJ10	11
P78509	RELN	118
P78524	DENND2B	53
P78527	PRKDC	224
P78536	ADAM17	44
P78537	BLOC1S1	8
P78539	SRPX	26
P78540	ARG2	13
P78543	BTG2	8
P78545	ELF3	14
P78549	NTHL1	17
P78552	IL13RA1	20
P78556	CCL20	3
P78559	MAP1A	103
P78560	CRADD	9
P78562	PHEX	41
P78563	ADARB1	29
P79483	HLA-DRB3	14
P79522	PRR3	6
P80075	CCL8	3
P80098	CCL7	3
P80108	GPLD1	37
P80162	CXCL6	5
P80188	LCN2	9
P80192	MAP3K9	49
P80217	IFI35	19
P80294	MT1H	3
P80297	MT1X	3
P80303	NUCB2	21
P80365	HSD11B2	18
P80370	DLK1	12
P80404	ABAT	32
P80511	S100A12	4
P80723	BASP1	11
P81172	HAMP	2
P81274	GPSM2	34
P81408	ENTREP3	23
P81534	DEFB103A	2
P81605	DCD	5
P82094	TMF1	63
P82251	SLC7A9	11
P82279	CRB1	39
P82650	MRPS22	24
P82930	MRPS34	13
P82932	MRPS6	8
P82979	SARNP	9
P82987	ADAMTSL3	83
P83105	HTRA4	22
P83110	HTRA3	16
P83111	LACTB	23
P83369	LSM11	18
P83436	COG7	40
P83731	RPL24	9
P83876	TXNL4A	9
P83881	RPL36A	4
P83916	CBX1	10
P84022	SMAD3	19
P84074	HPCA	15
P84077	ARF1	10
P84085	ARF5	11
P84090	ERH	5
P84095	RHOG	11
P84098	RPL19	6
P84103	SRSF3	7
P84243	H3-3A	4
P84550	SKOR1	44
P84996	GNAS	29
P85037	FOXK1	31
P85298	ARHGAP8	24
P85299	PRR5	20
P86397	HTD2	7
P86452	ZBED6	42
P86479	PRR20C	2
P86480	PRR20D	2
P98066	TNFAIP6	15
P98073	TMPRSS15	38
P98077	SHC2	28
P98082	DAB2	29
P98088	MUC5AC	183
P98095	FBLN2	45
P98153	DGCR2	16
P98155	VLDLR	45
P98160	HSPG2	173
P98161	PKD1	144
P98164	LRP2	204
P98168	ZXDA	27
P98170	XIAP	31
P98171	ARHGAP4	40
P98172	EFNB1	20
P98173	FAM3A	12
P98174	FGD1	44
P98175	RBM10	40
P98177	FOXO4	16
P98179	RBM3	8
P98182	ZNF200	20
P98187	CYP4F8	28
P98194	ATP2C1	40
P98196	ATP11A	51
P98198	ATP8B2	47
P99999	CYCS	6
Q00005	PPP2R2B	19
Q00013	MPP1	24
Q00056	HOXA4	13
Q00059	TFAM	16
Q00169	PITPNA	18
Q00266	MAT1A	17
Q00325	SLC25A3	19
Q00341	HDLBP	66
Q00403	GTF2B	18
Q00444	HOXC5	9
Q00526	CDK3	18
Q00532	CDKL1	21
Q00534	CDK6	19
Q00535	CDK5	16
Q00536	CDK16	28
Q00537	CDK17	28
Q00577	PURA	9
Q00587	CDC42EP1	19
Q00597	FANCC	27
Q00604	NDP	7
Q00610	CLTC	88
Q00613	HSF1	17
Q00653	NFKB2	40
Q00688	FKBP3	12
Q00722	PLCB2	56
Q00765	REEP5	7
Q00796	SORD	22
Q00839	HNRNPU	33
Q00872	MYBPC1	59
Q00887	PSG9	26
Q00889	PSG6	22
Q00973	B4GALNT1	28
Q00975	CACNA1B	94
Q00978	IRF9	15
Q00987	MDM2	18
Q00994	BEX3	2
Q00G26	PLIN5	24
Q00LT1	PRCD	3
Q01064	PDE1B	26
Q01081	U2AF1	11
Q01082	SPTBN1	139
Q01085	TIAL1	16
Q01094	E2F1	17
Q01101	INSM1	24
Q01105	SET	9
Q01113	IL9R	11
Q01118	SCN7A	67
Q01130	SRSF2	9
Q01151	CD83	13
Q01167	FOXK2	27
Q01196	RUNX1	19
Q01201	RELB	29
Q01344	IL5RA	21
Q01362	MS4A2	8
Q01415	GALK2	21
Q01432	AMPD3	31
Q01433	AMPD2	36
Q01449	MYL7	10
Q01453	PMP22	1
Q01459	CTBS	19
Q01469	FABP5	8
Q01484	ANK2	203
Q01518	CAP1	28
Q01523	DEFA5	5
Q01524	DEFA6	6
Q01534	TSPY1	11
Q01538	MYT1	51
Q01543	FLI1	21
Q01546	KRT76	36
Q01581	HMGCS1	24
Q01628	IFITM3	4
Q01629	IFITM2	4
Q01638	IL1RL1	32
Q01650	SLC7A5	16
Q01658	DR1	7
Q01664	TFAP4	18
Q01668	CACNA1D	86
Q01718	MC2R	8
Q01726	MC1R	8
Q01740	FMO1	24
Q01780	EXOSC10	53
Q01804	OTUD4	51
Q01813	PFKP	32
Q01814	ATP2B2	55
Q01826	SATB1	33
Q01831	XPC	42
Q01844	EWSR1	17
Q01850	CDR2	23
Q01851	POU4F1	14
Q01860	POU5F1	10
Q01892	SPIB	5
Q01954	BNC1	40
Q01955	COL4A3	70
Q01959	SLC6A3	18
Q01968	OCRL	44
Q01970	PLCB3	55
Q01973	ROR1	38
Q01974	ROR2	35
Q02040	AKAP17A	32
Q02078	MEF2A	13
Q02080	MEF2B	13
Q02083	NAAA	19
Q02086	SP2	11
Q02094	RHAG	6
Q02108	GUCY1A1	34
Q02127	DHODH	23
Q02153	GUCY1B1	37
Q02156	PRKCE	42
Q02161	RHD	8
Q02218	OGDH	47
Q02221	COX6A2	4
Q02223	TNFRSF17	10
Q02224	CENPE	165
Q02241	KIF23	50
Q02246	CNTN2	48
Q02252	ALDH6A1	27
Q02297	NRG1	29
Q02318	CYP27A1	27
Q02363	ID2	4
Q02383	SEMG2	34
Q02388	COL7A1	148
Q02410	APBA1	31
Q02413	DSG1	37
Q02446	SP4	11
Q02447	SP3	9
Q02487	DSC2	41
Q02505	MUC3A	34
Q02535	ID3	4
Q02539	H1-1	7
Q02543	RPL18A	9
Q02548	PAX5	11
Q02556	IRF8	25
Q02575	NHLH1	5
Q02577	NHLH2	6
Q02641	CACNB1	25
Q02643	GHRHR	11
Q02742	GCNT1	29
Q02747	GUCA2A	4
Q02750	MAP2K1	16
Q02763	TEK	46
Q02779	MAP3K10	42
Q02790	FKBP4	29
Q02809	PLOD1	44
Q02817	MUC2	83
Q02818	NUCB1	28
Q02833	RASSF7	20
Q02846	GUCY2D	47
Q02878	RPL6	15
Q02880	TOP2B	87
Q02928	CYP4A11	27
Q02930	CREB5	17
Q02952	AKAP12	83
Q02962	PAX2	14
Q02978	SLC25A11	18
Q02985	CFHR3	15
Q03001	DST	425
Q03013	GSTM4	16
Q03014	HHEX	9
Q03052	POU3F1	12
Q03060	CREM	5
Q03111	MLLT1	20
Q03112	MECOM	56
Q03113	GNA12	21
Q03135	CAV1	10
Q03154	ACY1	22
Q03164	KMT2A	153
Q03167	TGFBR3	30
Q03181	PPARD	20
Q03188	CENPC	48
Q03252	LMNB2	37
Q03393	PTS	10
Q03395	ROM1	9
Q03403	TFF2	5
Q03405	PLAUR	17
Q03426	MVK	17
Q03431	PTH1R	22
Q03468	ERCC6	69
Q03518	TAP1	25
Q03519	TAP2	26
Q03591	CFHR1	15
Q03692	COL10A1	31
Q03721	KCNC4	26
Q03923	ZNF85	37
Q03933	HSF2	20
Q03989	ARID5A	31
Q04118	PRB3	1
Q04206	RELA	20
Q04323	UBXN1	12
Q04446	GBE1	32
Q04609	FOLH1	41
Q04637	EIF4G1	64
Q04656	ATP7A	54
Q04671	OCA2	26
Q04695	KRT17	29
Q04721	NOTCH2	74
Q04724	TLE1	32
Q04725	TLE2	28
Q04726	TLE3	34
Q04727	TLE4	32
Q04741	EMX1	11
Q04743	EMX2	12
Q04756	HGFAC	25
Q04759	PRKCQ	39
Q04760	GLO1	11
Q04771	ACVR1	17
Q04828	AKR1C1	18
Q04837	SSBP1	9
Q04844	CHRNE	23
Q04864	REL	22
Q04900	CD164	4
Q04912	MST1R	48
Q04917	YWHAH	16
Q04941	PLP2	5
Q05048	CSTF1	17
Q05066	SRY	10
Q05084	ICA1	29
Q05086	UBE3A	42
Q05193	DNM1	46
Q05195	MXD1	9
Q05209	PTPN12	42
Q05215	EGR4	17
Q05315	CLC	7
Q05329	GAD2	22
Q05397	PTK2	55
Q05469	LIPE	55
Q05481	ZNF91	63
Q05513	PRKCZ	26
Q05516	ZBTB16	32
Q05519	SRSF11	12
Q05586	GRIN1	48
Q05639	EEF1A2	19
Q05655	PRKCD	38
Q05682	CALD1	28
Q05707	COL14A1	74
Q05823	RNASEL	46
Q05901	CHRNB3	22
Q05923	DUSP2	12
Q05925	EN1	13
Q05932	FPGS	27
Q05940	SLC18A2	13
Q05952	TNP2	5
Q05996	ZP2	31
Q05BQ5	MBTD1	26
Q05D32	CTDSPL2	20
Q05D60	DEUP1	29
Q06033	ITIH3	35
Q06055	ATP5MC2	5
Q06124	PTPN11	39
Q06136	KDSR	12
Q06141	REG3A	5
Q06187	BTK	43
Q06190	PPP2R3A	52
Q06210	GFPT1	43
Q06265	EXOSC9	16
Q06278	AOX1	67
Q06323	PSME1	15
Q06330	RBPJ	19
Q06413	MEF2C	14
Q06416	POU5F1B	9
Q06418	TYRO3	42
Q06432	CACNG1	6
Q06455	RUNX1T1	30
Q06481	APLP2	35
Q06495	SLC34A1	25
Q06520	SULT2A1	15
Q06546	GABPA	19
Q06547	GABPB1	10
Q06587	RING1	12
Q06609	RAD51	16
Q06643	LTB	8
Q06710	PAX8	15
Q06730	ZNF33A	48
Q06787	FMR1	34
Q06828	FMOD	13
Q06830	PRDX1	14
Q06889	EGR3	9
Q06945	SOX4	10
Q07001	CHRND	19
Q07002	CDK18	26
Q07011	TNFRSF9	11
Q07020	RPL18	7
Q07021	C1QBP	14
Q07065	CKAP4	38
Q07075	ENPEP	46
Q07092	COL16A1	63
Q07108	CD69	7
Q07157	TJP1	79
Q07283	TCHH	69
Q07325	CXCL9	5
Q07326	PIGF	0
Q07343	PDE4B	34
Q07352	ZFP36L1	13
Q07444	KLRC3	14
Q07617	SPAG1	53
Q07627	KRTAP1-1	1
Q07654	TFF3	3
Q07666	KHDRBS1	12
Q07687	DLX2	6
Q07699	SCN1B	10
Q07812	BAX	9
Q07817	BCL2L1	9
Q07820	MCL1	14
Q07837	SLC3A1	34
Q07864	POLE	104
Q07866	KLC1	35
Q07869	PPARA	15
Q07889	SOS1	74
Q07890	SOS2	72
Q07912	TNK2	40
Q07954	LRP1	222
Q07955	SRSF1	13
Q07960	ARHGAP1	24
Q07973	CYP24A1	28
Q08043	ACTN3	56
Q08050	FOXM1	32
Q08116	RGS1	14
Q08117	TLE5	8
Q08170	SRSF4	14
Q08174	PCDH1	40
Q08188	TGM3	40
Q08209	PPP3CA	23
Q08211	DHX9	61
Q08257	CRYZ	18
Q08289	CACNB2	30
Q08334	IL10RB	14
Q08345	DDR1	37
Q08357	SLC20A2	20
Q08378	GOLGA3	81
Q08379	GOLGA2	46
Q08380	LGALS3BP	26
Q08397	LOXL1	24
Q08426	EHHADH	41
Q08431	MFGE8	24
Q08462	ADCY2	45
Q08477	CYP4F3	27
Q08493	PDE4C	34
Q08495	DMTN	22
Q08499	PDE4D	36
Q08554	DSC1	44
Q08623	PUDP	8
Q08629	SPOCK1	20
Q08708	CD300C	4
Q08722	CD47	10
Q08752	PPID	24
Q08828	ADCY1	43
Q08830	FGL1	15
Q08881	ITK	35
Q08945	SSRP1	30
Q08999	RBL2	61
Q08AD1	CAMSAP2	73
Q08AE8	SPIRE1	37
Q08AG5	ZNF844	34
Q08AG7	MZT1	5
Q08AH1	ACSM1	32
Q08AH3	ACSM2A	32
Q08AM6	VAC14	39
Q08ET2	SIGLEC14	21
Q08J23	NSUN2	44
Q09013	DMPK	23
Q09019	DMWD	29
Q09028	RBBP4	13
Q09161	NCBP1	33
Q09327	MGAT3	26
Q09328	MGAT5	35
Q09428	ABCC8	66
Q09470	KCNA1	21
Q09472	EP300	67
Q09666	AHNAK	377
Q09FC8	ZNF415	31
Q0D2H9	GOLGA8DP	18
Q0D2I5	IFFO1	22
Q0D2K0	NIPAL4	14
Q0D2K3	RIPPLY1	2
Q0GE19	SLC10A7	6
Q0IIM8	TBC1D8B	52
Q0JRZ9	FCHO2	33
Q0P5N6	ARL16	8
Q0PNE2	ELP6	17
Q0VAK6	LMOD3	30
Q0VAM2	RASGEF1B	25
Q0VAQ4	SMAGP	2
Q0VD83	APOBR	49
Q0VD86	INCA1	12
Q0VDD7	BRME1	22
Q0VDD8	DNAH14	168
Q0VDF9	HSPA14	27
Q0VF96	CGNL1	76
Q0VG06	FAAP100	32
Q0VG99	MESP2	10
Q0VGL1	LAMTOR4	3
Q0WX57	USP17L24	25
Q0ZGT2	NEXN	30
Q10469	MGAT2	21
Q10471	GALNT2	32
Q10472	GALNT1	28
Q10567	AP1B1	42
Q10570	CPSF1	67
Q10571	MN1	34
Q10586	DBP	14
Q10587	TEF	9
Q10588	BST1	19
Q10589	BST2	10
Q10713	PMPCA	28
Q10981	FUT2	16
Q11128	FUT5	18
Q11130	FUT7	18
Q11201	ST3GAL1	18
Q11203	ST3GAL3	20
Q11206	ST3GAL4	21
Q12756	KIF1A	89
Q12765	SCRN1	16
Q12767	TMEM94	45
Q12768	WASHC5	70
Q12769	NUP160	57
Q12770	SCAP	45
Q12772	SREBF2	46
Q12774	ARHGEF5	76
Q12778	FOXO1	23
Q12788	TBL3	44
Q12789	GTF3C1	111
Q12791	KCNMA1	52
Q12792	TWF1	23
Q12794	HYAL1	15
Q12797	ASPH	30
Q12798	CETN1	9
Q12800	TFCP2	19
Q12802	AKAP13	115
Q12805	EFEMP1	23
Q12809	KCNH2	54
Q12815	TROAP	30
Q12816	TRO	27
Q12824	SMARCB1	19
Q12829	RAB40B	17
Q12830	BPTF	133
Q12834	CDC20	21
Q12836	ZP4	18
Q12837	POU4F2	14
Q12840	KIF5A	57
Q12841	FSTL1	22
Q12846	STX4	15
Q12849	GRSF1	27
Q12851	MAP4K2	36
Q12852	MAP3K12	35
Q12857	NFIA	19
Q12860	CNTN1	53
Q12864	CDH17	39
Q12866	MERTK	44
Q12870	TCF15	11
Q12873	CHD3	91
Q12874	SF3A3	23
Q12879	GRIN2A	63
Q12882	DPYD	53
Q12884	FAP	42
Q12887	COX10	14
Q12888	TP53BP1	88
Q12889	OVGP1	39
Q12891	HYAL2	14
Q12893	TMEM115	10
Q12894	IFRD2	16
Q12899	TRIM26	27
Q12904	AIMP1	17
Q12905	ILF2	19
Q12906	ILF3	35
Q12907	LMAN2	17
Q12908	SLC10A2	6
Q12912	IRAG2	34
Q12913	PTPRJ	56
Q12918	KLRB1	11
Q12923	PTPN13	123
Q12926	ELAVL2	16
Q12929	EPS8	34
Q12931	TRAP1	39
Q12933	TRAF2	26
Q12934	BFSP1	30
Q12946	FOXF1	9
Q12947	FOXF2	11
Q12948	FOXC1	14
Q12951	FOXI1	11
Q12952	FOXL1	13
Q12955	ANK3	220
Q12959	DLG1	35
Q12962	TAF10	7
Q12965	MYO1E	58
Q12967	RALGDS	29
Q12968	NFATC3	32
Q12972	PPP1R8	12
Q12974	PTP4A2	10
Q12979	ABR	43
Q12980	NPRL3	25
Q12981	BNIP1	14
Q12982	BNIP2	11
Q12983	BNIP3	11
Q12986	NFX1	61
Q12996	CSTF3	37
Q13002	GRIK2	40
Q13003	GRIK3	47
Q13007	IL24	6
Q13009	TIAM1	77
Q13011	ECH1	18
Q13015	MLLT11	5
Q13017	ARHGAP5	72
Q13018	PLA2R1	55
Q13021	MALL	2
Q13023	AKAP6	102
Q13029	PRDM2	74
Q13033	STRN3	28
Q13042	CDC16	26
Q13043	STK4	26
Q13045	FLII	61
Q13049	TRIM32	36
Q13057	COASY	17
Q13061	TRDN	22
Q13064	MKRN3	22
Q13075	NAIP	72
Q13077	TRAF1	20
Q13084	MRPL28	13
Q13085	ACACA	120
Q13087	PDIA2	28
Q13093	PLA2G7	23
Q13094	LCP2	23
Q13098	GPS1	18
Q13099	IFT88	36
Q13105	ZBTB17	36
Q13107	USP4	46
Q13111	CHAF1A	40
Q13112	CHAF1B	25
Q13113	PDZK1IP1	3
Q13114	TRAF3	38
Q13115	DUSP4	15
Q13117	DAZ2	9
Q13118	KLF10	22
Q13123	IK	23
Q13126	MTAP	18
Q13127	REST	44
Q13129	RLF	84
Q13131	PRKAA1	26
Q13133	NR1H3	19
Q13136	PPFIA1	59
Q13137	CALCOCO2	25
Q13144	EIF2B5	29
Q13145	BAMBI	14
Q13148	TARDBP	13
Q13151	HNRNPA0	14
Q13153	PAK1	24
Q13155	AIMP2	16
Q13156	RPA4	13
Q13158	FADD	7
Q13162	PRDX4	15
Q13163	MAP2K5	21
Q13164	MAPK7	27
Q13177	PAK2	23
Q13183	SLC13A2	14
Q13185	CBX3	8
Q13188	STK3	27
Q13190	STX5	18
Q13191	CBLB	50
Q13200	PSMD2	49
Q13201	MMRN1	76
Q13202	DUSP8	29
Q13206	DDX10	45
Q13207	TBX2	26
Q13214	SEMA3B	38
Q13216	ERCC8	22
Q13217	DNAJC3	24
Q13219	PAPPA	60
Q13224	GRIN2B	61
Q13227	GPS2	10
Q13228	SELENBP1	31
Q13231	CHIT1	21
Q13232	NME3	12
Q13233	MAP3K1	65
Q13237	PRKG2	42
Q13239	SLA	13
Q13241	KLRD1	6
Q13242	SRSF9	15
Q13243	SRSF5	8
Q13247	SRSF6	16
Q13253	NOG	9
Q13255	GRM1	52
Q13257	MAD2L1	14
Q13258	PTGDR	12
Q13261	IL15RA	10
Q13263	TRIM28	28
Q13268	DHRS2	14
Q13275	SEMA3F	40
Q13277	STX3	11
Q13283	G3BP1	20
Q13285	NR5A1	17
Q13286	CLN3	9
Q13287	NMI	21
Q13291	SLAMF1	12
Q13303	KCNAB2	17
Q13308	PTK7	52
Q13309	SKP2	22
Q13310	PABPC4	31
Q13315	ATM	161
Q13316	DMP1	18
Q13319	CDK5R2	15
Q13322	GRB10	26
Q13323	BIK	4
Q13324	CRHR2	13
Q13325	IFIT5	23
Q13326	SGCG	16
Q13330	MTA1	45
Q13332	PTPRS	81
Q13336	SLC14A1	10
Q13342	SP140	50
Q13347	EIF3I	19
Q13349	ITGAD	48
Q13351	KLF1	9
Q13352	ITGB3BP	9
Q13356	PPIL2	29
Q13360	ZNF177	28
Q13361	MFAP5	7
Q13362	PPP2R5C	24
Q13363	CTBP1	19
Q13367	AP3B2	59
Q13368	MPP3	35
Q13370	PDE3B	46
Q13371	PDCL	14
Q13387	MAPK8IP2	23
Q13393	PLD1	55
Q13394	MAB21L1	21
Q13395	TARBP1	83
Q13402	MYO7A	107
Q13404	UBE2V1	10
Q13405	MRPL49	11
Q13409	DYNC1I2	19
Q13410	BTN1A1	27
Q13415	ORC1	43
Q13416	ORC2	30
Q13418	ILK	24
Q13421	MSLN	28
Q13422	IKZF1	25
Q13423	NNT	43
Q13424	SNTA1	25
Q13425	SNTB2	27
Q13426	XRCC4	18
Q13427	PPIG	20
Q13428	TCOF1	68
Q13432	UNC119	11
Q13433	SLC39A6	19
Q13435	SF3B2	40
Q13438	OS9	32
Q13439	GOLGA4	135
Q13443	ADAM9	41
Q13444	ADAM15	33
Q13445	TMED1	6
Q13449	LSAMP	18
Q13451	FKBP5	28
Q13454	TUSC3	14
Q13459	MYO9B	114
Q13461	FOXE3	8
Q13464	ROCK1	81
Q13467	FZD5	21
Q13469	NFATC2	35
Q13470	TNK1	29
Q13472	TOP3A	49
Q13477	MADCAM1	10
Q13478	IL18R1	26
Q13480	GAB1	28
Q13485	SMAD4	19
Q13487	SNAPC2	11
Q13488	TCIRG1	36
Q13489	BIRC3	29
Q13490	BIRC2	33
Q13491	GPM6B	5
Q13492	PICALM	22
Q13495	MAMLD1	20
Q13496	MTM1	36
Q13501	SQSTM1	15
Q13503	MED21	6
Q13505	MTX1	24
Q13507	TRPC3	43
Q13508	ART3	21
Q13509	TUBB3	19
Q13510	ASAH1	21
Q13515	BFSP2	25
Q13516	OLIG2	10
Q13519	PNOC	10
Q13520	AQP6	11
Q13522	PPP1R1A	8
Q13523	PRP4K	41
Q13526	PIN1	9
Q13530	SERINC3	19
Q13535	ATR	136
Q13541	EIF4EBP1	3
Q13542	EIF4EBP2	4
Q13546	RIPK1	31
Q13547	HDAC1	23
Q13554	CAMK2B	30
Q13555	CAMK2G	24
Q13557	CAMK2D	24
Q13561	DCTN2	20
Q13562	NEUROD1	11
Q13563	PKD2	39
Q13564	NAE1	24
Q13568	IRF5	21
Q13569	TDG	10
Q13571	LAPTM5	9
Q13572	ITPK1	16
Q13573	SNW1	25
Q13574	DGKZ	41
Q13576	IQGAP2	82
Q13585	GPR50	13
Q13586	STIM1	33
Q13588	GRAP	13
Q13591	SEMA5A	45
Q13595	TRA2A	13
Q13596	SNX1	23
Q13601	KRR1	18
Q13608	PEX6	38
Q13609	DNASE1L3	17
Q13610	PWP1	20
Q13613	MTMR1	32
Q13614	MTMR2	31
Q13615	MTMR3	63
Q13616	CUL1	47
Q13617	CUL2	41
Q13618	CUL3	44
Q13619	CUL4A	47
Q13620	CUL4B	57
Q13621	SLC12A1	41
Q13625	TP53BP2	45
Q13627	DYRK1A	27
Q13630	GFUS	16
Q13634	CDH18	37
Q13635	PTCH1	56
Q13636	RAB31	13
Q13637	RAB32	14
Q13639	HTR4	9
Q13641	TPBG	18
Q13642	FHL1	18
Q13643	FHL3	13
Q13651	IL10RA	14
Q13671	RIN1	34
Q13683	ITGA7	47
Q13685	AAMP	14
Q13686	ALKBH1	19
Q13698	CACNA1S	62
Q13702	RAPSN	27
Q13705	ACVR2B	25
Q13724	MOGS	41
Q13733	ATP1A4	46
Q13740	ALCAM	27
Q13751	LAMB3	60
Q13753	LAMC2	55
Q13761	RUNX3	15
Q13765	NACA	6
Q13769	THOC5	35
Q13772	NCOA4	29
Q13790	APOF	13
Q13794	PMAIP1	3
Q13795	ARFRP1	12
Q13796	SHROOM2	90
Q13797	ITGA9	39
Q13813	SPTAN1	143
Q13822	ENPP2	37
Q13823	GNL2	36
Q13825	AUH	18
Q13829	TNFAIP1	21
Q13835	PKP1	46
Q13838	DDX39B	21
Q13867	BLMH	26
Q13868	EXOSC2	14
Q13873	BMPR2	46
Q13875	MOBP	6
Q13882	PTK6	27
Q13884	SNTB1	30
Q13885	TUBB2A	19
Q13886	KLF9	9
Q13887	KLF5	15
Q13888	GTF2H2	21
Q13889	GTF2H3	14
Q13895	BYSL	26
Q13901	C1D	4
Q13905	RAPGEF1	49
Q13907	IDI1	11
Q13936	CACNA1C	85
Q13939	CCIN	33
Q13946	PDE7A	23
Q13948	CUX1	47
Q13950	RUNX2	17
Q13951	CBFB	9
Q13952	NFYC	14
Q13972	RASGRF1	61
Q13976	PRKG1	35
Q14002	CEACAM7	12
Q14003	KCNC3	20
Q14004	CDK13	62
Q14005	IL16	69
Q14008	CKAP5	109
Q14011	CIRBP	10
Q14012	CAMK1	15
Q14019	COTL1	9
Q14028	CNGB1	51
Q14031	COL4A6	70
Q14032	BAAT	13
Q14050	COL9A3	23
Q14055	COL9A2	34
Q14061	COX17	4
Q14088	RAB33A	13
Q14103	HNRNPD	13
Q14106	TOB2	12
Q14108	SCARB2	21
Q14112	NID2	56
Q14114	LRP8	50
Q14116	IL18	12
Q14117	DPYS	24
Q14118	DAG1	39
Q14119	VEZF1	17
Q14123	PDE1C	37
Q14126	DSG2	46
Q14129	DGCR6	9
Q14134	TRIM29	35
Q14135	VGLL4	16
Q14137	BOP1	33
Q14139	UBE4A	48
Q14140	SERTAD2	13
Q14141	SEPTIN6	20
Q14142	TRIM14	27
Q14145	KEAP1	34
Q14147	DHX34	61
Q14149	MORC3	52
Q14151	SAFB2	41
Q14152	EIF3A	64
Q14153	FAM53B	20
Q14154	DELE1	28
Q14155	ARHGEF7	40
Q14156	EFR3A	45
Q14157	UBAP2L	29
Q14159	SPIDR	43
Q14160	SCRIB	73
Q14161	GIT2	33
Q14162	SCARF1	33
Q14164	IKBKE	36
Q14165	MLEC	16
Q14166	TTLL12	33
Q14168	MPP2	32
Q14181	POLA2	23
Q14183	DOC2A	21
Q14184	DOC2B	20
Q14185	DOCK1	99
Q14186	TFDP1	13
Q14188	TFDP2	14
Q14190	SIM2	29
Q14191	WRN	73
Q14192	FHL2	18
Q14194	CRMP1	31
Q14195	DPYSL3	29
Q14197	MRPL58	10
Q14202	ZMYM3	53
Q14203	DCTN1	59
Q14204	DYNC1H1	255
Q14207	NPAT	57
Q14209	E2F2	13
Q14210	LY6D	6
Q14213	EBI3	6
Q14232	EIF2B1	16
Q14240	EIF4A2	22
Q14241	ELOA	36
Q14242	SELPLG	10
Q14244	MAP7	26
Q14246	ADGRE1	22
Q14247	CTTN	27
Q14249	ENDOG	18
Q14254	FLOT2	26
Q14257	RCN2	14
Q14258	TRIM25	32
Q14264	ERV3-1	23
Q14289	PTK2B	64
Q14296	FASTK	25
Q14314	FGL2	21
Q14315	FLNC	143
Q14318	FKBP8	18
Q14320	FAM50A	16
Q14331	FRG1	13
Q14332	FZD2	20
Q14344	GNA13	24
Q14353	GAMT	8
Q14376	GALE	16
Q14392	LRRC32	26
Q14393	GAS6	34
Q14397	GCKR	30
Q14406	CSHL1	11
Q14410	GK2	27
Q14416	GRM2	40
Q14432	PDE3A	44
Q14435	GALNT3	25
Q14442	PIGH	10
Q14444	CAPRIN1	21
Q14449	GRB14	25
Q14451	GRB7	26
Q14457	BECN1	20
Q14469	HES1	10
Q14493	SLBP	11
Q14494	NFE2L1	21
Q14498	RBM39	24
Q14500	KCNJ12	18
Q14508	WFDC2	6
Q14511	NEDD9	41
Q14512	FGFBP1	9
Q14515	SPARCL1	33
Q14517	FAT1	176
Q14520	HABP2	17
Q14524	SCN5A	63
Q14525	KRT33B	26
Q14526	HIC1	31
Q14527	HLTF	56
Q14532	KRT32	24
Q14533	KRT81	27
Q14534	SQLE	25
Q14541	HNF4G	18
Q14542	SLC29A2	12
Q14554	PDIA5	26
Q14558	PRPSAP1	21
Q14562	DHX8	64
Q14563	SEMA3A	40
Q14565	DMC1	17
Q14566	MCM6	48
Q14568	HSP90AA2P	15
Q14571	ITPR2	137
Q14573	ITPR3	134
Q14574	DSC3	45
Q14584	ZNF266	32
Q14585	ZNF345	30
Q14587	ZNF268	58
Q14592	ZNF460	14
Q14596	NBR1	31
Q14623	IHH	21
Q14624	ITIH4	44
Q14626	IL11RA	12
Q14627	IL13RA2	17
Q14642	INPP5A	23
Q14643	ITPR1	136
Q14644	RASA3	48
Q14651	PLS1	33
Q14653	IRF3	20
Q14654	KCNJ11	13
Q14656	TMEM187	8
Q14657	LAGE3	6
Q14667	BLTP2	103
Q14669	TRIP12	101
Q14671	PUM1	39
Q14674	ESPL1	104
Q14676	MDC1	78
Q14677	CLINT1	21
Q14678	KANK1	58
Q14679	TTLL4	49
Q14680	MELK	36
Q14683	SMC1A	70
Q14684	RRP1B	32
Q14686	NCOA6	49
Q14687	GSE1	51
Q14689	DIP2A	74
Q14690	PDCD11	91
Q14691	GINS1	13
Q14692	BMS1	51
Q14693	LPIN1	43
Q14694	USP10	34
Q14696	MESD	11
Q14697	GANAB	42
Q14699	RFTN1	28
Q14703	MBTPS1	46
Q14714	SSPN	9
Q14721	KCNB1	39
Q14722	KCNAB1	22
Q14728	SLC75A1	17
Q14738	PPP2R5D	28
Q14739	LBR	22
Q14746	COG2	43
Q14749	GNMT	16
Q14764	MVP	43
Q14765	STAT4	35
Q14766	LTBP1	69
Q14767	LTBP2	56
Q14773	ICAM4	12
Q14774	HLX	13
Q14781	CBX2	29
Q14789	GOLGB1	187
Q14790	CASP8	25
Q147X3	NAA30	18
Q14802	FXYD3	2
Q14807	KIF22	36
Q14814	MEF2D	14
Q14831	GRM7	42
Q14832	GRM3	41
Q14833	GRM4	41
Q14839	CHD4	87
Q14847	LASP1	14
Q14849	STARD3	21
Q14863	POU6F1	10
Q14865	ARID5B	67
Q14872	MTF1	18
Q14894	CRYM	13
Q14896	MYBPC3	59
Q14914	PTGR1	14
Q14916	SLC17A1	12
Q14919	DRAP1	9
Q14934	NFATC4	42
Q14938	NFIX	21
Q14940	SLC9A5	33
Q14943	KIR3DS1	19
Q14953	KIR2DS5	15
Q14954	KIR2DS1	15
Q14956	GPNMB	20
Q14957	GRIN2C	50
Q14964	RAB39A	16
Q14966	ZNF638	92
Q14973	SLC10A1	11
Q14974	KPNB1	35
Q14978	NOLC1	40
Q14980	NUMA1	117
Q14982	OPCML	17
Q14990	ODF1	11
Q14993	COL19A1	58
Q14994	NR1I3	15
Q14995	NR1D2	28
Q14997	PSME4	85
Q14999	CUL7	77
Q149M9	NWD1	84
Q149N8	SHPRH	87
Q14BN4	SLMAP	54
Q14C86	GAPVD1	62
Q14CB8	ARHGAP19	27
Q14CM0	FRMPD4	65
Q14CN2	CLCA4	38
Q14CN4	KRT72	33
Q14CS0	UBXN2B	17
Q14CW9	ATXN7L3	16
Q14CX7	NAA25	48
Q14CZ0	HAPSTR1	14
Q14CZ7	FASTKD3	35
Q14CZ8	HEPACAM	18
Q14D04	VEPH1	42
Q14D33	RTP5	19
Q15003	NCAPH	35
Q15004	PCLAF	6
Q15005	SPCS2	11
Q15006	EMC2	14
Q15007	WTAP	21
Q15008	PSMD6	25
Q15011	HERPUD1	13
Q15012	LAPTM4A	8
Q15013	MAD2L1BP	13
Q15014	MORF4L2	17
Q15018	ABRAXAS2	16
Q15019	SEPTIN2	20
Q15020	SART3	51
Q15021	NCAPD2	77
Q15022	SUZ12	33
Q15024	EXOSC7	18
Q15025	TNIP1	26
Q15027	ACAP1	39
Q15029	EFTUD2	52
Q15031	LARS2	45
Q15034	HERC3	42
Q15036	SNX17	24
Q15038	DAZAP2	1
Q15040	JOSD1	12
Q15041	ARL6IP1	4
Q15042	RAB3GAP1	50
Q15043	SLC39A14	13
Q15046	KARS1	28
Q15047	SETDB1	63
Q15049	MLC1	12
Q15050	RRS1	20
Q15051	IQCB1	30
Q15052	ARHGEF6	40
Q15054	POLD3	25
Q15056	EIF4H	14
Q15057	ACAP2	46
Q15058	KIF14	97
Q15059	BRD3	30
Q15061	WDR43	34
Q15063	POSTN	38
Q15067	ACOX1	30
Q15070	OXA1L	14
Q15072	ZNF146	19
Q15075	EEA1	80
Q15077	P2RY6	11
Q15078	CDK5R1	14
Q15080	NCF4	21
Q15084	PDIA6	17
Q15102	PAFAH1B3	15
Q15109	AGER	11
Q15111	PLCL1	53
Q15113	PCOLCE	18
Q15116	PDCD1	9
Q15118	PDK1	25
Q15119	PDK2	22
Q15120	PDK3	21
Q15121	PEA15	7
Q15124	PGM5	31
Q15125	EBP	4
Q15126	PMVK	12
Q15131	CDK10	20
Q15139	PRKD1	29
Q15147	PLCB4	67
Q15149	PLEC	291
Q15154	PCM1	83
Q15155	NOMO1	64
Q15165	PON2	13
Q15166	PON3	19
Q15170	TCEAL1	6
Q15172	PPP2R5A	24
Q15173	PPP2R5B	24
Q15181	PPA1	18
Q15185	PTGES3	9
Q15208	STK38	23
Q15223	NECTIN1	22
Q15233	NONO	19
Q15256	PTPRR	31
Q15257	PTPA	18
Q15262	PTPRK	60
Q15269	PWP2	40
Q15274	QPRT	11
Q15276	RABEP1	55
Q15283	RASA2	45
Q15286	RAB35	12
Q15287	RNPS1	13
Q15291	RBBP5	25
Q15293	RCN1	14
Q15303	ERBB4	59
Q15306	IRF4	22
Q15311	RALBP1	29
Q15319	POU4F3	14
Q15323	KRT31	24
Q15326	ZMYND11	29
Q15327	ANKRD1	17
Q15329	E2F5	12
Q15334	LLGL1	37
Q15345	LRRC41	31
Q15349	RPS6KA2	46
Q15363	TMED2	9
Q15365	PCBP1	17
Q15366	PCBP2	16
Q15369	ELOC	7
Q15370	ELOB	7
Q15375	EPHA7	44
Q15382	RHEB	9
Q15386	UBE3C	54
Q15388	TOMM20	5
Q15389	ANGPT1	31
Q15392	DHCR24	20
Q15393	SF3B3	53
Q15397	PUM3	33
Q15398	DLGAP5	47
Q15399	TLR1	41
Q15406	NR6A1	25
Q15413	RYR3	240
Q15415	RBMY1F	29
Q15417	CNN3	14
Q15418	RPS6KA1	43
Q15424	SAFB	37
Q15427	SF3B4	12
Q15428	SF3A2	14
Q15431	SYCP1	56
Q15435	PPP1R7	21
Q15436	SEC23A	37
Q15437	SEC23B	35
Q15438	CYTH1	21
Q15459	SF3A1	35
Q15464	SHB	25
Q15465	SHH	21
Q15466	NR0B2	5
Q15468	STIL	54
Q15475	SIX1	11
Q15477	SKIC2	57
Q15485	FCN2	14
Q15493	RGN	19
Q15506	SPA17	9
Q15517	CDSN	10
Q15526	SURF1	16
Q15528	MED22	7
Q15532	SS18	3
Q15542	TAF5	33
Q15543	TAF13	4
Q15544	TAF11	9
Q15545	TAF7	18
Q15546	MMD	8
Q15554	TERF2	25
Q15555	MAPRE2	16
Q15560	TCEA2	15
Q15561	TEAD4	11
Q15562	TEAD2	11
Q15569	TESK1	28
Q15572	TAF1C	38
Q15573	TAF1A	27
Q15582	TGFBI	30
Q15583	TGIF1	14
Q15596	NCOA2	50
Q15599	NHERF2	19
Q155Q3	DIXDC1	36
Q15617	OR8G1	7
Q15628	TRADD	13
Q15629	TRAM1	11
Q15631	TSN	12
Q15633	TARBP2	14
Q15637	SF1	14
Q15642	TRIP10	27
Q15643	TRIP11	112
Q15645	TRIP13	24
Q15646	OASL	27
Q15648	MED1	72
Q15649	ZNHIT3	10
Q15650	TRIP4	28
Q15652	JMJD1C	125
Q15653	NFKBIB	16
Q15654	TRIP6	21
Q15661	TPSAB1	12
Q15669	RHOH	8
Q15672	TWIST1	9
Q15678	PTPN14	51
Q15691	MAPRE1	15
Q15696	ZRSR2	19
Q15697	ZNF174	23
Q15699	ALX1	18
Q15700	DLG2	43
Q15714	TSC22D1	12
Q15717	ELAVL1	15
Q15722	LTB4R	13
Q15723	ELF2	24
Q15726	KISS1	6
Q15735	INPP5J	41
Q15738	NSDHL	23
Q15742	NAB2	22
Q15743	GPR68	11
Q15744	CEBPE	10
Q15746	MYLK	87
Q15750	TAB1	24
Q15751	HERC1	204
Q15758	SLC1A5	16
Q15759	MAPK11	16
Q15761	NPY5R	15
Q15762	CD226	14
Q15768	EFNB3	19
Q15771	RAB30	15
Q15772	SPEG	137
Q15776	ZKSCAN8	35
Q15777	MPPED2	13
Q15782	CHI3L2	18
Q15784	NEUROD2	18
Q15785	TOMM34	18
Q15788	NCOA1	55
Q15796	SMAD2	18
Q15797	SMAD1	22
Q15800	MSMO1	7
Q15811	ITSN1	74
Q15813	TBCE	33
Q15814	TBCC	22
Q15818	NPTX1	21
Q15819	UBE2V2	10
Q15822	CHRNA2	26
Q15825	CHRNA6	20
Q15828	CST6	7
Q15831	STK11	18
Q15833	STXBP2	33
Q15834	CCDC85B	11
Q15835	GRK1	24
Q15836	VAMP3	5
Q15842	KCNJ8	15
Q15843	NEDD8	3
Q15848	ADIPOQ	10
Q15849	SLC14A2	21
Q15853	USF2	10
Q15858	SCN9A	68
Q15878	CACNA1E	88
Q15884	ENTREP1	15
Q15904	ATP6AP1	19
Q15906	VPS72	12
Q15907	RAB11B	15
Q15910	EZH2	30
Q15911	ZFHX3	139
Q15915	ZIC1	12
Q15916	ZBTB6	23
Q15928	ZNF141	22
Q15942	ZYX	19
Q15973	ZNF124	17
Q16082	HSPB2	8
Q16099	GRIK4	38
Q16134	ETFDH	32
Q16143	SNCB	5
Q16181	SEPTIN7	22
Q16186	ADRM1	11
Q16204	CCDC6	21
Q16206	ENOX2	28
Q16222	UAP1	31
Q16236	NFE2L2	15
Q16254	E2F4	17
Q16270	IGFBP7	15
Q16280	CNGA2	27
Q16281	CNGA3	31
Q16288	NTRK3	33
Q16322	KCNA10	23
Q16342	PDCD2	15
Q16348	SLC15A2	25
Q16352	INA	32
Q16363	LAMA4	89
Q16384	SSX1	10
Q16385	SSX2	12
Q16394	EXT1	35
Q16401	PSMD5	27
Q16445	GABRA6	23
Q16478	GRIK5	41
Q16512	PKN1	39
Q16513	PKN2	53
Q16514	TAF12	6
Q16515	ASIC2	18
Q16518	RPE65	21
Q16520	BATF	4
Q16526	CRY1	30
Q16531	DDB1	50
Q16533	SNAPC1	21
Q16534	HLF	9
Q16537	PPP2R5E	21
Q16539	MAPK14	19
Q16540	MRPL23	9
Q16543	CDC37	15
Q16548	BCL2A1	12
Q16549	PCSK7	33
Q16552	IL17A	11
Q16553	LY6E	3
Q16555	DPYSL2	30
Q16558	KCNMB1	10
Q16560	SNRNP35	9
Q16563	SYPL1	10
Q16566	CAMK4	29
Q16568	CARTPT	6
Q16570	ACKR1	3
Q16572	SLC18A3	17
Q16576	RBBP7	15
Q16581	C3AR1	12
Q16584	MAP3K11	41
Q16585	SGCB	17
Q16586	SGCA	14
Q16587	ZNF74	40
Q16594	TAF9	17
Q16595	FXN	10
Q16600	ZNF239	28
Q16602	CALCRL	10
Q16610	ECM1	30
Q16611	BAK1	8
Q16612	NREP	3
Q16613	AANAT	12
Q16617	NKG7	0
Q16619	CTF1	9
Q16620	NTRK2	33
Q16621	NFE2	9
Q16623	STX1A	13
Q16625	OCLN	16
Q16627	CCL14	5
Q16629	SRSF7	11
Q16630	CPSF6	17
Q16633	POU2AF1	3
Q16635	TAFAZZIN	12
Q16637	SMN1	9
Q16643	DBN1	24
Q16644	MAPKAPK3	18
Q16647	PTGIS	26
Q16649	NFIL3	27
Q16650	TBR1	32
Q16651	PRSS8	6
Q16653	MOG	10
Q16654	PDK4	20
Q16655	MLANA	5
Q16656	NRF1	10
Q16658	FSCN1	28
Q16659	MAPK6	32
Q16661	GUCA2B	3
Q16663	CCL15	2
Q16665	HIF1A	33
Q16666	IFI16	37
Q16667	CDKN3	7
Q16670	ZSCAN26	27
Q16671	AMHR2	27
Q16674	MIA	6
Q16676	FOXD1	10
Q16678	CYP1B1	29
Q16690	DUSP5	15
Q16695	H3-4	4
Q16696	CYP2A13	32
Q16698	DECR1	22
Q16706	MAN2A1	51
Q16718	NDUFA5	5
Q16719	KYNU	25
Q16720	ATP2B3	49
Q16739	UGCG	18
Q16740	CLPP	16
Q16760	DGKD	48
Q16762	TST	13
Q16763	UBE2S	11
Q16769	QPCT	15
Q16772	GSTA3	12
Q16773	KYAT1	14
Q16774	GUK1	12
Q16775	HAGH	15
Q16777	H2AC20	5
Q16778	H2BC21	7
Q16787	LAMA3	163
Q16790	CA9	14
Q16795	NDUFA9	25
Q16798	ME3	34
Q16799	RTN1	29
Q16816	PHKG1	21
Q16819	MEP1A	33
Q16820	MEP1B	24
Q16821	PPP1R3A	55
Q16822	PCK2	35
Q16825	PTPN21	54
Q16827	PTPRO	34
Q16828	DUSP6	13
Q16829	DUSP7	13
Q16831	UPP1	18
Q16832	DDR2	32
Q16836	HADH	14
Q16842	ST3GAL2	18
Q16849	PTPRN	37
Q16850	CYP51A1	26
Q16851	UGP2	28
Q16853	AOC3	29
Q16854	DGUOK	13
Q16864	ATP6V1F	7
Q16873	LTC4S	5
Q16875	PFKFB3	35
Q16877	PFKFB4	31
Q16878	CDO1	10
Q16880	UGT8	25
Q16881	TXNRD1	32
Q16890	TPD52L1	8
Q16891	IMMT	42
Q17R31	TATDN3	15
Q17R60	IMPG1	37
Q17R89	ARHGAP44	30
Q17R98	ZNF827	56
Q17RB8	LONRF1	41
Q17RD7	SYT16	29
Q17RS7	GEN1	41
Q17RW2	COL24A1	83
Q17RY0	CPEB4	29
Q18PE1	DOK7	17
Q19AV6	ZSWIM7	10
Q19T08	ECSCR	6
Q1EHB4	SLC5A12	17
Q1HG43	DUOXA1	6
Q1HG44	DUOXA2	6
Q1L5Z9	LONRF2	43
Q1MSJ5	CSPP1	56
Q1MX18	INSC	25
Q1RMZ1	SAMTOR	17
Q1W6H9	FAM110C	17
Q24JP5	TMEM132A	34
Q27J81	INF2	52
Q29980	MICB	17
Q29983	MICA	19
Q29RF7	PDS5A	72
Q2HXU8	CLEC12B	14
Q2I0M4	LRRC26	11
Q2I0M5	RSPO4	9
Q2KHM9	KIAA0753	50
Q2KHN1	RNF151	10
Q2KHR2	RFX7	53
Q2KHT3	CLEC16A	40
Q2KHT4	GSG1	9
Q2LD37	BLTP1	220
Q2M1K9	ZNF423	55
Q2M1P5	KIF7	75
Q2M1V0	ISX	10
Q2M1Z3	ARHGAP31	68
Q2M2E3	ODF4	12
Q2M2I5	KRT24	29
Q2M2I8	AAK1	36
Q2M2Z5	KIZ	42
Q2M385	MPEG1	32
Q2M389	WASHC4	65
Q2M3C6	TMEM266	19
Q2M3C7	SPHKAP	87
Q2M3G0	ABCB5	64
Q2M3M2	SLC5A9	18
Q2M3R5	SLC35G1	8
Q2M3T9	HYAL4	20
Q2MKA7	RSPO1	12
Q2MV58	TCTN1	20
Q2NKJ3	CTC1	56
Q2NKQ1	SGSM1	52
Q2NKX8	ERCC6L	64
Q2NL67	PARP6	32
Q2PPJ7	RALGAPA2	89
Q2Q1W2	TRIM71	40
Q2QGD7	ZXDC	26
Q2T9J0	TYSND1	20
Q2TAA5	ALG11	15
Q2TAC2	CCDC57	51
Q2TAK8	PWWP3A	34
Q2TAL6	VWC2	11
Q2TAL8	QRICH1	18
Q2TAY7	SMU1	26
Q2TAZ0	ATG2A	77
Q2TB10	ZNF800	32
Q2TB18	ASTE1	35
Q2TB90	HKDC1	50
Q2TBA0	KLHL40	30
Q2TBE0	CWF19L2	50
Q2UY09	COL28A1	58
Q2V2M9	FHOD3	65
Q2VIQ3	KIF4B	56
Q2VPA4	CR1L	26
Q2VPB7	AP5B1	33
Q2VPK5	CTU2	25
Q2VWA4	SKOR2	38
Q2WEN9	CEACAM16	19
Q2WGJ6	KLHL38	32
Q2WGJ9	FER1L6	91
Q2Y0W8	SLC4A8	45
Q2YD98	UVSSA	39
Q30154	HLA-DRB5	15
Q30201	HFE	12
Q30KQ6	DEFB114	4
Q32M45	ANO4	46
Q32M88	PGGHG	30
Q32MK0	MYLK3	38
Q32MQ0	ZNF750	29
Q32MZ4	LRRFIP1	35
Q32NB8	PGS1	22
Q32NC0	RMP24	13
Q32P28	P3H1	30
Q32P41	TRMT5	36
Q32P44	EML3	43
Q330K2	NDUFAF6	18
Q33E94	RFX4	33
Q38SD2	LRRK1	95
Q3B726	POLR1F	12
Q3B7T1	EDRF1	62
Q3B820	FAM161A	27
Q3I5F7	ACOT6	22
Q3KNS1	PTCHD3	31
Q3KNS6	ZNF829	24
Q3KNT9	TMEM95	10
Q3KNV8	PCGF3	15
Q3KNW5	SLC10A6	4
Q3KP22	MAJIN	12
Q3KP44	ANKRD55	29
Q3KP66	INAVA	31
Q3KQV3	ZNF792	38
Q3KR16	PLEKHG6	43
Q3KR37	GRAMD1B	41
Q3KRA9	ALKBH6	12
Q3KRB8	ARHGAP11B	11
Q3L8U1	CHD9	116
Q3LHN2	KRTAP19-2	3
Q3LI59	KRTAP21-2	1
Q3LI64	KRTAP6-1	2
Q3LI66	KRTAP6-2	2
Q3LI67	KRTAP6-3	3
Q3LI70	KRTAP19-6	5
Q3LI72	KRTAP19-5	2
Q3LI76	KRTAP15-1	4
Q3LIE5	ADPRM	8
Q3LXA3	TKFC	29
Q3MHD2	LSM12	8
Q3MII6	TBC1D25	22
Q3MIR4	CDC50B	16
Q3MIT2	PUS10	28
Q3MIW9	MUCL3	20
Q3MJ16	PLA2G4E	34
Q3MJ62	ZSCAN23	23
Q3MUY2	PIGY	0
Q3SX64	CIMAP1D	13
Q3SXM5	HSDL1	18
Q3SXP7	SHISAL1	7
Q3SXY7	LRIT3	29
Q3SXY8	ARL13B	20
Q3SY00	TSGA10IP	30
Q3SY46	KRTAP13-3	8
Q3SY56	SP6	13
Q3SY69	ALDH1L2	56
Q3SY77	UGT3A2	23
Q3SY84	KRT71	29
Q3SYB3	FOXD4L6	18
Q3SYC2	MOGAT2	13
Q3SYF9	KRTAP19-7	2
Q3SYG4	BBS9	38
Q3T8J9	GON4L	94
Q3T906	GNPTAB	64
Q3V5L5	MGAT5B	41
Q3V6T2	CCDC88A	92
Q3YBM2	TMEM176B	9
Q3YBR2	TBRG1	8
Q3YEC7	RABL6	27
Q3ZAQ7	VMA21	4
Q3ZCM7	TUBB8	19
Q3ZCQ8	TIMM50	13
Q401N2	ZACN	18
Q460N3	PARP15	27
Q460N5	PARP14	109
Q494R4	DRC12	13
Q494U1	PLEKHN1	26
Q494V2	CFAP100	27
Q495A1	TIGIT	7
Q495C1	RNF212	18
Q495M3	SLC36A2	18
Q495M9	USH1G	18
Q495T6	MMEL1	41
Q495W5	POFUT4	24
Q496A3	SPATS1	15
Q496F6	CD300E	11
Q496J9	SV2C	21
Q496M5	PLK5	13
Q49A17	GALNTL6	31
Q49A26	GLYR1	28
Q49A88	CCDC14	45
Q49AJ0	FAM135B	57
Q49AM1	MTERF2	20
Q49AN0	CRY2	27
Q49B96	COX19	6
Q49MG5	MAP9	32
Q49MI3	CERKL	24
Q4AC94	C2CD3	110
Q4ADV7	RIC1	57
Q4AE62	QTMAN	23
Q4FZB7	KMT5B	32
Q4G0J3	LARP7	31
Q4G0M1	ERFE	13
Q4G0N4	NADK2	26
Q4G0N8	SLC9C1	48
Q4G0P3	HYDIN	207
Q4G0S4	CYP27C1	31
Q4G0U5	CFAP221	39
Q4G0W2	DUSP28	11
Q4G0X4	KCTD21	12
Q4G0X9	CCDC40	60
Q4G163	FBXO43	34
Q4G176	ACSF3	32
Q4J6C6	PREPL	37
Q4JDL3	PTPN20	20
Q4KMG0	CDON	50
Q4KMG9	TMEM52B	4
Q4KMP7	TBC1D10B	27
Q4KMQ1	TPRN	33
Q4KMQ2	ANO6	41
Q4KWH8	PLCH1	78
Q4L180	FILIP1L	64
Q4LDE5	SVEP1	144
Q4LDG9	DNAL1	12
Q4LDR2	CTXN3	5
Q4LE39	ARID4B	58
Q4U2R8	SLC22A6	19
Q4V328	GRIPAP1	46
Q4V9L6	TMEM119	9
Q4VC05	BCL7A	8
Q4VC12	MSS51	8
Q4VC44	FLYWCH1	30
Q4VCS5	AMOT	45
Q4VNC1	ATP13A4	51
Q4VXU2	PABPC1L	34
Q4ZG55	GREB1	76
Q4ZHG4	FNDC1	91
Q4ZJI4	SLC9B1	19
Q502W6	VWA3B	74
Q504Q3	PAN2	51
Q504T8	MIDN	16
Q504Y0	SLC39A12	21
Q504Y2	PKDCC	16
Q52LG2	KRTAP13-2	10
Q52LJ0	FAM98B	22
Q52LW3	ARHGAP29	69
Q53EL6	PDCD4	23
Q53EL9	SEZ6	35
Q53EP0	FNDC3B	42
Q53ET0	CRTC2	18
Q53EU6	GPAT3	22
Q53EV4	LRRC23	23
Q53EZ4	CEP55	26
Q53F19	NCBP3	27
Q53F39	MPPE1	16
Q53FA7	TP53I3	14
Q53FD0	ZC2HC1C	19
Q53FP2	TMEM35A	7
Q53FT3	HIKESHI	5
Q53FV1	ORMDL2	6
Q53FZ2	ACSM3	33
Q53G59	KLHL12	27
Q53GD3	SLC44A4	17
Q53GG5	PDLIM3	16
Q53GL0	PLEKHO1	19
Q53GL7	PARP10	45
Q53GQ0	HSD17B12	15
Q53GS7	GLE1	31
Q53GS9	USP39	28
Q53GT1	KLHL22	32
Q53H12	AGK	21
Q53H47	SETMAR	42
Q53H76	PLA1A	14
Q53H80	AKIRIN2	10
Q53H82	LACTB2	15
Q53H96	PYCR3	13
Q53HC0	CCDC92	19
Q53HC5	KLHL26	35
Q53HC9	EIPR1	15
Q53HI1	UNC50	3
Q53HL2	CDCA8	14
Q53HV7	SMUG1	12
Q53QV2	LBH	5
Q53QZ3	ARHGAP15	26
Q53R12	TM4SF20	3
Q53R41	FASTKD1	42
Q53RT3	ASPRV1	11
Q53S33	BOLA3	7
Q53T94	TAF1B	30
Q53TN4	CYBRD1	7
Q53TQ3	INO80D	31
Q53TS8	CATSPERT	97
Q562E7	WDR81	85
Q562F6	SGO2	72
Q567U6	CCDC93	36
Q569H4	PRR16	14
Q569K4	ZNF385B	19
Q56A73	SPIN4	13
Q56NI9	ESCO2	32
Q56P03	EAPP	12
Q56P42	PYDC2	5
Q56UN5	MAP3K19	72
Q56VL3	OCIAD2	11
Q587J8	KHDC3L	10
Q58A45	PAN3	29
Q58DX5	NAALADL2	27
Q58EX2	SDK2	103
Q58EX7	PLEKHG4	48
Q58F21	BRDT	46
Q58FF7	HSP90AB3P	25
Q58HT5	AWAT1	6
Q58WW2	DCAF6	37
Q59EK9	RUNDC3A	22
Q59H18	TNNI3K	37
Q5BJD5	TMEM41B	9
Q5BJF2	TMEM97	8
Q5BJF6	ODF2	43
Q5BJH2	TMEM128	3
Q5BJH7	YIF1B	8
Q5BKX5	ACTMAP	11
Q5BKX6	SLC45A4	23
Q5BKX8	CAVIN4	14
Q5BKZ1	ZNF326	27
Q5BN46	PIERCE1	12
Q5BVD1	TTMP	9
Q5C9Z4	NOM1	44
Q5CZC0	FSIP2	345
Q5D0E6	DALRD3	26
Q5D1E8	ZC3H12A	32
Q5D862	FLG2	69
Q5DID0	UMODL1	43
Q5DX21	IGSF11	10
Q5EB52	MEST	8
Q5EBL4	RILPL1	23
Q5EBL8	PDZD11	7
Q5EBM0	CMPK2	21
Q5EE01	CENPW	4
Q5EG05	CARD16	9
Q5F1R6	DNAJC21	21
Q5FBB7	SGO1	28
Q5FVE4	ACSBG2	28
Q5FWF4	ZRANB3	54
Q5FWF5	ESCO1	46
Q5FYB1	ARSI	16
Q5GFL6	VWA2	35
Q5GH72	XKR7	24
Q5GH76	XKR4	17
Q5GLZ8	HERC4	49
Q5H8A4	PIGG	36
Q5H8C1	FREM1	101
Q5H9F3	BCORL1	70
Q5H9I0	TFDP3	13
Q5H9J7	BEX5	4
Q5H9R7	PPP6R3	43
Q5H9S7	DCAF17	31
Q5HYA8	TMEM67	42
Q5HYI8	RABL3	11
Q5HYJ3	FAM76B	19
Q5HYK3	COQ5	22
Q5HYK7	SH3D19	41
Q5HYN5	CT45A1	9
Q5HYW2	NHSL2	60
Q5I7T1	ALG10B	18
Q5IJ48	CRB2	46
Q5J8M3	EMC4	9
Q5J8X5	MS4A13	5
Q5JPB2	ZNF831	70
Q5JPE7	NOMO2	66
Q5JPH6	EARS2	27
Q5JPI9	EEF1AKMT2	12
Q5JQC9	AKAP4	52
Q5JR59	MTUS2	73
Q5JR98	DYNLT4	15
Q5JRA6	MIA3	102
Q5JRX3	PITRM1	55
Q5JS13	RALGPS1	26
Q5JSH3	WDR44	54
Q5JSL3	DOCK11	116
Q5JSP0	FGD3	31
Q5JST6	EFHC2	40
Q5JSZ5	PRRC2B	103
Q5JT25	RAB41	12
Q5JTC6	AMER1	29
Q5JTD0	TJAP1	28
Q5JTH9	RRP12	66
Q5JTJ3	COA6	7
Q5JTV8	TOR1AIP1	32
Q5JTW2	CEP78	28
Q5JTY5	ZNG1C	17
Q5JTZ9	AARS2	48
Q5JU85	IQSEC2	65
Q5JUK2	SOHLH1	11
Q5JUK3	KCNT1	58
Q5JVF3	PCID2	29
Q5JVL4	EFHC1	37
Q5JVS0	HABP4	19
Q5JW98	CALHM4	15
Q5JWF2	GNAS	31
Q5JX71	FAM209A	10
Q5JXC2	MIIP	19
Q5JY77	GPRASP1	54
Q5JZY3	EPHA10	51
Q5K4E3	PRSS36	25
Q5K4L6	SLC27A3	22
Q5K651	SAMD9	74
Q5KSL6	DGKK	51
Q5KU26	COLEC12	37
Q5M775	SPECC1	58
Q5M7Z0	RNFT1	20
Q5M8T2	SLC35D3	12
Q5M9N0	CCDC158	71
Q5MIZ7	PPP4R3B	38
Q5MJ10	SPANXN2	5
Q5MJ70	SPDYA	17
Q5MNZ6	WDR45B	11
Q5MNZ9	WIPI1	16
Q5MY95	ENTPD8	14
Q5NDL2	EOGT	25
Q5NUL3	FFAR4	13
Q5PRF9	SAMD4B	25
Q5PSV4	BRMS1L	16
Q5QGT7	RTP2	12
Q5QGZ9	CLEC12A	12
Q5QJE6	DNTTIP2	34
Q5QJU3	ACER2	2
Q5QNW6	H2BC18	7
Q5QP82	DCAF10	27
Q5R372	RABGAP1L	34
Q5R3F8	ELFN2	33
Q5R3K3	CALHM6	15
Q5RHP9	ERICH3	74
Q5RI15	COX20	6
Q5RKV6	EXOSC6	11
Q5RL73	RBM48	16
Q5S007	LRRK2	127
Q5SGD2	PPM1L	20
Q5SNT2	TMEM201	24
Q5SQ64	LY6G6F	10
Q5SQI0	ATAT1	23
Q5SQN1	SNAP47	29
Q5SQQ9	VAX1	14
Q5SR56	SLC71A2	12
Q5SRE5	NUP188	78
Q5SRE7	PHYHD1	13
Q5SRR4	LY6G5C	5
Q5SSG8	MUC21	3
Q5SSJ5	HP1BP3	27
Q5SSQ6	SAPCD1	5
Q5ST30	VARS2	46
Q5SVS4	SLC25A30	13
Q5SW24	DACT2	33
Q5SW79	CEP170	85
Q5SW96	LDLRAP1	13
Q5SWA1	PPP1R15B	27
Q5SXH7	PLEKHS1	22
Q5SXM2	SNAPC4	65
Q5SXM8	DNLZ	5
Q5SY16	NOL9	22
Q5SY80	CATSPERE	36
Q5SYB0	FRMPD1	79
Q5SYC1	CLVS2	17
Q5SZK8	FREM2	130
Q5SZL2	CEP85L	42
Q5SZQ8	CELF3	13
Q5T011	SZT2	130
Q5T0F9	CC2D1B	35
Q5T0J7	TEX35	10
Q5T0N1	CFAP70	45
Q5T0N5	FNBP1L	30
Q5T0T0	MARCHF8	13
Q5T0W9	SACK1B	56
Q5T124	UBXN11	25
Q5T160	RARS2	36
Q5T197	DCST1	30
Q5T1B0	AXDND1	56
Q5T1C6	THEM4	13
Q5T1H1	EYS	135
Q5T1M5	FKBP15	52
Q5T1R4	HIVEP3	99
Q5T1V6	DDX59	33
Q5T200	ZC3H13	67
Q5T230	UTF1	16
Q5T280	SPOUT1	19
Q5T2D2	TREML2	17
Q5T2D3	OTUD3	20
Q5T2R2	PDSS1	24
Q5T2S8	ODAD2	55
Q5T2T1	MPP7	28
Q5T2W1	PDZK1	29
Q5T3F8	TMEM63B	28
Q5T3J3	LRIF1	35
Q5T3U5	ABCC10	62
Q5T440	IBA57	15
Q5T442	GJC2	16
Q5T447	HECTD3	46
Q5T481	RBM20	47
Q5T4B2	CERCAM	24
Q5T4D3	TMTC4	35
Q5T4F4	ZFYVE27	13
Q5T4F7	SFRP5	15
Q5T4S7	UBR4	231
Q5T4T6	SYCP2L	42
Q5T4W7	ARTN	10
Q5T5A4	CFAP276	10
Q5T5A8	LCE3C	3
Q5T5B0	LCE3E	3
Q5T5C0	STXBP5	46
Q5T5P2	KIAA1217	107
Q5T5U3	ARHGAP21	102
Q5T5X7	BEND3	47
Q5T5Y3	CAMSAP1	85
Q5T601	ADGRF1	28
Q5T619	ZNF648	28
Q5T655	CFAP58	48
Q5T686	AVPI1	7
Q5T6F0	DCAF12	26
Q5T6F2	UBAP2	26
Q5T6S3	PHF19	24
Q5T6V5	QNG1	23
Q5T6X5	GPRC6A	37
Q5T700	LDLRAD1	10
Q5T749	KPRP	17
Q5T751	LCE1C	1
Q5T752	LCE1D	2
Q5T753	LCE1E	1
Q5T754	LCE1F	1
Q5T7B8	KIF24	58
Q5T7M4	C1QTNF12	13
Q5T7N3	KANK4	44
Q5T7P2	LCE1A	2
Q5T7P3	LCE1B	1
Q5T7P8	SYT6	27
Q5T7V8	GORAB	15
Q5T7W0	ZNF618	50
Q5T7W7	TSTD2	27
Q5T848	GPR158	67
Q5T890	ERCC6L2	86
Q5T8A7	PPP1R26	65
Q5T8D3	ACBD5	26
Q5T8I9	HENMT1	19
Q5T8P6	RBM26	35
Q5T9A4	ATAD3B	35
Q5T9C2	EEIG1	21
Q5T9G4	ARMC12	17
Q5T9L3	WLS	19
Q5TA31	RNF187	13
Q5TA45	INTS11	28
Q5TA50	CPTP	14
Q5TA76	LCE3A	5
Q5TA77	LCE3B	3
Q5TA78	LCE4A	3
Q5TA79	LCE2A	2
Q5TA81	LCE2C	2
Q5TA82	LCE2D	2
Q5TA89	HES5	8
Q5TAB7	RIPPLY2	5
Q5TAP6	UTP14C	39
Q5TAQ9	DCAF8	30
Q5TAT6	COL13A1	37
Q5TAX3	TUT4	87
Q5TB30	DEPDC1	44
Q5TB80	CEP162	78
Q5TBA9	FRY	139
Q5TBB1	RNASEH2B	15
Q5TC82	RC3H1	48
Q5TCH4	CYP4A22	26
Q5TCM9	LCE5A	1
Q5TCQ9	MAGI3	74
Q5TCS8	AK9	85
Q5TCX8	MAP3K21	42
Q5TCY1	TTBK1	58
Q5TCZ1	SH3PXD2A	63
Q5TD94	RSPH4A	28
Q5TD97	FHL5	21
Q5TDH0	DDI2	20
Q5TEC6	H3-7	7
Q5TEJ8	THEMIS2	31
Q5TEU4	NDUFAF5	17
Q5TGU0	TSPO2	6
Q5TGY3	AHDC1	69
Q5TGZ0	MICOS10	3
Q5TH69	ARFGEF3	98
Q5THJ4	VPS13D	223
Q5THR3	EFCAB6	86
Q5TIA1	MEI1	59
Q5TID7	CCDC181	23
Q5TKA1	LIN9	25
Q5TZA2	CROCC	111
Q5TZF3	ANKRD45	14
Q5U5Q3	MEX3C	17
Q5U5X0	LYRM7	3
Q5U5Z8	AGBL2	48
Q5U651	RASIP1	38
Q5UCC4	EMC10	8
Q5UE93	PIK3R6	39
Q5UIP0	RIF1	110
Q5VIR6	VPS53	42
Q5VSL9	STRIP1	38
Q5VST6	ABHD17B	16
Q5VST9	OBSCN	347
Q5VSY0	GKAP1	20
Q5VT06	CEP350	161
Q5VT25	CDC42BPA	85
Q5VT52	RPRD2	62
Q5VT66	MTARC1	18
Q5VT99	LRRC38	10
Q5VTB9	RNF220	23
Q5VTD9	GFI1B	13
Q5VTE6	ANGEL2	25
Q5VTJ3	KLHDC7A	37
Q5VTR2	RNF20	53
Q5VTT2	CFAP95	13
Q5VTT5	MYOM3	70
Q5VTY9	HHAT	16
Q5VU43	PDE4DIP	120
Q5VU57	AGBL4	25
Q5VU97	CACHD1	56
Q5VUA4	ZNF318	102
Q5VUB5	FAM171A1	34
Q5VUG0	SFMBT2	43
Q5VV41	ARHGEF16	37
Q5VV42	CDKAL1	31
Q5VV43	KIAA0319	37
Q5VV63	ATRNL1	47
Q5VV67	PPRC1	57
Q5VVJ2	MYSM1	38
Q5VVQ6	YOD1	16
Q5VVX9	UBE2U	10
Q5VVY1	NTMT2	16
Q5VW32	BROX	18
Q5VW36	FOCAD	79
Q5VW38	GPR107	25
Q5VWC8	HACD4	10
Q5VWG9	TAF3	31
Q5VWJ9	SNX30	24
Q5VWK5	IL23R	20
Q5VWN6	TASOR2	111
Q5VWP2	TENT5C	20
Q5VWP3	MLIP	39
Q5VWQ0	RSBN1	34
Q5VWQ8	DAB2IP	66
Q5VWT5	FYB2	39
Q5VWX1	KHDRBS2	14
Q5VWZ2	LYPLAL1	14
Q5VX71	SUSD4	13
Q5VXI9	LIPN	16
Q5VXU9	SHOC1	75
Q5VY09	IER5	10
Q5VY43	PEAR1	31
Q5VY80	RAET1L	12
Q5VYJ5	MALRD1	84
Q5VYK3	ECPAS	92
Q5VYS8	TUT7	80
Q5VYX0	RNLS	12
Q5VZ89	DENND4C	86
Q5VZE5	NAA35	37
Q5VZF2	MBNL2	11
Q5VZK9	CARMIL1	71
Q5VZL5	ZMYM4	71
Q5VZM2	RRAGB	17
Q5VZV1	METTL21C	11
Q5VZY2	PLPP4	14
Q5W041	ARMC3	48
Q5W0B1	OBI1	38
Q5W0Q7	USPL1	46
Q5W0Z9	ZDHHC20	17
Q5W111	SPRYD7	11
Q5W5X9	TTC23	28
Q5XG87	TENT4A	32
Q5XKE5	KRT79	28
Q5XKL5	BTBD8	90
Q5XKP0	MICOS13	4
Q5XKR4	OTP	10
Q5XLA6	CARD17P	4
Q5XPI4	RNF123	54
Q5XUX0	FBXO31	24
Q5XXA6	ANO1	43
Q5ZPR3	CD276	18
Q60I27	ALS2CL	51
Q63HK5	TSHZ3	55
Q63HN8	RNF213	275
Q63HQ0	AP1AR	11
Q63HQ2	EGFLAM	51
Q63HR2	TNS2	62
Q63ZY3	KANK2	42
Q63ZY6	NSUN5P2	18
Q641Q2	WASHC2A	63
Q643R3	LPCAT4	21
Q64LD2	WDR25	26
Q658P3	STEAP3	20
Q659A1	ICE2	47
Q659C4	LARP1B	43
Q66GS9	CEP135	68
Q66K64	DCAF15	27
Q66K74	MAP1S	38
Q66K79	CPZ	30
Q66K80	RUSC1-AS1	12
Q66K89	E4F1	22
Q66PJ3	ARL6IP4	10
Q674R7	ATG9B	36
Q674X7	KAZN	37
Q676U5	ATG16L1	31
Q67FW5	QTGAL	19
Q684P5	RAP1GAP2	32
Q685J3	MUC17	32
Q687X5	STEAP4	23
Q68CJ6	NUGGC	35
Q68CJ9	CREB3L3	17
Q68CK6	ACSM2B	33
Q68CL5	TPGS2	15
Q68CP4	HGSNAT	21
Q68CP9	ARID2	61
Q68CQ1	MROH7	54
Q68CQ4	UTP25	39
Q68CZ1	RPGRIP1L	64
Q68CZ2	TNS3	52
Q68CZ6	HAUS3	31
Q68D06	SLFN13	34
Q68D10	SPTY2D1	34
Q68D42	TMEM215	12
Q68D85	NCR3LG1	22
Q68D86	CCDC102B	22
Q68D91	MBLAC2	20
Q68DA7	FMN1	75
Q68DC2	ANKS6	45
Q68DD2	PLA2G4F	40
Q68DE3	USF3	73
Q68DK2	ZFYVE26	130
Q68DK7	MSL1	23
Q68DQ2	CRYBG3	161
Q68DV7	RNF43	28
Q68DX3	FRMPD2	60
Q68E01	INTS3	50
Q68EA5	ZNF57	34
Q68EM7	ARHGAP17	28
Q68EN5	MATCAP1	24
Q68G74	LHX8	15
Q68G75	LEMD1	10
Q68J44	DUSP29	12
Q69383	ERVK-6	4
Q69384	ERVK-6	27
Q693B1	KCTD11	15
Q695T7	SLC6A19	11
Q69YG0	TMEM42	2
Q69YH5	CDCA2	46
Q69YI7	NAIF1	10
Q69YN2	CWF19L1	28
Q69YN4	VIRMA	96
Q69YQ0	SPECC1L	54
Q6A162	KRT40	17
Q6A163	KRT39	30
Q6AI14	SLC9A4	29
Q6AI39	BICRAL	34
Q6AWC2	WWC2	58
Q6AZY7	SCARA3	27
Q6AZZ1	TRIM68	23
Q6B0I6	KDM4D	28
Q6B8I1	DUSP13A	9
Q6BAA4	FCRLB	12
Q6BCY4	CYB5R2	18
Q6BDI9	REP15	12
Q6BDS2	BLTP3A	64
Q6DD88	ATL3	24
Q6DHV7	MAPDA	20
Q6DJT9	PLAG1	17
Q6DKI2	LGALS9C	16
Q6DKI7	PVRIG	7
Q6DKJ4	NXN	21
Q6DKK2	TTC19	21
Q6DN03	H2BC20P	10
Q6DN12	MCTP2	37
Q6DN14	MCTP1	47
Q6DN72	FCRL6	19
Q6DN90	IQSEC1	50
Q6DRA6	H2BC19P	9
Q6DT37	CDC42BPG	69
Q6E0U4	DMKN	16
Q6E213	AWAT2	13
Q6EEV6	SUMO4	3
Q6EIG7	CLEC6A	5
Q6EMB2	TTLL5	58
Q6EMK4	VASN	19
Q6F5E8	CARMIL2	62
Q6FHJ7	SFRP4	17
Q6FI13	H2AC18	5
Q6FI81	CIAPIN1	21
Q6FIF0	ZFAND6	8
Q6GMR7	FAAH2	28
Q6GMV2	SMYD5	15
Q6GPH4	XAF1	19
Q6GPH6	ITPRIPL1	27
Q6GQQ9	OTUD7B	47
Q6GTS8	PM20D1	25
Q6GTX8	LAIR1	10
Q6GYQ0	RALGAPA1	87
Q6H3X3	RAET1G	18
Q6H8Q1	ABLIM2	33
Q6HA08	ASTL	17
Q6I9Y2	THOC7	13
Q6IA17	SIGIRR	19
Q6IA69	NADSYN1	27
Q6IA86	ELP2	35
Q6IAA8	LAMTOR1	9
Q6IB77	GLYAT	17
Q6IBS0	TWF2	21
Q6IBW4	NCAPH2	25
Q6IC98	GRAMD4	32
Q6ICB0	DESI1	5
Q6ICB4	PHETA2	13
Q6ICG8	WBP2NL	8
Q6ICL3	TANGO2	17
Q6ICL7	SLC35E4	10
Q6IE81	JADE1	50
Q6IEG0	SNRNP48	17
Q6IMI6	SULT1C3	17
Q6IMN6	CAPRIN2	42
Q6IN84	MRM1	17
Q6IN85	PPP4R3A	40
Q6IPM2	IQCE	33
Q6IPU0	CENPP	16
Q6IQ16	SPOPL	18
Q6IQ19	CCSAP	12
Q6IQ20	NAPEPLD	22
Q6IQ22	RAB12	23
Q6IQ23	PLEKHA7	66
Q6IQ26	DENND5A	62
Q6IQ49	SDE2	24
Q6IQ55	TTBK2	61
Q6IS24	GALNT17	34
Q6ISB3	GRHL2	32
Q6ISU1	PTCRA	9
Q6IWH7	ANO7	36
Q6J4K2	SLC8B1	15
Q6J9G0	STYK1	24
Q6JBY9	RCSD1	20
Q6JQN1	ACAD10	58
Q6K0P9	PYHIN1	26
Q6KB66	KRT80	31
Q6KC79	NIPBL	134
Q6KCM7	SLC25A25	28
Q6KF10	GDF6	21
Q6L8G4	KRTAP5-11	1
Q6L8G8	KRTAP5-7	2
Q6L8G9	KRTAP5-6	2
Q6L8H1	KRTAP5-4	11
Q6L8H2	KRTAP5-3	3
Q6L8H4	KRTAP5-1	10
Q6L8Q7	PDE12	25
Q6L9W6	B4GALNT3	45
Q6MZM0	HEPHL1	52
Q6MZP7	LIN54	33
Q6MZQ0	PRR5L	14
Q6N021	TET2	94
Q6N022	TENM4	116
Q6N043	ZNF280D	50
Q6N069	NAA16	47
Q6N075	SLC61A1	13
Q6NS38	ALKBH2	11
Q6NSI4	RADX	49
Q6NSJ0	MYORG	38
Q6NSJ5	LRRC8E	41
Q6NSW7	NANOGP8	7
Q6NT16	SLC18B1	10
Q6NT55	CYP4F22	31
Q6NT76	HMBOX1	16
Q6NTE8	MRNIP	20
Q6NTF7	APOBEC3H	7
Q6NTF9	RHBDD2	10
Q6NUI2	GPAT2	35
Q6NUI6	CHADL	37
Q6NUJ2	C11orf87	6
Q6NUJ5	PWWP2B	32
Q6NUK1	SLC25A24	26
Q6NUN0	ACSM5	33
Q6NUN9	ZNF746	22
Q6NUP7	PPP4R4	44
Q6NUQ1	RINT1	32
Q6NUS6	TCTN3	16
Q6NUS8	UGT3A1	22
Q6NUT2	DPY19L2	30
Q6NUT3	MFSD12	13
Q6NVH7	SWSAP1	11
Q6NVU6	UFSP1	7
Q6NVY1	HIBCH	24
Q6NW34	RMP64	36
Q6NW40	RGMB	17
Q6NWY9	PRPF40B	30
Q6NX45	ZNF774	29
Q6NXG1	ESRP1	30
Q6NXR0	IRGC	23
Q6NXS1	PPP1R2B	9
Q6NXT2	H3-5	4
Q6NXT4	SLC30A6	14
Q6NXT6	TAPT1	27
Q6NYC1	JMJD6	14
Q6NYC8	PPP1R18	28
Q6NZ36	FAAP20	10
Q6NZ67	MZT2B	7
Q6NZI2	CAVIN1	13
Q6NZY4	ZCCHC8	34
Q6NZY7	CDC42EP5	7
Q6P050	FBXL22	14
Q6P087	RPUSD3	15
Q6P0N0	MIS18BP1	61
Q6P0Q8	MAST2	79
Q6P158	DHX57	73
Q6P179	ERAP2	51
Q6P1A2	LPCAT3	15
Q6P1J6	PLB1	68
Q6P1J9	CDC73	34
Q6P1K1	SLC48A1	5
Q6P1K2	PMF1	13
Q6P1L5	FAM117B	27
Q6P1L6	ZNF343	28
Q6P1M0	SLC27A4	35
Q6P1M3	LLGL2	43
Q6P1N0	CC2D1A	45
Q6P1N9	TATDN1	19
Q6P1Q0	LETMD1	19
Q6P1Q9	METTL2B	21
Q6P1R4	DUS1L	24
Q6P1S2	MISO1	14
Q6P1W5	C1orf94	29
Q6P1X5	TAF2	63
Q6P2C8	MED27	16
Q6P2D0	ZFP1	23
Q6P2D8	XRRA1	42
Q6P2E9	EDC4	54
Q6P2H3	CEP85	25
Q6P2H8	TMEM53	15
Q6P2M8	PNCK	15
Q6P2P2	PRMT9	35
Q6P2Q9	PRPF8	124
Q6P3S1	DENND1B	31
Q6P3S6	FBXO42	29
Q6P3W2	DNAJC24	8
Q6P3W7	SCYL2	40
Q6P4A8	PLBD1	21
Q6P4F1	POFUT3	27
Q6P4F2	FDX2	7
Q6P4F7	ARHGAP11A	48
Q6P4H8	ATPSCKMT	13
Q6P4I2	WDR73	22
Q6P4Q7	CNNM4	40
Q6P4R8	NFRKB	54
Q6P531	GGT6	11
Q6P587	FAHD1	11
Q6P589	TNFAIP8L2	8
Q6P597	KLC3	28
Q6P5Q4	LMOD2	30
Q6P5S7	RNASEK	4
Q6P5W5	SLC39A4	15
Q6P5X5	C22orf39	5
Q6P5Z2	PKN3	40
Q6P6C2	ALKBH5	18
Q6P988	NOTUM	19
Q6P9A2	GALNT18	27
Q6P9B6	MEAK7	19
Q6P9B9	INTS5	32
Q6P9F0	CCDC62	39
Q6P9F5	TRIM40	15
Q6P9F7	LRRC8B	32
Q6P9G9	ZNF449	24
Q6P9H4	CNKSR3	29
Q6PCB0	VWA1	21
Q6PCB6	ABHD17C	16
Q6PCB7	SLC27A1	32
Q6PCB8	EMB	14
Q6PCD5	RFWD3	26
Q6PCE3	PGM2L1	33
Q6PCT2	FBXL19	31
Q6PD62	CTR9	57
Q6PD74	AAGAB	12
Q6PEW1	ZCCHC12	20
Q6PEX3	KRTAP26-1	1
Q6PEY1	TMEM88	6
Q6PEY2	TUBA3E	21
Q6PF05	TTC23L	22
Q6PF06	TRMT10B	7
Q6PF18	MORN3	12
Q6PFW1	PPIP5K1	59
Q6PGN9	PSRC1	23
Q6PGP7	SKIC3	78
Q6PGQ7	BORA	24
Q6PH85	DCUN1D2	10
Q6PHR2	ULK3	23
Q6PHW0	IYD	12
Q6PI25	CNIH2	3
Q6PI26	SHQ1	24
Q6PI48	DARS2	37
Q6PI77	GPRASP3	18
Q6PI78	TMEM65	10
Q6PI98	INO80C	11
Q6PID8	KLHDC10	20
Q6PIF2	SYCE2	13
Q6PIF6	MYO7B	115
Q6PIJ6	FBXO38	56
Q6PIL6	KCNIP4	14
Q6PIU1	KCNV1	12
Q6PIU2	NCEH1	21
Q6PIV2	FOXR1	11
Q6PIW4	FIGNL1	38
Q6PIY7	TENT2	24
Q6PIZ9	TRAT1	5
Q6PJ21	SPSB3	16
Q6PJ61	FBXO46	23
Q6PJ69	TRIM65	20
Q6PJF5	RHBDF2	38
Q6PJG2	MIDEAS	48
Q6PJG6	BRAT1	43
Q6PJG9	LRFN4	25
Q6PJI9	WDR59	47
Q6PJP8	DCLRE1A	47
Q6PJT7	ZC3H14	38
Q6PJW8	CNST	23
Q6PKC3	TXNDC11	45
Q6PKG0	LARP1	60
Q6PKX4	DOK6	17
Q6PL18	ATAD2	66
Q6PL24	TMED8	11
Q6PL45	BRICD5	9
Q6PML9	SLC30A9	26
Q6PRD1	GPR179	108
Q6PRD7	CEMP1	13
Q6PUV4	CPLX2	5
Q6PXP3	SLC2A7	13
Q6Q0C0	TRAF7	38
Q6Q0C1	SLC25A47	16
Q6Q4G3	LVRN	45
Q6Q759	SPAG17	95
Q6Q788	APOA5	21
Q6QHC5	DEGS2	11
Q6QHF9	PAOX	16
Q6QHK4	FIGLA	11
Q6QN14	USP17L6P	18
Q6QNK2	ADGRD1	27
Q6QNY0	BLOC1S3	13
Q6QNY1	BLOC1S2	7
Q6R327	RICTOR	89
Q6R6M4	USP17L2	26
Q6RFH5	WDR74	22
Q6RFH8	DUX4L9	15
Q6RI45	BRWD3	78
Q6RVD6	SPATA8	7
Q6RW13	AGTRAP	6
Q6S5L8	SHC4	32
Q6S8J3	POTEE	53
Q6S9Z5	ZNF474	15
Q6SA08	TSSK4	18
Q6SJ93	FAM111B	41
Q6SPF0	SAMD1	18
Q6STE5	SMARCD3	28
Q6SZW1	SARM1	43
Q6T4R5	NHS	74
Q6TCH4	PAQR6	7
Q6TCH7	PAQR3	7
Q6TDU7	DNAI7	34
Q6TFL4	KLHL24	32
Q6TGC4	PADI6	30
Q6U736	OPN5	11
Q6U7Q0	ZNF322	24
Q6U841	SLC4A10	52
Q6UB28	METAP1D	13
Q6UB35	MTHFD1L	48
Q6UB98	ANKRD12	87
Q6UB99	ANKRD11	99
Q6ULP2	AFTPH	38
Q6UN15	FIP1L1	21
Q6UUV7	CRTC3	17
Q6UUV9	CRTC1	12
Q6UVJ0	SASS6	36
Q6UVK1	CSPG4	81
Q6UVM3	KCNT2	55
Q6UVW9	CLEC2A	9
Q6UVY6	MOXD1	25
Q6UW15	REG3G	5
Q6UW56	ATRAID	5
Q6UW60	PCSK4	27
Q6UW63	POGLUT2	33
Q6UW68	TMEM205	6
Q6UW78	UQCC3	4
Q6UW88	EPGN	6
Q6UWB1	IL27RA	25
Q6UWB4	PRSS55	18
Q6UWE0	LRSAM1	41
Q6UWF3	SCIMP	6
Q6UWI2	PARM1	5
Q6UWJ1	SLC9D1	25
Q6UWK7	GPR15LG	3
Q6UWL6	KIRREL2	31
Q6UWN5	LYPD5	8
Q6UWP2	DHRS11	15
Q6UWP7	LCLAT1	21
Q6UWR7	ENPP6	23
Q6UWU4	C6orf89	14
Q6UWV6	ENPP7	20
Q6UWW8	CES3	20
Q6UWY0	ARSK	24
Q6UWY2	PRSS57	11
Q6UWZ7	ABRAXAS1	20
Q6UX01	LMBR1L	15
Q6UX04	CWC27	19
Q6UX06	OLFM4	22
Q6UX15	LAYN	15
Q6UX27	VSTM1	10
Q6UX34	SNORC	2
Q6UX39	AMTN	4
Q6UX40	TMEM107	3
Q6UX41	BTNL8	25
Q6UX46	ALKAL2	9
Q6UX53	TMT1B	10
Q6UX65	DRAM2	6
Q6UX71	PLXDC2	23
Q6UX98	ZDHHC24	7
Q6UXB2	CXCL17	5
Q6UXB4	CLEC4G	13
Q6UXB8	PI16	17
Q6UXD5	SEZ6L2	24
Q6UXF1	TMEM108	18
Q6UXG2	ELAPOR1	46
Q6UXG3	CD300LG	9
Q6UXG8	BTNL9	18
Q6UXH0	ANGPTL8	7
Q6UXH1	CRELD2	13
Q6UXH8	CCBE1	17
Q6UXI9	NPNT	32
Q6UXK2	ISLR2	31
Q6UXL0	IL20RB	8
Q6UXM1	LRIG3	51
Q6UXN8	CLEC9A	13
Q6UXN9	WDR82	15
Q6UXS9	CASP12	20
Q6UXT8	ALKAL1	6
Q6UXV0	GFRAL	18
Q6UXV4	APOOL	15
Q6UXX9	RSPO2	8
Q6UXY1	BAIAP2L2	27
Q6UXZ0	TMIGD1	13
Q6UXZ3	CD300LD	8
Q6UXZ4	UNC5D	39
Q6UY09	CEACAM20	28
Q6UY14	ADAMTSL4	52
Q6V0I7	FAT4	183
Q6V0L0	CYP26C1	23
Q6V1P9	DCHS2	128
Q6V1X1	DPP8	42
Q6VAB6	KSR2	49
Q6VB84	FOXD4L3	18
Q6VEQ5	WASH2P	18
Q6VMQ6	ATF7IP	43
Q6VN20	RANBP10	19
Q6VVB1	NHLRC1	15
Q6VVX0	CYP2R1	25
Q6VY07	PACS1	38
Q6W0C5	DPPA3	9
Q6W2J9	BCOR	82
Q6W3E5	GDPD4	27
Q6W4X9	MUC6	65
Q6W5P4	NPSR1	10
Q6WCQ1	MPRIP	58
Q6WKZ4	RAB11FIP1	53
Q6WN34	CHRDL2	21
Q6WRI0	IGSF10	110
Q6X4U4	SOSTDC1	8
Q6X4W1	NSMF	30
Q6X9E4	FBXW12	20
Q6XD76	ASCL4	10
Q6XE24	RBMS3	10
Q6XPS3	TPTE2	27
Q6XQN6	NAPRT	23
Q6XR72	SLC30A10	16
Q6XUX3	DSTYK	49
Q6XYQ8	SYT10	29
Q6XZB0	LIPI	23
Q6XZF7	DNMBP	79
Q6Y1H2	HACD2	11
Q6Y288	B3GLCT	17
Q6Y7W6	GIGYF2	46
Q6YBV0	SLC36A4	20
Q6YHK3	CD109	61
Q6YHU6	THADA	103
Q6YN16	HSDL2	27
Q6YP21	KYAT3	22
Q6ZMB0	B3GNT6	17
Q6ZMC9	SIGLEC15	19
Q6ZMG9	CERS6	15
Q6ZMH5	SLC39A5	8
Q6ZMI0	PPP1R21	44
Q6ZMI3	GLDN	29
Q6ZMJ2	SCARA5	30
Q6ZMJ4	IL34	8
Q6ZMM2	ADAMTSL5	17
Q6ZMN7	PDZRN4	45
Q6ZMP0	THSD4	50
Q6ZMQ8	AATK	36
Q6ZMR5	TMPRSS11A	19
Q6ZMS7	ZNF783	33
Q6ZMT1	STAC2	26
Q6ZMT4	KDM7A	45
Q6ZMU5	TRIM72	23
Q6ZMY3	SPOCD1	51
Q6ZMZ0	RNF19B	25
Q6ZMZ3	SYNE3	61
Q6ZN04	MEX3B	18
Q6ZN16	MAP3K15	59
Q6ZN17	LIN28B	16
Q6ZN18	AEBP2	20
Q6ZN30	BNC2	40
Q6ZN44	UNC5A	39
Q6ZN55	ZNF574	30
Q6ZN57	ZFP2	28
Q6ZN66	GBP6	33
Q6ZNA4	RNF111	30
Q6ZNB7	AGMO	20
Q6ZNC8	MBOAT1	20
Q6ZNE5	ATG14	18
Q6ZNE9	RUFY4	30
Q6ZNG0	ZNF620	21
Q6ZNH5	ZNF497	29
Q6ZNJ1	NBEAL2	107
Q6ZNK6	TIFAB	9
Q6ZNL6	FGD5	65
Q6ZNX1	SHLD3	16
Q6ZP29	SLC66A1	4
Q6ZP80	TMEM182	5
Q6ZP82	CCDC141	81
Q6ZPD8	DGAT2L6	12
Q6ZPD9	DPY19L3	26
Q6ZQN7	SLCO4C1	26
Q6ZQR2	CFAP77	20
Q6ZQW0	IDO2	24
Q6ZQX7	LIAT1	35
Q6ZQY3	GADL1	32
Q6ZR08	DNAH12	166
Q6ZR37	PLEKHG7	40
Q6ZRF8	RNF207	34
Q6ZRI0	OTOG	101
Q6ZRI6	PRMT2IP	44
Q6ZRP7	QSOX2	40
Q6ZRQ5	MMS22L	55
Q6ZRS2	SRCAP	86
Q6ZRV2	SACK1H	56
Q6ZRY4	RBPMS2	9
Q6ZS10	CLEC17A	18
Q6ZS17	RIPOR1	49
Q6ZSA7	LRRC55	9
Q6ZSB9	ZBTB49	34
Q6ZSG1	ARK2C	12
Q6ZSJ9	SHISA6	26
Q6ZSM3	SLC16A12	11
Q6ZSS7	MFSD6	25
Q6ZSY5	PPP1R3F	19
Q6ZSZ5	ARHGEF18	56
Q6ZT12	UBR3	84
Q6ZT21	TMPPE	12
Q6ZT62	BARGIN	32
Q6ZT89	SLC25A48	16
Q6ZT98	TTLL7	44
Q6ZTN6	ANKRD13D	25
Q6ZTQ3	RASSF6	21
Q6ZTQ4	CDHR3	35
Q6ZTR5	CFAP47	147
Q6ZTU2	EP400P1	11
Q6ZTW0	TPGS1	18
Q6ZU15	SEPTIN14	20
Q6ZU35	CRACD	58
Q6ZU52	KIAA0408	41
Q6ZU64	CFAP65	83
Q6ZU80	CEP128	63
Q6ZUI0	TPRG1	17
Q6ZUJ8	PIK3AP1	35
Q6ZUM4	ARHGAP27	33
Q6ZUT1	NKAPD1	14
Q6ZUT3	FRMD7	29
Q6ZV29	PNPLA7	69
Q6ZV65	FAM47E	20
Q6ZV73	FGD6	94
Q6ZVD7	STOX1	42
Q6ZVD8	PHLPP2	46
Q6ZVE7	GOLT1A	6
Q6ZVK8	NUDT18	16
Q6ZVM7	TOM1L2	21
Q6ZVN8	HJV	17
Q6ZVT0	TTLL10	29
Q6ZW31	SYDE1	37
Q6ZW49	PAXIP1	41
Q6ZW61	BBS12	25
Q6ZW76	ANKS3	34
Q6ZWH5	NEK10	58
Q6ZWJ1	STXBP4	29
Q6ZWK4	RHEX	5
Q6ZWL3	CYP4V2	29
Q6ZWT7	MBOAT2	18
Q6ZXV5	TMTC3	42
Q6ZYL4	GTF2H5	4
Q701N4	KRTAP5-2	6
Q702N8	XIRP1	95
Q709C8	VPS13C	191
Q709F0	ACAD11	37
Q70CQ1	USP49	41
Q70CQ2	USP34	182
Q70CQ3	USP30	23
Q70CQ4	USP31	67
Q70E73	RAPH1	44
Q70EK8	USP53	59
Q70EK9	USP51	33
Q70EL1	USP54	83
Q70EL2	USP45	42
Q70EL3	USP50	9
Q70EL4	USP43	52
Q70HW3	SLC25A26	11
Q70IA6	MOB2	11
Q70J99	UNC13D	51
Q70JA7	CHSY3	47
Q70SY1	CREB3L2	23
Q70UQ0	IKBIP	21
Q70YC4	ZNF365	9
Q70YC5	ZNF365	23
Q70Z35	PREX2	75
Q70Z44	HTR3D	13
Q70Z53	FRA10AC1	17
Q711Q0	CEFIP	74
Q712K3	UBE2R2	9
Q719H9	KCTD1	14
Q71DI3	H3C15	4
Q71F23	CENPU	20
Q71F56	MED13L	81
Q71H61	ILDR2	31
Q71RC2	LARP4	27
Q71RG4	TMUB2	9
Q71RS6	SLC24A5	11
Q71SY5	MED25	18
Q71U36	TUBA1A	21
Q71UI9	H2AZ2	5
Q71UM5	RPS27L	4
Q75N03	CBLL1	19
Q75N90	FBN3	117
Q75QN2	INTS8	38
Q75T13	PGAP1	45
Q75V66	ANO5	37
Q75WM6	H1-7	10
Q765P7	MTSS2	24
Q76EJ3	SLC35D2	8
Q76FK4	NOL8	62
Q76I76	SSH2	63
Q76L83	ASXL2	68
Q76LX8	ADAMTS13	62
Q76MJ5	ERN2	38
Q76N32	CEP68	29
Q76N89	HECW1	63
Q76NI1	KNDC1	78
Q7KYR7	BTN2A1	24
Q7KZ85	SUPT6H	78
Q7KZF4	SND1	50
Q7KZI7	MARK2	41
Q7KZN9	COX15	19
Q7L014	DDX46	55
Q7L099	RUFY3	26
Q7L0J3	SV2A	26
Q7L0Q8	RHOU	13
Q7L0X0	TRIL	36
Q7L0Y3	TRMT10C	26
Q7L190	DPPA4	13
Q7L1I2	SV2B	24
Q7L1Q6	BZW1	25
Q7L1S5	CHST9	23
Q7L1T6	CYB5R4	33
Q7L1V2	MON1B	30
Q7L1W4	LRRC8D	44
Q7L266	ASRGL1	13
Q7L273	KCTD9	20
Q7L2E3	DHX30	71
Q7L2H7	EIF3M	19
Q7L2J0	MEPCE	31
Q7L2K0	TEDC2	20
Q7L2R6	ZNF765	36
Q7L2Z9	CENPQ	14
Q7L3B6	CDC37L1	18
Q7L3V2	RTL10	12
Q7L4E1	MIGA2	24
Q7L4I2	RSRC2	14
Q7L4P6	BEND5	26
Q7L513	FCRLA	9
Q7L523	RRAGA	14
Q7L576	CYFIP1	64
Q7L590	MCM10	45
Q7L591	DOK3	22
Q7L592	NDUFAF7	26
Q7L5A3	ATOSB	19
Q7L5A8	FA2H	21
Q7L5D6	GET4	14
Q7L5L3	GDPD3	16
Q7L5N1	COPS6	12
Q7L5N7	LPCAT2	28
Q7L5Y1	ENOSF1	25
Q7L5Y6	DET1	28
Q7L5Y9	MAEA	23
Q7L622	G2E3	37
Q7L775	EPM2AIP1	27
Q7L7L0	H2AC25	5
Q7L7V1	DHX32	38
Q7L7X3	TAOK1	46
Q7L804	RAB11FIP2	27
Q7L8A9	VASH1	22
Q7L8J4	SH3BP5L	22
Q7L8L6	FASTKD5	41
Q7L8S5	OTUD6A	14
Q7L9L4	MOB1B	10
Q7LBC6	KDM3B	77
Q7LBE3	SLC26A9	27
Q7LBR1	CHMP1B	8
Q7LC44	ARC	15
Q7LDG7	RASGRP2	33
Q7LFL8	CXXC5	11
Q7LFX5	CHST15	28
Q7LG56	RRM2B	19
Q7LGA3	HS2ST1	18
Q7LGC8	CHST3	22
Q7RTM1	OTOP1	20
Q7RTN6	STRADA	23
Q7RTP0	NIPA1	7
Q7RTP6	MICAL3	101
Q7RTR0	NLRP9	53
Q7RTR2	NLRC3	62
Q7RTS3	PTF1A	11
Q7RTS5	OTOP3	27
Q7RTS7	KRT74	29
Q7RTS9	DYM	25
Q7RTT9	SLC29A4	19
Q7RTU1	TCF23	10
Q7RTU3	OLIG3	11
Q7RTU4	BHLHA9	7
Q7RTU7	SCX	10
Q7RTV0	PHF5A	8
Q7RTW8	OTOA	52
Q7RTX0	TAS1R3	25
Q7RTX1	TAS1R1	33
Q7RTX7	CATSPER4	16
Q7RTY0	SLC16A13	6
Q7RTY1	SLC16A9	16
Q7RTY8	TMPRSS7	46
Q7RTZ1	OVCH2	24
Q7Z2D5	PLPPR4	34
Q7Z2E3	APTX	18
Q7Z2G1	H2BW1	10
Q7Z2H8	SLC36A1	15
Q7Z2K6	ERMP1	32
Q7Z2T5	TRMT1L	39
Q7Z2W4	ZC3HAV1	55
Q7Z2W7	TRPM8	45
Q7Z2X4	PID1	11
Q7Z2Y5	NRK	75
Q7Z2Z1	TICRR	77
Q7Z2Z2	EFL1	48
Q7Z333	SETX	140
Q7Z353	HDX	32
Q7Z392	TRAPPC11	47
Q7Z3B1	NEGR1	13
Q7Z3B3	KANSL1	52
Q7Z3B4	NUP54	27
Q7Z3C6	ATG9A	39
Q7Z3D4	LYSMD3	11
Q7Z3D6	DGLUCY	27
Q7Z3E1	TIPARP	23
Q7Z3E5	ARMC9	46
Q7Z3F1	GPR155	31
Q7Z3G6	PRICKLE2	40
Q7Z3H0	ANKRD33	15
Q7Z3H4	SAMD7	19
Q7Z3I7	ZNF572	32
Q7Z3J2	VPS35L	52
Q7Z3K3	POGZ	51
Q7Z3K6	MIER3	15
Q7Z3Q1	SLC46A3	8
Q7Z3S7	CACNA2D4	39
Q7Z3S9	NOTCH2NLA	8
Q7Z3T8	ZFYVE16	57
Q7Z3U7	MON2	78
Q7Z3V4	UBE3B	53
Q7Z3Y7	KRT28	26
Q7Z3Y8	KRT27	25
Q7Z3Y9	KRT26	23
Q7Z3Z0	KRT25	23
Q7Z3Z2	RD3	16
Q7Z3Z4	PIWIL4	49
Q7Z401	DENND4A	85
Q7Z403	TMC6	29
Q7Z406	MYH14	101
Q7Z407	CSMD3	125
Q7Z408	CSMD2	112
Q7Z410	TMPRSS9	53
Q7Z412	PEX26	15
Q7Z417	NUFIP2	27
Q7Z418	KCNK18	14
Q7Z419	RNF144B	11
Q7Z429	GRINA	4
Q7Z434	MAVS	16
Q7Z442	PKD1L2	76
Q7Z443	PKD1L3	78
Q7Z449	CYP2U1	29
Q7Z460	CLASP1	91
Q7Z465	BNIPL	18
Q7Z478	DHX29	72
Q7Z494	NPHP3	64
Q7Z4F1	LRP10	23
Q7Z4G1	COMMD6	7
Q7Z4G4	TRMT11	18
Q7Z4H4	ADM2	9
Q7Z4H7	HAUS6	52
Q7Z4H8	POGLUT3	31
Q7Z4I7	LIMS2	17
Q7Z4K8	TRIM46	43
Q7Z4L5	TTC21B	65
Q7Z4N2	TRPM1	81
Q7Z4N8	P4HA3	24
Q7Z4Q2	HEATR3	32
Q7Z4S6	KIF21A	69
Q7Z4T8	GALNTL5	20
Q7Z4T9	CFAP91	39
Q7Z4V0	ZNF438	37
Q7Z4V5	HDGFL2	34
Q7Z4W1	DCXR	15
Q7Z4W3	KRTAP19-3	0
Q7Z569	BRAP	33
Q7Z570	ZNF804A	57
Q7Z589	EMSY	62
Q7Z591	AKNA	67
Q7Z5A7	TAFA5	4
Q7Z5B4	RIC3	20
Q7Z5G4	GOLGA7	9
Q7Z5H3	ARHGAP22	34
Q7Z5J1	HSD11B1L	17
Q7Z5J4	RAI1	80
Q7Z5K2	WAPL	68
Q7Z5L2	R3HCC1L	33
Q7Z5L7	PODN	33
Q7Z5L9	IRF2BP2	29
Q7Z5N4	SDK1	83
Q7Z5P4	HSD17B13	18
Q7Z5P9	MUC19	229
Q7Z5Q1	CPEB2	26
Q7Z5Q5	POLN	52
Q7Z5R6	APBB1IP	21
Q7Z5V6	SAXO4	24
Q7Z5W3	BCDIN3D	13
Q7Z5Y6	BMP8A	17
Q7Z602	GPR141	11
Q7Z614	SNX20	17
Q7Z624	CAMKMT	17
Q7Z628	NET1	31
Q7Z695	ADCK2	36
Q7Z698	SPRED2	17
Q7Z699	SPRED1	21
Q7Z6A9	BTLA	16
Q7Z6B0	CCDC91	21
Q7Z6B7	SRGAP1	54
Q7Z6E9	RBBP6	82
Q7Z6G3	NECAB2	22
Q7Z6G8	ANKS1B	58
Q7Z6I5	SPATA12	7
Q7Z6I6	ARHGAP30	38
Q7Z6J0	SH3RF1	39
Q7Z6J2	TAMALIN	19
Q7Z6J4	FGD2	39
Q7Z6J6	FRMD5	31
Q7Z6J8	UBE3D	22
Q7Z6J9	TSEN54	21
Q7Z6K1	THAP5	18
Q7Z6K5	ARPIN	13
Q7Z6L0	PRRT2	12
Q7Z6L1	TECPR1	43
Q7Z6M1	RABEPK	20
Q7Z6M3	MILR1	19
Q7Z6M4	MTERF4	23
Q7Z6P3	RAB44	40
Q7Z6R9	TFAP2D	17
Q7Z6V5	ADAT2	10
Q7Z6Z7	HUWE1	180
Q7Z739	YTHDF3	19
Q7Z769	SLC35E3	10
Q7Z794	KRT77	31
Q7Z7A1	CNTRL	123
Q7Z7A3	CTU1	20
Q7Z7A4	PXK	23
Q7Z7B0	FILIP1	65
Q7Z7B1	PIGW	17
Q7Z7C7	STRA8	14
Q7Z7C8	TAF8	12
Q7Z7D3	VTCN1	13
Q7Z7E8	UBE2Q1	18
Q7Z7F0	KHDC4	21
Q7Z7G0	ABI3BP	49
Q7Z7G1	CLNK	28
Q7Z7G2	CPLX4	9
Q7Z7G8	VPS13B	190
Q7Z7H3	CATIP	17
Q7Z7H5	TMED4	12
Q7Z7H8	MRPL10	10
Q7Z7K6	CENPV	13
Q7Z7L1	SLFN11	41
Q7Z7L7	ZER1	35
Q7Z7M0	MEGF8	98
Q7Z7M8	B3GNT8	19
Q7Z7M9	GALNT5	50
Q7Z7N9	TMEM179B	7
Q86SE5	RALYL	15
Q86SE8	NPM2	6
Q86SE9	PCGF5	13
Q86SF2	GALNT7	35
Q86SG2	ANKRD23	19
Q86SG3	DAZ4	15
Q86SG6	NEK8	24
Q86SJ2	AMIGO2	26
Q86SJ6	DSG4	34
Q86SK9	SCD5	11
Q86SM8	MRGPRE	6
Q86SQ0	PHLDB2	62
Q86SQ3	ADGRE4P	13
Q86SQ4	ADGRG6	49
Q86SQ6	ADGRA1	18
Q86SQ7	SDCCAG8	39
Q86SQ9	DHDDS	15
Q86SR1	GALNT10	30
Q86SS6	SYT9	25
Q86SU0	ILDR1	21
Q86SX3	TEDC1	25
Q86SX6	GLRX5	7
Q86SZ2	TRAPPC6B	13
Q86T03	PIP4P1	13
Q86T13	CLEC14A	25
Q86T24	ZBTB33	33
Q86T26	TMPRSS11B	14
Q86T65	DAAM2	59
Q86T82	USP37	52
Q86T90	KIAA1328	38
Q86T96	RNF180	27
Q86TB3	ALPK2	88
Q86TB9	PATL1	39
Q86TC9	MYPN	57
Q86TG1	TMEM150A	4
Q86TG7	PEG10	25
Q86TH1	ADAMTSL2	39
Q86TI0	TBC1D1	60
Q86TI2	DPP9	42
Q86TJ2	TADA2B	16
Q86TL0	ATG4D	24
Q86TL2	STIMATE	12
Q86TM6	SYVN1	22
Q86TP1	PRUNE1	20
Q86TS9	MRPL52	4
Q86TU7	SETD3	35
Q86TV6	TTC7B	42
Q86TW2	ADCK1	29
Q86TX2	ACOT1	25
Q86TY3	ARMH4	21
Q86U06	RBM23	18
Q86U10	ASPG	20
Q86U28	ISCA2	12
Q86U42	PABPN1	12
Q86U44	METTL3	27
Q86U70	LDB1	14
Q86U86	PBRM1	84
Q86U90	YRDC	13
Q86UA6	RPAIN	6
Q86UB2	BIVM	27
Q86UC2	RSPH3	24
Q86UD0	SAPCD2	23
Q86UD3	MARCHF3	13
Q86UD4	ZNF329	29
Q86UD5	SLC9B2	13
Q86UE4	MTDH	25
Q86UE6	LRRTM1	22
Q86UE8	TLK2	36
Q86UF1	TSPAN33	8
Q86UG4	SLCO6A1	27
Q86UK0	ABCA12	108
Q86UK5	EVC2	67
Q86UK7	ZNF598	36
Q86UL3	GPAT4	22
Q86UL8	MAGI2	67
Q86UN2	RTN4RL1	18
Q86UN3	RTN4RL2	19
Q86UN6	AKAP14	11
Q86UP0	CDH24	29
Q86UP2	KTN1	82
Q86UP3	ZFHX4	149
Q86UQ0	ZNF589	16
Q86UQ4	ABCA13	235
Q86UQ8	NFE4	8
Q86UR1	NOXA1	25
Q86UR5	RIMS1	83
Q86US8	SMG6	75
Q86UT5	NHERF4	31
Q86UT6	NLRX1	46
Q86UT8	CENATAC	12
Q86UU0	BCL9L	37
Q86UU5	GGN	25
Q86UU9	TAC4	5
Q86UV5	USP48	53
Q86UV6	TRIM74	15
Q86UW1	SLC51A	9
Q86UW2	SLC51B	6
Q86UW6	N4BP2	76
Q86UW7	CADPS2	69
Q86UW9	DTX2	20
Q86UX2	ITIH5	46
Q86UX6	STK32C	20
Q86UX7	FERMT3	36
Q86UY5	SACK1A	22
Q86UY6	NAA40	13
Q86V15	CASZ1	72
Q86V20	SHLD2	35
Q86V24	ADIPOR2	10
Q86V25	VASH2	20
Q86V40	TRABD2A	18
Q86V42	FAM124A	24
Q86V48	LUZP1	64
Q86V81	ALYREF	14
Q86V86	PIM3	15
Q86V97	KBTBD6	34
Q86VB7	CD163	51
Q86VD7	SLC25A42	17
Q86VD9	PIGZ	19
Q86VE0	MYPOP	15
Q86VE9	SERINC5	18
Q86VF2	IGFN1	55
Q86VF5	MOGAT3	9
Q86VF7	NRAP	120
Q86VH2	KIF27	78
Q86VH5	LRRTM3	25
Q86VI3	IQGAP3	90
Q86VI4	LAPTM4B	10
Q86VK4	ZNF410	19
Q86VL8	SLC47A2	19
Q86VM9	ZC3H18	46
Q86VN1	VPS36	24
Q86VP1	TAX1BP1	44
Q86VP3	PACS2	32
Q86VP6	CAND1	61
Q86VQ0	LCA5	35
Q86VQ3	TXNDC2	33
Q86VQ6	TXNRD3	33
Q86VR2	RETREG3	16
Q86VS8	HOOK3	35
Q86VV4	RANBP3L	20
Q86VV8	RTTN	92
Q86VW0	SESTD1	33
Q86VW1	SLC22A16	21
Q86VW2	ARHGEF25	26
Q86VX2	COMMD7	10
Q86VX9	MON1A	36
Q86VY4	TSPYL5	19
Q86VZ1	P2RY8	10
Q86VZ5	SGMS1	19
Q86VZ6	JAZF1	8
Q86W10	CYP4Z1	26
Q86W11	ZSCAN30	29
Q86W24	NLRP14	53
Q86W26	NLRP10	35
Q86W42	THOC6	19
Q86W47	KCNMB4	6
Q86W50	METTL16	25
Q86W54	SPATA24	12
Q86W56	PARG	52
Q86W74	ANKRD46	7
Q86W92	PPFIBP1	49
Q86WA6	BPHL	17
Q86WA8	LONP2	39
Q86WA9	SLC26A11	19
Q86WB0	ZC3HC1	27
Q86WB7	UNC93A	8
Q86WC4	OSTM1	11
Q86WD7	SERPINA9	20
Q86WG3	ATCAY	12
Q86WG5	SBF2	90
Q86WH2	RASSF3	14
Q86WI1	PKHD1L1	156
Q86WI3	NLRC5	68
Q86WJ1	CHD1L	41
Q86WK6	AMIGO1	21
Q86WN1	FCHSD1	31
Q86WP2	GPBP1	24
Q86WQ0	NR2C2AP	8
Q86WR0	CCDC25	14
Q86WS5	TMPRSS12	19
Q86WT6	TRIM69	33
Q86WU2	LDHD	21
Q86WV1	SKAP1	14
Q86WV5	TEN1	5
Q86WV6	STING1	16
Q86WX3	RPS19BP1	8
Q86X02	CDR2L	25
Q86X24	HORMAD1	23
Q86X29	LSR	28
Q86X45	DNAAF11	25
Q86X51	EZHIP	22
Q86X52	CHSY1	44
Q86X55	CARM1	20
Q86X67	NUDT13	16
Q86X76	NIT1	19
Q86X83	COMMD2	12
Q86X95	CIRSR	19
Q86XA0	METTL23	8
Q86XE0	SNX32	21
Q86XE3	MICU3	28
Q86XE5	HOGA1	15
Q86XF0	DHFR2	13
Q86XF7	ZNF575	15
Q86XI2	NCAPG2	65
Q86XJ0	CALHM3	15
Q86XJ1	GAS2L3	39
Q86XK2	FBXO11	39
Q86XK3	SFR1	11
Q86XK7	VSIG1	6
Q86XL3	ANKLE2	56
Q86XM0	CATSPERD	28
Q86XN8	MEX3D	19
Q86XP0	PLA2G4D	36
Q86XP1	DGKH	52
Q86XP3	DDX42	42
Q86XQ3	CATSPER3	11
Q86XR7	TICAM2	13
Q86XR8	CEP57	24
Q86XS8	RNF130	20
Q86XT2	VPS37D	13
Q86XT4	TRIM50	27
Q86XX4	FRAS1	149
Q86Y01	DTX1	29
Q86Y07	VRK2	25
Q86Y13	DZIP3	67
Q86Y25	ZNF354C	31
Q86Y26	NUTM1	38
Q86Y33	CDC20B	28
Q86Y34	ADGRG3	19
Q86Y37	CACUL1	17
Q86Y38	XYLT1	47
Q86Y39	NDUFA11	7
Q86Y46	KRT73	29
Q86Y56	DNAAF5	44
Q86Y78	LYPD6	10
Q86Y82	STX12	13
Q86Y91	KIF18B	43
Q86Y97	KMT5C	28
Q86YA3	ZGRF1	110
Q86YB8	ERO1B	24
Q86YC2	PALB2	57
Q86YC3	NRROS	29
Q86YD1	PTOV1	23
Q86YD3	TMEM25	15
Q86YD5	LDLRAD3	7
Q86YD7	FAM90A1	25
Q86YF9	DZIP1	43
Q86YH6	PDSS2	26
Q86YI8	PHF13	7
Q86YJ5	MARCHF9	15
Q86YJ7	ANKRD13B	32
Q86YL7	PDPN	2
Q86YM7	HOMER1	21
Q86YN6	PPARGC1B	42
Q86YP4	GATAD2A	36
Q86YR5	GPSM1	36
Q86YR7	MCF2L2	60
Q86YS3	RAB11FIP4	33
Q86YS6	RAB43	17
Q86YS7	C2CD5	45
Q86YT5	SLC13A5	17
Q86YT6	MIB1	51
Q86YT9	JAML	17
Q86YV0	RASAL3	57
Q86YV5	PRAG1	62
Q86YV9	HPS6	33
Q86YW0	PLCZ1	21
Q86YW5	TREML1	8
Q86YW7	GPHB5	8
Q86YW9	MED12L	97
Q86YZ3	HRNR	85
Q86Z02	HIPK1	40
Q86Z14	KLB	55
Q86Z20	CCDC125	29
Q86Z23	C1QL4	12
Q8HWS3	RFX6	31
Q8IU54	IFNL1	8
Q8IU57	IFNLR1	16
Q8IU60	DCP2	21
Q8IU68	TMC8	29
Q8IU80	TMPRSS6	36
Q8IU81	IRF2BP1	34
Q8IU85	CAMK1D	18
Q8IU89	CERS3	13
Q8IU99	CALHM1	11
Q8IUA7	ABCA9	66
Q8IUB9	KRTAP19-1	0
Q8IUC1	KRTAP11-1	4
Q8IUC2	KRTAP8-1	1
Q8IUC3	KRTAP7-1	1
Q8IUC4	RHPN2	40
Q8IUC6	TICAM1	23
Q8IUC8	GALNT13	28
Q8IUD2	ERC1	54
Q8IUD6	RNF135	21
Q8IUE6	H2AC21	6
Q8IUF8	RIOX2	20
Q8IUG1	KRTAP1-3	1
Q8IUG5	MYO18B	152
Q8IUH3	RBM45	25
Q8IUH4	ZDHHC13	21
Q8IUH5	ZDHHC17	24
Q8IUH8	SPPL2C	21
Q8IUI8	CRLF3	17
Q8IUK5	PLXDC1	23
Q8IUM7	NPAS4	14
Q8IUN9	CLEC10A	10
Q8IUQ0	CLVS1	20
Q8IUQ4	SIAH1	11
Q8IUR5	TMTC1	46
Q8IUR6	CREBRF	31
Q8IUR7	ARMC8	40
Q8IUW3	SPATA2L	19
Q8IUW5	RELL1	7
Q8IUX1	TMEM126B	11
Q8IUX4	APOBEC3F	18
Q8IUX7	AEBP1	44
Q8IUX8	EGFL6	32
Q8IUY3	GRAMD2A	23
Q8IUZ0	LRRC49	34
Q8IUZ5	PHYKPL	21
Q8IV04	TBC1D10C	22
Q8IV08	PLD3	18
Q8IV16	GPIHBP1	4
Q8IV20	LACC1	18
Q8IV31	TMEM139	6
Q8IV36	HID1	33
Q8IV45	UNC5CL	20
Q8IV48	ERI1	12
Q8IV53	DENND1C	27
Q8IV61	RASGRP3	29
Q8IV63	VRK3	24
Q8IV76	PASD1	22
Q8IV77	CNGA4	23
Q8IVB4	SLC9A9	19
Q8IVD9	NUDCD3	22
Q8IVE3	PLEKHH2	72
Q8IVF2	AHNAK2	302
Q8IVF4	DNAH10	248
Q8IVF5	TIAM2	82
Q8IVF7	FMNL3	53
Q8IVG5	SAMD9L	83
Q8IVG9	MT-RNR2	1
Q8IVH2	FOXP4	23
Q8IVH4	MMAA	23
Q8IVH8	MAP4K3	43
Q8IVI9	NOSTRIN	28
Q8IVJ1	SLC41A1	12
Q8IVL0	NAV3	108
Q8IVL1	NAV2	111
Q8IVL5	P3H2	37
Q8IVL6	P3H3	34
Q8IVL8	CPO	18
Q8IVM0	CCDC50	16
Q8IVM8	SLC22A9	16
Q8IVP5	FUNDC1	6
Q8IVP9	ZNF547	16
Q8IVQ6	ZDHHC21	10
Q8IVS2	MCAT	22
Q8IVS8	GLYCTK	14
Q8IVT2	MISP	33
Q8IVT5	KSR1	52
Q8IVU3	HERC6	54
Q8IVV7	GID4	14
Q8IVW4	CDKL3	27
Q8IVW6	ARID3B	27
Q8IVW8	SPNS2	18
Q8IW00	VSTM4	12
Q8IW19	APLF	20
Q8IW35	CEP97	39
Q8IW40	DNAAF19	15
Q8IW41	MAPKAPK5	24
Q8IW45	NAXD	17
Q8IW52	SLITRK4	38
Q8IW70	TMEM151B	23
Q8IW75	SERPINA12	26
Q8IWA0	WDR75	40
Q8IWA4	MFN1	42
Q8IWA5	SLC44A2	28
Q8IWB1	ITPRIP	30
Q8IWB6	TEX14	74
Q8IWB7	WDFY1	24
Q8IWC1	MAP7D3	44
Q8IWD4	CCDC117	11
Q8IWE2	FAM114A1	21
Q8IWE4	DCUN1D3	16
Q8IWE5	PLEKHM2	40
Q8IWF2	FOXRED2	32
Q8IWG1	DNAI3	42
Q8IWI9	MGA	143
Q8IWJ2	GCC2	104
Q8IWK6	ADGRA3	55
Q8IWL1	SFTPA2	10
Q8IWL2	SFTPA1	10
Q8IWL3	HSCB	16
Q8IWL8	STH	5
Q8IWN7	RP1L1	83
Q8IWQ3	BRSK2	42
Q8IWR1	TRIM59	17
Q8IWS0	PHF6	21
Q8IWT0	ZBTB8OS	7
Q8IWT1	SCN4B	13
Q8IWT3	CUL9	121
Q8IWT6	LRRC8A	44
Q8IWU2	LMTK2	52
Q8IWU4	SLC30A8	13
Q8IWU5	SULF2	35
Q8IWU6	SULF1	37
Q8IWU9	TPH2	29
Q8IWV1	LAX1	15
Q8IWV2	CNTN4	48
Q8IWV7	UBR1	84
Q8IWV8	UBR2	84
Q8IWW6	ARHGAP12	45
Q8IWW8	ADHFE1	20
Q8IWX5	SGPP2	14
Q8IWX7	UNC45B	60
Q8IWX8	CHERP	32
Q8IWY4	SCUBE1	36
Q8IWY9	CDAN1	47
Q8IWZ3	ANKHD1	79
Q8IWZ4	TRIM48	11
Q8IWZ5	TRIM42	38
Q8IWZ6	BBS7	33
Q8IWZ8	SUGP1	31
Q8IX01	SUGP2	47
Q8IX03	WWC1	49
Q8IX04	UEVLD	28
Q8IX05	CD302	6
Q8IX07	ZFPM1	44
Q8IX12	CCAR1	45
Q8IX15	HOMEZ	20
Q8IX19	MCEMP1	10
Q8IX21	SLF2	56
Q8IX30	SCUBE3	43
Q8IX90	SKA3	22
Q8IXA5	SPACA3	9
Q8IXB1	DNAJC10	33
Q8IXB3	TRARG1	6
Q8IXF0	NPAS3	36
Q8IXH6	TP53INP2	3
Q8IXH7	NELFCD	24
Q8IXH8	CDH26	23
Q8IXI1	RHOT2	26
Q8IXI2	RHOT1	31
Q8IXJ6	SIRT2	21
Q8IXJ9	ASXL1	71
Q8IXK0	PHC2	23
Q8IXK2	GALNT12	24
Q8IXL6	FAM20C	26
Q8IXL7	MSRB3	5
Q8IXM2	BACC1	8
Q8IXM3	MRPL41	6
Q8IXM6	NRM	12
Q8IXN7	RIMKLA	16
Q8IXP5	POU2AF2	6
Q8IXQ5	KLHL7	34
Q8IXQ6	PARP9	44
Q8IXQ9	ETFBKMT	14
Q8IXS2	DRC2	28
Q8IXU6	SLC35F2	14
Q8IXV7	KLHDC8B	15
Q8IXW0	LMNTD2	27
Q8IXW5	RPAP2	29
Q8IXZ2	ZC3H3	52
Q8IY17	PNPLA6	61
Q8IY18	SMC5	55
Q8IY21	DDX60	90
Q8IY22	CMIP	31
Q8IY26	PLPP6	14
Q8IY31	IFT20	6
Q8IY33	MICALL2	50
Q8IY34	SLC15A3	16
Q8IY37	DHX37	52
Q8IY47	KBTBD2	29
Q8IY49	MMD2	8
Q8IY50	SLC35F3	14
Q8IY57	YAF2	7
Q8IY63	AMOTL1	44
Q8IY81	FTSJ3	34
Q8IY82	DRC7	42
Q8IY84	NIM1K	26
Q8IY92	SLX4	75
Q8IY95	TMEM192	12
Q8IYA6	CKAP2L	41
Q8IYA8	IHO1	26
Q8IYB1	MB21D2	28
Q8IYB3	SRRM1	43
Q8IYB4	PEX5L	28
Q8IYB5	SMAP1	10
Q8IYB7	DIS3L2	50
Q8IYB8	SUPV3L1	33
Q8IYD1	GSPT2	28
Q8IYD8	FANCM	91
Q8IYE0	CCDC146	48
Q8IYE1	CCDC13	39
Q8IYF1	ELOA2	41
Q8IYF3	TEX11	53
Q8IYG6	LRRC56	25
Q8IYH5	ZZZ3	39
Q8IYI0	SHLD1	6
Q8IYI6	EXOC8	43
Q8IYI8	ZNF440	27
Q8IYJ0	PIANP	8
Q8IYJ2	C10orf67	29
Q8IYJ3	SYTL1	24
Q8IYK4	COLGALT2	26
Q8IYL9	GPR65	12
Q8IYM1	SEPTIN12	14
Q8IYM2	SLFN12	32
Q8IYM9	TRIM22	25
Q8IYP9	ZDHHC23	15
Q8IYR0	CFAP206	33
Q8IYR2	SMYD4	42
Q8IYR6	TMEFF1	18
Q8IYS1	PM20D2	18
Q8IYS5	OSCAR	8
Q8IYT2	CMTR2	32
Q8IYT3	CCDC170	45
Q8IYT4	KATNAL2	31
Q8IYT8	ULK2	42
Q8IYU2	HACE1	34
Q8IYU8	MICU2	20
Q8IYV9	IZUMO1	15
Q8IYW5	RNF168	28
Q8IYX1	TBC1D21	17
Q8IYX3	CCDC116	25
Q8IYX4	DND1	20
Q8IYX7	SAXO1	29
Q8IYX8	CEP57L1	23
Q8IYY4	DZIP1L	40
Q8IZ07	ANKRD13A	27
Q8IZ08	GPR135	14
Q8IZ20	ZNF683	19
Q8IZ21	PHACTR4	34
Q8IZ41	RASEF	39
Q8IZ52	CHPF	33
Q8IZ69	TRMT2A	32
Q8IZ73	RPUSD2	29
Q8IZ96	CMTM1	4
Q8IZA0	KIAA0319L	39
Q8IZC4	RTKN2	34
Q8IZC6	COL27A1	86
Q8IZC7	ZNF101	23
Q8IZD2	KMT2E	60
Q8IZD4	DCP1B	28
Q8IZD6	SLC22A15	15
Q8IZD9	DOCK3	96
Q8IZE3	SCYL3	31
Q8IZF0	NALCN	61
Q8IZF2	ADGRF5	57
Q8IZF3	ADGRF4	32
Q8IZF4	ADGRG5	15
Q8IZF5	ADGRF3	24
Q8IZF6	ADGRG4	103
Q8IZF7	ADGRF2P	29
Q8IZH2	XRN1	75
Q8IZI9	IFNL3	10
Q8IZJ1	UNC5B	41
Q8IZJ3	CPAMD8	74
Q8IZK6	MCOLN2	24
Q8IZL2	MAML2	28
Q8IZL8	PELP1	35
Q8IZL9	CDK20	19
Q8IZN3	ZDHHC14	17
Q8IZP0	ABI1	18
Q8IZP1	TBC1D3	26
Q8IZP9	ADGRG2	30
Q8IZQ1	WDFY3	153
Q8IZQ8	MYOCD	33
Q8IZR5	CMTM4	6
Q8IZS8	CACNA2D3	46
Q8IZT6	ASPM	172
Q8IZT8	HS3ST5	20
Q8IZU0	FAM9B	9
Q8IZU1	FAM9A	10
Q8IZU3	SYCP3	12
Q8IZU9	KIRREL3	30
Q8IZV5	RDH10	16
Q8IZW8	TNS4	32
Q8IZX4	TAF1L	77
Q8IZY2	ABCA7	93
Q8J025	APCDD1	28
Q8N0S2	SYCE1	21
Q8N0S6	CENPL	17
Q8N0U8	VKORC1L1	7
Q8N0V3	RBFA	16
Q8N0V5	GCNT2	23
Q8N0W3	FCSK	38
Q8N0W4	NLGN4X	24
Q8N0X2	SPAG16	27
Q8N0X4	CLYBL	22
Q8N0X7	SPART	29
Q8N0Y2	ZNF444	16
Q8N0Z3	SPICE1	48
Q8N0Z6	TTC5	23
Q8N0Z8	PUSL1	15
Q8N100	ATOH7	10
Q8N103	TAGAP	32
Q8N104	DEFB106A	4
Q8N108	MIER1	23
Q8N114	SHISA5	6
Q8N119	MMP21	30
Q8N122	RPTOR	58
Q8N126	CADM3	15
Q8N128	FAM177A1	12
Q8N130	SLC34A3	20
Q8N131	TMEM123	2
Q8N135	LGI4	24
Q8N136	DAW1	23
Q8N137	CNTROB	45
Q8N138	ORMDL3	6
Q8N139	ABCA6	62
Q8N140	EID3	17
Q8N142	ADSS1	23
Q8N144	GJD3	14
Q8N145	LGI3	25
Q8N149	LILRA2	17
Q8N157	AHI1	61
Q8N158	GPC2	26
Q8N159	NAGS	26
Q8N163	CCAR2	47
Q8N165	PDIK1L	21
Q8N183	NDUFAF2	11
Q8N187	CARF	27
Q8N196	SIX5	18
Q8N1B3	CCNQ	13
Q8N1B4	VPS52	38
Q8N1C3	GABRG1	15
Q8N1E6	FBXL14	20
Q8N1F7	NUP93	53
Q8N1F8	STK11IP	43
Q8N1G0	ZNF687	51
Q8N1G1	REXO1	57
Q8N1G2	CMTR1	48
Q8N1H7	SIX6OS1	34
Q8N1I0	DOCK4	102
Q8N1K5	THEMIS	33
Q8N1L9	BATF2	6
Q8N1M1	BEST3	27
Q8N1N2	DYNAP	3
Q8N1N4	KRT78	29
Q8N1Q1	CA13	9
Q8N1Q8	THEM5	11
Q8N1V2	CFAP52	32
Q8N1W1	ARHGEF28	68
Q8N201	INTS1	110
Q8N205	SYNE4	14
Q8N257	H2BC26	7
Q8N264	ARHGAP24	35
Q8N271	PROM2	29
Q8N2A8	PLD6	14
Q8N2C7	UNC80	142
Q8N2E6	TOR2A	10
Q8N2F6	ARMC10	15
Q8N2G4	LYPD1	6
Q8N2H4	SYS1	5
Q8N2H9	PELI3	18
Q8N2I9	STK40	25
Q8N2K0	ABHD12	21
Q8N2K1	UBE2J2	9
Q8N2M4	TMEM86A	8
Q8N2M8	CLASRP	19
Q8N2N9	ANKRD36B	78
Q8N2Q7	NLGN1	29
Q8N2R0	OSR2	10
Q8N2S1	LTBP4	68
Q8N2U9	SLC66A2	10
Q8N2W9	PIAS4	23
Q8N2Y8	RUSC2	48
Q8N2Z9	CENPS	8
Q8N300	SVBP	4
Q8N302	AGGF1	27
Q8N307	MUC20	28
Q8N335	GPD1L	21
Q8N339	MT1M	4
Q8N344	MIER2	18
Q8N350	CBARP	30
Q8N357	SLC35F6	11
Q8N370	SLC43A2	14
Q8N371	KDM8	23
Q8N386	LRRC25	7
Q8N387	MUC15	9
Q8N392	ARHGAP18	43
Q8N394	TMTC2	37
Q8N3A8	PARP8	46
Q8N3C0	ASCC3	117
Q8N3C7	CLIP4	39
Q8N3D4	EHBP1L1	66
Q8N3E9	PLCD3	37
Q8N3F0	MTURN	3
Q8N3F8	MICALL1	40
Q8N3G9	TMEM130	19
Q8N3I7	BBS5	17
Q8N3J2	METTL4	25
Q8N3J3	HROB	30
Q8N3J5	PPM1K	18
Q8N3J6	CADM2	12
Q8N3K9	CMYA5	196
Q8N3L3	TXLNB	29
Q8N3P4	VPS8	78
Q8N3R9	PALS1	40
Q8N3T1	GALNT15	25
Q8N3U4	STAG2	60
Q8N3V7	SYNPO	42
Q8N3Y1	FBXW8	24
Q8N3Y3	LARGE2	38
Q8N3Y7	SDR16C5	19
Q8N3Z6	ZCCHC7	22
Q8N413	SLC25A45	14
Q8N414	PGBD5	26
Q8N423	LILRB2	26
Q8N427	NME8	31
Q8N428	GALNT16	28
Q8N441	FGFRL1	21
Q8N443	RIBC1	19
Q8N448	LNX2	25
Q8N465	D2HGDH	23
Q8N474	SFRP1	11
Q8N488	RYBP	10
Q8N490	PNKD	16
Q8N4A0	GALNT4	28
Q8N4B1	PHETA1	11
Q8N4C6	NIN	107
Q8N4C7	STX19	17
Q8N4C8	MINK1	60
Q8N4E7	FTMT	15
Q8N4F0	BPIFB2	17
Q8N4F4	SLC22A24	17
Q8N4H5	TOMM5	5
Q8N4J0	CARNMT1	17
Q8N4L1	TMEM151A	24
Q8N4L2	PIP4P2	15
Q8N4L8	CCDC24	18
Q8N4M1	SLC44A3	22
Q8N4N3	KLHL36	31
Q8N4N8	KIF2B	35
Q8N4P3	HDDC3	8
Q8N4Q1	CHCHD4	5
Q8N4S7	PAQR4	8
Q8N4S9	MARVELD2	26
Q8N4T0	CPA6	23
Q8N4T8	CBR4	10
Q8N4U5	TCP11L2	26
Q8N4V1	MMGT1	5
Q8N4W9	ZNF808	55
Q8N4X5	AFAP1L2	38
Q8N4Y2	CRACR2B	18
Q8N511	VMA12	12
Q8N539	FIBCD1	16
Q8N543	OGFOD1	24
Q8N554	ZNF276	32
Q8N556	AFAP1	28
Q8N565	MREG	14
Q8N568	DCLK2	38
Q8N573	OXR1	44
Q8N594	MPND	16
Q8N5A5	ZGPAT	28
Q8N5B7	CERS5	16
Q8N5C1	CALHM5	11
Q8N5C6	SRBD1	60
Q8N5C8	TAB3	27
Q8N5D0	WDTC1	36
Q8N5D6	GBGT1	15
Q8N5F7	NKAP	15
Q8N5G0	SMIM20	3
Q8N5G2	MACO1	34
Q8N5H7	SH2D3C	45
Q8N5I2	ARRDC1	12
Q8N5I4	DHRSX	18
Q8N5J2	MINDY1	16
Q8N5K1	CISD2	9
Q8N5M1	ATPAF2	15
Q8N5M9	JAGN1	6
Q8N5P1	ZC3H8	19
Q8N5S9	CAMKK1	29
Q8N5U6	RNF10	32
Q8N5V2	NGEF	38
Q8N5Y2	MSL3	30
Q8N5Y8	PARP16	14
Q8N5Z0	AADAT	19
Q8N5Z5	KCTD17	11
Q8N608	DPP10	48
Q8N609	TRAM1L1	10
Q8N612	FHIP1B	40
Q8N635	MEIOB	24
Q8N653	LZTR1	48
Q8N661	TMEM86B	2
Q8N668	COMMD1	7
Q8N680	ZBTB2	20
Q8N682	DRAM1	3
Q8N684	CPSF7	20
Q8N693	ESX1	11
Q8N695	SLC5A8	10
Q8N697	SLC15A4	18
Q8N6C5	IGSF1	48
Q8N6C8	LILRA3	16
Q8N6D2	RNF182	7
Q8N6F1	CLDN19	3
Q8N6F7	GCSAM	9
Q8N6F8	METTL27	10
Q8N6G5	CSGALNACT2	31
Q8N6G6	ADAMTSL1	77
Q8N6H7	ARFGAP2	26
Q8N6I1	EID2	14
Q8N6I4	LYSET	6
Q8N6K0	TEX29	8
Q8N6K7	SAMD3	25
Q8N6L0	KASH5	26
Q8N6L1	KRTCAP2	4
Q8N6M0	OTUD6B	14
Q8N6M3	FITM2	6
Q8N6M6	AOPEP	36
Q8N6P7	IL22RA1	22
Q8N6Q3	CD177	13
Q8N6R0	METTL13	38
Q8N6R1	SERP2	2
Q8N6S4	ANKRD13C	22
Q8N6T0	TOP6BL	15
Q8N6T3	ARFGAP1	18
Q8N6T7	SIRT6	18
Q8N6U8	GPR161	18
Q8N6W0	CELF5	15
Q8N6Y0	USHBP1	24
Q8N715	CCDC185	33
Q8N720	ZNF655	26
Q8N726	CDKN2A	6
Q8N743	KIR3DL3	17
Q8N752	CSNK1A1L	19
Q8N766	EMC1	49
Q8N7B6	PACRGL	18
Q8N7C0	LRRC52	11
Q8N7C3	TRIML2	22
Q8N7E2	CBLL2	16
Q8N7H5	PAF1	29
Q8N7J2	AMER2	35
Q8N7U6	EFHB	47
Q8N7U7	TPRX1	6
Q8N7W2	BEND7	22
Q8N7X0	ADGB	86
Q8N7X4	MAGEB6	17
Q8N807	PDILT	32
Q8N841	TTLL6	47
Q8N865	SPMIP4	31
Q8N884	CGAS	29
Q8N895	ZNF366	39
Q8N8B7	TCEANC	16
Q8N8E2	ZNF513	26
Q8N8E3	CEP112	54
Q8N8N0	RNF152	7
Q8N8N7	PTGR2	16
Q8N8Q3	ENDOV	18
Q8N8Q8	COX18	13
Q8N8R3	SLC25A29	16
Q8N8S7	ENAH	23
Q8N8U9	BMPER	35
Q8N8V2	GBP7	29
Q8N8V4	ANKS4B	16
Q8N8W4	PNPLA1	20
Q8N8X9	MAB21L3	19
Q8N8Y2	ATP6V0D2	16
Q8N907	DAND5	5
Q8N912	NRAC	9
Q8N960	CEP120	48
Q8N966	ZDHHC22	6
Q8N983	MRPL43	11
Q8N987	NECAB1	12
Q8N999	RLIG1	14
Q8N9A8	CNEP1R1	7
Q8N9B5	JMY	43
Q8N9E0	FAM133A	7
Q8N9F0	NAT8L	11
Q8N9F7	GDPD1	21
Q8N9H9	CIROZ	24
Q8N9I0	SYT2	21
Q8N9I5	FADS6	19
Q8N9I9	DTX3	16
Q8N9L9	ACOT4	22
Q8N9M5	TMEM102	19
Q8N9N2	ASCC1	16
Q8N9N5	BANP	17
Q8N9N8	EIF1AD	7
Q8N9Q2	SREK1IP1	7
Q8N9R8	SCAI	33
Q8N9V6	ANKRD53	29
Q8N9W5	DNAAF3	18
Q8N9W6	BOLL	10
Q8NA29	MFSD2A	17
Q8NA31	TERB1	40
Q8NA42	ZNF383	26
Q8NA54	IQUB	38
Q8NA56	TTC29	19
Q8NA58	PNLDC1	25
Q8NA61	CBY2	26
Q8NA72	POC5	26
Q8NA77	TEX19	3
Q8NA82	MARCHF10	31
Q8NAC3	IL17RC	32
Q8NAG6	ANKLE1	30
Q8NAM6	ZSCAN4	17
Q8NAN2	MIGA1	34
Q8NAP3	ZBTB38	61
Q8NAP8	ZBTB8B	20
Q8NAT1	POMGNT2	26
Q8NAU1	FNDC5	7
Q8NAV1	PRPF38A	13
Q8NAX2	KDF1	15
Q8NB12	SMYD1	24
Q8NB14	USP38	43
Q8NB15	ZNF511	12
Q8NB16	MLKL	23
Q8NB25	FAM184A	67
Q8NB49	ATP11C	47
Q8NB59	SYT14	24
Q8NB66	UNC13C	107
Q8NB78	KDM1B	44
Q8NB90	AFG2A	47
Q8NB91	FANCB	51
Q8NBA8	DTWD2	9
Q8NBB4	ZSCAN1	19
Q8NBD8	TMEM229B	5
Q8NBF1	GLIS1	17
Q8NBF2	NHLRC2	27
Q8NBI2	CYB561A3	6
Q8NBI5	SLC43A3	14
Q8NBI6	XXYLT1	25
Q8NBJ4	GOLM1	25
Q8NBJ5	COLGALT1	33
Q8NBJ7	SUMF2	15
Q8NBJ9	SIDT2	25
Q8NBK3	SUMF1	12
Q8NBL1	POGLUT1	23
Q8NBL3	TMEM178A	11
Q8NBM4	UBAC2	17
Q8NBM8	PCYOX1L	17
Q8NBN3	TMEM87A	28
Q8NBN7	RDH13	18
Q8NBP7	PCSK9	31
Q8NBQ5	HSD17B11	17
Q8NBQ7	AQP11	5
Q8NBR6	MINDY2	16
Q8NBS3	SLC4A11	28
Q8NBS9	TXNDC5	23
Q8NBT0	POC1A	17
Q8NBT2	SPC24	12
Q8NBU5	ATAD1	17
Q8NBV8	SYT8	12
Q8NBW4	SLC38A9	20
Q8NBZ0	INO80E	9
Q8NBZ7	UXS1	16
Q8NC01	CLEC1A	10
Q8NC06	ACBD4	10
Q8NC24	RELL2	11
Q8NC26	ZNF114	25
Q8NC42	RNF149	17
Q8NC51	SERBP1	19
Q8NC56	LEMD2	29
Q8NC60	NOA1	37
Q8NC67	NETO2	27
Q8NC69	KCTD6	10
Q8NCB2	CAMKV	23
Q8NCC3	PLA2G15	19
Q8NCC5	SLC37A3	10
Q8NCD3	HJURP	37
Q8NCE0	TSEN2	29
Q8NCE2	MTMR14	28
Q8NCF5	NFATC2IP	16
Q8NCG5	CHST4	21
Q8NCG7	DAGLB	31
Q8NCH0	CHST14	19
Q8NCK7	SLC16A11	7
Q8NCL4	GALNT6	26
Q8NCM2	KCNH5	39
Q8NCM8	DYNC2H1	233
Q8NCN4	RNF169	38
Q8NCP5	ZBTB44	16
Q8NCR0	B3GALNT2	23
Q8NCR6	SPMIP6	17
Q8NCS7	SLC44A5	31
Q8NCT1	ARRDC4	21
Q8NCU1	CCDC197	9
Q8NCU7	C2CD4A	22
Q8NCU8	MTLN	2
Q8NCW0	KREMEN2	18
Q8NCW5	NAXE	15
Q8NCW6	GALNT11	31
Q8ND04	SMG8	51
Q8ND23	CARMIL3	63
Q8ND25	ZNRF1	14
Q8ND30	PPFIBP2	46
Q8ND56	LSM14A	19
Q8ND76	CCNY	19
Q8ND83	SLAIN1	22
Q8ND90	PNMA1	18
Q8NDA8	MROH1	85
Q8NDB2	BANK1	39
Q8NDC0	MAPK1IP1L	1
Q8NDC4	MORN4	7
Q8NDD1	FSAF1	13
Q8NDF8	TENT4B	27
Q8NDG6	TDRD9	75
Q8NDH3	NPEPL1	19
Q8NDH6	ICA1L	21
Q8NDI1	EHBP1	66
Q8NDL9	AGBL5	42
Q8NDM7	CFAP43	81
Q8NDN9	RCBTB1	15
Q8NDP4	ZNF439	20
Q8NDQ6	ZNF540	35
Q8NDT2	RBM15B	46
Q8NDV1	ST6GALNAC3	17
Q8NDV3	SMC1B	65
Q8NDV7	TNRC6A	74
Q8NDW8	TTC21A	70
Q8NDX1	PSD4	38
Q8NDX2	SLC17A8	18
Q8NDX5	PHC3	23
Q8NDZ2	SIMC1	41
Q8NDZ4	DIPK2A	19
Q8NE01	CNNM3	37
Q8NE09	RGS22	71
Q8NE31	FAM13C	23
Q8NE35	CPEB3	25
Q8NE62	CHDH	34
Q8NE63	HIPK4	33
Q8NE71	ABCF1	37
Q8NE79	POPDC1	17
Q8NE86	MCU	16
Q8NEA6	GLIS3	29
Q8NEA9	GMCL2	32
Q8NEB5	PLPP5	14
Q8NEB9	PIK3C3	45
Q8NEC5	CATSPER1	25
Q8NEE6	FBXL13	42
Q8NEG0	GARIN6	13
Q8NEH6	MNS1	33
Q8NEJ0	DUSP18	9
Q8NEJ9	NGDN	15
Q8NEK8	TENT5D	19
Q8NEL9	DDHD1	42
Q8NEM0	MCPH1	41
Q8NEM7	SUPT20H	32
Q8NEM8	AGBL3	65
Q8NEN9	PDZD8	56
Q8NEP3	DNAAF1	31
Q8NEQ6	SRARP	11
Q8NER1	TRPV1	36
Q8NER5	ACVR1C	23
Q8NES3	LFNG	17
Q8NET5	NFAM1	12
Q8NET6	CHST13	19
Q8NET8	TRPV3	34
Q8NEU8	APPL2	39
Q8NEV1	CSNK2A3	20
Q8NEV4	MYO3A	85
Q8NEV8	EXPH5	107
Q8NEV9	IL27	9
Q8NEW0	SLC30A7	14
Q8NEY1	NAV1	100
Q8NEY4	ATP6V1C2	27
Q8NEY8	PPHLN1	23
Q8NEZ2	VPS37A	12
Q8NEZ3	WDR19	76
Q8NEZ4	KMT2C	188
Q8NEZ5	FBXO22	19
Q8NF37	LPCAT1	21
Q8NF50	DOCK8	101
Q8NF64	ZMIZ2	18
Q8NF91	SYNE1	484
Q8NF99	ZNF397	33
Q8NFA0	USP32	73
Q8NFA2	NOXO1	21
Q8NFB2	TMEM185A	16
Q8NFC6	BOD1L1	128
Q8NFD2	ANKK1	37
Q8NFD5	ARID1B	69
Q8NFF2	SLC24A4	13
Q8NFF5	FLAD1	31
Q8NFG4	FLCN	30
Q8NFH3	NUP43	12
Q8NFH4	NUP37	15
Q8NFH5	NUP35	13
Q8NFH8	REPS2	31
Q8NFJ5	GPRC5A	7
Q8NFJ6	PROKR2	13
Q8NFJ9	BBS1	31
Q8NFL0	B3GNT7	17
Q8NFM4	ADCY4	40
Q8NFM7	IL17RD	30
Q8NFN8	GPR156	29
Q8NFP4	MDGA1	48
Q8NFP7	NUDT10	10
Q8NFP9	NBEA	145
Q8NFQ8	TOR1AIP2	23
Q8NFR3	SPTSSB	4
Q8NFR9	IL17RE	33
Q8NFT2	STEAP2	27
Q8NFT6	DBF4B	26
Q8NFT8	DNER	21
Q8NFU0	BEST4	18
Q8NFU1	BEST2	23
Q8NFU3	TSTD1	6
Q8NFU5	IPMK	26
Q8NFU7	TET1	94
Q8NFV4	ABHD11	16
Q8NFW1	COL22A1	77
Q8NFW5	DMBX1	11
Q8NFW8	CMAS	23
Q8NFW9	MYRIP	40
Q8NFX7	STXBP6	11
Q8NFY4	SEMA6D	51
Q8NFY9	KBTBD8	39
Q8NFZ0	FBH1	53
Q8NFZ3	NLGN4Y	26
Q8NFZ4	NLGN2	28
Q8NFZ5	TNIP2	22
Q8NFZ8	CADM4	15
Q8NG06	TRIM58	25
Q8NG08	HELB	55
Q8NG11	TSPAN14	12
Q8NG27	PJA1	26
Q8NG31	KNL1	121
Q8NG50	RDM1	14
Q8NG66	NEK11	29
Q8NG98	OR7D4	3
Q8NGC4	OR10G3	8
Q8NGI8	OR5AN1	4
Q8NHC4	OR10J5	6
Q8NHE4	ATP6V0E2	2
Q8NHG7	SVIP	4
Q8NHG8	ZNRF2	11
Q8NHH1	TTLL11	32
Q8NHH9	ATL2	23
Q8NHJ6	LILRB4	17
Q8NHK3	KIR2DL5B	15
Q8NHL6	LILRB1	26
Q8NHM5	KDM2B	72
Q8NHP1	AKR7L	15
Q8NHP6	MOSPD2	26
Q8NHP8	PLBD2	25
Q8NHQ1	CEP70	33
Q8NHQ9	DDX55	33
Q8NHS1	CLDND2	3
Q8NHS2	GOT1L1	16
Q8NHS3	MFSD8	15
Q8NHS9	SPATA22	21
Q8NHU2	CFAP61	52
Q8NHU3	SGMS2	18
Q8NHU6	TDRD7	62
Q8NHV1	GIMAP7	14
Q8NHV4	NEDD1	31
Q8NHV9	RHOXF1	8
Q8NHW3	MAFA	9
Q8NHW4	CCL4L1	2
Q8NHX9	TPCN2	28
Q8NHY0	B4GALNT2	26
Q8NHY2	COP1	31
Q8NHY3	GAS2L2	45
Q8NHZ7	MBD3L2	7
Q8NHZ8	CDC26	5
Q8NI08	NCOA7	50
Q8NI17	IL31RA	38
Q8NI22	MCFD2	5
Q8NI27	THOC2	73
Q8NI35	PATJ	78
Q8NI36	WDR36	40
Q8NI37	PPTC7	12
Q8NI38	NFKBID	13
Q8NI51	CTCFL	32
Q8NI60	COQ8A	24
Q8NI77	KIF18A	49
Q8TA86	RP9	13
Q8TAA5	GRPEL2	13
Q8TAA9	VANGL1	28
Q8TAB3	PCDH19	46
Q8TAB5	C1orf216	11
Q8TAC2	JOSD2	6
Q8TAC9	SCAMP5	4
Q8TAD2	IL17D	14
Q8TAD4	SLC30A5	26
Q8TAD8	SNIP1	18
Q8TAE7	KCNG3	12
Q8TAE8	GADD45GIP1	11
Q8TAF3	WDR48	34
Q8TAF8	LHFPL5	9
Q8TAG5	VSTM2A	12
Q8TAG9	EXOC6	44
Q8TAI7	RHEBL1	10
Q8TAK5	GABPB2	17
Q8TAK6	OLIG1	11
Q8TAM1	BBS10	32
Q8TAM2	TTC8	18
Q8TAM6	ERMN	16
Q8TAP4	LMO3	11
Q8TAP6	CEP76	35
Q8TAP8	PPP1R35	12
Q8TAP9	MPLKIP	8
Q8TAQ2	SMARCC2	48
Q8TAS1	UHMK1	21
Q8TAT2	FGFBP3	11
Q8TAT5	NEIL3	35
Q8TAT6	NPLOC4	28
Q8TAU3	ZNF417	35
Q8TAV3	CYP2W1	20
Q8TAX0	OSR1	7
Q8TAX7	MUC7	9
Q8TAX9	GSDMB	23
Q8TAY7	FAM110D	12
Q8TAZ6	CMTM2	9
Q8TB24	RIN3	40
Q8TB36	GDAP1	12
Q8TB37	NUBPL	13
Q8TB40	ABHD4	19
Q8TB45	DEPTOR	21
Q8TB61	SLC35B2	16
Q8TB68	PRR7	7
Q8TB72	PUM2	35
Q8TB73	NDNF	27
Q8TB92	HMGCLL1	16
Q8TBA6	GOLGA5	41
Q8TBB0	THAP6	8
Q8TBB1	LNX1	35
Q8TBB6	SLC7A14	20
Q8TBC3	SHKBP1	30
Q8TBC4	UBA3	24
Q8TBC5	ZSCAN18	20
Q8TBE0	BAHD1	26
Q8TBE1	CNIH3	3
Q8TBE3	FNDC9	8
Q8TBE7	SLC35G2	11
Q8TBE9	NANP	13
Q8TBF2	PRXL2B	12
Q8TBF4	ZCRB1	8
Q8TBG4	ETNPPL	26
Q8TBG9	SYNPR	8
Q8TBJ4	PLPPR1	9
Q8TBK2	SETD6	23
Q8TBK6	ZCCHC10	6
Q8TBM7	TMEM254	2
Q8TBM8	DNAJB14	18
Q8TBN0	RAB3IL1	20
Q8TBP5	FAM174A	5
Q8TBX8	PIP4K2C	19
Q8TBY0	RBM46	33
Q8TBY8	PMFBP1	60
Q8TBY9	CFAP251	61
Q8TBZ2	MYCBPAP	49
Q8TBZ3	WDR20	23
Q8TBZ6	TRMT10A	19
Q8TBZ8	ZNF564	36
Q8TC05	SAXO6	44
Q8TC07	TBC1D15	35
Q8TC12	RDH11	15
Q8TC20	CAGE1	36
Q8TC26	TMEM163	16
Q8TC27	ADAM32	40
Q8TC29	ENKUR	16
Q8TC36	SUN5	19
Q8TC41	RNF217	19
Q8TC44	POC1B	23
Q8TC57	M1AP	20
Q8TC59	PIWIL2	61
Q8TC71	SPATA18	24
Q8TC76	FAM110B	23
Q8TC84	FANK1	21
Q8TC92	ENOX1	29
Q8TC94	ACTL9	21
Q8TCB7	METTL6	14
Q8TCC7	SLC22A8	20
Q8TCD1	C18orf32	5
Q8TCD5	NT5C	11
Q8TCE6	DENND10	19
Q8TCE9	LGALS14	6
Q8TCF1	ZFAND1	17
Q8TCG1	CIP2A	56
Q8TCG2	PI4K2B	32
Q8TCG5	CPT1C	31
Q8TCI5	CIMAP3	11
Q8TCJ0	FBXO25	23
Q8TCJ2	STT3B	34
Q8TCQ1	MARCHF1	15
Q8TCS8	PNPT1	42
Q8TCT0	CERK	22
Q8TCT1	PHOSPHO1	18
Q8TCT6	SPPL3	8
Q8TCT7	SPPL2B	27
Q8TCT8	SPPL2A	15
Q8TCT9	HM13	14
Q8TCU3	SLC7A13	11
Q8TCU4	ALMS1	207
Q8TCU5	GRIN3A	49
Q8TCU6	PREX1	83
Q8TCX1	DYNC2LI1	15
Q8TCX5	RHPN1	34
Q8TCY5	MRAP	5
Q8TCY9	URGCP	48
Q8TCZ2	CD99L2	12
Q8TD06	AGR3	10
Q8TD07	RAET1E	10
Q8TD08	MAPK15	31
Q8TD10	MIPOL1	28
Q8TD16	BICD2	47
Q8TD17	ZNF398	20
Q8TD19	NEK9	40
Q8TD22	SFXN5	13
Q8TD23	ZNF675	29
Q8TD26	CHD6	128
Q8TD30	GPT2	26
Q8TD31	CCHCR1	45
Q8TD43	TRPM4	49
Q8TD46	CD200R1	19
Q8TD57	DNAH3	223
Q8TD84	DSCAML1	98
Q8TD91	MAGEC3	27
Q8TDB4	MGARP	8
Q8TDB6	DTX3L	39
Q8TDB8	SLC2A14	11
Q8TDC0	MYOZ3	13
Q8TDC3	BRSK1	44
Q8TDD1	DDX54	46
Q8TDD2	SP7	15
Q8TDD5	MCOLN3	26
Q8TDF5	NETO1	26
Q8TDF6	RASGRP4	32
Q8TDG2	ACTRT1	21
Q8TDG4	HELQ	50
Q8TDH9	BLOC1S5	11
Q8TDI0	CHD5	93
Q8TDI7	TMC2	33
Q8TDI8	TMC1	27
Q8TDJ6	DMXL2	126
Q8TDL5	BPIFB1	25
Q8TDM5	SPACA4	4
Q8TDM6	DLG5	106
Q8TDN1	KCNG4	20
Q8TDN2	KCNV2	17
Q8TDN7	ACER1	4
Q8TDP1	RNASEH2C	10
Q8TDQ0	HAVCR2	17
Q8TDQ1	CD300LF	8
Q8TDQ7	GNPDA2	16
Q8TDR0	IFT54	34
Q8TDR2	STK35	34
Q8TDR4	TCP10L	13
Q8TDS4	HCAR2	13
Q8TDS5	OXER1	13
Q8TDS7	MRGPRD	8
Q8TDT2	GPR152	8
Q8TDU6	GPBAR1	9
Q8TDV0	GPR151	12
Q8TDW0	LRRC8C	44
Q8TDW5	SYTL5	45
Q8TDW7	FAT3	175
Q8TDX5	ACMSD	13
Q8TDX6	CSGALNACT1	32
Q8TDX7	NEK7	18
Q8TDX9	PKD1L1	118
Q8TDY2	RB1CC1	85
Q8TDY4	ASAP3	33
Q8TDZ2	MICAL1	46
Q8TE02	ELP5	10
Q8TE04	PANK1	28
Q8TE12	LMX1A	18
Q8TE23	TAS1R2	31
Q8TE49	OTUD7A	54
Q8TE54	SLC26A7	18
Q8TE56	ADAMTS17	53
Q8TE57	ADAMTS16	56
Q8TE58	ADAMTS15	44
Q8TE59	ADAMTS19	54
Q8TE60	ADAMTS18	50
Q8TE67	EPS8L3	32
Q8TE68	EPS8L1	36
Q8TE73	DNAH5	241
Q8TE76	MORC4	51
Q8TE77	SSH3	29
Q8TE85	GRHL3	33
Q8TE99	PXYLP1	22
Q8TEA1	NSUN6	24
Q8TEA7	TBCK	39
Q8TEA8	DTD1	9
Q8TEB1	DCAF11	22
Q8TEB7	RNF128	14
Q8TEB9	RHBDD1	8
Q8TEC5	SH3RF2	36
Q8TED0	UTP15	27
Q8TED1	GPX8	11
Q8TED4	SLC37A2	9
Q8TED9	AFAP1L1	34
Q8TEH3	DENND1A	36
Q8TEJ3	SH3RF3	35
Q8TEK3	DOT1L	72
Q8TEL6	TRPC4AP	41
Q8TEM1	NUP210	70
Q8TEP8	CEP192	110
Q8TEQ6	GEMIN5	76
Q8TEQ8	PIGO	43
Q8TER0	SNED1	59
Q8TER5	ARHGEF40	66
Q8TES7	FBF1	56
Q8TEU7	RAPGEF6	78
Q8TEU8	WFIKKN2	21
Q8TEV9	SMCR8	46
Q8TEW0	PARD3	75
Q8TEW6	DOK4	15
Q8TEW8	PARD3B	65
Q8TEX9	IPO4	50
Q8TEY5	CREB3L4	14
Q8TEY7	USP33	46
Q8TEZ7	PAQR8	12
Q8TF01	PNISR	23
Q8TF05	PPP4R1	38
Q8TF09	DYNLRB2	6
Q8TF17	SH3TC2	69
Q8TF30	WHAMM	40
Q8TF40	FNIP1	60
Q8TF42	UBASH3B	30
Q8TF46	DIS3L	59
Q8TF47	ZFP90	30
Q8TF50	ZNF526	19
Q8TF62	ATP8B4	46
Q8TF63	DCANP1	11
Q8TF65	GIPC2	11
Q8TF66	LRRC15	20
Q8TF71	SLC16A10	11
Q8TF72	SHROOM3	101
Q8TF74	WIPF2	27
Q8TF76	HASPIN	38
Q8WTP8	AEN	14
Q8WTQ1	DEFB104A	5
Q8WTQ7	GRK7	27
Q8WTR2	DUSP19	7
Q8WTR4	GDPD5	16
Q8WTR7	ZNF473	49
Q8WTS1	ABHD5	16
Q8WTS6	SETD7	15
Q8WTT0	CLEC4C	10
Q8WTT2	NOC3L	35
Q8WTU0	DDI1	19
Q8WTV0	SCARB1	22
Q8WTV1	THAP3	12
Q8WTW3	COG1	53
Q8WTW4	NPRL2	23
Q8WTX7	CASTOR1	10
Q8WTX9	ZDHHC1	18
Q8WU03	GLYATL2	15
Q8WU08	STK32A	16
Q8WU10	PYROXD1	17
Q8WU17	RNF139	24
Q8WU20	FRS2	29
Q8WU39	MZB1	9
Q8WU58	FAM222B	13
Q8WU66	TSPEAR	30
Q8WU67	ABHD3	14
Q8WU68	U2AF1L4	10
Q8WU79	SMAP2	15
Q8WU90	ZC3H15	24
Q8WUA2	PPIL4	25
Q8WUA4	GTF3C2	32
Q8WUA7	TBC1D22A	23
Q8WUA8	TSKU	10
Q8WUB8	PHF10	21
Q8WUD1	RAB2B	15
Q8WUD6	CHPT1	10
Q8WUE5	CT55	11
Q8WUF5	PPP1R13L	37
Q8WUF8	ARB2A	20
Q8WUG5	SLC22A17	12
Q8WUH2	TGFBRAP1	37
Q8WUI4	HDAC7	41
Q8WUJ0	STYX	14
Q8WUJ3	CEMIP	69
Q8WUK0	PTPMT1	14
Q8WUM0	NUP133	57
Q8WUM4	PDCD6IP	48
Q8WUM9	SLC20A1	21
Q8WUP2	FBLIM1	16
Q8WUQ7	CACTIN	29
Q8WUU4	ZNF296	19
Q8WUU5	GATAD1	13
Q8WUU8	TMEM174	4
Q8WUW1	BRK1	6
Q8WUX1	SLC38A5	17
Q8WUX9	CHMP7	23
Q8WUY3	PRUNE2	106
Q8WV16	DCAF4	20
Q8WV19	SFT2D1	6
Q8WV22	NSMCE1	15
Q8WV24	PHLDA1	17
Q8WV28	BLNK	21
Q8WV41	SNX33	21
Q8WV44	TRIM41	30
Q8WV74	NUDT8	11
Q8WV92	MITD1	12
Q8WV93	AFG1L	25
Q8WV99	ZFAND2B	11
Q8WVB3	HEXD	22
Q8WVB6	CHTF18	41
Q8WVC0	LEO1	32
Q8WVD3	RNF138	9
Q8WVE7	TMEM170A	3
Q8WVF1	OSCP1	24
Q8WVJ2	NUDCD2	7
Q8WVJ9	TWIST2	9
Q8WVK2	SNRNP27	6
Q8WVK7	SKA2	10
Q8WVM0	TFB1M	21
Q8WVM7	STAG1	61
Q8WVM8	SCFD1	32
Q8WVN6	SECTM1	5
Q8WVN8	UBE2Q2	17
Q8WVP5	TNFAIP8L1	10
Q8WVP7	LMBR1	12
Q8WVQ1	CANT1	22
Q8WVR3	TRAPPC14	31
Q8WVS4	DYNC2I1	49
Q8WVT3	TRAPPC12	29
Q8WVV4	POF1B	27
Q8WVV5	BTN2A2	24
Q8WVV9	HNRNPLL	32
Q8WVX3	ARLN	4
Q8WVX9	FAR1	27
Q8WVY7	UBLCP1	14
Q8WVZ1	ZDHHC19	9
Q8WVZ7	RNF133	14
Q8WVZ9	KBTBD7	33
Q8WW01	TSEN15	5
Q8WW12	PCNP	12
Q8WW22	DNAJA4	22
Q8WW24	TEKT4	31
Q8WW34	TMEM239	5
Q8WW35	DYNLT2B	8
Q8WW38	ZFPM2	59
Q8WW43	APH1B	5
Q8WWA0	ITLN1	15
Q8WWB3	DYDC1	12
Q8WWB5	PIH1D2	16
Q8WWB7	GLMP	7
Q8WWC4	MAIP1	21
Q8WWF3	SSMEM1	10
Q8WWF5	ZNRF4	17
Q8WWG9	KCNE4	5
Q8WWH4	ASZ1	20
Q8WWH5	TRUB1	21
Q8WWI1	LMO7	97
Q8WWI5	SLC44A1	30
Q8WWK9	CKAP2	35
Q8WWL2	SPIRE2	34
Q8WWL7	CCNB3	81
Q8WWM7	ATXN2L	36
Q8WWM9	CYGB	13
Q8WWN8	ARAP3	66
Q8WWN9	IPCEF1	18
Q8WWP7	GIMAP1	19
Q8WWQ0	PHIP	80
Q8WWQ2	HPSE2	29
Q8WWQ8	STAB2	100
Q8WWR8	NEU4	16
Q8WWT9	SLC13A3	11
Q8WWU5	TCP11	23
Q8WWV3	RTN4IP1	23
Q8WWV6	FCAMR	22
Q8WWW0	RASSF5	22
Q8WWW8	GAB3	32
Q8WWX8	SLC5A11	21
Q8WWX9	SELENOM	6
Q8WWY3	PRPF31	21
Q8WWY6	MBD3L1	9
Q8WWY8	LIPH	23
Q8WWZ1	IL1F10	10
Q8WWZ3	EDARADD	11
Q8WWZ4	ABCA10	63
Q8WWZ7	ABCA5	60
Q8WWZ8	OIT3	26
Q8WX92	NELFB	32
Q8WX93	PALLD	63
Q8WX94	NLRP7	61
Q8WXA3	RUFY2	34
Q8WXA8	HTR3C	15
Q8WXA9	SREK1	9
Q8WXB1	METTL21A	9
Q8WXC3	PYDC1	5
Q8WXC6	COPS9	1
Q8WXD0	RXFP2	38
Q8WXD2	SCG3	24
Q8WXD5	GEMIN6	6
Q8WXE1	ATRIP	30
Q8WXE9	STON2	35
Q8WXF1	PSPC1	19
Q8WXF3	RLN3	7
Q8WXF7	ATL1	28
Q8WXF8	DEDD2	18
Q8WXG1	RSAD2	19
Q8WXG6	MADD	74
Q8WXG8	S100Z	5
Q8WXG9	ADGRV1	214
Q8WXH0	SYNE2	390
Q8WXH2	JPH3	37
Q8WXH4	ASB11	15
Q8WXH5	SOCS4	19
Q8WXH6	RAB40A	16
Q8WXI2	CNKSR2	47
Q8WXI3	ASB10	26
Q8WXI4	ACOT11	30
Q8WXI7	MUC16	428
Q8WXI8	CLEC4D	10
Q8WXI9	GATAD2B	30
Q8WXK1	ASB15	29
Q8WXK3	ASB13	15
Q8WXK4	ASB12	14
Q8WXR4	MYO3B	65
Q8WXS3	BAALC	7
Q8WXS5	CACNG8	12
Q8WXS8	ADAMTS14	50
Q8WXU2	DNAAF4	20
Q8WXW3	PIBF1	49
Q8WXX0	DNAH7	218
Q8WXX5	DNAJC9	13
Q8WXX7	AUTS2	47
Q8WY07	SLC7A3	18
Q8WY21	SORCS1	47
Q8WY36	BBX	41
Q8WY41	NANOS1	15
Q8WY54	PPM1E	28
Q8WY64	MYLIP	25
Q8WY91	THAP4	21
Q8WY98	TMEM234	6
Q8WYA0	IFT81	40
Q8WYA1	BMAL2	27
Q8WYA6	CTNNBL1	24
Q8WYB5	KAT6B	78
Q8WYH8	ING5	8
Q8WYJ6	SEPTIN1	24
Q8WYK0	ACOT12	27
Q8WYK2	JDP2	7
Q8WYL5	SSH1	45
Q8WYN0	ATG4A	15
Q8WYP3	RIN2	40
Q8WYP5	AHCTF1	103
Q8WYQ3	CHCHD10	2
Q8WYQ5	DGCR8	34
Q8WYR1	PIK3R5	39
Q8WYR4	RSPH1	15
Q8WZ04	TOMT	14
Q8WZ19	KCTD13	18
Q8WZ42	TTN	1771
Q8WZ55	BSND	12
Q8WZ59	TMEM190	7
Q8WZ60	KLHL6	39
Q8WZ73	RFFL	13
Q8WZ74	CTTNBP2	86
Q8WZ75	ROBO4	37
Q8WZ82	OVCA2	10
Q8WZA1	POMGNT1	33
Q8WZA2	RAPGEF4	51
Q8WZA9	IRGQ	23
Q92185	ST8SIA1	15
Q92186	ST8SIA2	19
Q92187	ST8SIA4	20
Q92466	DDB2	21
Q92478	CLEC2B	7
Q92481	TFAP2B	19
Q92482	AQP3	3
Q92484	SMPDL3A	21
Q92485	SMPDL3B	16
Q92496	CFHR4	15
Q92499	DDX1	39
Q92502	STARD8	39
Q92503	SEC14L1	40
Q92504	SLC39A7	8
Q92506	HSD17B8	12
Q92508	PIEZO1	97
Q92519	TRIB2	15
Q92520	FAM3C	13
Q92521	PIGB	24
Q92522	H1-10	13
Q92523	CPT1B	38
Q92526	CCT6B	27
Q92529	SHC3	33
Q92530	PSMF1	11
Q92535	PIGC	5
Q92536	SLC7A6	11
Q92537	SUSD6	5
Q92538	GBF1	83
Q92539	LPIN2	39
Q92540	SMG7	41
Q92541	RTF1	36
Q92542	NCSTN	28
Q92543	SNX19	39
Q92544	TM9SF4	19
Q92545	TMEM131	71
Q92546	RGP1	21
Q92547	TOPBP1	76
Q92551	IP6K1	22
Q92552	MRPS27	25
Q92556	ELMO1	39
Q92558	WASF1	18
Q92560	BAP1	30
Q92561	PHYHIP	16
Q92562	FIG4	46
Q92563	SPOCK2	20
Q92564	DCUN1D4	18
Q92565	RAPGEF5	32
Q92567	FAM168A	6
Q92569	PIK3R3	27
Q92570	NR4A3	18
Q92572	AP3S1	9
Q92574	TSC1	57
Q92575	UBXN4	14
Q92581	SLC9A6	20
Q92583	CCL17	6
Q92585	MAML1	27
Q92597	NDRG1	12
Q92598	HSPH1	46
Q92599	SEPTIN8	21
Q92600	CNOT9	18
Q92604	LPGAT1	19
Q92608	DOCK2	87
Q92609	TBC1D5	38
Q92611	EDEM1	30
Q92613	JADE3	38
Q92614	MYO18A	102
Q92615	LARP4B	31
Q92616	GCN1	163
Q92618	ZNF516	66
Q92619	ARHGAP45	40
Q92620	DHX38	58
Q92621	NUP205	89
Q92622	RUBCN	41
Q92624	APPBP2	30
Q92625	ANKS1A	52
Q92626	PXDN	71
Q92629	SGCD	18
Q92630	DYRK2	34
Q92633	LPAR1	10
Q92636	NSMAF	37
Q92637	FCGR1BP	13
Q92643	PIGK	20
Q92667	AKAP1	40
Q92673	SORL1	121
Q92674	CENPI	37
Q92681	RSC1A1	21
Q92685	ALG3	17
Q92686	NRGN	2
Q92688	ANP32B	9
Q92692	NECTIN2	21
Q92696	RABGGTA	37
Q92698	RAD54L	45
Q92729	PTPRU	59
Q92730	RND1	13
Q92731	ESR2	24
Q92733	PRCC	15
Q92734	TFG	12
Q92736	RYR2	266
Q92737	RASL10A	12
Q92738	USP6NL	45
Q92743	HTRA1	19
Q92747	ARPC1A	21
Q92748	THRSP	5
Q92750	TAF4B	36
Q92752	TNR	51
Q92753	RORB	23
Q92754	TFAP2C	16
Q92759	GTF2H4	22
Q92764	KRT35	29
Q92765	FRZB	12
Q92766	RREB1	72
Q92769	HDAC2	21
Q92772	CDKL2	21
Q92777	SYN2	21
Q92781	RDH5	20
Q92782	DPF1	23
Q92783	STAM	20
Q92784	DPF3	20
Q92785	DPF2	21
Q92786	PROX1	38
Q92791	P3H4	21
Q92793	CREBBP	74
Q92794	KAT6A	72
Q92796	DLG3	38
Q92797	SYMPK	65
Q92800	EZH1	32
Q92802	N4BP2L2	28
Q92804	TAF15	30
Q92805	GOLGA1	46
Q92806	KCNJ9	14
Q92813	DIO2	10
Q92817	EVPL	112
Q92819	HAS2	29
Q92820	GGH	14
Q92823	NRCAM	53
Q92824	PCSK5	92
Q92826	HOXB13	6
Q92830	KAT2A	36
Q92831	KAT2B	40
Q92832	NELL1	40
Q92833	JARID2	59
Q92834	RPGR	41
Q92835	INPP5D	68
Q92837	FRAT1	10
Q92838	EDA	10
Q92839	HAS1	34
Q92841	DDX17	35
Q92843	BCL2L2	9
Q92844	TANK	17
Q92845	KIFAP3	31
Q92847	GHSR	8
Q92851	CASP10	22
Q92854	SEMA4D	33
Q92858	ATOH1	14
Q92859	NEO1	59
Q92870	APBB2	35
Q92871	PMM1	14
Q92874	DNASE1L2	12
Q92876	KLK6	13
Q92878	RAD50	73
Q92879	CELF1	16
Q92882	OSTF1	13
Q92886	NEUROG1	10
Q92887	ABCC2	59
Q92888	ARHGEF1	43
Q92889	ERCC4	48
Q92890	UFD1	16
Q92896	GLG1	61
Q92900	UPF1	55
Q92901	RPL3L	22
Q92902	HPS1	27
Q92903	CDS1	19
Q92904	DAZL	8
Q92905	COPS5	17
Q92908	GATA6	15
Q92911	SLC5A5	19
Q92913	FGF13	14
Q92915	FGF14	12
Q92917	GPKOW	29
Q92918	MAP4K1	37
Q92922	SMARCC1	46
Q92925	SMARCD2	27
Q92930	RAB8B	12
Q92932	PTPRN2	48
Q92934	BAD	9
Q92935	EXTL1	28
Q92945	KHSRP	35
Q92947	GCDH	20
Q92949	FOXJ1	12
Q92952	KCNN1	25
Q92953	KCNB2	35
Q92954	PRG4	104
Q92956	TNFRSF14	9
Q92959	SLCO2A1	23
Q92963	RIT1	11
Q92966	SNAPC3	23
Q92968	PEX13	14
Q92973	TNPO1	35
Q92974	ARHGEF2	55
Q92979	EMG1	15
Q92982	NINJ1	4
Q92985	IRF7	17
Q92988	DLX4	8
Q92989	CLP1	18
Q92990	GLMN	31
Q92993	KAT5	28
Q92994	BRF1	29
Q92995	USP13	41
Q92997	DVL3	26
Q93008	USP9X	116
Q93009	USP7	64
Q93015	NAA80	9
Q93033	CD101	54
Q93034	CUL5	46
Q93038	TNFRSF25	11
Q93045	STMN2	9
Q93050	ATP6V0A1	31
Q93052	LPP	20
Q93062	RBPMS	10
Q93063	EXT2	35
Q93070	ART4	19
Q93074	MED12	103
Q93077	H2AC6	5
Q93079	H2BC9	7
Q93084	ATP2A3	43
Q93086	P2RX5	19
Q93088	BHMT	21
Q93091	RNASE6	8
Q93096	PTP4A1	9
Q93097	WNT2B	22
Q93098	WNT8B	18
Q93099	HGD	20
Q93100	PHKB	56
Q95460	MR1	13
Q969D9	TSLP	7
Q969E2	SCAMP4	5
Q969E3	UCN3	8
Q969E8	TSR2	7
Q969F0	FATE1	11
Q969F1	GTF3C6	4
Q969F2	NKD2	24
Q969F8	KISS1R	13
Q969F9	HPS3	53
Q969G2	LHX4	15
Q969G3	SMARCE1	19
Q969G5	CAVIN3	10
Q969G6	RFK	7
Q969G9	NKD1	27
Q969H0	FBXW7	39
Q969H4	CNKSR1	24
Q969H6	POP5	9
Q969H8	MYDGF	5
Q969I6	SLC38A4	19
Q969J2	ZKSCAN4	30
Q969J3	BORCS5	13
Q969J5	IL22RA2	13
Q969K3	RNF34	17
Q969K4	ABTB1	25
Q969K7	TMEM54	9
Q969L2	MAL2	2
Q969L4	LSM10	7
Q969M3	YIPF5	2
Q969M7	UBE2F	9
Q969N2	PIGT	25
Q969N4	TAAR8	8
Q969P0	IGSF8	24
Q969P5	FBXO32	20
Q969P6	TOP1MT	34
Q969Q1	TRIM63	21
Q969Q5	RAB24	11
Q969Q6	PPP2R3C	27
Q969R2	OSBP2	46
Q969R5	L3MBTL2	27
Q969R8	ITFG2	22
Q969S0	SLC35B4	8
Q969S2	NEIL2	18
Q969S3	ZNF622	25
Q969S6	TMEM203	5
Q969S8	HDAC10	20
Q969S9	GFM2	37
Q969T4	UBE2E3	8
Q969T7	NT5C3B	18
Q969T9	WBP2	7
Q969U6	FBXW5	24
Q969U7	PSMG2	10
Q969V1	MCHR2	6
Q969V3	NCLN	25
Q969V4	TEKT1	27
Q969V5	MUL1	18
Q969V6	MRTFA	29
Q969W0	SPTSSA	2
Q969W1	ZDHHC16	14
Q969W9	PMEPA1	6
Q969X0	RILPL2	13
Q969X1	TMBIM1	6
Q969X2	ST6GALNAC6	14
Q969X5	ERGIC1	12
Q969X6	UTP4	32
Q969Y2	GTPBP3	20
Q969Z0	TBRG4	32
Q969Z3	MTARC2	18
Q969Z4	RELT	17
Q96A08	H2BC1	8
Q96A09	TENT5B	19
Q96A11	GAL3ST3	23
Q96A26	FAM162A	9
Q96A29	SLC35C1	14
Q96A32	MYL11	11
Q96A33	CCDC47	20
Q96A37	RNF166	10
Q96A44	SPSB4	12
Q96A49	SYAP1	12
Q96A54	ADIPOR1	14
Q96A56	TP53INP1	5
Q96A57	TMEM230	6
Q96A58	RERG	10
Q96A59	MARVELD3	12
Q96A61	TRIM52	10
Q96A65	EXOC4	56
Q96A70	AZIN2	19
Q96A72	MAGOHB	10
Q96A83	COL26A1	18
Q96A84	EMID1	15
Q96AA3	RFT1	22
Q96AA8	JAKMIP2	45
Q96AB6	NTAN1	20
Q96AC1	FERMT2	37
Q96AD5	PNPLA2	21
Q96AE4	FUBP1	30
Q96AE7	TTC17	55
Q96AG3	SLC25A46	19
Q96AG4	LRRC59	14
Q96AH0	NABP1	11
Q96AH8	RAB7B	13
Q96AJ1	IFT38	21
Q96AJ9	VTI1A	11
Q96AK3	APOBEC3D	17
Q96AN5	TMEM143	23
Q96AP0	ACD	15
Q96AP4	ZUP1	34
Q96AP7	ESAM	18
Q96AQ6	PBXIP1	30
Q96AQ7	CIDEC	9
Q96AQ8	MCUR1	23
Q96AT9	RPE	6
Q96AV8	E2F7	41
Q96AW1	VOPP1	5
Q96AX1	VPS33A	36
Q96AX2	RAB37	20
Q96AX9	MIB2	49
Q96AY2	EME1	30
Q96AY3	FKBP10	34
Q96AY4	TTC28	127
Q96AZ1	EEF1AKMT3	6
Q96AZ6	ISG20	10
Q96B01	RAD51AP1	16
Q96B02	UBE2W	4
Q96B18	DACT3	22
Q96B21	TMEM45B	8
Q96B23	ARK2N	11
Q96B26	EXOSC8	12
Q96B36	AKT1S1	9
Q96B42	TMEM18	4
Q96B49	TOMM6	3
Q96B67	ARRDC3	18
Q96B77	TMEM186	10
Q96B86	RGMA	19
Q96B96	LDAF1	4
Q96B97	SH3KBP1	35
Q96BA8	CREB3L1	23
Q96BD0	SLCO4A1	20
Q96BD5	PHF21A	30
Q96BD6	SPSB1	9
Q96BD8	SKA1	14
Q96BF3	TMIGD2	8
Q96BF6	NACC2	25
Q96BH1	RNF25	19
Q96BI1	SLC67A1	8
Q96BI3	APH1A	3
Q96BJ3	AIDA	14
Q96BK5	PINX1	14
Q96BM1	ANKRD9	14
Q96BM9	ARL8A	10
Q96BN2	TADA1	14
Q96BN8	OTULIN	22
Q96BP2	CHCHD1	6
Q96BP3	PPWD1	35
Q96BR1	SGK3	19
Q96BR5	COA7	15
Q96BR6	ZNF669	22
Q96BR9	ZBTB8A	23
Q96BS2	TESC	9
Q96BT3	CENPT	21
Q96BT7	ALKBH8	37
Q96BW1	UPRT	13
Q96BW5	PTER	19
Q96BW9	TAMM41	25
Q96BY2	MOAP1	17
Q96BY6	DOCK10	111
Q96BY7	ATG2B	103
Q96BY9	SARAF	15
Q96BZ4	PLD4	18
Q96BZ8	LENG1	11
Q96BZ9	TBC1D20	21
Q96C00	ZBTB9	20
Q96C01	TIMCC	11
Q96C03	MIEF2	19
Q96C10	DHX58	39
Q96C11	FGGY	28
Q96C12	ARMC5	35
Q96C19	EFHD2	11
Q96C23	GALM	17
Q96C24	SYTL4	37
Q96C36	PYCR2	15
Q96C45	ULK4	58
Q96C55	ZNF524	9
Q96C74	ROPN1L	14
Q96C86	DCPS	18
Q96C92	ENTR1	15
Q96CA5	BIRC7	10
Q96CB8	INTS12	18
Q96CB9	NSUN4	14
Q96CC6	RHBDF1	32
Q96CD2	PPCDC	12
Q96CE8	TM4SF18	4
Q96CF2	CHMP4C	14
Q96CG3	TIFA	8
Q96CJ1	EAF2	14
Q96CK0	ZNF653	18
Q96CM3	RPUSD4	19
Q96CM4	NXNL1	12
Q96CM8	ACSF2	24
Q96CN4	EVI5L	37
Q96CN5	LRRC45	40
Q96CN9	GCC1	43
Q96CP6	GRAMD1A	36
Q96CP7	TLCD1	7
Q96CQ1	SLC25A36	14
Q96CS2	HAUS1	18
Q96CS3	FAF2	23
Q96CS7	PLEKHB2	7
Q96CT7	CCDC124	12
Q96CU9	FOXRED1	18
Q96CV9	OPTN	33
Q96CW1	AP2M1	26
Q96CW5	TUBGCP3	45
Q96CW9	NTNG2	26
Q96CX2	KCTD12	16
Q96D03	DDIT4L	9
Q96D05	FAM241B	6
Q96D09	GPRASP2	32
Q96D15	RCN3	14
Q96D21	RASD2	14
Q96D31	ORAI1	6
Q96D42	HAVCR1	13
Q96D46	NMD3	26
Q96D53	COQ8B	29
Q96D59	RNF183	8
Q96D71	REPS1	35
Q96D96	HVCN1	11
Q96D98	EID2B	4
Q96DA0	ZG16B	9
Q96DA2	RAB39B	16
Q96DA6	DNAJC19	9
Q96DB2	HDAC11	17
Q96DB5	RMDN1	22
Q96DB9	FXYD5	3
Q96DC9	OTUB2	11
Q96DE0	NUDT16	13
Q96DE5	ANAPC16	6
Q96DF8	ESS2	23
Q96DG6	CMBL	15
Q96DH6	MSI2	11
Q96DI7	SNRNP40	17
Q96DM3	RMC1	26
Q96DN0	ERP27	6
Q96DN2	VWCE	28
Q96DN5	TBC1D31	56
Q96DN6	MBD6	21
Q96DP5	MTFMT	25
Q96DR4	STARD4	11
Q96DR5	BPIFA2	15
Q96DR7	ARHGEF26	46
Q96DR8	MUCL1	2
Q96DT5	DNAH11	238
Q96DT6	ATG4C	24
Q96DT7	ZBTB10	34
Q96DU3	SLAMF6	16
Q96DU7	ITPKC	30
Q96DV4	MRPL38	20
Q96DW6	SLC25A38	17
Q96DX5	ASB9	11
Q96DX7	TRIM44	11
Q96DX8	RTP4	11
Q96DZ1	ERLEC1	27
Q96DZ5	CLIP3	32
Q96DZ7	TM4SF19	4
Q96DZ9	CMTM5	6
Q96E09	PABIR1	11
Q96E11	MRRF	13
Q96E14	RMI2	8
Q96E17	RAB3C	13
Q96E22	NUS1	17
Q96E29	MTERF3	21
Q96E35	ZMYND19	11
Q96E40	SPACA9	11
Q96E52	OMA1	30
Q96E93	KLRG1	8
Q96EA4	SPDL1	32
Q96EB1	ELP4	23
Q96EB6	SIRT1	37
Q96EC8	YIPF6	9
Q96ED9	HOOK2	35
Q96EE3	SEH1L	22
Q96EF0	MTMR8	34
Q96EF6	FBXO17	14
Q96EG1	ARSG	22
Q96EG3	ZNF837	31
Q96EH3	MALSU1	12
Q96EH8	NEURL3	10
Q96EK4	THAP11	8
Q96EK5	KIFBP	31
Q96EK6	GNPNAT1	8
Q96EL1	INKA1	15
Q96EL3	MRPL53	8
Q96EM0	L3HYPDH	17
Q96EN8	MOCOS	44
Q96EP0	RNF31	52
Q96EP1	CHFR	30
Q96EP5	DAZAP1	10
Q96EP9	SLC10A4	8
Q96EQ0	SGTB	12
Q96EQ8	RNF125	15
Q96ER9	CCDC51	21
Q96ES7	SGF29	11
Q96EU6	RRP36	17
Q96EU7	C1GALT1C1	16
Q96EV2	RBM33	36
Q96EV8	DTNBP1	11
Q96EW2	HSPBAP1	21
Q96EX3	DYNC2I2	19
Q96EY1	DNAJA3	22
Q96EY4	TMA16	9
Q96EY5	MVB12A	12
Q96EY7	PTCD3	35
Q96EY8	MMAB	13
Q96EY9	ADAT3	21
Q96EZ8	MCRS1	26
Q96F07	CYFIP2	67
Q96F10	SAT2	10
Q96F15	GIMAP5	16
Q96F24	NRBF2	15
Q96F25	ALG14	12
Q96F44	TRIM11	22
Q96F45	ZNF503	17
Q96F46	IL17RA	23
Q96F81	DISP1	59
Q96F85	CNRIP1	8
Q96F86	EDC3	29
Q96FA3	PELI1	16
Q96FC9	DDX11	45
Q96FE5	LINGO1	24
Q96FE7	PIK3IP1	8
Q96FF9	CDCA5	13
Q96FG2	ELMOD3	20
Q96FH0	BORCS8	7
Q96FI4	NEIL1	21
Q96FJ0	STAMBPL1	18
Q96FJ2	DYNLL2	5
Q96FL8	SLC47A1	15
Q96FL9	GALNT14	23
Q96FM1	PGAP3	12
Q96FN4	CPNE2	23
Q96FN5	KIF12	40
Q96FN9	DTD2	11
Q96FQ6	S100A16	6
Q96FS4	SIPA1	44
Q96FT7	ASIC4	19
Q96FT9	IFT43	11
Q96FV3	TSPAN17	11
Q96FV9	THOC1	37
Q96FW1	OTUB1	15
Q96FX2	DPH3	2
Q96FX7	TRMT61A	12
Q96FX8	PERP	5
Q96FZ2	HMCES	22
Q96FZ5	CMTM7	5
Q96FZ7	CHMP6	9
Q96G01	BICD1	53
Q96G03	PGM2	34
Q96G04	EEF2KMT	12
Q96G21	IMP4	14
Q96G23	CERS2	15
Q96G25	MED8	14
Q96G28	CFAP36	15
Q96G30	MRAP2	8
Q96G42	KLHDC7B	25
Q96G46	DUS3L	33
Q96G61	NUDT11	10
Q96G74	OTUD5	18
Q96G79	SLC35A4	10
Q96G91	P2RY11	17
Q96G97	BSCL2	13
Q96GA3	LTV1	19
Q96GA7	SDSL	15
Q96GC6	ZNF274	26
Q96GC9	VMP1	9
Q96GD0	PDXP	17
Q96GD3	SCMH1	32
Q96GD4	AURKB	21
Q96GE4	CEP95	37
Q96GE6	CALML4	13
Q96GF1	RNF185	6
Q96GG9	DCUN1D1	12
Q96GJ1	TRMT2B	26
Q96GL9	FAM163A	10
Q96GM1	PLPPR2	10
Q96GM5	SMARCD1	28
Q96GM8	TOE1	20
Q96GN5	CDCA7L	26
Q96GP6	SCARF2	37
Q96GQ5	RUSF1	18
Q96GQ7	DDX27	37
Q96GR2	ACSBG1	31
Q96GR4	ZDHHC12	9
Q96GS4	BORCS6	16
Q96GS6	ABHD17A	15
Q96GV9	MACIR	14
Q96GW7	BCAN	35
Q96GW9	MARS2	30
Q96GX1	TCTN2	30
Q96GX5	MASTL	39
Q96GX8	CLMB	3
Q96GX9	APIP	17
Q96GY3	LIN37	11
Q96GZ6	SLC41A3	12
Q96H15	TIMD4	16
Q96H20	SNF8	9
Q96H22	CENPN	17
Q96H55	MYO19	44
Q96H72	SLC39A13	12
Q96H86	ZNF764	21
Q96H96	COQ2	7
Q96HA1	POM121	31
Q96HA7	TONSL	59
Q96HA8	NTAQ1	8
Q96HA9	PEX11G	14
Q96HB5	CCDC120	33
Q96HC4	PDLIM5	30
Q96HD1	CRELD1	20
Q96HD9	ACY3	15
Q96HE7	ERO1A	24
Q96HE8	TMEM80	2
Q96HF1	SFRP2	14
Q96HH6	TMEM19	3
Q96HH9	GRAMD2B	25
Q96HI0	SENP5	40
Q96HJ3	CCDC34	16
Q96HJ5	MS4A3	1
Q96HN2	AHCYL2	30
Q96HP0	DOCK6	100
Q96HP8	TMEM176A	11
Q96HR3	MED30	10
Q96HR8	NAF1	9
Q96HR9	REEP6	10
Q96HS1	PGAM5	16
Q96HT8	MRFAP1L1	5
Q96HU1	SGSM3	39
Q96HU8	DIRAS2	13
Q96HW7	INTS4	58
Q96HY6	DDRGK1	11
Q96HY7	DHTKD1	33
Q96HZ4	HES6	7
Q96I15	SCLY	24
Q96I23	PYURF	4
Q96I24	FUBP3	31
Q96I25	RBM17	23
Q96I34	PPP1R16A	18
Q96I36	COX14	4
Q96I51	RCC1L	23
Q96I59	NARS2	23
Q96I76	GPATCH3	26
Q96I99	SUCLG2	28
Q96IF1	AJUBA	28
Q96II8	LRCH3	32
Q96IJ6	GMPPA	17
Q96IK1	BOD1	9
Q96IK5	GMCL1	29
Q96IL0	COA8	11
Q96IP4	TENT5A	16
Q96IQ9	ZNF414	11
Q96IR7	HPDL	17
Q96IS3	RAX2	7
Q96IT1	ZNF496	22
Q96IU2	ZBED3	12
Q96IU4	ABHD14B	10
Q96IV0	NGLY1	34
Q96IV6	FAXDC2	11
Q96IW7	SEC22A	11
Q96IX5	ATP5MK	3
Q96IY1	NSL1	15
Q96IY4	CPB2	20
Q96IZ0	PAWR	11
Q96IZ2	ADTRP	7
Q96IZ5	RBM41	25
Q96IZ6	METTL2A	20
Q96IZ7	RSRC1	13
Q96J01	THOC3	15
Q96J02	ITCH	45
Q96J42	TXNDC15	15
Q96J65	ABCC12	55
Q96J66	ABCC11	58
Q96J84	KIRREL1	33
Q96J87	CELF6	15
Q96J92	WNK4	35
Q96J94	PIWIL1	51
Q96JA1	LRIG1	54
Q96JA3	PLEKHA8	31
Q96JB1	DNAH8	243
Q96JB2	COG3	46
Q96JB3	HIC2	23
Q96JB5	CDK5RAP3	25
Q96JB6	LOXL4	35
Q96JB8	MPP4	37
Q96JC1	VPS39	56
Q96JC9	EAF1	11
Q96JD6	AKR1E2	17
Q96JE7	SEC16B	36
Q96JE9	MAP6	59
Q96JF0	ST6GAL2	24
Q96JG6	VPS50	50
Q96JG8	MAGED4	31
Q96JG9	ZNF469	150
Q96JH7	VCPIP1	68
Q96JH8	RADIL	43
Q96JI7	SPG11	123
Q96JJ3	ELMO2	38
Q96JJ6	JPH4	22
Q96JJ7	TMX3	21
Q96JK2	DCAF5	48
Q96JK9	MAML3	30
Q96JL9	ZNF333	34
Q96JM2	ZNF462	113
Q96JM3	CHAMP1	48
Q96JM7	L3MBTL3	32
Q96JN0	LCOR	19
Q96JN2	CCDC136	62
Q96JN8	NEURL4	56
Q96JP0	FEM1C	30
Q96JP2	MYO15B	138
Q96JP5	ZFP91	23
Q96JP9	CDHR1	31
Q96JQ0	DCHS1	114
Q96JQ5	MS4A4A	1
Q96JS3	PGBD1	36
Q96JW4	SLC41A2	17
Q96JX3	SERAC1	34
Q96JY0	MAEL	22
Q96JY6	PDLIM2	19
Q96JZ2	HSH2D	18
Q96K12	FAR2	27
Q96K19	RNF170	8
Q96K21	ZFYVE19	27
Q96K30	RITA1	14
Q96K58	ZNF668	32
Q96K76	USP47	72
Q96K78	ADGRG7	34
Q96K80	ZC3H10	14
Q96K83	ZNF521	62
Q96KA5	CLPTM1L	21
Q96KB5	PBK	16
Q96KC8	DNAJC1	27
Q96KG7	MEGF10	39
Q96KG9	SCYL1	34
Q96KK3	KCNS1	21
Q96KK4	OR10C1	8
Q96KK5	H2AC12	5
Q96KM6	ZNF512B	38
Q96KN2	CNDP1	25
Q96KN3	PKNOX2	8
Q96KN4	LRATD1	14
Q96KN7	RPGRIP1	63
Q96KN8	PLAAT5	14
Q96KN9	GJD4	21
Q96KP1	EXOC2	47
Q96KP4	CNDP2	26
Q96KP6	TNIP3	16
Q96KQ4	PPP1R13B	44
Q96KQ7	EHMT2	55
Q96KR6	MIMS2	7
Q96KR7	PHACTR3	20
Q96KS0	EGLN2	23
Q96KV7	WDR90	79
Q96L08	SUSD3	13
Q96L12	CALR3	21
Q96L21	RPL10L	9
Q96L33	RHOV	13
Q96L34	MARK4	38
Q96L42	KCNH8	45
Q96L46	CAPNS2	12
Q96L50	LRR1	19
Q96L58	B3GALT6	17
Q96L73	NSD1	132
Q96L91	EP400	107
Q96L92	SNX27	28
Q96L93	KIF16B	73
Q96L96	ALPK3	73
Q96LA5	FCRL2	19
Q96LA6	FCRL1	17
Q96LA8	PRMT6	14
Q96LA9	MRGPRX4	10
Q96LB1	MRGPRX2	7
Q96LB2	MRGPRX1	8
Q96LB3	IFT74	40
Q96LB4	ATP6V1G3	5
Q96LB8	PGLYRP4	14
Q96LB9	PGLYRP3	10
Q96LC7	SIGLEC10	27
Q96LC9	BMF	6
Q96LD1	SGCZ	17
Q96LD4	TRIM47	30
Q96LD8	SENP8	10
Q96LI5	CNOT6L	27
Q96LI6	HSFY1	21
Q96LJ7	DHRS1	15
Q96LJ8	UBXN10	11
Q96LK0	CEP19	5
Q96LL4	C8orf48	16
Q96LL9	DNAJC30	13
Q96LM5	SPMIP2	10
Q96LM6	SPMIP9	9
Q96LR2	LURAP1	14
Q96LR5	UBE2E2	8
Q96LR9	APOLD1	12
Q96LT4	SAMD8	13
Q96LT7	C9orf72	22
Q96LT9	RNPC3	22
Q96LW4	PRIMPOL	27
Q96LW7	CARD19	10
Q96LX7	CCDC17	29
Q96LX8	ZNF597	17
Q96LZ3	PPP3R2	9
Q96LZ7	RMDN2	21
Q96M02	C10orf90	43
Q96M11	HYLS1	13
Q96M27	PRRC1	11
Q96M29	TEKT5	30
Q96M32	AK7	28
Q96M61	MAGEB18	15
Q96M63	ODAD1	31
Q96M86	DNHD1	195
Q96M91	CFAP53	24
Q96M94	KLHL15	31
Q96M96	FGD4	48
Q96M98	PACRG	17
Q96MA6	AK8	28
Q96MC2	DRC1	38
Q96MD2	KICS2	25
Q96MF2	STAC3	19
Q96MF7	NSMCE2	12
Q96MG2	JSRP1	14
Q96MG7	NSMCE3	21
Q96MG8	PCMTD1	17
Q96MH2	HEXIM2	17
Q96MH6	TMEM68	13
Q96MI9	AGBL1	55
Q96MK3	FAM20A	26
Q96MM3	ZFP42	17
Q96MM7	HS6ST2	27
Q96MN2	NLRP4	50
Q96MN9	ZNF488	14
Q96MP8	KCTD7	10
Q96MR6	CFAP57	64
Q96MS0	ROBO3	49
Q96MT3	PRICKLE1	33
Q96MT7	CFAP44	79
Q96MT8	CEP63	38
Q96MU7	YTHDC1	24
Q96MU8	KREMEN1	20
Q96MV1	TLCD4	11
Q96MV8	ZDHHC15	17
Q96MW5	COG8	30
Q96MX0	CMTM3	8
Q96MX3	ZNF48	32
Q96MY7	FAM161B	28
Q96N11	INTS15	18
Q96N16	JAKMIP1	32
Q96N19	GPR137	14
Q96N21	TEPSIN	22
Q96N23	CFAP54	159
Q96N58	ZNF578	37
Q96N64	PWWP2A	30
Q96N66	MBOAT7	18
Q96N67	DOCK7	105
Q96N76	UROC1	29
Q96N77	ZNF641	14
Q96N87	SLC6A18	22
Q96N95	ZNF396	17
Q96N96	SPATA13	26
Q96NA2	RILP	17
Q96NB1	CEP20	12
Q96NB2	SFXN2	17
Q96NB3	ZNF830	17
Q96NC0	ZMAT2	8
Q96NE9	FRMD6	33
Q96NG3	ODAD4	38
Q96NH3	TBC1D32	58
Q96NI6	LRFN5	29
Q96NL3	ZNF599	33
Q96NL6	SCLT1	42
Q96NL8	CFAP418	13
Q96NM4	TOX2	15
Q96NN9	AIFM3	35
Q96NR3	PTCHD1	29
Q96NR8	RDH12	19
Q96NT0	VMA22	9
Q96NT3	GUCD1	9
Q96NT5	SLC46A1	10
Q96NU1	SAMD11	28
Q96NW4	ANKRD27	55
Q96NW7	LRRC7	79
Q96NX5	CAMK1G	19
Q96NY7	CLIC6	27
Q96NY8	NECTIN4	28
Q96NY9	MUS81	23
Q96NZ1	FOXN4	15
Q96NZ8	WFIKKN1	21
Q96NZ9	PRAP1	7
Q96P09	BIRC8	15
Q96P11	NSUN5	26
Q96P15	SERPINB11	22
Q96P16	RPRD1A	17
Q96P20	NLRP3	55
Q96P26	NT5C1B	36
Q96P31	FCRL3	25
Q96P44	COL21A1	40
Q96P47	AGAP3	28
Q96P48	ARAP1	66
Q96P53	WDFY2	25
Q96P56	CATSPER2	24
Q96P63	SERPINB12	20
Q96P65	QRFPR	21
Q96P66	GPR101	17
Q96P68	OXGR1	8
Q96P70	IPO9	41
Q96P71	NECAB3	19
Q96PB1	CASD1	42
Q96PB7	OLFM3	23
Q96PC2	IP6K3	23
Q96PC3	AP1S3	9
Q96PC5	MIA2	65
Q96PD2	DCBLD2	34
Q96PD4	IL17F	10
Q96PD5	PGLYRP2	25
Q96PD6	MOGAT1	15
Q96PD7	DGAT2	16
Q96PE1	ADGRA2	45
Q96PE2	ARHGEF17	93
Q96PE3	INPP4A	43
Q96PE7	MCEE	11
Q96PF1	TGM7	33
Q96PF2	TSSK2	20
Q96PG8	BBC3	15
Q96PH1	NOX5	38
Q96PH6	DEFB118	6
Q96PJ5	FCRL4	20
Q96PK6	RBM14	23
Q96PL5	ERMAP	24
Q96PM5	RCHY1	16
Q96PM9	ZNF385A	18
Q96PN6	ADCY10	91
Q96PN7	TRERF1	35
Q96PN8	TSSK3	14
Q96PP8	GBP5	30
Q96PP9	GBP4	29
Q96PQ0	SORCS2	55
Q96PQ1	SIGLEC12	22
Q96PQ6	ZNF317	30
Q96PR1	KCNC2	23
Q96PS8	AQP10	3
Q96PU4	UHRF2	38
Q96PU5	NEDD4L	46
Q96PU8	QKI	14
Q96PV0	SYNGAP1	53
Q96PV4	PNMA5	25
Q96PV6	LENG8	37
Q96PV7	FAM193B	32
Q96PX1	RNF157	21
Q96PX8	SLITRK1	31
Q96PX9	PLEKHG4B	81
Q96PY5	FMNL2	54
Q96PY6	NEK1	66
Q96PZ0	PUS7	35
Q96PZ2	FAM111A	30
Q96PZ7	CSMD1	119
Q96Q04	LMTK3	50
Q96Q05	TRAPPC9	53
Q96Q06	PLIN4	98
Q96Q11	TRNT1	26
Q96Q15	SMG1	172
Q96Q27	ASB2	32
Q96Q35	FLACC1	22
Q96Q40	CDK15	20
Q96Q42	ALS2	72
Q96Q45	TMEM237	11
Q96Q77	CIB3	8
Q96Q80	DERL3	5
Q96Q83	ALKBH3	17
Q96Q89	KIF20B	101
Q96Q91	SLC4A9	41
Q96QA5	GSDMA	24
Q96QB1	DLC1	77
Q96QC0	PPP1R10	42
Q96QD8	SLC38A2	12
Q96QD9	FYTTD1	18
Q96QE2	SLC2A13	20
Q96QE3	ATAD5	101
Q96QE5	TEFM	22
Q96QF0	RAB3IP	19
Q96QF7	GCNA	18
Q96QG7	MTMR9	25
Q96QH2	PRAM1	42
Q96QI5	HS3ST6	20
Q96QK1	VPS35	42
Q96QP1	ALPK1	61
Q96QR8	PURB	10
Q96QS3	ARX	21
Q96QS6	PSKH2	18
Q96QT4	TRPM7	91
Q96QT6	PHF12	37
Q96QU1	PCDH15	79
Q96QU8	XPO6	47
Q96QV1	HHIP	39
Q96QV6	H2AC1	6
Q96QZ7	MAGI1	54
Q96R06	SPAG5	60
Q96RD6	PANX2	40
Q96RD7	PANX1	17
Q96RD9	FCRL5	37
Q96RE7	NACC1	23
Q96RE9	ZNF300	41
Q96RF0	SNX18	21
Q96RG2	PASK	51
Q96RI0	F2RL3	11
Q96RI1	NR1H4	21
Q96RI8	TAAR6	10
Q96RI9	TAAR9	9
Q96RJ0	TAAR1	13
Q96RJ3	TNFRSF13C	6
Q96RJ6	FERD3L	8
Q96RK0	CIC	89
Q96RK4	BBS4	23
Q96RL1	UIMC1	37
Q96RL6	SIGLEC11	26
Q96RL7	VPS13A	141
Q96RN1	SLC26A8	34
Q96RN5	MED15	19
Q96RP3	UCN2	3
Q96RP7	GAL3ST4	28
Q96RP8	KCNA7	17
Q96RP9	GFM1	41
Q96RQ1	ERGIC2	18
Q96RQ3	MCCC1	33
Q96RQ9	IL4I1	27
Q96RR1	TWNK	34
Q96RR4	CAMKK2	31
Q96RS0	TGS1	39
Q96RS6	NUDCD1	31
Q96RT1	ERBIN	78
Q96RT7	TUBGCP6	77
Q96RT8	TUBGCP5	55
Q96RU2	USP28	57
Q96RU3	FNBP1	29
Q96RU7	TRIB3	17
Q96RU8	TRIB1	16
Q96RW7	HMCN1	255
Q96RY5	CRAMP1	52
Q96RY7	IFT140	79
Q96S06	LMF1	20
Q96S15	WDR24	38
Q96S16	JMJD8	9
Q96S21	RAB40C	17
Q96S37	SLC22A12	16
Q96S38	RPS6KC1	59
Q96S42	NODAL	13
Q96S44	TP53RK	10
Q96S52	PIGS	23
Q96S53	TESK2	28
Q96S55	WRNIP1	26
Q96S59	RANBP9	21
Q96S65	CSRNP1	18
Q96S66	CLCC1	28
Q96S82	UBL7	12
Q96S94	CCNL2	21
Q96S96	PEBP4	9
Q96S97	MYADM	7
Q96S99	PLEKHF1	14
Q96SA4	SERINC2	9
Q96SB3	PPP1R9B	31
Q96SB4	SRPK1	27
Q96SB8	SMC6	60
Q96SD1	DCLRE1C	36
Q96SF7	TBX15	21
Q96SI1	KCTD15	17
Q96SI9	STRBP	40
Q96SJ8	TSPAN18	5
Q96SK2	TMEM209	24
Q96SL1	SLC49A4	7
Q96SL4	GPX7	11
Q96SN7	ORAI2	5
Q96SN8	CDK5RAP2	88
Q96SQ5	ZNF587	34
Q96SQ7	ATOH8	13
Q96SQ9	CYP2S1	21
Q96ST2	IWS1	43
Q96ST3	SIN3A	58
Q96ST8	CEP89	40
Q96SU4	OSBPL9	30
Q96SW2	CRBN	21
Q96SY0	INTS14	25
Q96SZ4	ZSCAN10	41
Q96SZ5	ADO	15
Q96SZ6	CDK5RAP1	31
Q96T17	MAP7D2	33
Q96T21	SECISBP2	34
Q96T23	RSF1	67
Q96T37	RBM15	57
Q96T49	PPP1R16B	24
Q96T51	RUFY1	41
Q96T52	IMMP2L	6
Q96T53	MBOAT4	13
Q96T54	KCNK17	11
Q96T55	KCNK16	10
Q96T58	SPEN	163
Q96T60	PNKP	29
Q96T66	NMNAT3	18
Q96T68	SETDB2	36
Q96T76	MMS19	51
Q96T83	SLC9A7	30
Q96T88	UHRF1	36
Q96T91	GPHA2	6
Q96TA1	NIBAN2	32
Q96TA2	YME1L1	41
Q96TC7	RMDN3	21
Q99062	CSF3R	14
Q99075	HBEGF	10
Q99081	TCF12	27
Q99102	MUC4	70
Q99217	AMELX	0
Q99250	SCN2A	63
Q99259	GAD1	22
Q99417	MYCBP	6
Q99418	CYTH2	20
Q99424	ACOX2	36
Q99426	TBCB	15
Q99435	NELL2	38
Q99436	PSMB7	11
Q99437	ATP6V0B	1
Q99439	CNN2	13
Q99442	SEC62	16
Q99447	PCYT2	23
Q99453	PHOX2B	8
Q99456	KRT12	25
Q99459	CDC5L	35
Q99460	PSMD1	45
Q99466	NOTCH4	55
Q99467	CD180	18
Q99469	STAC	24
Q99471	PFDN5	8
Q99487	PAFAH2	24
Q99489	DDO	17
Q99490	AGAP2	52
Q99496	RNF2	14
Q99497	PARK7	12
Q99500	S1PR3	17
Q99501	GAS2L1	39
Q99502	EYA1	17
Q99504	EYA3	14
Q99518	FMO2	31
Q99519	NEU1	20
Q99523	SORT1	32
Q99527	GPER1	7
Q99536	VAT1	16
Q99538	LGMN	19
Q99541	PLIN2	26
Q99542	MMP19	19
Q99543	DNAJC2	31
Q99547	MPHOSPH6	10
Q99549	MPHOSPH8	29
Q99550	MPHOSPH9	57
Q99551	MTERF1	25
Q99558	MAP3K14	46
Q99567	NUP88	31
Q99569	PKP4	60
Q99570	PIK3R4	57
Q99571	P2RX4	17
Q99572	P2RX7	31
Q99574	SERPINI1	19
Q99575	POP1	53
Q99576	TSC22D3	6
Q99578	RIT2	12
Q99581	FEV	7
Q99583	MNT	15
Q99584	S100A13	6
Q99590	SCAF11	65
Q99592	ZBTB18	31
Q99593	TBX5	23
Q99594	TEAD3	17
Q99595	TIMM17A	6
Q99598	TSNAX	18
Q99607	ELF4	9
Q99608	NDN	19
Q99611	SEPHS2	13
Q99612	KLF6	12
Q99613	EIF3C	41
Q99614	TTC1	15
Q99615	DNAJC7	32
Q99616	CCL13	3
Q99619	SPSB2	10
Q99622	C12orf57	7
Q99623	PHB2	22
Q99624	SLC38A3	14
Q99626	CDX2	7
Q99627	COPS8	8
Q99633	PRPF18	19
Q99638	RAD9A	18
Q99640	PKMYT1	18
Q99643	SDHC	8
Q99645	EPYC	12
Q99650	OSMR	45
Q99653	CHP1	10
Q99661	KIF2C	36
Q99665	IL12RB2	44
Q99674	CGREF1	14
Q99675	CGRRF1	14
Q99677	LPAR4	14
Q99678	GPR20	13
Q99683	MAP3K5	67
Q99684	GFI1	22
Q99685	MGLL	15
Q99687	MEIS3	12
Q99689	FEZ1	15
Q99697	PITX2	12
Q99698	LYST	174
Q99700	ATXN2	39
Q99704	DOK1	23
Q99705	MCHR1	6
Q99706	KIR2DL4	14
Q99707	MTR	68
Q99708	RBBP8	47
Q99712	KCNJ15	17
Q99714	HSD17B10	14
Q99715	COL12A1	146
Q99717	SMAD5	22
Q99719	SEPTIN5	19
Q99720	SIGMAR1	6
Q99726	SLC30A3	14
Q99728	BARD1	40
Q99729	HNRNPAB	13
Q99731	CCL19	3
Q99732	LITAF	1
Q99733	NAP1L4	16
Q99735	MGST2	3
Q99741	CDC6	27
Q99743	NPAS2	24
Q99747	NAPG	17
Q99748	NRTN	11
Q99750	MDFI	2
Q99755	PIP5K1A	24
Q99757	TXN2	8
Q99758	ABCA3	76
Q99759	MAP3K3	36
Q99767	APBA2	22
Q99784	OLFM1	22
Q99788	CMKLR1	10
Q99795	GPA33	15
Q99797	MIPEP	46
Q99798	ACO2	36
Q99801	NKX3-1	12
Q99807	COQ7	14
Q99808	SLC29A1	14
Q99814	EPAS1	36
Q99816	TSG101	16
Q99828	CIB1	14
Q99829	CPNE1	16
Q99832	CCT7	31
Q99835	SMO	29
Q99836	MYD88	17
Q99848	EBNA1BP2	15
Q99853	FOXB1	7
Q99856	ARID3A	24
Q99871	HAUS7	17
Q99873	PRMT1	20
Q99877	H2BC15	7
Q99878	H2AC14	5
Q99879	H2BC14	7
Q99880	H2BC13	7
Q99884	SLC6A7	18
Q99895	CTRC	13
Q99909	SSX3	14
Q99928	GABRG3	14
Q99929	ASCL2	14
Q99932	SPAG8	23
Q99933	BAG1	15
Q99935	OPRPN	7
Q99941	ATF6B	23
Q99942	RNF5	7
Q99943	AGPAT1	12
Q99944	EGFL8	11
Q99946	PRRT1	4
Q99952	PTPN18	24
Q99956	DUSP9	18
Q99958	FOXC2	17
Q99959	PKP2	49
Q99961	SH3GL1	19
Q99962	SH3GL2	15
Q99963	SH3GL3	20
Q99965	ADAM2	32
Q99966	CITED1	5
Q99967	CITED2	5
Q99969	RARRES2	7
Q99972	MYOC	27
Q99973	TEP1	129
Q99983	OMD	15
Q99985	SEMA3C	39
Q99986	VRK1	19
Q99988	GDF15	17
Q99990	VGLL1	11
Q99996	AKAP9	237
Q99999	GAL3ST1	20
Q9BPU6	DPYSL5	28
Q9BPU9	B9D2	7
Q9BPW5	RASL11B	11
Q9BPW8	NIPSNAP1	15
Q9BPW9	DHRS9	18
Q9BPX1	HSD17B14	14
Q9BPX3	NCAPG	46
Q9BPX6	MICU1	27
Q9BPY8	HOPX	3
Q9BPZ3	PAIP2	5
Q9BPZ7	MAPKAP1	25
Q9BQ04	RBM4B	19
Q9BQ15	NABP2	8
Q9BQ16	SPOCK3	22
Q9BQ24	ZFYVE21	10
Q9BQ31	KCNS3	14
Q9BQ39	DDX50	37
Q9BQ50	TREX2	12
Q9BQ51	PDCD1LG2	12
Q9BQ52	ELAC2	42
Q9BQ65	USB1	15
Q9BQ66	KRTAP4-12	1
Q9BQ67	GRWD1	18
Q9BQ69	MACROD1	14
Q9BQ70	TCF25	27
Q9BQ83	SLX1A	14
Q9BQ87	TBL1Y	24
Q9BQ89	FAM110A	18
Q9BQ90	KLHDC3	20
Q9BQ95	ECSIT	22
Q9BQA1	WDR77	11
Q9BQA5	HINFP	23
Q9BQA9	CYBC1	8
Q9BQB4	SOST	13
Q9BQB6	VKORC1	4
Q9BQC3	DPH2	20
Q9BQD3	KXD1	6
Q9BQD7	ANTKMT	13
Q9BQE3	TUBA1C	21
Q9BQE4	SELENOS	9
Q9BQE5	APOL2	17
Q9BQE9	BCL7B	7
Q9BQF6	SENP7	45
Q9BQG0	MYBBP1A	70
Q9BQG1	SYT3	24
Q9BQG2	NUDT12	27
Q9BQI0	AIF1L	8
Q9BQI3	EIF2AK1	26
Q9BQI5	SGIP1	37
Q9BQI6	SLF1	51
Q9BQJ4	TMEM47	4
Q9BQK8	LPIN3	38
Q9BQL6	FERMT1	33
Q9BQN1	SACK1C	37
Q9BQP7	MGME1	20
Q9BQQ3	GORASP1	6
Q9BQS2	SYT15	21
Q9BQS7	HEPH	48
Q9BQS8	FYCO1	83
Q9BQT8	SLC25A21	18
Q9BQT9	CLSTN3	34
Q9BQW3	EBF4	26
Q9BQY4	RHOXF2	8
Q9BR01	SULT4A1	13
Q9BR39	JPH2	29
Q9BR61	ACBD6	13
Q9BR76	CORO1B	19
Q9BRA0	NAA38	9
Q9BRA2	TXNDC17	8
Q9BRB3	PIGQ	28
Q9BRC7	PLCD4	31
Q9BRD0	BUD13	37
Q9BRF8	CPPED1	17
Q9BRG1	VPS25	11
Q9BRG2	SH2D3A	22
Q9BRI3	SLC30A2	10
Q9BRJ2	MRPL45	19
Q9BRJ7	NUDT16L1	15
Q9BRJ9	MESP1	10
Q9BRK0	REEP2	15
Q9BRK3	MXRA8	24
Q9BRK4	LZTS2	34
Q9BRK5	SDF4	16
Q9BRL6	SRSF8	8
Q9BRL7	SEC22C	7
Q9BRN9	TM2D3	12
Q9BRP0	OVOL2	12
Q9BRP8	PYM1	9
Q9BRQ3	NUDT22	12
Q9BRQ5	ORAI3	8
Q9BRQ6	CHCHD6	12
Q9BRQ8	AIFM2	19
Q9BRR0	ZKSCAN3	29
Q9BRR3	PGAP4	20
Q9BRR6	ADPGK	17
Q9BRR9	ARHGAP9	34
Q9BRS2	RIOK1	26
Q9BRS8	LARP6	29
Q9BRT2	UQCC2	7
Q9BRT3	MIEN1	8
Q9BRT8	ZNG1A	17
Q9BRT9	GINS4	14
Q9BRU9	UTP23	8
Q9BRV3	SLC50A1	8
Q9BRV8	SIKE1	14
Q9BRX2	PELO	21
Q9BRX5	GINS3	13
Q9BRX8	PRXL2A	13
Q9BRX9	WDR83	15
Q9BRZ2	TRIM56	39
Q9BS16	CENPK	14
Q9BS18	ANAPC13	4
Q9BS26	ERP44	18
Q9BS34	ZNF670	25
Q9BS40	LXN	6
Q9BS86	ZPBP	21
Q9BS91	SLC35A5	15
Q9BSA4	TTYH2	16
Q9BSA9	TMEM175	14
Q9BSB4	ATG101	11
Q9BSD3	RHNO1	7
Q9BSD7	NTPCR	11
Q9BSE2	TMEM79	19
Q9BSE4	HERPUD2	9
Q9BSE5	AGMAT	14
Q9BSF0	AKAP19	6
Q9BSF4	TIMM29	13
Q9BSG1	ZNF2	24
Q9BSH4	TACO1	14
Q9BSI4	TINF2	25
Q9BSJ2	TUBGCP2	50
Q9BSJ5	MTNAP1	33
Q9BSJ6	PIMREG	12
Q9BSJ8	ESYT1	46
Q9BSK1	ZNF577	28
Q9BSK2	SLC25A33	14
Q9BSK4	FEM1A	27
Q9BSL1	UBAC1	22
Q9BSM1	PCGF1	11
Q9BSQ5	CCM2	25
Q9BSR8	YIPF4	8
Q9BST9	RTKN	28
Q9BSU1	PHAF1	19
Q9BSU3	NAA11	14
Q9BSV6	TSEN34	17
Q9BSW2	CRACR2A	38
Q9BSW7	SYT17	29
Q9BSY9	DESI2	6
Q9BT04	FUZ	19
Q9BT09	CNPY3	14
Q9BT17	MTG1	20
Q9BT22	ALG1	19
Q9BT23	LIMD2	8
Q9BT25	HAUS8	17
Q9BT30	ALKBH7	13
Q9BT40	INPP5K	18
Q9BT43	POLR3GL	5
Q9BT49	THAP7	10
Q9BT56	SPX	7
Q9BT67	NDFIP1	9
Q9BT78	COPS4	26
Q9BT81	SOX7	8
Q9BT88	SYT11	16
Q9BT92	TCHP	27
Q9BTA0	FAM167B	6
Q9BTA9	WAC	25
Q9BTC0	DIDO1	110
Q9BTC8	MTA3	32
Q9BTD3	TMEM121	16
Q9BTD8	RBM42	13
Q9BTE3	MCMBP	32
Q9BTE6	AARSD1	21
Q9BTE7	DCUN1D5	13
Q9BTF0	THUMPD2	30
Q9BTK6	PAGR1	9
Q9BTL3	RAMAC	8
Q9BTL4	IER2	7
Q9BTM9	URM1	3
Q9BTN0	LRFN3	27
Q9BTP7	FAAP24	9
Q9BTT0	ANP32E	8
Q9BTT4	MED10	8
Q9BTU6	PI4K2A	29
Q9BTV4	TMEM43	21
Q9BTV5	FSD1	25
Q9BTW9	TBCD	58
Q9BTX1	NDC1	25
Q9BTX3	TMEM208	4
Q9BTY2	FUCA2	25
Q9BTZ2	DHRS4	13
Q9BU02	THTPA	14
Q9BU19	ZNF692	22
Q9BU20	CPLANE2	10
Q9BU40	CHRDL1	23
Q9BU61	NDUFAF3	9
Q9BU64	CENPO	15
Q9BU76	MMTAG2	15
Q9BU79	TMEM243	4
Q9BU89	DOHH	14
Q9BUA3	SPINDOC	19
Q9BUB4	ADAT1	26
Q9BUB5	MKNK1	18
Q9BUB7	TMEM70	12
Q9BUD6	SPON2	12
Q9BUE0	MED18	7
Q9BUE6	ISCA1	8
Q9BUF5	TUBB6	19
Q9BUF7	CRB3	3
Q9BUH6	PAXX	13
Q9BUH8	BEGAIN	38
Q9BUI4	POLR3C	31
Q9BUJ2	HNRNPUL1	35
Q9BUK6	MSTO1	21
Q9BUL5	PHF23	16
Q9BUL8	PDCD10	12
Q9BUL9	RPP25	9
Q9BUM1	G6PC3	8
Q9BUN5	CCDC28B	6
Q9BUN8	DERL1	10
Q9BUP0	EFHD1	13
Q9BUP3	HTATIP2	16
Q9BUQ8	DDX23	42
Q9BUR4	WRAP53	19
Q9BUR5	APOO	10
Q9BUT1	BDH2	13
Q9BUU2	METTL22	18
Q9BUV0	RSRP1	11
Q9BUV8	RAB5IF	4
Q9BUW7	BBLN	3
Q9BUX1	CHAC1	8
Q9BUY5	ZNF426	31
Q9BUZ4	TRAF4	28
Q9BV10	ALG12	20
Q9BV20	MRI1	20
Q9BV23	ABHD6	18
Q9BV29	CCDC32	4
Q9BV35	SLC25A23	28
Q9BV36	MLPH	29
Q9BV38	WDR18	18
Q9BV40	VAMP8	6
Q9BV44	THUMPD3	25
Q9BV47	DUSP26	10
Q9BV57	ADI1	10
Q9BV68	RNF126	7
Q9BV73	CEP250	138
Q9BV79	MECR	13
Q9BV81	EMC6	4
Q9BV86	NTMT1	10
Q9BV90	SNRNP25	4
Q9BV94	EDEM2	21
Q9BVA0	KATNB1	33
Q9BVA1	TUBB2B	19
Q9BVA6	FICD	23
Q9BVC3	DSCC1	19
Q9BVC4	MLST8	14
Q9BVC5	C2orf49	15
Q9BVC6	TMEM109	8
Q9BVG3	TRIM62	26
Q9BVG8	KIFC3	49
Q9BVG9	PTDSS2	18
Q9BVH7	ST6GALNAC5	12
Q9BVI0	PHF20	46
Q9BVI4	NOC4L	29
Q9BVJ6	UTP14A	39
Q9BVJ7	DUSP23	12
Q9BVK2	ALG8	16
Q9BVK6	TMED9	13
Q9BVK8	TMEM147	12
Q9BVL2	NUP58	14
Q9BVL4	SELENOO	30
Q9BVM4	GGACT	8
Q9BVN2	RUSC1	38
Q9BVP2	GNL3	24
Q9BVQ7	AFG2B	40
Q9BVS4	RIOK2	23
Q9BVS5	TRMT61B	25
Q9BVT8	TMUB1	4
Q9BVV2	FNDC11	18
Q9BVV6	KIAA0586	63
Q9BVV7	TIMM21	16
Q9BVW5	TIPIN	10
Q9BVX2	TMEM106C	7
Q9BW04	SARG	35
Q9BW11	MXD3	12
Q9BW19	KIFC1	39
Q9BW27	NUP85	30
Q9BW60	ELOVL1	7
Q9BW61	DDA1	7
Q9BW62	KATNAL1	29
Q9BW66	CINP	11
Q9BW71	HIRIP3	28
Q9BW83	IFT27	12
Q9BW85	YJU2	14
Q9BW91	NUDT9	17
Q9BW92	TARS2	38
Q9BWC9	CCDC106	12
Q9BWD1	ACAT2	16
Q9BWE0	REPIN1	30
Q9BWF2	TRAIP	25
Q9BWF3	RBM4	18
Q9BWG6	SCNM1	12
Q9BWH2	FUNDC2	9
Q9BWH6	RPAP1	61
Q9BWJ5	SF3B5	5
Q9BWK5	CYREN	6
Q9BWL3	LTAP1	12
Q9BWM7	SFXN3	19
Q9BWN1	PRR14	23
Q9BWP8	COLEC11	11
Q9BWQ6	YIPF2	5
Q9BWQ8	FAIM2	3
Q9BWS9	CHID1	20
Q9BWT1	CDCA7	16
Q9BWT3	PAPOLG	41
Q9BWT7	CARD10	54
Q9BWU1	CDK19	21
Q9BWV1	BOC	45
Q9BWV3	CDADC1	28
Q9BWV7	TTLL2	29
Q9BWW4	SSBP3	10
Q9BWW7	SCRT1	16
Q9BWW8	APOL6	12
Q9BWX1	PHF7	17
Q9BWX5	GATA5	14
Q9BX10	GTPBP2	25
Q9BX40	LSM14B	15
Q9BX46	RBM24	5
Q9BX59	TAPBPL	15
Q9BX63	BRIP1	76
Q9BX66	SORBS1	59
Q9BX67	JAM3	14
Q9BX68	HINT2	11
Q9BX70	BTBD2	21
Q9BX74	TM2D1	9
Q9BX79	STRA6	21
Q9BX84	TRPM6	95
Q9BX95	SGPP1	16
Q9BX97	PLVAP	22
Q9BXA5	SUCNR1	9
Q9BXA6	TSSK6	13
Q9BXA7	TSSK1B	20
Q9BXA9	SALL3	45
Q9BXB1	LGR4	24
Q9BXB4	OSBPL11	36
Q9BXB5	OSBPL10	36
Q9BXB7	SPATA16	30
Q9BXC0	HCAR1	10
Q9BXC1	GPR174	13
Q9BXC9	BBS2	33
Q9BXD5	NPL	17
Q9BXF3	CECR2	68
Q9BXF6	RAB11FIP5	35
Q9BXF9	TEKT3	26
Q9BXH1	BBC3	8
Q9BXI2	SLC25A2	13
Q9BXI3	NT5C1A	19
Q9BXI6	TBC1D10A	29
Q9BXI9	C1QTNF6	13
Q9BXJ0	C1QTNF5	12
Q9BXJ1	C1QTNF1	14
Q9BXJ3	C1QTNF4	17
Q9BXJ4	C1QTNF3	7
Q9BXJ5	C1QTNF2	11
Q9BXJ7	AMN	15
Q9BXJ8	TMEM120A	14
Q9BXJ9	NAA15	52
Q9BXK5	BCL2L13	21
Q9BXL6	CARD14	54
Q9BXL7	CARD11	60
Q9BXL8	CDCA4	11
Q9BXM0	PRX	67
Q9BXM7	PINK1	30
Q9BXN1	ASPN	18
Q9BXN2	CLEC7A	10
Q9BXP2	SLC12A9	30
Q9BXP5	SRRT	42
Q9BXP8	PAPPA2	62
Q9BXR0	QTRT1	17
Q9BXR3	ERVK-6	48
Q9BXR5	TLR10	42
Q9BXR6	CFHR5	23
Q9BXS0	COL25A1	35
Q9BXS1	IDI2	11
Q9BXS4	TMEM59	13
Q9BXS5	AP1M1	25
Q9BXS6	NUSAP1	26
Q9BXS9	SLC26A6	26
Q9BXT4	TDRD1	71
Q9BXT6	MOV10L1	61
Q9BXT8	RNF17	72
Q9BXU0	TEX12	8
Q9BXU1	STK31	56
Q9BXU7	USP26	46
Q9BXU9	CALN1	14
Q9BXV9	GON7	5
Q9BXW4	MAP1LC3C	9
Q9BXW6	OSBPL1A	53
Q9BXW9	FANCD2	68
Q9BXX0	EMILIN2	49
Q9BXY4	RSPO3	10
Q9BXY8	BEX2	6
Q9BY07	SLC4A5	43
Q9BY08	EBPL	2
Q9BY10	SLC46A2	15
Q9BY11	PACSIN1	25
Q9BY12	SCAPER	64
Q9BY14	TEX101	9
Q9BY15	ADGRE3	18
Q9BY27	DGCR6L	9
Q9BY32	ITPA	10
Q9BY41	HDAC8	14
Q9BY42	RTF2	16
Q9BY43	CHMP4A	12
Q9BY44	EIF2A	33
Q9BY49	PECR	15
Q9BY50	SEC11C	10
Q9BY64	UGT2B28	21
Q9BY66	KDM5D	77
Q9BY67	CADM1	20
Q9BY76	ANGPTL4	16
Q9BY77	POLDIP3	24
Q9BY78	RNF26	15
Q9BY79	MFRP	14
Q9BY84	DUSP16	30
Q9BYB0	SHANK3	67
Q9BYB4	GNB1L	17
Q9BYC5	FUT8	30
Q9BYC8	MRPL32	7
Q9BYD5	CNFN	2
Q9BYE0	HES7	8
Q9BYE2	TMPRSS13	28
Q9BYE3	LCE3D	3
Q9BYE7	PCGF6	15
Q9BYE9	CDHR2	47
Q9BYF1	ACE2	31
Q9BYG0	B3GNT5	17
Q9BYG3	NIFK	15
Q9BYG4	PARD6G	14
Q9BYG5	PARD6B	14
Q9BYG8	GSDMC	24
Q9BYH1	SEZ6L	26
Q9BYH8	NFKBIZ	25
Q9BYI3	HYCC1	25
Q9BYJ1	ALOXE3	28
Q9BYJ4	TRIM34	23
Q9BYJ9	YTHDF1	18
Q9BYK8	HELZ2	150
Q9BYM8	RBCK1	33
Q9BYN0	SRXN1	9
Q9BYN7	ZNF341	26
Q9BYP7	WNK3	73
Q9BYP8	KRTAP17-1	0
Q9BYP9	KRTAP9-9	2
Q9BYQ0	KRTAP9-8	2
Q9BYQ2	KRTAP9-4	1
Q9BYQ3	KRTAP9-3	2
Q9BYQ4	KRTAP9-2	2
Q9BYQ5	KRTAP4-6	1
Q9BYQ6	KRTAP4-11	3
Q9BYQ7	KRTAP4-1	1
Q9BYR0	KRTAP4-7	1
Q9BYR2	KRTAP4-5	1
Q9BYR3	KRTAP4-4	3
Q9BYR4	KRTAP4-3	4
Q9BYR5	KRTAP4-2	1
Q9BYR6	KRTAP3-3	2
Q9BYR7	KRTAP3-2	2
Q9BYR8	KRTAP3-1	2
Q9BYR9	KRTAP2-4	3
Q9BYS1	KRTAP1-5	1
Q9BYT1	SLC17A9	6
Q9BYT3	STK33	28
Q9BYT8	NLN	34
Q9BYT9	ANO3	45
Q9BYU1	PBX4	16
Q9BYV1	AGXT2	33
Q9BYV2	TRIM54	19
Q9BYV6	TRIM55	24
Q9BYV7	BCO2	27
Q9BYV8	CEP41	19
Q9BYV9	BACH2	40
Q9BYW1	SLC2A11	14
Q9BYW2	SETD2	115
Q9BYW3	DEFB126	6
Q9BYX2	TBC1D2	44
Q9BYX4	IFIH1	51
Q9BYX7	POTEKP	18
Q9BYZ2	LDHAL6B	19
Q9BYZ6	RHOBTB2	31
Q9BYZ8	REG4	8
Q9BZ11	ADAM33	18
Q9BZ23	PANK2	32
Q9BZ29	DOCK9	113
Q9BZ67	FRMD8	21
Q9BZ71	PITPNM3	41
Q9BZ72	PITPNM2	62
Q9BZ95	NSD3	69
Q9BZA7	PCDH11X	48
Q9BZA8	PCDH11Y	48
Q9BZB8	CPEB1	26
Q9BZC1	CELF4	13
Q9BZC7	ABCA2	103
Q9BZD2	SLC29A3	14
Q9BZD4	NUF2	26
Q9BZD6	PRRG4	12
Q9BZE0	GLIS2	15
Q9BZE2	PUS3	29
Q9BZE4	GTPBP4	33
Q9BZE9	ASPSCR1	27
Q9BZF1	OSBPL8	52
Q9BZF2	OSBPL7	44
Q9BZF3	OSBPL6	49
Q9BZF9	UACA	81
Q9BZG1	RAB34	17
Q9BZG2	ACP4	17
Q9BZG8	DPH1	25
Q9BZH6	WDR11	61
Q9BZI7	UPF3B	18
Q9BZJ0	CRNKL1	50
Q9BZJ3	TPSD1	5
Q9BZJ4	SLC25A39	20
Q9BZJ7	GPR62	9
Q9BZJ8	GPR61	11
Q9BZK7	TBL1XR1	21
Q9BZL1	UBL5	4
Q9BZL3	SMIM3	2
Q9BZL4	PPP1R12C	37
Q9BZL6	PRKD2	30
Q9BZM1	PLA2G12A	8
Q9BZM2	PLA2G2F	5
Q9BZM3	GSX2	10
Q9BZM4	ULBP3	14
Q9BZM5	ULBP2	14
Q9BZM6	ULBP1	15
Q9BZP6	CHIA	15
Q9BZQ2	SHCBP1L	25
Q9BZQ4	NMNAT2	16
Q9BZQ6	EDEM3	42
Q9BZQ8	NIBAN1	37
Q9BZR6	RTN4R	25
Q9BZR8	BCL2L14	22
Q9BZR9	TRIM8	22
Q9BZS1	FOXP3	24
Q9BZV1	UBXN6	18
Q9BZV2	SLC19A3	9
Q9BZV3	IMPG2	35
Q9BZW2	SLC13A1	8
Q9BZW4	TM6SF2	11
Q9BZW7	TSGA10	45
Q9BZW8	CD244	15
Q9BZX2	UCK2	12
Q9BZX4	ROPN1B	12
Q9BZY9	TRIM31	21
Q9BZZ2	SIGLEC1	62
Q9BZZ5	API5	25
Q9C000	NLRP1	70
Q9C004	SPRY4	13
Q9C005	DPY30	4
Q9C019	TRIM15	22
Q9C026	TRIM9	35
Q9C029	TRIM7	30
Q9C030	TRIM6	26
Q9C035	TRIM5	31
Q9C037	TRIM4	27
Q9C040	TRIM2	34
Q9C056	NKX6-2	12
Q9C086	INO80B	15
Q9C091	GREB1L	83
Q9C093	SPEF2	88
Q9C098	DCLK3	34
Q9C0A0	CNTNAP4	56
Q9C0A1	ZFHX2	98
Q9C0A6	SETD5	65
Q9C0B0	UNK	32
Q9C0B1	FTO	29
Q9C0B2	CFAP74	67
Q9C0B5	ZDHHC5	30
Q9C0C2	CNOT12	82
Q9C0C4	SEMA4C	43
Q9C0C6	CIPC	15
Q9C0C7	AMBRA1	58
Q9C0C9	UBE2O	53
Q9C0D0	PHACTR1	27
Q9C0D2	CEP295	107
Q9C0D3	ZYG11B	37
Q9C0D5	TANC1	92
Q9C0D6	FHDC1	49
Q9C0D9	SELENOI	8
Q9C0E2	XPO4	58
Q9C0E4	GRIP2	57
Q9C0E8	LNPK	21
Q9C0F0	ASXL3	94
Q9C0F1	CEP44	18
Q9C0F3	ZNF436	26
Q9C0G0	ZNF407	106
Q9C0G6	DNAH6	225
Q9C0H2	TTYH3	17
Q9C0H9	SRCIN1	71
Q9C0I1	MTMR12	38
Q9C0I4	THSD7B	73
Q9C0J1	B3GNT4	19
Q9C0J8	WDR33	51
Q9C0J9	BHLHE41	19
Q9C0K0	BCL11B	40
Q9C0K1	SLC39A8	5
Q9C0K7	STRADB	21
Q9GZL7	WDR12	22
Q9GZM5	YIPF3	15
Q9GZM7	TINAGL1	21
Q9GZM8	NDEL1	22
Q9GZN0	GPR88	6
Q9GZN1	ACTR6	18
Q9GZN2	TGIF2	12
Q9GZN4	PRSS22	14
Q9GZN7	ROGDI	20
Q9GZP0	PDGFD	20
Q9GZP9	DERL2	5
Q9GZQ3	COMMD5	12
Q9GZQ4	NMUR2	12
Q9GZQ6	NPFFR1	13
Q9GZQ8	MAP1LC3B	4
Q9GZR1	SENP6	53
Q9GZR2	REXO4	25
Q9GZR5	ELOVL4	12
Q9GZR7	DDX24	43
Q9GZS0	DNAI2	27
Q9GZS1	POLR1E	22
Q9GZS3	SKIC8	15
Q9GZS9	CHST5	17
Q9GZT3	SLIRP	8
Q9GZT4	SRR	16
Q9GZT5	WNT10A	24
Q9GZT8	NIF3L1	19
Q9GZT9	EGLN1	23
Q9GZU1	MCOLN1	24
Q9GZU2	PEG3	77
Q9GZU5	NYX	25
Q9GZU7	CTDSP1	10
Q9GZU8	PSME3IP1	14
Q9GZV1	ANKRD2	21
Q9GZV3	SLC5A7	17
Q9GZV4	EIF5A2	8
Q9GZV5	WWTR1	13
Q9GZV7	HAPLN2	20
Q9GZV8	PRDM14	27
Q9GZV9	FGF23	14
Q9GZW8	MS4A7	4
Q9GZX3	CHST6	17
Q9GZX5	ZNF350	28
Q9GZX6	IL22	8
Q9GZX7	AICDA	14
Q9GZX9	TWSG1	9
Q9GZY0	NXF2	33
Q9GZY6	LAT2	11
Q9GZY8	MFF	16
Q9GZZ1	NAA50	11
Q9GZZ6	CHRNA10	13
Q9GZZ7	GFRA4	13
Q9GZZ8	LACRT	5
Q9GZZ9	UBA5	14
Q9H000	MKRN2	21
Q9H008	LHPP	11
Q9H013	ADAM19	39
Q9H015	SLC22A4	16
Q9H019	MTFR1L	13
Q9H040	SPRTN	28
Q9H061	TMEM126A	11
Q9H063	MAF1	9
Q9H069	DRC3	27
Q9H074	PAIP1	17
Q9H078	CLPB	38
Q9H079	KATNBL1	19
Q9H081	MIS12	12
Q9H082	RAB33B	12
Q9H089	LSG1	34
Q9H093	NUAK2	27
Q9H095	DRC9	24
Q9H0A0	NAT10	54
Q9H0A6	RNF32	16
Q9H0A8	COMMD4	12
Q9H0A9	SPATC1L	19
Q9H0B3	IQCN	67
Q9H0B6	KLC2	37
Q9H0B8	CRISPLD2	24
Q9H0C1	ZMYND12	22
Q9H0C2	SLC25A31	23
Q9H0C5	BTBD1	22
Q9H0C8	ILKAP	23
Q9H0D2	ZNF541	61
Q9H0D6	XRN2	48
Q9H0E2	TOLLIP	14
Q9H0E3	SAP130	23
Q9H0E7	USP44	37
Q9H0E9	BRD8	46
Q9H0F5	RNF38	12
Q9H0F6	SHARPIN	16
Q9H0F7	ARL6	12
Q9H0G5	NSRP1	22
Q9H0H0	INTS2	48
Q9H0H3	KLHL25	38
Q9H0H5	RACGAP1	33
Q9H0I2	ENKD1	19
Q9H0I3	CFAP263	17
Q9H0J4	QRICH2	71
Q9H0J9	PARP12	34
Q9H0K1	SIK2	36
Q9H0L4	CSTF2T	28
Q9H0M0	WWP1	46
Q9H0M4	ZCWPW1	27
Q9H0N0	RAB6C	11
Q9H0N5	PCBD2	8
Q9H0P0	NT5C3A	21
Q9H0Q3	FXYD6	5
Q9H0R1	AP5M1	17
Q9H0R3	TMEM222	9
Q9H0R5	GBP3	30
Q9H0R6	QRSL1	26
Q9H0R8	GABARAPL1	3
Q9H0S4	DDX47	20
Q9H0T7	RAB17	15
Q9H0U3	MAGT1	14
Q9H0U4	RAB1B	14
Q9H0U6	MRPL18	7
Q9H0V9	LMAN2L	16
Q9H0W5	CCDC8	34
Q9H0W8	SMG9	19
Q9H0W9	BKGD	14
Q9H0X6	RNF208	10
Q9H0X9	OSBPL5	50
Q9H0Y0	ATG10	11
Q9H0Z9	RBM38	7
Q9H112	CST11	4
Q9H115	NAPB	19
Q9H116	GZF1	36
Q9H147	DNTTIP1	20
Q9H156	SLITRK2	40
Q9H159	CDH19	24
Q9H160	ING2	10
Q9H161	ALX4	19
Q9H165	BCL11A	43
Q9H169	STMN4	9
Q9H171	ZBP1	16
Q9H172	ABCG4	25
Q9H173	SIL1	21
Q9H190	SDCBP2	10
Q9H195	MUC3B	138
Q9H1A3	METTL9	17
Q9H1A4	ANAPC1	84
Q9H1B4	NXF5	21
Q9H1B5	XYLT2	30
Q9H1B7	IRF2BPL	35
Q9H1C4	UNC93B1	13
Q9H1D0	TRPV6	30
Q9H1D9	POLR3F	17
Q9H1E1	RNASE7	7
Q9H1E3	NUCKS1	11
Q9H1H9	KIF13A	83
Q9H1I8	ASCC2	24
Q9H1J1	UPF3A	22
Q9H1J5	WNT8A	15
Q9H1J7	WNT5B	19
Q9H1K0	RBSN	34
Q9H1K1	ISCU	12
Q9H1K4	SLC25A18	20
Q9H1M4	DEFB127	5
Q9H1N7	SLC35B3	11
Q9H1P3	OSBPL2	27
Q9H1P6	CIMIP1	8
Q9H1R2	DUSP15	15
Q9H1R3	MYLK2	30
Q9H1U9	SLC25A51	17
Q9H1V8	SLC6A17	32
Q9H1X1	RSPH9	17
Q9H1Y0	ATG5	14
Q9H1Y3	OPN3	10
Q9H201	EPN3	20
Q9H204	MED28	6
Q9H211	CDT1	28
Q9H221	ABCG8	25
Q9H222	ABCG5	24
Q9H223	EHD4	30
Q9H227	GBA3	24
Q9H228	S1PR5	15
Q9H237	PORCN	10
Q9H239	MMP28	24
Q9H244	P2RY12	14
Q9H251	CDH23	112
Q9H252	KCNH6	42
Q9H254	SPTBN4	144
Q9H255	OR51E2	13
Q9H257	CARD9	27
Q9H267	VPS33B	36
Q9H269	VPS16	39
Q9H270	VPS11	50
Q9H293	IL25	8
Q9H295	DCSTAMP	22
Q9H299	SH3BGRL3	4
Q9H2A2	ALDH8A1	23
Q9H2A7	CXCL16	9
Q9H2A9	CHST8	15
Q9H2B2	SYT4	20
Q9H2B4	SLC26A1	22
Q9H2C0	GAN	38
Q9H2C1	LHX5	16
Q9H2C2	ARV1	15
Q9H2D1	SLC25A32	16
Q9H2D6	TRIOBP	107
Q9H2E6	SEMA6A	49
Q9H2F3	HSD3B7	17
Q9H2F5	EPC1	38
Q9H2G2	SLK	60
Q9H2G4	TSPYL2	21
Q9H2G9	BLZF1	24
Q9H2H0	CXXC4	6
Q9H2H8	PPIL3	11
Q9H2H9	SLC38A1	17
Q9H2J4	PDCL3	14
Q9H2J7	SLC6A15	27
Q9H2K0	MTIF3	16
Q9H2K2	TNKS2	58
Q9H2K8	TAOK3	39
Q9H2L4	TMEM60	5
Q9H2L5	RASSF4	20
Q9H2M3	BHMT2	21
Q9H2M9	RAB3GAP2	61
Q9H2P0	ADNP	60
Q9H2P9	DPH5	13
Q9H2R5	KLK15	11
Q9H2S1	KCNN2	25
Q9H2S5	RNF39	24
Q9H2S6	TNMD	12
Q9H2S9	IKZF4	29
Q9H2U1	DHX36	48
Q9H2U2	PPA2	23
Q9H2U9	ADAM7	36
Q9H2V7	SPNS1	13
Q9H2W1	MS4A6A	7
Q9H2W2	MIXL1	10
Q9H2X0	CHRD	40
Q9H2X3	CLEC4M	25
Q9H2X6	HIPK2	40
Q9H2X9	SLC12A5	46
Q9H300	PARL	15
Q9H305	CDIP1	4
Q9H306	MMP27	23
Q9H307	PNN	35
Q9H310	RHBG	11
Q9H313	TTYH1	10
Q9H320	VCX	2
Q9H324	ADAMTS10	52
Q9H329	EPB41L4B	36
Q9H334	FOXP1	23
Q9H361	PABPC3	34
Q9H3D4	TP63	28
Q9H3F6	KCTD10	19
Q9H3H1	TRIT1	27
Q9H3H3	C11orf68	17
Q9H3H5	DPAGT1	9
Q9H3J6	MTRFR	9
Q9H3K2	GHITM	14
Q9H3K6	BOLA2	6
Q9H3L0	MMADHC	13
Q9H3M0	KCNF1	22
Q9H3M7	TXNIP	21
Q9H3M9	ATXN3L	13
Q9H3N1	TMX1	11
Q9H3N8	HRH4	14
Q9H3P2	NELFA	23
Q9H3P7	ACBD3	19
Q9H3Q1	CDC42EP4	16
Q9H3Q3	GAL3ST2	24
Q9H3R0	KDM4C	41
Q9H3R1	NDST4	51
Q9H3R2	MUC13	16
Q9H3R5	CENPH	15
Q9H3S1	SEMA4A	27
Q9H3S3	TMPRSS5	21
Q9H3S4	TPK1	8
Q9H3S5	PIGM	18
Q9H3S7	PTPN23	67
Q9H3T2	SEMA6C	42
Q9H3T3	SEMA6B	32
Q9H3U1	UNC45A	55
Q9H3U5	MFSD1	12
Q9H3U7	SMOC2	17
Q9H3Y6	SRMS	19
Q9H3Z4	DNAJC5	7
Q9H400	LIME1	13
Q9H410	DSN1	22
Q9H422	HIPK3	44
Q9H427	KCNK15	10
Q9H444	CHMP4B	12
Q9H461	FZD8	29
Q9H467	CUEDC2	10
Q9H469	FBXL15	15
Q9H477	RBKS	13
Q9H479	FN3K	14
Q9H488	POFUT1	16
Q9H490	PIGU	10
Q9H492	MAP1LC3A	5
Q9H497	TOR3A	23
Q9H4A3	WNK1	56
Q9H4A5	GOLPH3L	16
Q9H4A6	GOLPH3	16
Q9H4A9	DPEP2	27
Q9H4B0	OSGEPL1	16
Q9H4B4	PLK3	33
Q9H4B6	SAV1	24
Q9H4B7	TUBB1	21
Q9H4D0	CLSTN2	37
Q9H4D5	NXF3	22
Q9H4E5	RHOJ	7
Q9H4E7	DEF6	32
Q9H4F1	ST6GALNAC4	11
Q9H4F8	SMOC1	20
Q9H4G0	EPB41L1	45
Q9H4G4	GLIPR2	8
Q9H4H8	SACK1D	29
Q9H4I2	ZHX3	36
Q9H4I3	TRABD	20
Q9H4I9	SMDT1	7
Q9H4K7	MTG2	20
Q9H4L4	SENP3	21
Q9H4L5	OSBPL3	43
Q9H4L7	SMARCAD1	44
Q9H4M3	FBXO44	15
Q9H4M7	PLEKHA4	44
Q9H4M9	EHD1	29
Q9H4P4	RNF41	13
Q9H4Q3	PRDM13	28
Q9H4Q4	PRDM12	17
Q9H4T2	ZSCAN16	23
Q9H4W6	EBF3	23
Q9H4X1	RGCC	5
Q9H4Y5	GSTO2	12
Q9H4Z2	ZNF335	37
Q9H4Z3	PCIF1	32
Q9H503	BANF2	7
Q9H511	KLHL31	30
Q9H553	ALG2	19
Q9H582	ZNF644	67
Q9H583	HEATR1	113
Q9H596	DUSP21	12
Q9H598	SLC32A1	19
Q9H5F2	CFAP68	8
Q9H5H4	ZNF768	30
Q9H5I1	SUV39H2	21
Q9H5I5	PIEZO2	131
Q9H5J4	ELOVL6	10
Q9H5J8	TAF1D	12
Q9H5K3	POMK	13
Q9H5N1	RABEP2	33
Q9H5P4	PDZD7	51
Q9H5Q4	TFB2M	24
Q9H5U6	ZCCHC4	29
Q9H5V7	IKZF5	13
Q9H5V8	CDCP1	41
Q9H5V9	STEEP1	12
Q9H5X1	CIAO2A	7
Q9H5Y7	SLITRK6	35
Q9H5Z1	DHX35	36
Q9H5Z6	FAM124B	27
Q9H611	PIF1	34
Q9H633	RPP21	5
Q9H649	NSUN3	19
Q9H668	STN1	20
Q9H672	ASB7	21
Q9H694	BICC1	40
Q9H6B4	CLMP	18
Q9H6B9	EPHX3	14
Q9H6D3	XKR8	12
Q9H6D7	HAUS4	25
Q9H6E4	CCDC134	10
Q9H6E5	TUT1	38
Q9H6F5	CCDC86	17
Q9H6H4	REEP4	14
Q9H6I2	SOX17	8
Q9H6J7	CSTPP1	17
Q9H6K1	ILRUN	13
Q9H6L2	TMEM231	16
Q9H6L4	ARMC7	7
Q9H6L5	RETREG1	15
Q9H6P5	TASP1	15
Q9H6Q3	SLA2	16
Q9H6Q4	CIAO3	26
Q9H6R0	DHX33	39
Q9H6R3	ACSS3	37
Q9H6R4	NOL6	39
Q9H6R6	ZDHHC6	14
Q9H6R7	WDCP	31
Q9H6S0	YTHDC2	75
Q9H6S1	AZI2	21
Q9H6S3	EPS8L2	35
Q9H6T0	ESRP2	29
Q9H6T3	RPAP3	33
Q9H6U6	BCAS3	37
Q9H6U8	ALG9	21
Q9H6V9	LDAH	17
Q9H6W3	RIOX1	25
Q9H6X2	ANTXR1	22
Q9H6Y7	RNF167	9
Q9H6Z4	RANBP3	22
Q9H6Z9	EGLN3	14
Q9H706	GAREM1	44
Q9H707	ZNF552	26
Q9H714	RUBCNL	29
Q9H741	SPRING1	10
Q9H765	ASB8	18
Q9H772	GREM2	9
Q9H773	DCTPP1	11
Q9H777	ELAC1	16
Q9H788	SH2D4A	21
Q9H790	EXO5	23
Q9H792	PEAK1	90
Q9H799	CPLANE1	141
Q9H7B2	RPF2	14
Q9H7B4	SMYD3	18
Q9H7C4	SYNC	25
Q9H7D0	DOCK5	92
Q9H7D7	WDR26	29
Q9H7E2	TDRD3	36
Q9H7E9	C8orf33	10
Q9H7F0	ATP13A3	49
Q9H7H0	METTL17	22
Q9H7L9	SUDS3	13
Q9H7M9	VSIR	14
Q9H7N4	SCAF1	44
Q9H7P6	MVB12B	17
Q9H7P9	PLEKHG2	50
Q9H7S9	ZNF703	20
Q9H7T9	AUNIP	16
Q9H7V2	SYNDIG1	14
Q9H7X0	NAA60	12
Q9H7X3	ZNF696	24
Q9H7Z3	NRDE2	56
Q9H7Z6	KAT8	25
Q9H7Z7	PTGES2	24
Q9H808	TLE6	24
Q9H813	PACC1	15
Q9H814	PHAX	18
Q9H816	DCLRE1B	26
Q9H825	METTL8	13
Q9H832	UBE2Z	14
Q9H840	GEMIN7	6
Q9H845	ACAD9	35
Q9H867	VCPKMT	8
Q9H869	YY1AP1	32
Q9H871	RMND5A	22
Q9H875	PRKRIP1	11
Q9H892	TTC12	39
Q9H8E8	KAT14	36
Q9H8H0	NOL11	38
Q9H8H2	DDX31	44
Q9H8H3	TMT1A	10
Q9H8K7	PAAT	27
Q9H8L6	MMRN2	43
Q9H8M2	BRD9	25
Q9H8M5	CNNM2	45
Q9H8M7	MINDY3	16
Q9H8M9	EVA1A	5
Q9H8N7	ZNF395	12
Q9H8P0	SRD5A3	9
Q9H8S9	MOB1A	10
Q9H8T0	AKTIP	13
Q9H8V3	ECT2	46
Q9H8W4	PLEKHF2	14
Q9H8W5	TRIM45	34
Q9H8X2	IPPK	25
Q9H8X9	ZDHHC11	14
Q9H8Y5	ANKZF1	35
Q9H8Y8	GORASP2	13
Q9H900	ZWILCH	27
Q9H902	REEP1	12
Q9H903	MTHFD2L	20
Q9H910	JPT2	12
Q9H936	SLC25A22	15
Q9H944	MED20	9
Q9H974	QTRT2	16
Q9H977	WDR54	11
Q9H981	ACTR8	29
Q9H987	SYNPO2L	34
Q9H992	MARCHF7	30
Q9H993	DCPH1	18
Q9H999	PANK3	21
Q9H9A5	CNOT10	36
Q9H9A7	RMI1	29
Q9H9B1	EHMT1	60
Q9H9B4	SFXN1	16
Q9H9C1	VIPAS39	27
Q9H9D4	ZNF408	31
Q9H9E1	ANKRA2	12
Q9H9E3	COG4	42
Q9H9F9	ACTR5	25
Q9H9G7	AGO3	44
Q9H9H4	VPS37B	16
Q9H9J2	MRPL44	18
Q9H9K5	ERVMER34-1	28
Q9H9L4	KANSL2	21
Q9H9L7	AKIRIN1	9
Q9H9P2	CHODL	10
Q9H9P5	UNKL	27
Q9H9P8	L2HGDH	25
Q9H9Q2	COPS7B	11
Q9H9Q4	NHEJ1	8
Q9H9S0	NANOG	7
Q9H9S5	FKRP	23
Q9H9T3	ELP3	31
Q9H9V4	RNF122	5
Q9H9V9	JMJD4	20
Q9H9Y6	POLR1B	53
Q9H9Z2	LIN28A	12
Q9HA38	ZMAT3	13
Q9HA47	UCK1	12
Q9HA65	TBC1D17	22
Q9HA72	CALHM2	17
Q9HA77	CARS2	23
Q9HA82	CERS4	19
Q9HAB3	SLC52A2	7
Q9HAB8	PPCS	17
Q9HAC7	SUGCT	18
Q9HAC8	UBTD1	8
Q9HAD4	WDR41	24
Q9HAE3	CLXN	15
Q9HAF1	MEAF6	6
Q9HAI6	TASL	8
Q9HAJ7	SAP30L	10
Q9HAK2	EBF2	25
Q9HAN9	NMNAT1	16
Q9HAP2	MLXIP	31
Q9HAP6	LIN7B	12
Q9HAQ2	KIF9	39
Q9HAR2	ADGRL3	67
Q9HAS0	C17orf75	23
Q9HAS3	SLC28A3	22
Q9HAT0	ROPN1	13
Q9HAT2	SIAE	26
Q9HAT8	PELI2	18
Q9HAU0	PLEKHA5	59
Q9HAU4	SMURF2	40
Q9HAU5	UPF2	60
Q9HAU8	RNPEPL1	29
Q9HAV0	GNB4	14
Q9HAV4	XPO5	58
Q9HAV5	EDA2R	11
Q9HAV7	GRPEL1	15
Q9HAW0	BRF2	18
Q9HAW4	CLSPN	59
Q9HAW7	UGT1A7	20
Q9HAW8	UGT1A10	18
Q9HAW9	UGT1A8	20
Q9HAY6	BCO1	32
Q9HAZ1	CLK4	23
Q9HAZ2	PRDM16	53
Q9HB03	ELOVL3	10
Q9HB07	MYG1	20
Q9HB14	KCNK13	19
Q9HB15	KCNK12	23
Q9HB19	PLEKHA2	22
Q9HB20	PLEKHA3	16
Q9HB21	PLEKHA1	22
Q9HB29	IL1RL2	31
Q9HB55	CYP3A43	23
Q9HB58	SP110	33
Q9HB63	NTN4	27
Q9HB65	ELL3	18
Q9HB71	CACYBP	11
Q9HB75	PIDD1	35
Q9HB89	NMUR1	12
Q9HB90	RRAGC	19
Q9HB96	FANCE	30
Q9HBA0	TRPV4	35
Q9HBB8	CDHR5	21
Q9HBD1	RC3H2	53
Q9HBE1	PATZ1	34
Q9HBE4	IL21	10
Q9HBE5	IL21R	14
Q9HBF4	ZFYVE1	40
Q9HBG4	ATP6V0A4	32
Q9HBG6	IFT122	58
Q9HBG7	LY9	25
Q9HBH0	RHOF	12
Q9HBH1	PDF	13
Q9HBH5	RDH14	19
Q9HBH7	BEX1	6
Q9HBH9	MKNK2	20
Q9HBI0	PARVG	18
Q9HBI1	PARVB	19
Q9HBI6	CYP4F11	30
Q9HBJ8	CLTRN	10
Q9HBK9	AS3MT	26
Q9HBL0	TNS1	86
Q9HBL8	NMRAL1	17
Q9HBM0	VEZT	34
Q9HBM1	SPC25	11
Q9HBM6	TAF9B	14
Q9HBT6	CDH20	29
Q9HBT8	ZNF286A	29
Q9HBU6	ETNK1	19
Q9HBU9	POPDC2	13
Q9HBV2	SPACA1	10
Q9HBW0	LPAR2	14
Q9HBW1	LRRC4	20
Q9HBW9	ADGRL4	27
Q9HBX8	LGR6	34
Q9HBX9	RXFP1	31
Q9HBY0	NOX3	23
Q9HBY8	SGK2	15
Q9HBZ2	ARNT2	28
Q9HC07	TMEM165	15
Q9HC10	OTOF	102
Q9HC16	APOBEC3G	26
Q9HC21	SLC25A19	22
Q9HC23	PROK2	9
Q9HC24	TMBIM4	7
Q9HC29	NOD2	48
Q9HC35	EML4	51
Q9HC36	MRM3	18
Q9HC52	CBX8	20
Q9HC58	SLC24A3	15
Q9HC62	SENP2	31
Q9HC73	CRLF2	17
Q9HC77	CPAP	70
Q9HC78	ZBTB20	30
Q9HC84	MUC5B	148
Q9HC96	CAPN10	36
Q9HC97	GPR35	16
Q9HC98	NEK6	17
Q9HCB6	SPON1	35
Q9HCC0	MCCC2	29
Q9HCC8	GDPD2	17
Q9HCC9	ZFYVE28	34
Q9HCD5	NCOA5	18
Q9HCD6	TANC2	80
Q9HCE0	EPG5	114
Q9HCE1	MOV10	54
Q9HCE5	METTL14	16
Q9HCE6	ARHGEF10L	48
Q9HCE7	SMURF1	41
Q9HCE9	ANO8	49
Q9HCF6	TRPM3	89
Q9HCG7	GBA2	44
Q9HCG8	CWC22	41
Q9HCH0	NCKAP5L	47
Q9HCH3	CPNE5	30
Q9HCH5	SYTL2	46
Q9HCI5	MAGEE1	33
Q9HCI7	MSL2	25
Q9HCJ0	TNRC6C	67
Q9HCJ1	ANKH	21
Q9HCJ2	LRRC4C	25
Q9HCK0	ZBTB26	25
Q9HCK4	ROBO2	60
Q9HCK5	AGO4	40
Q9HCK8	CHD8	107
Q9HCL2	GPAM	36
Q9HCM1	RESF1	89
Q9HCM2	PLXNA4	85
Q9HCM3	KIAA1549	55
Q9HCM4	EPB41L5	28
Q9HCM9	TRIM39	27
Q9HCN3	PGAP6	27
Q9HCN4	GPN1	13
Q9HCN6	GP6	14
Q9HCP0	CSNK1G1	20
Q9HCP6	HHATL	22
Q9HCQ5	GALNT9	30
Q9HCQ7	NPVF	8
Q9HCR9	PDE11A	43
Q9HCS2	CYP4F12	30
Q9HCS4	TCF7L1	15
Q9HCS7	XAB2	50
Q9HCU0	CD248	24
Q9HCU4	CELSR2	119
Q9HCU5	PREB	18
Q9HCU8	POLD4	8
Q9HCU9	BRMS1	15
Q9HCX3	ZNF304	40
Q9HCX4	TRPC7	38
Q9HCY8	S100A14	7
Q9HD15	SRA1	12
Q9HD20	ATP13A1	53
Q9HD23	MRS2	24
Q9HD26	GOPC	25
Q9HD34	LYRM4	4
Q9HD36	BCL2L10	12
Q9HD40	SEPSECS	26
Q9HD42	CHMP1A	9
Q9HD43	PTPRH	43
Q9HD47	RANGRF	6
Q9HD67	MYO10	96
Q9HD89	RETN	7
Q9HD90	NEUROD4	10
Q9HDB5	NRXN3	22
Q9HDC5	JPH1	32
Q9HDC9	APMAP	21
Q9HDD0	PLAAT1	5
Q9N2K0		13
Q9NNW5	WDR6	49
Q9NNW7	TXNRD2	24
Q9NNX1	TUFT1	20
Q9NNX6	CD209	26
Q9NP08	HMX1	17
Q9NP31	SH2D2A	17
Q9NP50	SINHCAF	9
Q9NP55	BPIFA1	7
Q9NP56	PDE7B	23
Q9NP58	ABCB6	35
Q9NP59	SLC40A1	14
Q9NP60	IL1RAPL2	31
Q9NP61	ARFGAP3	27
Q9NP62	GCM1	18
Q9NP64	ZCCHC17	10
Q9NP66	HMG20A	13
Q9NP70	AMBN	9
Q9NP71	MLXIPL	32
Q9NP72	RAB18	13
Q9NP73	ALG13	44
Q9NP74	PALMD	23
Q9NP77	SSU72	11
Q9NP78	ABCB9	31
Q9NP79	VTA1	12
Q9NP80	PNPLA8	36
Q9NP81	SARS2	30
Q9NP84	TNFRSF12A	7
Q9NP85	NPHS2	19
Q9NP86	CABP5	11
Q9NP87	POLM	19
Q9NP90	RAB9B	11
Q9NP91	SLC6A20	18
Q9NP94	SLC39A2	8
Q9NP95	FGF20	9
Q9NP97	DYNLRB1	6
Q9NP98	MYOZ1	13
Q9NP99	TREM1	15
Q9NPA0	EMC7	9
Q9NPA1	KCNMB3	11
Q9NPA2	MMP25	22
Q9NPA8	ENY2	5
Q9NPB0	SAYSD1	6
Q9NPB1	NT5M	12
Q9NPB3	CABP2	11
Q9NPB6	PARD6A	16
Q9NPB9	ACKR4	8
Q9NPC1	LTB4R2	11
Q9NPC2	KCNK9	15
Q9NPC3	CCNB1IP1	14
Q9NPC4	A4GALT	19
Q9NPC6	MYOZ2	16
Q9NPC7	MYNN	30
Q9NPC8	SIX2	12
Q9NPD3	EXOSC4	10
Q9NPD5	SLCO1B3	28
Q9NPD8	UBE2T	11
Q9NPE2	NGRN	20
Q9NPE3	NOP10	3
Q9NPE6	SPAG4	20
Q9NPF0	CD320	9
Q9NPF2	CHST11	19
Q9NPF4	OSGEP	18
Q9NPF5	DMAP1	26
Q9NPF7	IL23A	8
Q9NPF8	ADAP2	20
Q9NPG1	FZD3	33
Q9NPG2	NGB	8
Q9NPG3	UBN1	49
Q9NPG4	PCDH12	46
Q9NPG8	ZDHHC4	11
Q9NPH0	ACP6	20
Q9NPH2	ISYNA1	20
Q9NPH3	IL1RAP	30
Q9NPH5	NOX4	21
Q9NPH9	IL26	8
Q9NPI0	TMEM138	4
Q9NPI1	BRD7	31
Q9NPI5	NMRK2	10
Q9NPI6	DCP1A	22
Q9NPI8	FANCF	24
Q9NPI9	KCNJ16	17
Q9NPJ1	MKKS	24
Q9NPJ3	ACOT13	5
Q9NPJ4	PNRC2	8
Q9NPJ6	MED4	15
Q9NPJ8	NXT2	6
Q9NPL8	TIMMDC1	16
Q9NPP4	NLRC4	57
Q9NPQ8	RIC8A	29
Q9NPR2	SEMA4B	33
Q9NPR9	GPR108	23
Q9NPY3	CD93	23
Q9NPZ5	B3GAT2	17
Q9NQ11	ATP13A2	45
Q9NQ25	SLAMF7	14
Q9NQ29	LUC7L	18
Q9NQ30	ESM1	8
Q9NQ31	AKIP1	13
Q9NQ33	ASCL3	9
Q9NQ34	TMEM9B	10
Q9NQ36	SCUBE2	39
Q9NQ38	SPINK5	46
Q9NQ40	SLC52A3	7
Q9NQ48	LZTFL1	16
Q9NQ50	MRPL40	10
Q9NQ55	PPAN	21
Q9NQ66	PLCB1	57
Q9NQ69	LHX9	17
Q9NQ75	CASS4	46
Q9NQ76	MEPE	32
Q9NQ79	CRTAC1	25
Q9NQ84	GPRC5C	11
Q9NQ86	TRIM36	43
Q9NQ87	HEYL	10
Q9NQ88	TIGAR	14
Q9NQ89	FERRY3	28
Q9NQ90	ANO2	47
Q9NQ92	COPRS	6
Q9NQ94	A1CF	28
Q9NQA5	TRPV5	30
Q9NQB0	TCF7L2	20
Q9NQC1	JADE2	34
Q9NQC3	RTN4	43
Q9NQC7	CYLD	47
Q9NQC8	IFT46	13
Q9NQE9	HINT3	9
Q9NQG1	MANBAL	4
Q9NQG5	RPRD1B	14
Q9NQG6	MIEF1	18
Q9NQG7	HPS4	28
Q9NQH7	XPNPEP3	23
Q9NQI0	DDX4	42
Q9NQL2	RRAGD	17
Q9NQL9	DMRT3	24
Q9NQM4	DNAAF6	9
Q9NQP4	PFDN4	3
Q9NQQ7	SLC35H1	14
Q9NQR1	KMT5A	21
Q9NQR4	NIT2	18
Q9NQR9	G6PC2	12
Q9NQS3	NECTIN3	17
Q9NQS5	GPR84	16
Q9NQS7	INCENP	40
Q9NQT4	EXOSC5	10
Q9NQT5	EXOSC3	12
Q9NQT8	KIF13B	82
Q9NQU5	PAK6	31
Q9NQV5	PRDM11	27
Q9NQV6	PRDM10	29
Q9NQV7	PRDM9	45
Q9NQV8	PRDM8	30
Q9NQW1	SEC31B	58
Q9NQW5	PRDM7	22
Q9NQW6	ANLN	61
Q9NQW7	XPNPEP1	33
Q9NQW8	CNGB3	33
Q9NQX0	PRDM6	27
Q9NQX1	PRDM5	30
Q9NQX3	GPHN	40
Q9NQX4	MYO5C	99
Q9NQX5	NPDC1	14
Q9NQX7	ITM2C	15
Q9NQY0	BIN3	15
Q9NQZ2	UTP3	13
Q9NQZ3	DAZ1	21
Q9NQZ5	STARD7	23
Q9NQZ6	ZC4H2	15
Q9NQZ7	ENTPD7	28
Q9NQZ8	ZNF71	32
Q9NR00	TCIM	4
Q9NR09	BIRC6	186
Q9NR11	ZNF302	20
Q9NR12	PDLIM7	22
Q9NR16	CD163L1	65
Q9NR19	ACSS2	27
Q9NR20	DYRK4	31
Q9NR21	PARP11	16
Q9NR22	PRMT8	21
Q9NR23	GDF3	14
Q9NR28	DIABLO	14
Q9NR30	DDX21	40
Q9NR31	SAR1A	10
Q9NR33	POLE4	6
Q9NR34	MAN1C1	29
Q9NR45	NANS	15
Q9NR46	SH3GLB2	18
Q9NR48	ASH1L	130
Q9NR50	EIF2B3	23
Q9NR55	BATF3	5
Q9NR56	MBNL1	12
Q9NR61	DLL4	25
Q9NR63	CYP26B1	25
Q9NR71	ASAH2	25
Q9NR80	ARHGEF4	32
Q9NR81	ARHGEF3	28
Q9NR82	KCNQ5	45
Q9NR83	SLC2A4RG	11
Q9NR90	DAZ3	9
Q9NR96	TLR9	48
Q9NR97	TLR8	50
Q9NR99	MXRA5	138
Q9NRA0	SPHK2	22
Q9NRA1	PDGFC	19
Q9NRA2	SLC17A5	14
Q9NRA8	EIF4ENIF1	38
Q9NRB3	CHST12	19
Q9NRC1	ST7	26
Q9NRC6	SPTBN5	201
Q9NRC8	SIRT7	21
Q9NRD1	FBXO6	16
Q9NRD5	PICK1	20
Q9NRD8	DUOX2	70
Q9NRD9	DUOX1	82
Q9NRE1	MMP26	8
Q9NRE2	TSHZ2	44
Q9NRF2	SH2B1	25
Q9NRF8	CTPS2	30
Q9NRF9	POLE3	8
Q9NRG0	CHRAC1	6
Q9NRG1	PRTFDC1	10
Q9NRG4	SMYD2	18
Q9NRG9	AAAS	26
Q9NRH2	SNRK	41
Q9NRH3	TUBG2	21
Q9NRI5	DISC1	42
Q9NRJ3	CCL28	3
Q9NRJ4	TULP4	52
Q9NRJ7	PCDHB16	37
Q9NRK6	ABCB10	40
Q9NRL2	BAZ1A	67
Q9NRL3	STRN4	22
Q9NRM0	SLC2A9	16
Q9NRM1	ENAM	56
Q9NRM6	IL17RB	22
Q9NRM7	LATS2	45
Q9NRN7	AASDHPPT	15
Q9NRN9	METTL5	10
Q9NRP0	OSTC	5
Q9NRP7	STK36	47
Q9NRQ2	PLSCR4	11
Q9NRQ5	SMCO4	1
Q9NRR2	TPSG1	12
Q9NRR3	CDC42SE2	2
Q9NRR4	DROSHA	52
Q9NRR5	UBQLN4	17
Q9NRR6	INPP5E	34
Q9NRR8	CDC42SE1	3
Q9NRS4	TMPRSS4	18
Q9NRS6	SNX15	15
Q9NRW1	RAB6B	13
Q9NRW3	APOBEC3C	10
Q9NRW4	DUSP22	12
Q9NRW7	VPS45	32
Q9NRX1	PNO1	14
Q9NRX2	MRPL17	13
Q9NRX4	PHPT1	8
Q9NRX5	SERINC1	17
Q9NRX6	TMEM167B	5
Q9NRY2	INIP	4
Q9NRY4	ARHGAP35	77
Q9NRY6	PLSCR3	10
Q9NRY7	PLSCR2	11
Q9NRZ5	AGPAT4	20
Q9NRZ7	AGPAT3	17
Q9NRZ9	HELLS	41
Q9NS00	C1GALT1	16
Q9NS15	LTBP3	63
Q9NS18	GLRX2	7
Q9NS23	RASSF1	22
Q9NS37	CREBZF	19
Q9NS39	ADARB2	34
Q9NS40	KCNH7	59
Q9NS56	TOPORS	48
Q9NS61	KCNIP2	12
Q9NS62	THSD1	38
Q9NS64	RPRM	5
Q9NS68	TNFRSF19	16
Q9NS69	TOMM22	7
Q9NS71	GKN1	4
Q9NS73	MBIP	20
Q9NS75	CYSLTR2	14
Q9NS82	SLC7A10	9
Q9NS84	CHST7	28
Q9NS86	LANCL2	21
Q9NS87	KIF15	83
Q9NS91	RAD18	31
Q9NSA0	SLC22A11	21
Q9NSA1	FGF21	5
Q9NSA2	KCND1	28
Q9NSA3	CTNNBIP1	2
Q9NSB2	KRT84	37
Q9NSB4	KRT82	32
Q9NSB8	HOMER2	21
Q9NSC2	SALL1	48
Q9NSC5	HOMER3	20
Q9NSC7	ST6GALNAC1	33
Q9NSD4	ZNF275	26
Q9NSD5	SLC6A13	17
Q9NSD9	FARSB	32
Q9NSE2	CISH	13
Q9NSE4	IARS2	44
Q9NSG2	FIRRM	32
Q9NSI5	IGSF5	16
Q9NSI6	BRWD1	116
Q9NSI8	SAMSN1	20
Q9NSK0	KLC4	38
Q9NSK7	C19orf12	4
Q9NSN8	SNTG1	23
Q9NSP4	CENPM	12
Q9NST1	PNPLA3	26
Q9NSU2	TREX1	14
Q9NSV4	DIAPH3	62
Q9NSY0	NRBP2	24
Q9NSY1	BMP2K	41
Q9NT22	EMILIN3	44
Q9NT62	ATG3	11
Q9NT68	TENM2	116
Q9NT99	LRRC4B	28
Q9NTG1	PKDREJ	101
Q9NTG7	SIRT3	16
Q9NTI2	ATP8A2	58
Q9NTI5	PDS5B	75
Q9NTJ3	SMC4	69
Q9NTJ4	MAN2C1	40
Q9NTJ5	SACM1L	33
Q9NTK5	OLA1	25
Q9NTM9	CUTC	13
Q9NTN3	SLC35D1	10
Q9NTN9	SEMA4G	36
Q9NTQ9	GJB4	15
Q9NTW7	ZFP64	33
Q9NTX5	ECHDC1	18
Q9NTX7	RNF146	14
Q9NTX9	FAM217B	19
Q9NU19	TBC1D22B	28
Q9NU22	MDN1	279
Q9NU39	FOXD4L1	17
Q9NU63	ZFP57	29
Q9NUB1	ACSS1	30
Q9NUD5	ZCCHC3	22
Q9NUD9	PIGV	9
Q9NUE0	ZDHHC18	16
Q9NUH8	TMEM14B	3
Q9NUI1	DECR2	18
Q9NUJ1	ABHD10	16
Q9NUJ3	TCP11L1	27
Q9NUK0	MBNL3	10
Q9NUL3	STAU2	33
Q9NUL5	SHFL	13
Q9NUL7	DDX28	33
Q9NUM3	SLC39A9	4
Q9NUM4	TMEM106B	13
Q9NUN5	LMBRD1	16
Q9NUN7	ACER3	8
Q9NUP7	TRMT13	29
Q9NUP9	LIN7C	11
Q9NUQ2	AGPAT5	19
Q9NUQ3	TXLNG	25
Q9NUQ7	UFSP2	22
Q9NUQ9	CYRIB	19
Q9NUS5	AP5S1	14
Q9NUT2	ABCB8	39
Q9NUU6	OTULINL	17
Q9NUU7	DDX19A	28
Q9NUV7	SPTLC3	28
Q9NUW8	TDP1	42
Q9NUX5	POT1	29
Q9NUY8	TBC1D23	30
Q9NV06	DCAF13	24
Q9NV12	TMEM140	4
Q9NV23	OLAH	13
Q9NV29	TMEM100	5
Q9NV31	IMP3	10
Q9NV35	NUDT15	10
Q9NV56	MRGBP	9
Q9NV58	RNF19A	35
Q9NV64	TMEM39A	21
Q9NV70	EXOC1	42
Q9NV79	PCMTD2	18
Q9NV88	INTS9	25
Q9NV92	NDFIP2	13
Q9NV96	CDC50A	15
Q9NVA1	UQCC1	14
Q9NVA2	SEPTIN11	19
Q9NVC3	SLC38A7	13
Q9NVC6	MED17	31
Q9NVD3	SETD4	23
Q9NVD7	PARVA	16
Q9NVE5	USP40	50
Q9NVE7	PANK4	45
Q9NVF7	FBXO28	18
Q9NVH0	EXD2	37
Q9NVH1	DNAJC11	27
Q9NVH2	INTS7	51
Q9NVH6	TMLHE	27
Q9NVI1	FANCI	79
Q9NVI7	ATAD3A	35
Q9NVJ2	ARL8B	10
Q9NVL1	FAM86C1P	9
Q9NVL8	CCDC198	17
Q9NVM4	PRMT7	21
Q9NVM9	INTS13	44
Q9NVN3	RIC8B	25
Q9NVN8	GNL3L	33
Q9NVP1	DDX18	33
Q9NVP2	ASF1B	9
Q9NVR2	INTS10	38
Q9NVR5	DNAAF2	49
Q9NVS9	PNPO	13
Q9NVT9	ARMC1	11
Q9NVU0	POLR3E	39
Q9NVV0	TMEM38B	11
Q9NVV4	MTPAP	27
Q9NVV5	AIG1	9
Q9NVV9	THAP1	9
Q9NVW2	RLIM	28
Q9NVX0	HAUS2	15
Q9NVX2	NLE1	24
Q9NVX7	KBTBD4	28
Q9NW08	POLR3B	57
Q9NW13	RBM28	39
Q9NW15	ANO10	26
Q9NW38	FANCL	19
Q9NW64	RBM22	22
Q9NW75	GPATCH2	31
Q9NW97	TMEM51	8
Q9NWB1	RBFOX1	10
Q9NWB6	ARGLU1	11
Q9NWB7	IFT57	24
Q9NWD8	TMEM248	10
Q9NWD9	BEX4	4
Q9NWF4	SLC52A1	7
Q9NWF9	RNF216	41
Q9NWH2	TMEM242	8
Q9NWH7	SPATA6	25
Q9NWH9	SLTM	40
Q9NWK9	ZNHIT6	32
Q9NWL6	ASNSD1	33
Q9NWM0	SMOX	24
Q9NWM8	FKBP14	12
Q9NWN3	FBXO34	31
Q9NWQ4	GPATCH2L	23
Q9NWQ8	PAG1	17
Q9NWQ9	C14orf119	5
Q9NWR8	MCUB	15
Q9NWS0	PIH1D1	15
Q9NWS1	PARPBP	33
Q9NWS6	SIRAL2	19
Q9NWS8	RMND1	27
Q9NWS9	ZNF446	17
Q9NWT1	PAK1IP1	20
Q9NWT6	HIF1AN	15
Q9NWT8	AURKAIP1	6
Q9NWU1	OXSM	21
Q9NWU2	GID8	12
Q9NWU5	MRPL22	12
Q9NWV8	BABAM1	17
Q9NWW5	CLN6	5
Q9NWW6	NMRK1	8
Q9NWW9	PLAAT2	6
Q9NWX5	ASB6	27
Q9NWX6	THG1L	16
Q9NWY4	HPF1	17
Q9NWZ3	IRAK4	29
Q9NWZ5	UCKL1	30
Q9NWZ8	GEMIN8	11
Q9NX01	TXNL4B	8
Q9NX02	NLRP2	59
Q9NX04	AIRIM	8
Q9NX07	TRNAU1AP	10
Q9NX08	COMMD8	10
Q9NX09	DDIT4	10
Q9NX14	NDUFB11	10
Q9NX18	SDHAF2	9
Q9NX24	NHP2	5
Q9NX40	OCIAD1	11
Q9NX46	ADPRS	15
Q9NX47	MARCHF5	15
Q9NX52	RHBDL2	6
Q9NX55	HYPK	6
Q9NX57	RAB20	14
Q9NX58	LYAR	18
Q9NX61	TMEM161A	20
Q9NX62	BPNT2	15
Q9NX63	CHCHD3	13
Q9NX65	ZSCAN32	39
Q9NX70	MED29	10
Q9NX74	DUS2	33
Q9NX76	CMTM6	6
Q9NX78	TMEM260	31
Q9NX94	WBP1L	9
Q9NX95	SYBU	26
Q9NXA8	SIRT5	17
Q9NXB0	MKS1	21
Q9NXB9	ELOVL2	7
Q9NXC2	GFOD1	18
Q9NXC5	MIOS	52
Q9NXE4	SMPD4	44
Q9NXE8	CWC25	20
Q9NXF1	TEX10	44
Q9NXF8	ZDHHC7	12
Q9NXG0	CNTLN	87
Q9NXG2	THUMPD1	21
Q9NXG6	P4HTM	19
Q9NXH9	TRMT1	34
Q9NXI6	RNF186	8
Q9NXJ5	PGPEP1	9
Q9NXK8	FBXL12	14
Q9NXL9	MCM9	57
Q9NXR1	NDE1	25
Q9NXR5	ANKRD10	8
Q9NXR7	BABAM2	18
Q9NXR8	ING3	16
Q9NXS2	QPCTL	14
Q9NXV2	KCTD5	12
Q9NXV6	CDKN2AIP	32
Q9NXW2	DNAJB12	16
Q9NXW9	ALKBH4	14
Q9NXX6	NSMCE4A	20
Q9NXZ2	DDX43	39
Q9NY12	GAR1	12
Q9NY15	STAB1	110
Q9NY25	CLEC5A	12
Q9NY26	SLC39A1	9
Q9NY27	PPP4R2	21
Q9NY28	GALNT8	30
Q9NY30	BTG4	14
Q9NY33	DPP3	38
Q9NY35	CLDND1	9
Q9NY37	ASIC5	19
Q9NY46	SCN3A	66
Q9NY47	CACNA2D2	48
Q9NY56	OBP2A	6
Q9NY59	SMPD3	28
Q9NY61	AATF	19
Q9NY64	SLC2A8	14
Q9NY65	TUBA8	21
Q9NY72	SCN3B	8
Q9NY74	ETAA1	48
Q9NY91	SLC5A4	20
Q9NY93	DDX56	30
Q9NY97	B3GNT2	23
Q9NY99	SNTG2	26
Q9NYA1	SPHK1	11
Q9NYA3	GOLGA6A	28
Q9NYA4	MTMR4	58
Q9NYB0	TERF2IP	20
Q9NYB5	SLCO1C1	27
Q9NYB9	ABI2	17
Q9NYC9	DNAH9	239
Q9NYD6	HOXC10	20
Q9NYF0	DACT1	36
Q9NYF8	BCLAF1	36
Q9NYG2	ZDHHC3	11
Q9NYG5	ANAPC11	4
Q9NYG8	KCNK4	11
Q9NYH9	UTP6	36
Q9NYI0	PSD3	49
Q9NYJ7	DLL3	25
Q9NYJ8	TAB2	22
Q9NYK1	TLR7	50
Q9NYK5	MRPL39	23
Q9NYK6	EURL	19
Q9NYL2	MAP3K20	44
Q9NYL5	CYP39A1	22
Q9NYM4	GPR83	18
Q9NYM9	BET1L	6
Q9NYP3	DONSON	29
Q9NYP7	ELOVL5	8
Q9NYP8	EPCIP	13
Q9NYP9	MIS18A	14
Q9NYQ3	HAO2	19
Q9NYQ6	CELSR1	124
Q9NYQ7	CELSR3	141
Q9NYQ8	FAT2	180
Q9NYR8	RDH8	10
Q9NYR9	NKIRAS2	11
Q9NYU1	UGGT2	86
Q9NYU2	UGGT1	71
Q9NYV4	CDK12	60
Q9NYV6	RRN3	39
Q9NYV7	TAS2R16	6
Q9NYV8	TAS2R14	10
Q9NYW0	TAS2R10	9
Q9NYW4	TAS2R5	6
Q9NYW5	TAS2R4	6
Q9NYW8	RBAK	43
Q9NYX4	CALY	10
Q9NYY1	IL20	11
Q9NYY3	PLK2	39
Q9NYY8	FASTKD2	42
Q9NYZ1	TVP23B	10
Q9NYZ2	SLC25A37	13
Q9NYZ3	GTSE1	34
Q9NYZ4	SIGLEC8	17
Q9NZ01	TECR	14
Q9NZ08	ERAP1	46
Q9NZ09	UBAP1	22
Q9NZ20	PLA2G3	21
Q9NZ42	PSENEN	4
Q9NZ43	USE1	18
Q9NZ45	CISD1	6
Q9NZ52	GGA3	23
Q9NZ53	PODXL2	16
Q9NZ56	FMN2	49
Q9NZ63	C9orf78	16
Q9NZ71	RTEL1	67
Q9NZ72	STMN3	10
Q9NZ81	PRR13	1
Q9NZ94	NLGN3	24
Q9NZA1	CLIC5	18
Q9NZB2	FAM120A	51
Q9NZB8	MOCS1	36
Q9NZC2	TREM2	6
Q9NZC3	GDE1	17
Q9NZC4	EHF	10
Q9NZC7	WWOX	23
Q9NZC9	SMARCAL1	46
Q9NZD1	GPRC5D	6
Q9NZD2	GLTP	14
Q9NZD4	AHSP	4
Q9NZD8	SPG21	17
Q9NZE8	MRPL35	11
Q9NZG7	NINJ2	6
Q9NZH0	GPRC5B	10
Q9NZH5	PTTG2	11
Q9NZH6	IL37	11
Q9NZH7	IL36B	10
Q9NZH8	IL36G	9
Q9NZI2	KCNIP1	13
Q9NZI5	GRHL1	32
Q9NZI6	TFCP2L1	20
Q9NZI7	UBP1	19
Q9NZI8	IGF2BP1	30
Q9NZJ0	DTL	33
Q9NZJ4	SACS	252
Q9NZJ5	EIF2AK3	59
Q9NZJ6	COQ3	16
Q9NZJ7	MTCH1	18
Q9NZJ9	NUDT4	8
Q9NZK5	ADA2	28
Q9NZK7	PLA2G2E	7
Q9NZL3	ZNF224	42
Q9NZL4	HSPBP1	18
Q9NZL9	MAT2B	17
Q9NZM1	MYOF	121
Q9NZM3	ITSN2	80
Q9NZM4	BICRA	38
Q9NZM5	NOP53	12
Q9NZM6	PKD2L2	21
Q9NZN1	IL1RAPL1	37
Q9NZN3	EHD3	28
Q9NZN4	EHD2	30
Q9NZN5	ARHGEF12	71
Q9NZN8	CNOT2	22
Q9NZN9	AIPL1	17
Q9NZP6	NPAP1	37
Q9NZP8	C1RL	19
Q9NZQ3	NCKIPSD	28
Q9NZQ7	CD274	18
Q9NZQ8	TRPM5	48
Q9NZR2	LRP1B	212
Q9NZR4	VSX1	18
Q9NZS2	KLRF1	12
Q9NZS9	BFAR	16
Q9NZT1	CALML5	9
Q9NZU0	FLRT3	35
Q9NZU1	FLRT1	32
Q9NZU5	LMCD1	25
Q9NZU7	CABP1	23
Q9NZV1	CRIM1	46
Q9NZV5	SELENON	21
Q9NZV6	MSRB1	6
Q9NZV7	ZIM2	28
Q9NZV8	KCND2	22
Q9NZW4	DSPP	28
Q9NZZ3	CHMP5	6
Q9P000	COMMD9	12
Q9P003	CNIH4	2
Q9P013	CWC15	8
Q9P021	CRIPT	4
Q9P032	NDUFAF4	14
Q9P035	HACD3	15
Q9P055	JKAMP	6
Q9P086	MED11	7
Q9P0B6	CCDC167	4
Q9P0G3	KLK14	15
Q9P0I2	EMC3	13
Q9P0J0	NDUFA13	8
Q9P0J1	PDP1	32
Q9P0J7	KCMF1	15
Q9P0K1	ADAM22	44
Q9P0K7	RAI14	57
Q9P0K8	FOXJ2	15
Q9P0K9	FRRS1L	11
Q9P0L0	VAPA	12
Q9P0L1	ZKSCAN7	41
Q9P0L2	MARK1	44
Q9P0L9	PKD2L1	34
Q9P0M2	AKAP7	17
Q9P0M6	MACROH2A2	19
Q9P0N5	TMEM216	3
Q9P0N8	MARCHF2	13
Q9P0N9	TBC1D7	22
Q9P0P0	RNF181	8
Q9P0P8	MTRES1	13
Q9P0R6	GSKIP	4
Q9P0S2	COX16	5
Q9P0S3	ORMDL1	6
Q9P0S9	TMEM14C	4
Q9P0T4	ZNF581	9
Q9P0T7	TMEM9	10
Q9P0U1	TOMM7	3
Q9P0U3	SENP1	32
Q9P0U4	CXXC1	26
Q9P0V3	SH3BP4	48
Q9P0V8	SLAMF8	11
Q9P0V9	SEPTIN10	21
Q9P0W0	IFNK	12
Q9P0W2	HMG20B	19
Q9P0W8	SPATA7	40
Q9P0X4	CACNA1I	68
Q9P0Z9	PIPOX	21
Q9P107	GMIP	41
Q9P109	GCNT4	26
Q9P121	NTM	17
Q9P126	CLEC1B	15
Q9P127	LUZP4	23
Q9P1A6	DLGAP2	45
Q9P1Q0	VPS54	45
Q9P1Q5	OR1A1	7
Q9P1T7	MDFIC	8
Q9P1U0	POLR1H	4
Q9P1W3	TMEM63C	27
Q9P1W8	SIRPG	21
Q9P1W9	PIM2	14
Q9P1Y5	CAMSAP3	57
Q9P1Z0	ZBTB4	32
Q9P1Z2	CALCOCO1	33
Q9P1Z3	HCN3	32
Q9P202	WHRN	42
Q9P206	NHSL3	41
Q9P209	CEP72	32
Q9P212	PLCE1	108
Q9P218	COL20A1	66
Q9P219	CCDC88C	110
Q9P225	DNAH2	228
Q9P232	CNTN3	54
Q9P241	ATP10D	58
Q9P243	ZFAT	50
Q9P244	LRFN1	32
Q9P246	STIM2	31
Q9P253	VPS18	48
Q9P258	RCC2	27
Q9P267	MBD5	53
Q9P270	SLAIN2	27
Q9P272	TRMT9B	22
Q9P273	TENM3	123
Q9P275	USP36	62
Q9P278	FNIP2	55
Q9P283	SEMA5B	50
Q9P286	PAK5	30
Q9P287	BCCIP	19
Q9P289	STK26	24
Q9P296	C5AR2	11
Q9P2A4	ABI3	16
Q9P2B2	PTGFRN	48
Q9P2B4	CTTNBP2NL	36
Q9P2D0	IBTK	71
Q9P2D1	CHD7	129
Q9P2D3	HEATR5B	99
Q9P2D7	DNAH1	222
Q9P2D8	UNC79	108
Q9P2E2	KIF17	44
Q9P2E3	ZNFX1	103
Q9P2E5	CHPF2	46
Q9P2E7	PCDH10	38
Q9P2E8	MARCHF4	10
Q9P2E9	RRBP1	96
Q9P2F6	ARHGAP20	50
Q9P2F8	SIPA1L2	79
Q9P2F9	ZNF319	23
Q9P2G1	ANKIB1	49
Q9P2G4	MAP10	43
Q9P2G9	KLHL8	39
Q9P2H0	CEP126	55
Q9P2H3	IFT80	35
Q9P2H5	USP35	52
Q9P2I0	CPSF2	41
Q9P2J2	IGSF9	41
Q9P2J3	KLHL9	36
Q9P2J5	LARS1	60
Q9P2K1	CC2D2A	66
Q9P2K2	TXNDC16	28
Q9P2K3	RCOR3	24
Q9P2K5	MYEF2	25
Q9P2K6	KLHL42	21
Q9P2K8	EIF2AK4	79
Q9P2K9	DISP3	47
Q9P2L0	WDR35	62
Q9P2M1	LRP2BP	16
Q9P2M4	TBC1D14	26
Q9P2M7	CGN	69
Q9P2N4	ADAMTS9	95
Q9P2N6	KANSL3	39
Q9P2N7	KLHL13	41
Q9P2P5	HECW2	61
Q9P2P6	STARD9	223
Q9P2Q2	FRMD4A	51
Q9P2R3	ANKFY1	52
Q9P2R6	RERE	50
Q9P2R7	SUCLA2	27
Q9P2S2	NRXN2	79
Q9P2S5	WRAP73	24
Q9P2T0	SPMAP2	24
Q9P2T1	GMPR2	18
Q9P2U7	SLC17A7	19
Q9P2U8	SLC17A6	22
Q9P2W1	PSMC3IP	11
Q9P2W3	GNG13	6
Q9P2W7	B3GAT1	14
Q9P2W9	STX18	20
Q9P2X0	DPM3	2
Q9P2X3	IMPACT	17
Q9P2Y4	ZNF219	31
Q9P2Y5	UVRAG	38
Q9UBB4	ATXN10	27
Q9UBB5	MBD2	18
Q9UBB6	NCDN	32
Q9UBB9	TFIP11	48
Q9UBC0	ONECUT1	15
Q9UBC1	NFKBIL1	19
Q9UBC2	EPS15L1	48
Q9UBC3	DNMT3B	39
Q9UBC5	MYO1A	64
Q9UBC7	GALP	5
Q9UBC9	SPRR3	17
Q9UBD0	HSFX1	11
Q9UBD3	XCL2	6
Q9UBD5	ORC3	39
Q9UBD6	RHCG	11
Q9UBD9	CLCF1	11
Q9UBE0	SAE1	22
Q9UBE8	NLK	23
Q9UBF1	MAGEC2	13
Q9UBF2	COPG2	46
Q9UBF6	RNF7	5
Q9UBF8	PI4KB	37
Q9UBF9	MYOT	27
Q9UBG0	MRC2	55
Q9UBG3	CRNN	25
Q9UBH0	IL36RN	5
Q9UBH6	XPR1	31
Q9UBI1	COMMD3	10
Q9UBI4	STOML1	15
Q9UBI6	GNG12	4
Q9UBJ2	ABCD2	36
Q9UBK2	PPARGC1A	37
Q9UBK5	HCST	3
Q9UBK8	MTRR	27
Q9UBK9	UXT	8
Q9UBL3	ASH2L	28
Q9UBL6	CPNE7	34
Q9UBL9	P2RX2	20
Q9UBM1	PEMT	2
Q9UBM4	OPTC	10
Q9UBM7	DHCR7	12
Q9UBM8	MGAT4C	25
Q9UBN1	CACNG4	10
Q9UBN4	TRPC4	51
Q9UBN6	TNFRSF10D	18
Q9UBN7	HDAC6	30
Q9UBP0	SPAST	38
Q9UBP4	DKK3	17
Q9UBP5	HEY2	10
Q9UBP6	METTL1	11
Q9UBP9	GULP1	19
Q9UBQ0	VPS29	10
Q9UBQ5	EIF3K	11
Q9UBQ6	EXTL2	12
Q9UBQ7	GRHPR	15
Q9UBR1	UPB1	20
Q9UBR2	CTSZ	12
Q9UBR4	LHX3	13
Q9UBR5	CKLF	3
Q9UBS0	RPS6KB2	16
Q9UBS3	DNAJB9	12
Q9UBS4	DNAJB11	17
Q9UBS5	GABBR1	42
Q9UBS8	RNF14	22
Q9UBS9	SUCO	49
Q9UBT2	UBA2	29
Q9UBT3	DKK4	12
Q9UBT6	POLK	49
Q9UBT7	CTNNAL1	38
Q9UBU2	DKK2	13
Q9UBU3	GHRL	4
Q9UBU7	DBF4	37
Q9UBU8	MORF4L1	16
Q9UBU9	NXF1	30
Q9UBV2	SEL1L	37
Q9UBV4	WNT16	19
Q9UBV7	B4GALT7	15
Q9UBV8	PEF1	8
Q9UBW5	BIN2	24
Q9UBW7	ZMYM2	65
Q9UBW8	COPS7A	15
Q9UBX0	HESX1	11
Q9UBX1	CTSF	26
Q9UBX2	DUX4	14
Q9UBX3	SLC25A10	15
Q9UBX5	FBLN5	17
Q9UBX7	KLK11	15
Q9UBX8	B4GALT6	17
Q9UBY0	SLC9A2	28
Q9UBY5	LPAR3	15
Q9UBY8	CLN8	8
Q9UBY9	HSPB7	8
Q9UBZ4	APEX2	23
Q9UBZ9	REV1	61
Q9UC07	ZNF69	29
Q9UD71	PPP1R1B	9
Q9UDR5	AASS	43
Q9UDT6	CLIP2	58
Q9UDV6	ZNF212	23
Q9UDW1	UQCR10	4
Q9UDW3	ZMAT5	12
Q9UDX3	SEC14L4	22
Q9UDX5	MTFP1	9
Q9UDY2	TJP2	67
Q9UDY4	DNAJB4	18
Q9UDY6	TRIM10	28
Q9UDY8	MALT1	34
Q9UEE5	STK17A	12
Q9UEE9	CFDP1	13
Q9UEF7	KL	48
Q9UEG4	ZNF629	45
Q9UER7	DAXX	20
Q9UET6	FTSJ1	9
Q9UEU0	VTI1B	12
Q9UEW3	MARCO	27
Q9UEW8	STK39	21
Q9UEY8	ADD3	27
Q9UF11	PLEKHB1	10
Q9UF12	PRODH2	24
Q9UF33	EPHA6	44
Q9UF56	FBXL17	39
Q9UFB7	ZBTB47	33
Q9UFC0	LRWD1	31
Q9UFD9	RIMBP3	72
Q9UFE4	CCDC39	53
Q9UFF9	CNOT8	16
Q9UFG5	C19orf25	7
Q9UFH2	DNAH17	253
Q9UFP1	GASK1A	30
Q9UFW8	CGGBP1	12
Q9UG01	IFT172	103
Q9UG22	GIMAP2	18
Q9UG56	PISD	25
Q9UGB7	MIOX	13
Q9UGC6	RGS17	8
Q9UGC7	MTRF1L	16
Q9UGH3	SLC23A2	17
Q9UGI0	ZRANB1	36
Q9UGI6	KCNN3	30
Q9UGI8	TES	24
Q9UGI9	PRKAG3	19
Q9UGJ0	PRKAG2	32
Q9UGJ1	TUBGCP4	29
Q9UGK3	STAP2	21
Q9UGK8	SERGEF	17
Q9UGL1	KDM5B	76
Q9UGL9	CRCT1	5
Q9UGM1	CHRNA9	17
Q9UGM3	DMBT1	75
Q9UGM5	FETUB	15
Q9UGM6	WARS2	17
Q9UGN4	CD300A	10
Q9UGN5	PARP2	27
Q9UGP4	LIMD1	30
Q9UGP5	POLL	24
Q9UGP8	SEC63	37
Q9UGQ2	CACFD1	4
Q9UGQ3	SLC2A6	16
Q9UGR2	ZC3H7B	49
Q9UGT4	SUSD2	32
Q9UGU0	TCF20	87
Q9UGU5	HMGXB4	21
Q9UGY1	NOL12	9
Q9UH03	SEPTIN3	17
Q9UH17	APOBEC3B	22
Q9UH65	SWAP70	38
Q9UH73	EBF1	22
Q9UH77	KLHL3	28
Q9UH92	MLX	14
Q9UH99	SUN2	32
Q9UHA4	LAMTOR3	6
Q9UHA7	IL36A	9
Q9UHB4	NDOR1	21
Q9UHB6	LIMA1	50
Q9UHB7	AFF4	58
Q9UHB9	SRP68	36
Q9UHC1	MLH3	78
Q9UHC3	ASIC3	22
Q9UHC6	CNTNAP2	60
Q9UHC7	MKRN1	19
Q9UHC9	NPC1L1	44
Q9UHD0	IL19	10
Q9UHD1	CHORDC1	18
Q9UHD2	TBK1	42
Q9UHD4	CIDEB	10
Q9UHD8	SEPTIN9	38
Q9UHD9	UBQLN2	14
Q9UHE5	NAT8	11
Q9UHE8	STEAP1	17
Q9UHF0	TAC3	8
Q9UHF1	EGFL7	12
Q9UHF3	NAT8B	11
Q9UHF4	IL20RA	17
Q9UHF5	IL17B	11
Q9UHF7	TRPS1	62
Q9UHG0	DCDC2	22
Q9UHG2	PCSK1N	11
Q9UHG3	PCYOX1	23
Q9UHH9	IP6K2	23
Q9UHI5	SLC7A8	16
Q9UHI6	DDX20	42
Q9UHI7	SLC23A1	18
Q9UHI8	ADAMTS1	40
Q9UHJ3	SFMBT1	41
Q9UHJ6	SHPK	20
Q9UHJ9	PGAP2	8
Q9UHK0	NUFIP1	20
Q9UHK6	AMACR	17
Q9UHL0	DDX25	25
Q9UHL4	DPP7	23
Q9UHL9	GTF2IRD1	50
Q9UHM6	OPN4	13
Q9UHN1	POLG2	23
Q9UHN6	CEMIP2	76
Q9UHP3	USP25	62
Q9UHP6	RSPH14	20
Q9UHP7	CLEC2D	11
Q9UHQ1	NARF	26
Q9UHQ4	BCAP29	15
Q9UHQ9	CYB5R1	14
Q9UHR4	BAIAP2L1	29
Q9UHR5	SAP30BP	15
Q9UHV2	SERTAD1	2
Q9UHV7	MED13	81
Q9UHV8	LGALS13	9
Q9UHV9	PFDN2	10
Q9UHW5	GPN3	10
Q9UHW9	SLC12A6	48
Q9UHX1	PUF60	23
Q9UHX3	ADGRE2	26
Q9UHY1	NRBP1	15
Q9UHY7	ENOPH1	12
Q9UHY8	FEZ2	16
Q9UI08	EVL	21
Q9UI09	NDUFA12	9
Q9UI10	EIF2B4	24
Q9UI12	ATP6V1H	25
Q9UI14	RABAC1	4
Q9UI17	DMGDH	46
Q9UI26	IPO11	43
Q9UI30	TRMT112	7
Q9UI32	GLS2	30
Q9UI33	SCN11A	74
Q9UI36	DACH1	20
Q9UI38	PRSS50	20
Q9UI40	SLC24A2	19
Q9UI42	CPA4	20
Q9UI43	MRM2	13
Q9UI46	DNAI1	36
Q9UI47	CTNNA3	45
Q9UI95	MAD2L2	10
Q9UIA0	CYTH4	21
Q9UIA9	XPO7	53
Q9UIB8	CD84	18
Q9UIC8	LCMT1	19
Q9UID3	VPS51	37
Q9UID6	ZNF639	22
Q9UIF3	TEKT2	27
Q9UIF7	MUTYH	22
Q9UIF8	BAZ2B	89
Q9UIF9	BAZ2A	62
Q9UIG0	BAZ1B	80
Q9UIG4	PSORS1C2	3
Q9UIG8	SLCO3A1	19
Q9UIH9	KLF15	12
Q9UII2	ATP5IF1	7
Q9UII4	HERC5	51
Q9UII6	DUSP13B	10
Q9UIJ5	ZDHHC2	18
Q9UIJ7	AK3	17
Q9UIK4	DAPK2	18
Q9UIK5	TMEFF2	18
Q9UIL1	SCOC	7
Q9UIL4	KIF25	21
Q9UIL8	PHF11	18
Q9UIQ6	LNPEP	51
Q9UIR0	BTNL2	25
Q9UIS9	MBD1	25
Q9UIU6	SIX4	19
Q9UIV1	CNOT7	15
Q9UIV8	SERPINB13	21
Q9UIW0	VAX2	14
Q9UIW2	PLXNA1	88
Q9UIX4	KCNG1	17
Q9UJ14	GGT7	23
Q9UJ37	ST6GALNAC2	18
Q9UJ41	RABGEF1	27
Q9UJ55	MAGEL2	37
Q9UJ68	MSRA	15
Q9UJ70	NAGK	18
Q9UJ71	CD207	22
Q9UJ78	ZMYM5	31
Q9UJ83	HACL1	28
Q9UJ90	KCNE5	5
Q9UJ96	KCNG2	19
Q9UJ98	STAG3	52
Q9UJA2	CRLS1	11
Q9UJA3	MCM8	48
Q9UJA5	TRMT6	28
Q9UJA9	ENPP5	18
Q9UJC3	HOOK1	41
Q9UJD0	RIMS3	17
Q9UJF2	RASAL2	65
Q9UJJ9	GNPTG	12
Q9UJL9	ZFP69B	32
Q9UJM3	ERRFI1	21
Q9UJM8	HAO1	19
Q9UJP4	KLHL21	25
Q9UJQ1	LAMP5	13
Q9UJQ4	SALL4	42
Q9UJS0	SLC25A13	30
Q9UJT1	TUBD1	22
Q9UJT2	TSKS	30
Q9UJT9	FBXL7	25
Q9UJU2	LEF1	15
Q9UJU5	FOXD3	10
Q9UJU6	DBNL	20
Q9UJV3	MID2	33
Q9UJV9	DDX41	42
Q9UJW0	DCTN4	19
Q9UJW2	TINAG	31
Q9UJW3	DNMT3L	15
Q9UJW8	ZNF180	44
Q9UJW9	SERTAD3	5
Q9UJX0	OSGIN1	17
Q9UJX2	CDC23	33
Q9UJX3	ANAPC7	29
Q9UJX4	ANAPC5	41
Q9UJX5	ANAPC4	35
Q9UJX6	ANAPC2	36
Q9UJY1	HSPB8	10
Q9UJY4	GGA2	24
Q9UJY5	GGA1	21
Q9UJZ1	STOML2	18
Q9UK05	GDF2	25
Q9UK17	KCND3	25
Q9UK22	FBXO2	11
Q9UK23	NAGPA	27
Q9UK32	RPS6KA6	45
Q9UK33	ZNF580	10
Q9UK39	NOCT	23
Q9UK41	VPS28	13
Q9UK45	LSM7	6
Q9UK53	ING1	22
Q9UK55	SERPINA10	22
Q9UK58	CCNL1	20
Q9UK59	DBR1	20
Q9UK61	TASOR	91
Q9UK73	FEM1B	35
Q9UK76	JPT1	6
Q9UK80	USP21	30
Q9UK96	FBXO10	53
Q9UK97	FBXO9	26
Q9UK99	FBXO3	18
Q9UKA1	FBXL5	30
Q9UKA2	FBXL4	28
Q9UKA4	AKAP11	72
Q9UKA8	RCAN3	9
Q9UKA9	PTBP2	19
Q9UKB1	FBXW11	32
Q9UKB3	DNAJC12	13
Q9UKB5	AJAP1	17
Q9UKC9	FBXL2	26
Q9UKD1	GMEB2	14
Q9UKD2	MRTO4	15
Q9UKE5	TNIK	63
Q9UKF2	ADAM30	38
Q9UKF5	ADAM29	36
Q9UKF6	CPSF3	34
Q9UKF7	PITPNC1	19
Q9UKG1	APPL1	34
Q9UKG4	SLC13A4	14
Q9UKG9	CROT	33
Q9UKI2	CDC42EP3	10
Q9UKI8	TLK1	30
Q9UKI9	POU2F3	15
Q9UKJ1	PILRA	12
Q9UKJ5	CHIC2	11
Q9UKJ8	ADAM21	30
Q9UKK3	PARP4	78
Q9UKK6	NXT1	5
Q9UKK9	NUDT5	10
Q9UKL0	RCOR1	24
Q9UKL3	CASP8AP2	99
Q9UKL4	GJD2	16
Q9UKL6	PCTP	12
Q9UKM7	MAN1B1	32
Q9UKM9	RALY	16
Q9UKN1	MUC12	93
Q9UKN5	PRDM4	20
Q9UKN7	MYO15A	164
Q9UKN8	GTF3C4	54
Q9UKP3	ITGB1BP2	14
Q9UKP4	ADAMTS7	53
Q9UKP5	ADAMTS6	52
Q9UKP6	UTS2R	10
Q9UKQ2	ADAM28	36
Q9UKR0	KLK12	8
Q9UKR5	ERG28	6
Q9UKS6	PACSIN3	22
Q9UKS7	IKZF2	22
Q9UKT4	FBXO5	25
Q9UKT5	FBXO4	16
Q9UKT7	FBXL3	25
Q9UKT8	FBXW2	22
Q9UKT9	IKZF3	28
Q9UKU0	ACSL6	36
Q9UKU6	TRHDE	50
Q9UKU7	ACAD8	25
Q9UKU9	ANGPTL2	30
Q9UKV0	HDAC9	39
Q9UKV3	ACIN1	62
Q9UKV5	AMFR	25
Q9UKV8	AGO2	45
Q9UKW4	VAV3	48
Q9UKW6	ELF5	8
Q9UKX2	MYH2	100
Q9UKX3	MYH13	101
Q9UKX5	ITGA11	54
Q9UKX7	NUP50	25
Q9UKY0	PRND	9
Q9UKY1	ZHX1	30
Q9UKY4	POMT2	33
Q9UKZ4	TENM1	114
Q9UKZ9	PCOLCE2	20
Q9UL01	DSE	41
Q9UL03	INTS6	50
Q9UL12	SARDH	47
Q9UL15	BAG5	24
Q9UL16	CFAP45	32
Q9UL17	TBX21	24
Q9UL18	AGO1	45
Q9UL19	PLAAT4	5
Q9UL25	RAB21	13
Q9UL26	RAB22A	12
Q9UL33	TRAPPC2L	9
Q9UL40	ZNF346	14
Q9UL41	PNMA3	23
Q9UL42	PNMA2	18
Q9UL45	BLOC1S6	5
Q9UL46	PSME2	15
Q9UL49	TCFL5	16
Q9UL51	HCN2	35
Q9UL52	TMPRSS11E	21
Q9UL54	TAOK2	45
Q9UL62	TRPC5	42
Q9UL63	MKLN1	42
Q9UL68	MYT1L	71
Q9ULA0	DNPEP	24
Q9ULB1	NRXN1	63
Q9ULB4	CDH9	28
Q9ULB5	CDH7	28
Q9ULC0	EMCN	12
Q9ULC3	RAB23	13
Q9ULC4	MCTS1	10
Q9ULC5	ACSL5	31
Q9ULC6	PADI1	26
Q9ULC8	ZDHHC8	28
Q9ULD0	OGDHL	49
Q9ULD2	MTUS1	63
Q9ULD4	BRPF3	56
Q9ULD5	ZNF777	42
Q9ULD6	INTU	47
Q9ULD8	KCNH3	30
Q9ULE0	WWC3	64
Q9ULE6	PALD1	50
Q9ULF5	SLC39A10	31
Q9ULG1	INO80	70
Q9ULG6	CCPG1	36
Q9ULH0	KIDINS220	91
Q9ULH1	ASAP1	49
Q9ULH4	LRFN2	34
Q9ULH7	MRTFB	31
Q9ULI0	ATAD2B	70
Q9ULI2	RIMKLB	18
Q9ULI3	HEG1	50
Q9ULI4	KIF26A	86
Q9ULJ1	ODF2L	39
Q9ULJ3	ZBTB21	49
Q9ULJ6	ZMIZ1	22
Q9ULJ8	PPP1R9A	48
Q9ULK0	GRID1	46
Q9ULK4	MED23	70
Q9ULK5	VANGL2	27
Q9ULL4	PLXNB3	76
Q9ULL5	PRR12	59
Q9ULL8	SHROOM4	62
Q9ULM2	ZNF490	29
Q9ULM3	YEATS2	73
Q9ULM6	CNOT6	27
Q9ULP0	NDRG4	13
Q9ULP9	TBC1D24	27
Q9ULQ0	STRIP2	37
Q9ULQ1	TPCN1	25
Q9ULR0	ISY1	14
Q9ULR3	PPM1H	22
Q9ULT0	TTC7A	47
Q9ULT6	ZNRF3	33
Q9ULT8	HECTD1	118
Q9ULU4	ZMYND8	61
Q9ULU8	CADPS	64
Q9ULV0	MYO5B	98
Q9ULV1	FZD4	17
Q9ULV3	CIZ1	33
Q9ULV4	CORO1C	21
Q9ULV5	HSF4	24
Q9ULV8	CBLC	22
Q9ULW0	TPX2	39
Q9ULW2	FZD10	28
Q9ULW3	ABT1	16
Q9ULW5	RAB26	12
Q9ULW6	NAP1L2	23
Q9ULW8	PADI3	27
Q9ULX3	NOB1	21
Q9ULX5	RNF112	36
Q9ULX6	AKAP8L	24
Q9ULX7	CA14	10
Q9ULX9	MAFF	8
Q9ULY5	CLEC4E	10
Q9ULZ1	APLN	1
Q9ULZ2	STAP1	18
Q9ULZ3	PYCARD	10
Q9ULZ9	MMP17	24
Q9UM00	TMCO1	8
Q9UM01	SLC7A7	10
Q9UM07	PADI4	26
Q9UM11	FZR1	28
Q9UM13	ANAPC10	10
Q9UM19	HPCAL4	12
Q9UM21	MGAT4A	26
Q9UM22	EPDR1	9
Q9UM44	HHLA2	13
Q9UM47	NOTCH3	83
Q9UM54	MYO6	67
Q9UM63	PLAGL1	18
Q9UM73	ALK	67
Q9UM82	SPATA2	33
Q9UMD9	COL17A1	53
Q9UMF0	ICAM5	37
Q9UMN6	KMT2B	120
Q9UMQ3	BARX2	13
Q9UMQ6	CAPN11	35
Q9UMR2	DDX19B	27
Q9UMR3	TBX20	20
Q9UMR5	PPT2	11
Q9UMR7	CLEC4A	13
Q9UMS0	NFU1	10
Q9UMS4	PRPF19	18
Q9UMS6	SYNPO2	50
Q9UMW8	USP18	13
Q9UMX0	UBQLN1	13
Q9UMX1	SUFU	19
Q9UMX2	OAZ3	11
Q9UMX3	BOK	13
Q9UMX5	NENF	11
Q9UMX6	GUCA1B	9
Q9UMX9	SLC45A2	14
Q9UMY1	NOL7	8
Q9UMY4	SNX12	9
Q9UMZ2	SYNRG	54
Q9UMZ3	PTPRQ	104
Q9UN19	DAPP1	17
Q9UN36	NDRG2	15
Q9UN37	VPS4A	26
Q9UN42	ATP1B4	15
Q9UN66	PCDHB8	28
Q9UN72	PCDHA7	36
Q9UN73	PCDHA6	43
Q9UN74	PCDHA4	41
Q9UN76	SLC6A14	15
Q9UN79	SOX13	33
Q9UN81	L1RE1	17
Q9UN86	G3BP2	24
Q9UN88	GABRQ	22
Q9UNA0	ADAMTS5	58
Q9UNA1	ARHGAP26	41
Q9UNA3	A4GNT	15
Q9UNA4	POLI	37
Q9UNE0	EDAR	21
Q9UNE2	RPH3AL	13
Q9UNE7	STUB1	21
Q9UNF0	PACSIN2	23
Q9UNF1	MAGED2	28
Q9UNG2	TNFSF18	8
Q9UNH5	CDC14A	34
Q9UNH6	SNX7	21
Q9UNH7	SNX6	21
Q9UNI1	CELA1	11
Q9UNI6	DUSP12	19
Q9UNK0	STX8	12
Q9UNK4	PLA2G2D	9
Q9UNK9	ANGEL1	16
Q9UNL4	ING4	8
Q9UNM6	PSMD13	26
Q9UNN4	GTF2A1L	14
Q9UNN5	FAF1	26
Q9UNN8	PROCR	10
Q9UNP4	ST3GAL5	23
Q9UNP9	PPIE	18
Q9UNQ0	ABCG2	27
Q9UNQ2	DIMT1	21
Q9UNS1	TIMELESS	55
Q9UNS2	COPS3	25
Q9UNT1	RABL2B	13
Q9UNU6	CYP8B1	29
Q9UNW1	MINPP1	25
Q9UNW8	GPR132	14
Q9UNW9	NOVA2	19
Q9UNX9	KCNJ14	18
Q9UNY4	TTF2	65
Q9UNY5	ZNF232	29
Q9UNZ2	NSFL1C	21
Q9UP38	FZD1	24
Q9UP52	TFR2	32
Q9UP65	PLA2G4C	22
Q9UP79	ADAMTS8	36
Q9UP83	COG5	43
Q9UP95	SLC12A4	47
Q9UPA5	BSN	173
Q9UPE1	SRPK3	22
Q9UPG8	PLAGL2	17
Q9UPI3	FLVCR2	8
Q9UPM6	LHX6	20
Q9UPM8	AP4E1	49
Q9UPM9	B9D1	10
Q9UPN3	MACF1	421
Q9UPN4	CEP131	63
Q9UPN6	SCAF8	39
Q9UPN7	PPP6R1	32
Q9UPN9	TRIM33	48
Q9UPP1	PHF8	39
Q9UPP2	IQSEC3	55
Q9UPQ0	LIMCH1	61
Q9UPQ3	AGAP1	32
Q9UPQ4	TRIM35	30
Q9UPQ7	PDZRN3	53
Q9UPQ8	DOLK	13
Q9UPQ9	TNRC6B	71
Q9UPR0	PLCL2	54
Q9UPR3	SMG5	38
Q9UPR5	SLC8A2	32
Q9UPS6	SETD1B	67
Q9UPS8	ANKRD26	91
Q9UPT5	EXOC7	37
Q9UPT6	MAPK8IP3	56
Q9UPT8	ZC3H4	41
Q9UPT9	USP22	24
Q9UPU3	SORCS3	53
Q9UPU5	USP24	131
Q9UPU7	TBC1D2B	52
Q9UPU9	SAMD4A	32
Q9UPV0	CEP164	79
Q9UPV9	TRAK1	51
Q9UPW5	AGTPBP1	63
Q9UPW6	SATB2	37
Q9UPW8	UNC13A	85
Q9UPX6	MINAR1	46
Q9UPX8	SHANK2	80
Q9UPY3	DICER1	103
Q9UPY5	SLC7A11	19
Q9UPY6	WASF3	16
Q9UPY8	MAPRE3	15
Q9UPZ3	HPS5	58
Q9UPZ6	THSD7A	74
Q9UPZ9	CILK1	36
Q9UQ03	CORO2B	24
Q9UQ05	KCNH4	44
Q9UQ07	MOK	21
Q9UQ10	DHDH	18
Q9UQ13	SHOC2	21
Q9UQ16	DNM3	48
Q9UQ26	RIMS2	72
Q9UQ35	SRRM2	119
Q9UQ49	NEU3	21
Q9UQ52	CNTN6	47
Q9UQ53	MGAT4B	27
Q9UQ80	PA2G4	22
Q9UQ84	EXO1	47
Q9UQ88	CDK11A	38
Q9UQ90	SPG7	40
Q9UQB3	CTNND2	53
Q9UQB8	BAIAP2	36
Q9UQB9	AURKC	18
Q9UQC2	GAB2	31
Q9UQC9	CLCA2	34
Q9UQD0	SCN8A	64
Q9UQE7	SMC3	64
Q9UQF0	ERVW-1	16
Q9UQF2	MAPK8IP1	33
Q9UQK1	PPP1R3C	16
Q9UQL6	HDAC5	47
Q9UQM7	CAMK2A	23
Q9UQN3	CHMP2B	10
Q9UQP3	TNN	56
Q9UQQ1	NAALADL1	33
Q9UQQ2	SH2B3	25
Q9UQR0	SCML2	40
Q9UQR1	ZNF148	32
Q9UQV4	LAMP3	17
Q9WJR5	ERVK-19	47
Q9Y210	TRPC6	44
Q9Y215	COLQ	13
Q9Y216	MTMR7	40
Q9Y217	MTMR6	36
Q9Y219	JAG2	51
Q9Y221	NIP7	9
Q9Y222	DMTF1	20
Q9Y223	GNE	36
Q9Y224	RTRAF	16
Q9Y225	RNF24	5
Q9Y226	SLC22A13	16
Q9Y227	ENTPD4	32
Q9Y228	TRAF3IP3	34
Q9Y230	RUVBL2	26
Q9Y231	FUT9	16
Q9Y232	CDYL	24
Q9Y233	PDE10A	50
Q9Y234	LIPT1	17
Q9Y235	APOBEC2	12
Q9Y237	PIN4	7
Q9Y238	DLEC1	70
Q9Y239	NOD1	42
Q9Y240	CLEC11A	16
Q9Y241	HIGD1A	5
Q9Y242	TCF19	11
Q9Y243	AKT3	28
Q9Y244	POMP	8
Q9Y247	FAM50B	17
Q9Y248	GINS2	10
Q9Y250	LZTS1	33
Q9Y251	HPSE	24
Q9Y252	RNF6	37
Q9Y253	POLH	30
Q9Y255	PRELID1	14
Q9Y256	RCE1	8
Q9Y257	KCNK6	9
Q9Y258	CCL26	4
Q9Y259	CHKB	22
Q9Y261	FOXA2	9
Q9Y262	EIF3L	29
Q9Y263	PLAA	45
Q9Y264	ANGPT4	28
Q9Y265	RUVBL1	20
Q9Y266	NUDC	21
Q9Y267	SLC22A14	19
Q9Y271	CYSLTR1	13
Q9Y272	RASD1	17
Q9Y274	ST3GAL6	19
Q9Y275	TNFSF13B	15
Q9Y276	BCS1L	24
Q9Y277	VDAC3	14
Q9Y278	HS3ST2	20
Q9Y279	VSIG4	17
Q9Y281	CFL2	11
Q9Y282	ERGIC3	12
Q9Y283	INVS	52
Q9Y284	WDR83OS	3
Q9Y285	FARSA	22
Q9Y286	SIGLEC7	15
Q9Y287	ITM2B	13
Q9Y289	SLC5A6	14
Q9Y294	ASF1A	7
Q9Y295	DRG1	23
Q9Y296	TRAPPC4	14
Q9Y297	BTRC	35
Q9Y2A7	NCKAP1	60
Q9Y2A9	B3GNT3	14
Q9Y2B0	CNPY2	11
Q9Y2B1	RXYLT1	18
Q9Y2B2	PIGL	11
Q9Y2B4	TP53TG5	16
Q9Y2B5	VPS9D1	29
Q9Y2C2	UST	24
Q9Y2C3	B3GALT5	21
Q9Y2C4	EXOG	17
Q9Y2C5	SLC17A4	10
Q9Y2C9	TLR6	33
Q9Y2D0	CA5B	14
Q9Y2D1	ATF5	6
Q9Y2D2	SLC35A3	11
Q9Y2D4	EXOC6B	47
Q9Y2D5	PALM2AKAP2	47
Q9Y2D8	SSX2IP	33
Q9Y2D9	ZNF652	31
Q9Y2E5	MAN2B2	38
Q9Y2E6	DTX4	31
Q9Y2E8	SLC9A8	17
Q9Y2F5	ICE1	107
Q9Y2F9	BTBD3	21
Q9Y2G0	EFR3B	42
Q9Y2G1	MYRF	41
Q9Y2G2	CARD8	21
Q9Y2G3	ATP11B	51
Q9Y2G5	POFUT2	23
Q9Y2G8	DNAJC16	42
Q9Y2G9	SBNO2	55
Q9Y2H0	DLGAP4	44
Q9Y2H1	STK38L	24
Q9Y2H2	INPP5F	61
Q9Y2H6	FNDC3A	49
Q9Y2H9	MAST1	71
Q9Y2I1	NISCH	57
Q9Y2I2	NTNG1	24
Q9Y2I6	NINL	69
Q9Y2I7	PIKFYVE	103
Q9Y2I8	WDR37	27
Q9Y2I9	TBC1D30	48
Q9Y2J0	RPH3A	35
Q9Y2J2	EPB41L3	51
Q9Y2J4	AMOTL2	35
Q9Y2J8	PADI2	28
Q9Y2K1	ZBTB1	38
Q9Y2K2	SIK3	49
Q9Y2K5	R3HDM2	25
Q9Y2K6	USP20	41
Q9Y2K7	KDM2A	59
Q9Y2K9	STXBP5L	49
Q9Y2L1	DIS3	47
Q9Y2L5	TRAPPC8	75
Q9Y2L9	LRCH1	33
Q9Y2M0	FAN1	48
Q9Y2M2	SSUH2	23
Q9Y2M5	KLHL20	36
Q9Y2N7	HIF3A	23
Q9Y2P0	ZNF835	32
Q9Y2P4	SLC27A6	32
Q9Y2P5	SLC27A5	28
Q9Y2P7	ZNF256	39
Q9Y2P8	RCL1	20
Q9Y2Q0	ATP8A1	54
Q9Y2Q3	GSTK1	14
Q9Y2Q5	LAMTOR2	6
Q9Y2R0	COA3	6
Q9Y2R2	PTPN22	35
Q9Y2R4	DDX52	28
Q9Y2S2	CRYL1	16
Q9Y2S7	POLDIP2	23
Q9Y2T1	AXIN2	36
Q9Y2T2	AP3M1	22
Q9Y2T3	GDA	28
Q9Y2T6	GPR55	12
Q9Y2T7	YBX2	17
Q9Y2U5	MAP3K2	28
Q9Y2U8	LEMD3	49
Q9Y2U9	KLHDC2	26
Q9Y2V0	CDIN1	13
Q9Y2V2	CARHSP1	7
Q9Y2V3	RAX	17
Q9Y2V7	COG6	32
Q9Y2W1	THRAP3	42
Q9Y2W2	WBP11	25
Q9Y2W3	SLC45A1	21
Q9Y2W6	TDRKH	24
Q9Y2W7	KCNIP3	12
Q9Y2X0	MED16	39
Q9Y2X3	NOP58	24
Q9Y2X7	GIT1	39
Q9Y2X8	UBE2D4	4
Q9Y2X9	ZNF281	28
Q9Y2Y0	ARL2BP	8
Q9Y2Y1	POLR3K	6
Q9Y2Y4	ZBTB32	24
Q9Y2Y6	TMEM98	9
Q9Y2Y8	PRG3	7
Q9Y2Y9	KLF13	13
Q9Y2Z0	SUGT1	21
Q9Y2Z2	MTO1	39
Q9Y2Z4	YARS2	26
Q9Y2Z9	COQ6	17
Q9Y303	AMDHD2	16
Q9Y305	ACOT9	25
Q9Y314	NOSIP	16
Q9Y315	DERA	20
Q9Y316	MEMO1	16
Q9Y320	TMX2	17
Q9Y324	FCF1	6
Q9Y328	NSG2	7
Q9Y333	LSM2	6
Q9Y336	SIGLEC9	14
Q9Y337	KLK5	10
Q9Y342	PLLP	5
Q9Y345	SLC6A5	26
Q9Y365	STARD10	12
Q9Y366	IFT52	17
Q9Y371	SH3GLB1	15
Q9Y375	NDUFAF1	17
Q9Y376	CAB39	23
Q9Y383	LUC7L2	18
Q9Y385	UBE2J1	15
Q9Y388	RBMX2	12
Q9Y394	DHRS7	17
Q9Y397	ZDHHC9	13
Q9Y399	MRPS2	19
Q9Y3A0	COQ4	14
Q9Y3A2	UTP11	11
Q9Y3A3	MOB4	11
Q9Y3A4	RRP7A	13
Q9Y3A5	SBDS	17
Q9Y3A6	TMED5	10
Q9Y3B2	EXOSC1	9
Q9Y3B3	TMED7	13
Q9Y3B4	SF3B6	8
Q9Y3B7	MRPL11	14
Q9Y3B8	REXO2	13
Q9Y3C0	WASHC3	9
Q9Y3C4	TPRKB	8
Q9Y3C5	RNF11	7
Q9Y3C6	PPIL1	8
Q9Y3C7	MED31	7
Q9Y3C8	UFC1	8
Q9Y3D0	CIAO2B	6
Q9Y3D2	MSRB2	9
Q9Y3D6	FIS1	7
Q9Y3D7	PAM16	7
Q9Y3D8	AK6	10
Q9Y3E0	GOLT1B	6
Q9Y3E2	BOLA1	8
Q9Y3E5	PTRH2	8
Q9Y3E7	CHMP3	9
Q9Y3F4	STRAP	21
Q9Y3I0	RTCB	25
Q9Y3I1	FBXO7	15
Q9Y3L3	SH3BP1	34
Q9Y3L5	RAP2C	12
Q9Y3M2	CBY1	6
Q9Y3M8	STARD13	52
Q9Y3M9	ZNF337	42
Q9Y3P8	SIT1	10
Q9Y3P9	RABGAP1	50
Q9Y3Q0	NAALAD2	39
Q9Y3Q3	TMED3	12
Q9Y3Q4	HCN4	47
Q9Y3Q7	ADAM18	36
Q9Y3Q8	TSC22D4	17
Q9Y3R0	GRIP1	54
Q9Y3R4	NEU2	17
Q9Y3R5	DOP1B	110
Q9Y3S1	WNK2	79
Q9Y3S2	ZNF330	16
Q9Y3T9	NOC2L	29
Q9Y3U8	RPL36	3
Q9Y3V2	RWDD3	14
Q9Y3Y2	CHTOP	9
Q9Y3Y4	PYGO1	12
Q9Y3Z3	SAMHD1	35
Q9Y421	FAM32A	5
Q9Y446	PKP3	44
Q9Y448	KNSTRN	18
Q9Y450	HBS1L	38
Q9Y458	TBX22	21
Q9Y462	ZNF711	31
Q9Y463	DYRK1B	27
Q9Y466	NR2E1	20
Q9Y467	SALL2	26
Q9Y468	L3MBTL1	31
Q9Y473	ZNF175	41
Q9Y478	PRKAB1	14
Q9Y483	MTF2	32
Q9Y484	WDR45	17
Q9Y487	ATP6V0A2	40
Q9Y490	TLN1	133
Q9Y493	ZAN	95
Q9Y496	KIF3A	36
Q9Y4A5	TRRAP	218
Q9Y4A8	NFE2L3	18
Q9Y4B4	RAD54L2	65
Q9Y4B5	MTCL1	110
Q9Y4B6	DCAF1	68
Q9Y4C0	NRXN3	71
Q9Y4C1	KDM3A	79
Q9Y4C2	TCAF1	38
Q9Y4C4	MFHAS1	49
Q9Y4C5	CHST2	25
Q9Y4C8	RBM19	49
Q9Y4D1	DAAM1	61
Q9Y4D2	DAGLA	44
Q9Y4D7	PLXND1	85
Q9Y4D8	HECTD4	176
Q9Y4E1	WASHC2C	61
Q9Y4E5	ZNF451	50
Q9Y4E8	USP15	52
Q9Y4F1	FARP1	51
Q9Y4F3	MARF1	85
Q9Y4F4	TOGARAM1	79
Q9Y4F9	RIPOR2	52
Q9Y4G2	PLEKHM1	45
Q9Y4G6	TLN2	133
Q9Y4G8	RAPGEF2	63
Q9Y4H2	IRS2	44
Q9Y4H4	GPSM3	7
Q9Y4I1	MYO5A	102
Q9Y4J8	DTNA	40
Q9Y4K0	LOXL2	32
Q9Y4K3	TRAF6	24
Q9Y4K4	MAP4K5	40
Q9Y4L1	HYOU1	55
Q9Y4L5	RNF115	12
Q9Y4P1	ATG4B	16
Q9Y4P3	TBL2	27
Q9Y4P8	WIPI2	19
Q9Y4P9	SPEF1	11
Q9Y4R7	TTLL3	44
Q9Y4R8	TELO2	46
Q9Y4U1	MMACHC	15
Q9Y4W2	LAS1L	37
Q9Y4W6	AFG3L2	46
Q9Y4X0	AMMECR1	14
Q9Y4X3	CCL27	4
Q9Y4X4	KLF12	15
Q9Y4X5	ARIH1	26
Q9Y4Y9	LSM5	3
Q9Y4Z0	LSM4	9
Q9Y4Z2	NEUROG3	7
Q9Y508	RNF114	12
Q9Y512	SAMM50	27
Q9Y520	PRRC2C	103
Q9Y530	OARD1	11
Q9Y535	POLR3H	10
Q9Y547	IFT25	5
Q9Y548	YIPF1	8
Q9Y561	LRP12	41
Q9Y566	SHANK1	78
Q9Y570	PPME1	17
Q9Y572	RIPK3	25
Q9Y574	ASB4	17
Q9Y575	ASB3	18
Q9Y576	ASB1	18
Q9Y577	TRIM17	25
Q9Y580	RBM7	15
Q9Y584	TIMM22	5
Q9Y586	MAB21L2	21
Q9Y587	AP4S1	7
Q9Y592	CEP83	31
Q9Y597	KCTD3	41
Q9Y5A6	ZSCAN21	28
Q9Y5A7	NUB1	27
Q9Y5A9	YTHDF2	17
Q9Y5B0	CTDP1	49
Q9Y5B8	NME7	20
Q9Y5B9	SUPT16H	56
Q9Y5C1	ANGPTL3	22
Q9Y5E1	PCDHB9	28
Q9Y5E3	PCDHB6	27
Q9Y5E9	PCDHB14	35
Q9Y5F1	PCDHB12	27
Q9Y5F2	PCDHB11	29
Q9Y5F7	PCDHGC4	37
Q9Y5G9	PCDHGA4	29
Q9Y5H5	PCDHA9	37
Q9Y5H8	PCDHA3	38
Q9Y5H9	PCDHA2	40
Q9Y5I2	PCDHA10	33
Q9Y5I3	PCDHA1	40
Q9Y5I7	CLDN16	9
Q9Y5J1	UTP18	27
Q9Y5J3	HEY1	12
Q9Y5J5	PHLDA3	9
Q9Y5J6	TIMM10B	8
Q9Y5J7	TIMM9	6
Q9Y5K1	SPO11	26
Q9Y5K2	KLK4	8
Q9Y5K3	PCYT1B	23
Q9Y5K5	UCHL5	18
Q9Y5K6	CD2AP	37
Q9Y5K8	ATP6V1D	13
Q9Y5L0	TNPO3	43
Q9Y5L2	HILPDA	4
Q9Y5L3	ENTPD2	18
Q9Y5L4	TIMM13	6
Q9Y5N1	HRH3	9
Q9Y5N5	HEMK2	7
Q9Y5N6	ORC6	14
Q9Y5P3	RAI2	16
Q9Y5P4	CERT1	35
Q9Y5P6	GMPPB	15
Q9Y5P8	PPP2R3B	27
Q9Y5Q0	FADS3	16
Q9Y5Q3	MAFB	8
Q9Y5Q5	CORIN	41
Q9Y5Q6	INSL5	8
Q9Y5Q8	GTF3C5	32
Q9Y5Q9	GTF3C3	43
Q9Y5R2	MMP24	29
Q9Y5R4	HEMK1	11
Q9Y5R5	DMRT2	23
Q9Y5R6	DMRT1	12
Q9Y5R8	TRAPPC1	10
Q9Y5S1	TRPV2	29
Q9Y5S2	CDC42BPB	79
Q9Y5S8	NOX1	27
Q9Y5S9	RBM8A	8
Q9Y5T4	DNAJC15	10
Q9Y5T5	USP16	42
Q9Y5U2	TSSC4	9
Q9Y5U4	INSIG2	9
Q9Y5U5	TNFRSF18	7
Q9Y5U8	MPC1	5
Q9Y5U9	IER3IP1	4
Q9Y5V3	MAGED1	26
Q9Y5W3	KLF2	11
Q9Y5W5	WIF1	17
Q9Y5W7	SNX14	43
Q9Y5W8	SNX13	49
Q9Y5W9	SNX11	13
Q9Y5X0	SNX10	10
Q9Y5X1	SNX9	23
Q9Y5X2	SNX8	23
Q9Y5X3	SNX5	22
Q9Y5X4	NR2E3	22
Q9Y5X5	NPFFR2	19
Q9Y5X9	LIPG	22
Q9Y5Y0	FLVCR1	15
Q9Y5Y2	NUBP2	12
Q9Y5Y4	PTGDR2	17
Q9Y5Y5	PEX16	16
Q9Y5Y6	ST14	32
Q9Y5Y7	LYVE1	13
Q9Y5Y9	SCN10A	83
Q9Y5Z0	BACE2	17
Q9Y5Z4	HEBP2	9
Q9Y5Z7	HCFC2	45
Q9Y5Z9	UBIAD1	10
Q9Y600	CSAD	25
Q9Y603	ETV7	16
Q9Y605	MRFAP1	4
Q9Y606	PUS1	29
Q9Y608	LRRFIP2	36
Q9Y613	FHOD1	59
Q9Y615	ACTL7A	22
Q9Y616	IRAK3	29
Q9Y617	PSAT1	20
Q9Y618	NCOR2	115
Q9Y619	SLC25A15	16
Q9Y620	RAD54B	47
Q9Y623	MYH4	103
Q9Y624	F11R	15
Q9Y625	GPC6	25
Q9Y639	NPTN	20
Q9Y646	CPQ	19
Q9Y653	ADGRG1	26
Q9Y657	SPIN1	14
Q9Y662	HS3ST3B1	20
Q9Y663	HS3ST3A1	20
Q9Y664	KPTN	14
Q9Y666	SLC12A7	43
Q9Y672	ALG6	19
Q9Y673	ALG5	14
Q9Y676	MRPS18B	13
Q9Y678	COPG1	49
Q9Y679	AUP1	19
Q9Y680	FKBP7	16
Q9Y691	KCNMB2	9
Q9Y692	GMEB1	20
Q9Y694	SLC22A7	25
Q9Y696	CLIC4	15
Q9Y697	NFS1	24
Q9Y698	CACNG2	12
Q9Y6A1	POMT1	30
Q9Y6A2	CYP46A1	26
Q9Y6A4	CFAP20	11
Q9Y6A5	TACC3	34
Q9Y6A9	SPCS1	2
Q9Y6B2	EID1	6
Q9Y6B6	SAR1B	10
Q9Y6B7	AP4B1	42
Q9Y6C2	EMILIN1	44
Q9Y6C5	PTCH2	40
Q9Y6C9	MTCH2	14
Q9Y6D0	SELENOK	6
Q9Y6D5	ARFGEF2	101
Q9Y6D6	ARFGEF1	94
Q9Y6D9	MAD1L1	45
Q9Y6E0	STK24	22
Q9Y6E2	BZW2	27
Q9Y6E7	SIRT4	16
Q9Y6F1	PARP3	25
Q9Y6F6	IRAG1	44
Q9Y6F8	CDY1	28
Q9Y6F9	WNT6	15
Q9Y6G1	TMEM14A	4
Q9Y6G5	COMMD10	10
Q9Y6G9	DYNC1LI1	28
Q9Y6H1	CHCHD2	4
Q9Y6H3	ATP23	13
Q9Y6H5	SNCAIP	40
Q9Y6H6	KCNE3	4
Q9Y6H8	GJA3	16
Q9Y6I3	EPN1	13
Q9Y6I4	USP3	25
Q9Y6I7	WSB1	20
Q9Y6I9	TEX264	14
Q9Y6J0	CABIN1	103
Q9Y6J6	KCNE2	6
Q9Y6J8	STYXL1	18
Q9Y6J9	TAF6L	28
Q9Y6K0	CEPT1	11
Q9Y6K1	DNMT3A	53
Q9Y6K5	OAS3	47
Q9Y6K8	AK5	26
Q9Y6K9	IKBKG	23
Q9Y6L6	SLCO1B1	32
Q9Y6L7	TLL2	53
Q9Y6M0	PRSS21	13
Q9Y6M1	IGF2BP2	27
Q9Y6M4	CSNK1G3	26
Q9Y6M5	SLC30A1	19
Q9Y6M7	SLC4A7	58
Q9Y6M9	NDUFB9	9
Q9Y6N1	COX11	14
Q9Y6N5	SQOR	29
Q9Y6N6	LAMC3	66
Q9Y6N7	ROBO1	66
Q9Y6N8	CDH10	34
Q9Y6N9	USH1C	33
Q9Y6P5	SESN1	26
Q9Y6Q1	CAPN6	32
Q9Y6Q2	STON1	39
Q9Y6Q5	AP1M2	25
Q9Y6Q6	TNFRSF11A	23
Q9Y6Q9	NCOA3	53
Q9Y6R0	NUMBL	22
Q9Y6R1	SLC4A4	40
Q9Y6R4	MAP3K4	86
Q9Y6R7	FCGBP	163
Q9Y6R9	CCDC61	27
Q9Y6T7	DGKB	35
Q9Y6U3	SCIN	39
Q9Y6V0	PCLO	215
Q9Y6V7	DDX49	27
Q9Y6W3	CAPN7	50
Q9Y6W5	WASF2	16
Q9Y6W6	DUSP10	19
Q9Y6W8	ICOS	8
Q9Y6X0	SETBP1	67
Q9Y6X1	SERP1	1
Q9Y6X2	PIAS3	25
Q9Y6X3	MAU2	26
Q9Y6X5	ENPP4	17
Q9Y6X6	MYO16	79
Q9Y6X8	ZHX2	45
Q9Y6X9	MORC2	51
Q9Y6Y0	IVNS1ABP	30
Q9Y6Y1	CAMTA1	47
Q9Y6Y8	SEC23IP	36
Q9Y6Y9	LY96	8
Q9Y6Z7	COLEC10	13
W5XKT8	SPACA6	17
A0A024RBG1	NUDT4B	8
A0A075B6J9	IGLV2-18	2
A0A075B6N1	TRBV19	7
A0A087WT01	TRAV27	3
A0A0K0K1A5	TRBV6-5	6
A0A1B0GTB2	TUNAR	2
A0A1B0GTQ4	MYMX	6
A0A1B0GV85	REELD1	22
A0A1B0GVQ0	SPAAR	4
A0A5B9	TRBC2	9
A0A7P0TBJ1	HAPSTR2	12
A0AVI2	FER1L5	102
A0M8Q6	IGLC7	7
A0PJW6	TMEM223	9
A0PJW8	DAPL1	7
A0PJX0	CIB4	6
A0PJZ3	GXYLT2	24
A1A5D9	BICDL2	25
A1L020	MEX3A	22
A1L188	NDUFAF8	4
A1YPR0	ZBTB7C	24
A2A2V5	SERTM1	1
A2A3K4	PTPDC1	41
A2AJT9	BCLAF3	36
A2RUS2	DENND3	62
A2VCK2	DCDC2B	22
A2VDF0	FUOM	7
A3KN83	SBNO1	64
A4D0T7	SMIM30	0
A4D1S5	RAB19	15
A4D2B8	PMS2P1	27
A4D2G3	OR2A25	7
A4FU01	MTMR11	33
A4FU69	EFCAB5	84
A4IF30	SLC35F4	18
A4QMS7	CFAP90	9
A5D6W6	FITM1	13
A6NC51	TMEM150B	4
A6NCE7	MAP1LC3B2	4
A6NCW0	USP17L3	25
A6ND48	OR14I1	6
A6NDA9	LRIT2	19
A6NDE4	RBMY1B	27
A6NDP7	MYADML2	8
A6NDU8	RIMOC1	17
A6NEQ0	RBMY1E	27
A6NF83	NUPR2	4
A6NFD8	HELT	8
A6NFK2	GRXCR2	12
A6NFN3	RBFOX3	10
A6NFR6	SPATA31J1	15
A6NGB9	WIPF3	22
A6NGC4	TLCD2	9
A6NGE7	URAD	11
A6NGY5	OR51F1	11
A6NH00	OR2T8	8
A6NHC0	CAPN8	35
A6NHL2	TUBAL3	24
A6NHQ4	EPOP	18
A6NI28	ARHGAP42	54
A6NI79	CCDC69	16
A6NJ46	NKX6-3	12
A6NJB7	PRR19	14
A6NKF1	SAC3D1	18
A6NL88	SHISA7	28
A6NLJ0	C2CD4B	22
A6NLW8	DUXA	12
A6NLX3	SPDYE4	13
A6NM10	AQP12B	9
A6NMB1	SIGLEC16	27
A6NMB9	FIGNL2	23
A6NMN3	FAM170B	11
A6NND4	OR2AT4	5
A6NNE9	MARCHF11	21
A6NNS2	DHRS7C	18
A6NNW6	ENO4	26
A6XGL0	YJEFN3	14
A6ZKI3	RTL8C	8
A7E2F4	GOLGA8A	30
A7MBM2	DISP2	56
A7XYQ1	SOBP	33
A8K855	EFCAB7	35
A8K979	ERI2	33
A8MPP1	DDX11L8	47
A8MTL3	RNF212B	15
A8MU46	SMTNL1	23
A8MUK1	USP17L5	25
A8MV81	HIGD1C	4
A8MWX3	WASH4P	19
A8MWY0	ELAPOR2	45
A8MXK1	VSTM5	8
A8MYP8	CIMAP1B	17
B2RC85	RSPH10B2	41
B2RPK0	HMGB1P1	8
B2RU33	POTEC	24
B2RXH8	HNRNPCL2	18
B3EWF7	EPM2A	18
B3EWG3	FAM25A	7
B4DJY2	TMEM233	4
B4DS77	SHISA9	17
B7Z8K6	TRDC	10
B8ZZ34	SHISA8	15
B9EJG8	TMEM150C	5
C0HLU2	ZNF689	3
C0HLV8	MLDHR	1
C0HM02	PRKCH	1
C0HM98	CTBP1-DT	11
E9PAV3	NACA	103
E9PRG8	RSMC	6
G9CGD6	CNK3/IPCEF1	41
H3BRN8	PIERCE2	7
I0J062	PANO1	10
O00295	TULP2	25
O00399	DCTN6	6
O00515	LAD1	30
O00534	VWA5A	37
O00570	SOX1	9
O00587	MFNG	19
O00624	SLC17A2	9
O00634	NTN3	29
O14545	TRAFD1	22
O14599	BPY2	8
O14602	EIF1AY	7
O14668	PRRG1	9
O14718	RRH	9
O14841	OPLAH	51
O15016	TRIM66	54
O15034	RIMBP2	36
O15037	KHNYN	39
O15063	GARRE1	47
O15069	NACAD	29
O15090	ZNF536	56
O15235	MRPS12	8
O15321	TM9SF1	22
O15335	CHAD	16
O15375	SLC16A5	12
O15403	SLC16A6	17
O43247	CIMIP4	17
O43301	HSPA12A	36
O43345	ZNF208	79
O43347	MSI1	13
O43365	HOXA3	8
O43414	ERI3	14
O43555	GNRH2	5
O43638	FOXS1	11
O43657	TSPAN6	12
O43677	NDUFC1	5
O43692	PI15	11
O43736	ITM2A	14
O43763	TLX2	6
O43812	DUX1	12
O43824	GTPBP6	27
O43908	KLRC4	8
O43934	MFSD11	6
O60224	SSX4	12
O60225	SSX5	12
O60234	GMFG	8
O60262	GNG7	4
O60279	SUSD5	28
O60299	LZTS3	29
O60330	PCDHGA12	29
O60347	TBC1D12	36
O60412	OR7C2	5
O60422	ONECUT3	14
O60522	TDRD6	111
O60542	PSPN	9
O60676	CST8	8
O60732	MAGEC1	15
O60765	ZNF354A	36
O60774	FMO6P	22
O60811	PRAMEF2	31
O71037	ERVK-19	26
O75064	DENND4B	54
O75123	ZNF623	35
O75153	CLUH	69
O75157	TSC22D2	11
O75325	LRRN2	33
O75335	PPFIA4	60
O75343	GUCY1B2	32
O75346	ZNF253	32
O75363	BCAS1	30
O75388	GPR32	11
O75394	MRPL33	3
O75437	ZNF254	37
O75459	PAGE1	5
O75493	CA11	11
O75526	RBMXL2	21
O75541	ZNF821	17
O75596	CLEC3A	13
O75635	SERPINB7	23
O75678	RFPL2	14
O75683	SURF6	15
O75690	KRTAP5-8	2
O75711	SCRG1	5
O75715	GPX5	12
O75764	TCEA3	18
O75820	ZNF189	43
O75830	SERPINI2	19
O75901	RASSF9	20
O75953	DNAJB5	17
O75954	TSPAN9	9
O75973	C1QL1	13
O75995	SASH3	12
O76001	OR2J3	4
O76002	OR2J2	5
O76009	KRT33A	28
O76038	SCGN	16
O76080	ZFAND5	11
O76099	OR7C1	5
O94772	LY6H	6
O94854	MACF1	159
O94903	PLPBP	14
O94952	FBXO21	23
O94967	WDR47	40
O94988	FAM13A	49
O95007	OR6B1	8
O95025	SEMA3D	42
O95076	ALX3	11
O95081	AGFG2	13
O95084	PRSS23	19
O95096	NKX2-2	15
O95164	UBL3	8
O95168	NDUFB4	6
O95178	NDUFB2	4
O95190	OAZ2	7
O95199	RCBTB2	17
O95336	PGLS	13
O95371	OR2C1	4
O95411	MYO18A	7
O95478	NSA2	12
O95620	DUS4L	18
O95625	ZBTB11	42
O95661	DIRAS3	13
O95665	NTSR2	12
O95685	PPP1R3D	19
O95755	RAB36	17
O95757	HSPA4L	52
O95759	TBC1D8	54
O95780	ZNF682	27
O95800	GPR75	15
O95838	GLP2R	18
O95841	ANGPTL1	24
O95918	OR2H2	8
O95976	IGSF6	10
P01566	IFNA10	8
P01567	IFNA7	8
P01569	IFNA5	10
P01571	IFNA17	8
P01599	IGKV1-17	4
P01601	IGKV1D-16	4
P01611	IGKV1D-12	4
P01614	IGKV2D-40	3
P01624	IGKV3-15	3
P01703	IGLV1-40	2
P01714	IGLV3-19	4
P01715	IGLV3-1	2
P01717	IGLV3-25	3
P01718	IGLV3-27	3
P01733	TRBV12-3	8
P01743	IGHV1-46	6
P01762	IGHV3-11	6
P01763	IGHV3-48	4
P01766	IGHV3-13	4
P01767	IGHV3-53	6
P01780	IGHV3-7	5
P01782	IGHV3-9	6
P01817	IGHV2-5	3
P01824	IGHV4-39	4
P01825	IGHV4-59	4
P04211	IGLV7-43	4
P04430	IGKV1-16	4
P04432	IGKV1D-39	4
P04433	IGKV3-11	4
P04435	TRBV7-9	7
P04437	TRAV29DV5	7
P04808	RLN1	10
P05013	IFNA6	9
P05015	IFNA16	10
P06310	IGKV2-30	4
P06315	IGKV5-2	2
P06331	IGHV4-34	4
P07311	ACYP1	8
P07316	CRYGB	9
P08048	ZFY	26
P09001	MRPL3	16
P09093	CELA3A	13
P09105	HBQ1	9
P09630	HOXC6	12
P0C1H6	H2BW2	7
P0C626	OR5G3	7
P0C645	OR4E1	9
P0C7H8	KRTAP2-3	3
P0C7M3	SFTA3	5
P0C7M4	RHOXF2B	8
P0C7M7	ACSM4	29
P0C7P1	RBMY1D	27
P0C7Q5	SLC35G4	5
P0C7U3	ZDHHC11B	19
P0C862	C1QTNF9	18
P0C8F1	PATE4	5
P0CE72	OCM	8
P0CF74	IGLC6	6
P0CG13	CHTF8	6
P0CG21	NHLRC4	2
P0CG29	GSTT2	11
P0CG38	POTEI	54
P0CG39	POTEJ	52
P0CI25	TRIM49	18
P0CW23	AKAIN1	3
P0DJ07	PET100	3
P0DJD4	RBMY1C	27
P0DJI9	SAA2	7
P0DKB6	MPC1L	6
P0DMP2	SRGAP2B	22
P0DN77	OPN1MW2	12
P0DN78	OPN1MW3	12
P0DN87	CGB7	10
P0DOX3		23
P0DOX4		24
P0DOX6		29
P0DOY2	IGLC2	7
P0DPI2	GATD3	14
P0DUQ2	PRAMEF9	27
P0DW28	RBM10	7
P0DY56	IFNA1	12
P10072	ZNF875	40
P10266	ERVK-10	49
P10915	HAPLN1	22
P12872	MLN	5
P15088	CPA3	23
P15621	ZNF44	35
P17019	ZNF708	31
P17022	ZNF18	24
P17025	ZNF182	40
P17026	ZNF22	12
P17029	ZKSCAN1	26
P17031	ZNF26	32
P17032	ZNF37A	29
P17035	ZNF28	46
P17038	ZNF43	39
P17039	ZNF30	39
P17097	ZNF7	37
P17098	ZNF8	37
P17481	HOXB8	7
P17538	CTRB1	9
P19876	CXCL3	7
P19961	AMY2B	24
P21506	ZNF10	29
P22090	RPS4Y1	14
P22531	SPRR2E	6
P22532	SPRR2D	6
P22676	CALB2	19
P29762	CRABP1	10
P30408	TM4SF1	2
P30953	OR1E1	6
P30954	OR10J1	9
P31267	HOXA6	10
P31277	HOXD11	10
P32314	FOXN2	16
P34820	BMP8B	17
P35325	SPRR2B	6
P36915	GNL1	31
P40313	CTRL	9
P43116	PTGER2	9
P43363	MAGEA10	10
P47874	OMP	9
P47883	OR3A4P	5
P47887	OR1E2	6
P47888	OR3A3	8
P47890	OR1G1	2
P47893	OR3A2	9
P47972	NPTX2	20
P48060	GLIPR1	10
P48304	REG1B	4
P49406	MRPL19	20
P49441	INPP1	15
P49640	EVX1	12
P49750	YLPM1	77
P51397	DAP	6
P51504	ZNF80	14
P51508	ZNF81	33
P51522	ZNF83	28
P51689	ARSD	28
P51815	ZNF75D	30
P51911	CNN1	14
P52737	ZNF136	32
P52741	ZNF134	25
P52746	ZNF142	66
P52951	GBX2	12
P54107	CRISP1	8
P54792	DVL1P1	28
P54793	ARSF	28
P55082	MFAP3	17
P55103	INHBC	13
P55808	XG	4
P56179	DLX6	8
P56277	CMC4	6
P56278	MTCP1	5
P57058	HUNK	30
P57077	MAP3K7CL	6
P57730	CARD18	4
P57773	GJA9	21
P57775	FBXW4	14
P58062	SPINK7	3
P58166	INHBE	17
P58173	OR2B6	4
P58182	OR12D2	6
P58294	PROK1	5
P58317	ZNF121	19
P58549	FXYD7	3
P58557	YBEY	5
P58658	EVA1C	26
P58872	RHBDL3	11
P59025	RTP1	12
P59045	NLRP11	42
P59074	CHMP4BP1	6
P59282	TPPP2	10
P59533	TAS2R38	8
P59534	TAS2R39	6
P59535	TAS2R40	14
P59537	TAS2R43	9
P59538	TAS2R31	10
P59540	TAS2R46	9
P59543	TAS2R20	11
P59646	FXYD4	5
P59796	GPX6	10
P59797	SELENOV	12
P59826	BPIFB3	19
P59827	BPIFB4	21
P60153	RNASE9	8
P60331	KRTAP10-1	0
P60369	KRTAP10-3	2
P60413	KRTAP10-12	4
P60509	ERVPABLB-1	23
P60608	ERVFC1-1	23
P60827	C1QTNF8	11
P60893	GPR85	15
P60983	GMFB	8
P61366	OSTN	7
P61550	ERVS71-1	16
P61565	ERVK-21	27
P61566	ERVK-24	22
P61567	ERVK-7	24
P62684	HERVK_113	26
P63123	ERVK-18	5
P63126	ERVK-9	27
P63130	ERVK-7	28
P63132	HERVK_113	47
P63133	ERVK-8	47
P63135	ERVK-7	65
P63136	ERVK-25	48
P63145	ERVK-24	27
P63313	TMSB10	2
P69208		1
P78414	IRX1	18
P80748	IGLV3-21	4
P81133	SIM1	35
P81277	PRLH	5
P81877	SSBP2	10
P82663	MRPS25	9
P82673	MRPS35	15
P82675	MRPS5	25
P82912	MRPS11	8
P82914	MRPS15	15
P82921	MRPS21	5
P82933	MRPS9	24
P82970	HMGN5	12
P82980	RBP5	8
P83859	QRFP	7
P84101	SERF2	2
P86791	CCZ1	31
P87889	ERVK-10	26
P98169	ZXDB	27
Q00888	PSG4	22
Q01995	TAGLN	16
Q02045	MYL5	10
Q02338	BDH1	19
Q02386	ZNF45	44
Q02509	OC90	21
Q03169	TNFAIP2	36
Q03701	CEBPZ	48
Q03828	EVX2	13
Q03936	ZNF92	29
Q05DH4	FHIP1A	42
Q06203	PPAT	23
Q06732	ZNF33B	47
Q07507	DPT	7
Q08648	SPAG11B	5
Q08ER8	ZNF543	27
Q0D2J5	ZNF763	21
Q0P6D6	CCDC15	53
Q0VDG4	SCRN3	18
Q0VFZ6	CFAP210	29
Q0ZLH3	PJVK	21
Q12796	PNRC1	16
Q12872	SFSWAP	34
Q12901	ZNF155	27
Q12950	FOXD4	18
Q12988	HSPB3	8
Q12999	TSPAN31	8
Q13103	SPP2	10
Q13106	ZNF154	27
Q13203	MYBPH	20
Q13304	GPR17	14
Q13398	ZNF211	34
Q13401	PMS2P3	9
Q13434	MKRN4P	21
Q13442	PDAP1	7
Q13474	DRP2	42
Q13506	NAB1	26
Q13606	OR5I1	6
Q13607	OR2F1	8
Q13938	CAPS	13
Q13956	PDE6H	1
Q14093	CYLC2	13
Q14094	CCNI	21
Q14201	BTG3	11
Q14206	RCAN2	8
Q14324	MYBPC2	60
Q14330	GPR18	11
Q14409	GK3	27
Q14439	GPR176	15
Q14576	ELAVL3	17
Q14582	MXD4	9
Q14590	ZNF235	44
Q14593	ZNF273	31
Q14641	INSL4	8
Q14681	KCTD2	13
Q14929	ZNF169	35
Q14952	KIR2DS3	14
Q14C87	TMEM132D	51
Q14CX5	SLC68A1	12
Q15035	TRAM2	16
Q15048	LRRC14	26
Q15198	PDGFRL	16
Q15238	PSG5	19
Q15361	TTF1	41
Q15390	MTFR1	14
Q15391	P2RY14	12
Q15404	RSU1	13
Q15612	OR1Q1	7
Q15651	HMGN3	4
Q15695	ZRSR2P1	18
Q15760	GPR19	11
Q15773	MLF2	10
Q15847	ADIRF	3
Q15935	ZNF77	35
Q15937	ZNF79	31
Q16378	PRR4	3
Q16527	CSRP2	11
Q16538	GPR162	26
Q17RB0	RTL8B	8
Q17RF5	ODAPH	4
Q17RH7	TPRXL	6
Q17RN3	FAM98C	20
Q17RR3	PNLIPRP3	26
Q17RY6	LY6K	10
Q1L6U9	MSMP	6
Q1ZZU3	SWI5	10
Q24JQ0	SLC35D4	8
Q2KHR3	QSER1	61
Q2KJY2	KIF26B	90
Q2L4Q9	PRSS53	12
Q2M2H8	MGAM2	74
Q2M2I3	SACK1E	26
Q2M3D2	EXOC3L2	41
Q2M3G4	SHROOM1	31
Q2M3X9	ZNF674	31
Q2MJR0	SPRED3	14
Q2NKX9	C2orf68	7
Q2NL68	PROSER3	11
Q2NL82	TSR1	33
Q2NL98	VMAC	10
Q2PZI1	DPY19L1	27
Q2QL34	MPV17L	10
Q2T9K0	TMEM44	22
Q2T9L4	INSYN1	9
Q2TAC6	KIF19	55
Q2TAP0	GOLGA7B	11
Q2TBC4	PRICKLE4	16
Q2VIR3	EIF2S3B	22
Q2VWP7	PRTG	49
Q2VYF4	LETM2	27
Q30KP8	DEFB136	5
Q30KQ9	DEFB110	5
Q32M78	ZNF699	36
Q32MH5	ATOSA	48
Q32ZL2	PLPPR5	8
Q3B8N2	LGALS9B	15
Q3B8N5	PROX2	30
Q3BBV0	NBPF1	54
Q3KPI0	CEACAM21	12
Q3KQU3	MAP7D1	31
Q3KQZ1	SLC25A35	20
Q3LI77	KRTAP13-4	7
Q3MIN7	RGL3	30
Q3MJ13	WDR72	59
Q3SXZ7	TTLL9	21
Q3SY17	SLC25A52	17
Q3SY52	ZIK1	25
Q3ZCN5	OTOGL	103
Q3ZCQ3	FAM174B	7
Q3ZCT1	ZNF260	23
Q3ZCX4	ZNF568	41
Q494W8	CHRFAM7A	13
Q495N2	SLC36A3	10
Q495X7	TRIM60	29
Q496Y0	LONRF3	44
Q49AH0	CDNF	9
Q49SQ1	GPR33	10
Q4G0A6	MINDY4	41
Q4G0F5	VPS26B	18
Q4G0T1	SCART1	47
Q4G112	HSF5	13
Q4G148	GXYLT1	18
Q4G1C9	GLIPR1L2	16
Q4L235	AASDH	48
Q4LEZ3	AARD	11
Q4U2R6	MRPL51	6
Q4V339	ZNG1F	17
Q4VNC0	ATP13A5	52
Q4VX76	SYTL3	36
Q4ZIN3	TMEM259	20
Q504Y3	ZCWPW2	16
Q50KZ9	TAS2R2	10
Q52LR7	EPC2	43
Q52MB2	CCDC184	9
Q52WX2	SBK1	16
Q53G44	IFI44L	21
Q53GA4	PHLDA2	6
Q53GI3	ZNF394	33
Q53H54	TYW2	25
Q53QW1	TEX44	12
Q53RD9	FBLN7	25
Q53T59	HS1BP3	14
Q562R1	ACTBL2	21
Q567V2	MPV17L2	9
Q587J7	TDRD12	58
Q58FF8	HSP90AB2P	22
Q58G82	SYT14P1	8
Q5BIV9	SPRN	7
Q5BKT4	ALG10	18
Q5DT21	SPINK9	5
Q5FWE3	PRRT3	32
Q5FWF6	ZNF789	26
Q5FYB0	ARSJ	22
Q5GAN6	RNASE10	8
Q5GJ75	TNFAIP8L3	16
Q5H9L4	TAF7L	19
Q5H9T9	FSCB	22
Q5H9U9	DDX60L	91
Q5HY92	FIGN	29
Q5HYI7	MTX3	17
Q5HYJ1	TECRL	12
Q5HYL7	TMEM196	5
Q5HYM0	ZC3H12B	43
Q5I0X4	PEX39	3
Q5J5C9	DEFB121	4
Q5JQC4	CT47A1	9
Q5JR12	PPM1J	25
Q5JRM2	CXorf66	15
Q5JT82	KLF17	9
Q5JU00	DRC5	16
Q5JU69	TOR2A	14
Q5JUW0	KRABD4	8
Q5JUX0	SPIN3	15
Q5JWR5	DOP1A	95
Q5JXA9	SIRPB2	16
Q5M9Q1	NKAPL	16
Q5MAI5	CDKL4	13
Q5MJ09	SPANXN3	8
Q5MJ68	SPDYC	15
Q5QGS0	NEXMIF	65
Q5QJ74	TBCEL	22
Q5RIA9	ZNG1E	17
Q5SRI9	MANEA	16
Q5SRN2	TSBP1	36
Q5SZJ8	BEND6	9
Q5T013	HYI	16
Q5T0D9	TPRG1L	11
Q5T0L3	SPATA46	12
Q5T1N1	AKNAD1	41
Q5T1Q4	SLC35F1	9
Q5T215	TRAPPC3L	12
Q5T2E6	ARMH3	29
Q5T2L2	AKR1C8	20
Q5T653	MRPL2	14
Q5T6J7	IDNK	10
Q5T6L9	ERMARD	37
Q5T7N2	L1TD1	47
Q5T871	LELP1	3
Q5T9C9	PIP5KL1	21
Q5TAH2	SLC9C2	47
Q5TBC7	BCL2L15	8
Q5TC12	ATPAF1	14
Q5TC79	ZBTB37	25
Q5TDP6	LGSN	20
Q5TEA6	SEL1L2	37
Q5TEC3	ZNF697	26
Q5TF39	SLC60A2	12
Q5TFQ8	SIRPB1	22
Q5TH74	STPG1	17
Q5TYM5	FAM72A	3
Q5TYW1	ZNF658	64
Q5U5R9	HECTD2	37
Q5U623	ATF7IP2	36
Q5VT97	SYDE2	68
Q5VTE0	EEF1A1P5	19
Q5VTH2	CFAP126	7
Q5VTH9	DNAI4	47
Q5VTQ0	TTC39B	30
Q5VU65	NUP210L	94
Q5VUJ9	DRC8	14
Q5VUM1	SDHAF4	5
Q5VV17	OTUD1	14
Q5VVH5	IRAK1BP1	16
Q5VVW2	GARNL3	41
Q5VWW1	C1QL3	14
Q5VXH4	PRAMEF6	28
Q5VXJ0	LIPK	11
Q5VXT5	SYPL2	7
Q5VXU1	NKAIN2	6
Q5VYS4	MEDAG	16
Q5VYY2	LIPM	17
Q5VZ52	MORN5	9
Q5VZB9	DMRTA1	24
Q5VZP5	STYXL2	48
Q5W0U4	BSPRY	20
Q5XG92	CES4A	27
Q5XX13	FBXW10	62
Q63HK3	ZKSCAN2	49
Q63HM1	AFMID	16
Q641Q3	METRNL	13
Q658Y4	FAM91A1	38
Q66K14	TBC1D9B	55
Q66K41	ZNF385C	15
Q66K66	TMEM198	12
Q66LE6	PPP2R2D	18
Q68BL7	OLFML2A	29
Q68BL8	OLFML2B	29
Q68CQ7	GLT8D1	20
Q68D51	DENND2C	50
Q68DH5	LMBRD2	23
Q68DN1	SPATA31H1	109
Q68DU8	KCTD16	23
Q68DY1	ZNF626	31
Q69YU5	UQCC6	5
Q6A1A2	PDPK2P	19
Q6A555	TXNDC8	6
Q6AZW8	ZNF660	18
Q6B0K9	HBM	7
Q6DHY5	TBC1D3G	26
Q6DWJ6	GPR139	9
Q6ECI4	ZNF470	47
Q6GMV3	PTRHD1	8
Q6H9L7	ISM2	25
Q6IAN0	DHRS7B	16
Q6IEE7	TMEM132E	41
Q6IMI4	SULT6B1	18
Q6IPR1	ETFRF1	4
Q6IPR3	TYW3	15
Q6IPT4	CYB5RL	15
Q6IQ32	ADNP2	38
Q6ISS4	LAIR2	5
Q6IV72	ZNF425	38
Q6J272	CIMIP2A	18
Q6JEL2	KLHL10	37
Q6MZT1	RGS7BP	12
Q6MZW2	FSTL4	49
Q6N063	OGFOD2	15
Q6NSX1	CCDC70	12
Q6NSZ9	ZSCAN25	28
Q6NT32	CES5A	26
Q6NUJ1	PSAPL1	30
Q6NUK4	REEP3	12
Q6NUM6	TYW1B	30
Q6NUM9	RETSAT	30
Q6NUQ4	TMEM214	35
Q6NVV7	CDPF1	6
Q6NXE6	ARMC6	22
Q6NXR4	TTI2	22
Q6NY19	KANK3	33
Q6P1K8	GTF2H2C	21
Q6P1L8	MRPL14	8
Q6P2I3	FAHD2B	13
Q6P3R8	NEK5	35
Q6P444	MTFR2	20
Q6P461	ACSM6	22
Q6P499	NIPAL3	10
Q6P4A7	SFXN4	16
Q6P4D5	PABIR3	10
Q6P4E1	GOLM2	25
Q6P582	MZT2A	9
Q6P5S2	LEG1	12
Q6P656	CFAP161	18
Q6P7N7	TMEM81	14
Q6P996	PDXDC1	38
Q6P9G4	TMEM154	8
Q6P9H5	GIMAP6	12
Q6PB30	CSAG1	3
Q6PEY0	GJB7	13
Q6PEZ8	PODNL1	23
Q6PF04	ZNF613	32
Q6PI73	LILRA6	17
Q6PII3	CCDC174	20
Q6PIS1	SLC23A3	11
Q6PJQ5	FOXR2	15
Q6PK18	OGFOD3	16
Q6PKH6	DHRS4L2	12
Q6Q8B3	CD200R1L	14
Q6QEF8	CORO6	17
Q6R2W3	SCAND3	66
Q6RSH7	VHLL	6
Q6SJ96	TBPL2	13
Q6T310	RASL11A	8
Q6T4P5	PLPPR3	27
Q6TDP4	KLHL17	29
Q6UW32	IGFL1	6
Q6UWD8	C16orf54	8
Q6UWH4	GASK1B	27
Q6UWL2	SUSD1	30
Q6UWM5	GLIPR1L1	10
Q6UWM7	LCTL	30
Q6UWM9	UGT2A3	24
Q6UWQ7	IGFL2	5
Q6UWT2	ENHO	2
Q6UWT4	C5orf46	4
Q6UWV2	MPZL3	9
Q6UWW9	TMEM207	0
Q6UX07	DHRS13	18
Q6UX73	C16orf89	21
Q6UXA7	C6orf15	9
Q6UXC1	MAMDC4	34
Q6UXE8	BTNL3	19
Q6UXH9	PAMR1	33
Q6UXI7	VIT	34
Q6UXK5	LRRN1	29
Q6UXN2	TREML4	6
Q6UXT9	ABHD15	23
Q6UXU4	GSG1L	10
Q6UXX5	ITIH6	51
Q6UY11	DLK2	12
Q6VUC0	TFAP2E	17
Q6WBX8	RAD9B	18
Q6X784	ZPBP2	17
Q6XPR3	RPTN	52
Q6XYB7	LBX2	8
Q6YFQ2	COX6B2	7
Q6YI46	TMEM64	11
Q6ZMD2	SPNS3	13
Q6ZMR3	LDHAL6A	17
Q6ZMV9	KIF6	43
Q6ZN11	ZNF793	20
Q6ZN28	MACC1	37
Q6ZN54	DEF8	25
Q6ZNB6	NFXL1	48
Q6ZNW5	GDPGP1	18
Q6ZP65	BICDL1	29
Q6ZRH7	CATSPERG	43
Q6ZRI8	ARHGAP36	24
Q6ZS27	ZNF662	22
Q6ZS72	PEAK3	20
Q6ZS81	WDFY4	138
Q6ZSG2	INSYN2A	23
Q6ZSZ6	TSHZ1	48
Q6ZTI6	RFLNA	10
Q6ZTR7	CIBAR2	17
Q6ZU65	UBN2	57
Q6ZUB1	SPATA31E1	65
Q6ZUT9	DENND5B	58
Q6ZUX7	LHFPL2	5
Q6ZVH7	ESPNL	46
Q6ZVX7	NCCRP1	11
Q6ZVX9	PAQR9	12
Q6ZW05	PTCHD4	30
Q6ZWJ8	KCP	51
Q6ZWK6	TMPRSS11F	19
Q701N2	KRTAP5-5	7
Q70IA8	MOB3C	10
Q717R9	CYS1	6
Q71RH2	TLCD3B	11
Q76B58	BRINP3	30
Q76KP1	B4GALNT4	47
Q76M96	CCDC80	45
Q7L0R7	RNF44	11
Q7L3S4	ZNF771	19
Q7L3T8	PARS2	24
Q7L8C5	SYT13	19
Q7L8W6	DPH6	13
Q7L9B9	EEPD1	32
Q7LDI9	ERVK-6	26
Q7M4L6	SHF	18
Q7RTR8	TAS2R42	12
Q7RTS1	BHLHA15	9
Q7RTU5	ASCL5	7
Q7RTU9	STRC	58
Q7RTV2	GSTA5	13
Q7RTV3	ZNF367	11
Q7RTY5	PRSS48	13
Q7RTY7	OVCH1	61
Q7RTY9	PRSS41	16
Q7RTZ2	USP17L1	25
Q7Z2K8	GPRIN1	78
Q7Z2W9	MRPL21	12
Q7Z340	ZNF551	42
Q7Z398	ZNF550	23
Q7Z3T1	OR2W3	6
Q7Z3Z3	PIWIL3	48
Q7Z402	TMC7	28
Q7Z404	TMC4	26
Q7Z444	ERAS	7
Q7Z4H3	HDDC2	11
Q7Z4J2	GLT6D1	14
Q7Z4M0	REC114	10
Q7Z4P5	GDF7	22
Q7Z553	MDGA2	47
Q7Z5H4	VN1R5	6
Q7Z5H5	VN1R4	9
Q7Z5M5	TMC3	50
Q7Z5M8	ABHD12B	21
Q7Z601	GPR142	19
Q7Z692	CEACAM19	8
Q7Z6K3	PTAR1	24
Q7Z6Z6	PNPLA5	19
Q7Z745	MROH2B	90
Q7Z7B7	DEFB132	5
Q7Z7F7	MRPL55	8
Q7Z7J5	DPPA2	15
Q7Z7J7	LHFPL4	7
Q7Z7K0	CMC1	4
Q7Z7L9	ZSCAN2	32
Q7Z7M1	ADGRD2	29
Q86SG5	S100A7A	7
Q86SG7	LYG2	14
Q86SH2	ZAR1	24
Q86SP6	GPR149	24
Q86TD4	SRL	23
Q86TJ5	ZNF554	31
Q86TM3	DDX53	39
Q86TN4	TRPT1	15
Q86U38	NOP9	29
Q86UA1	PRPF39	32
Q86UB9	TMEM135	26
Q86UE3	ZNF546	53
Q86UP6	CUZD1	22
Q86UP8	GTF2IRD2	46
Q86UU1	PHLDB1	66
Q86UW8	HAPLN4	23
Q86UY8	NT5DC3	28
Q86UZ6	ZBTB46	29
Q86V21	AACS	30
Q86VD1	MORC1	52
Q86VH4	LRRTM4	25
Q86VI1	EXOC3L1	26
Q86VR7	VSIG10L	41
Q86VZ4	LRP11	24
Q86W28	NLRP8	50
Q86W33	TPRA1	10
Q86W34	AMZ2	18
Q86W67	FAM228A	10
Q86WC6	PPP1R27	8
Q86WI0	LHFPL1	4
Q86WK7	AMIGO3	21
Q86WK9	PAQR7	8
Q86WN2	IFNE	14
Q86WS3	OOSP2	8
Q86WS4	REDIC1	31
Q86WW8	COA5	4
Q86X10	RALGAPB	66
Q86X19	TMEM17	8
Q86X27	RALGPS2	33
Q86XD5	FAM131B	13
Q86XH1	DRC11	44
Q86XI6	PPP1R3B	15
Q86XN7	PROSER1	14
Q86XP6	GKN2	8
Q86XR2	NIBAN3	35
Q86XR5	PRIMA1	4
Q86XT9	TMEM219	9
Q86XW9	NME9	19
Q86Y22	COL23A1	27
Q86Y79	PTRH1	11
Q86YE8	ZNF573	36
Q86YH2	ZNF280B	22
Q86YJ6	THNSL2	28
Q86YL5	TDRP	9
Q86YQ8	CPNE8	29
Q86YV6	MYLK4	19
Q8IUC0	KRTAP13-1	7
Q8IUE0	TGIF2LY	13
Q8IUE1	TGIF2LX	14
Q8IUK8	CBLN2	11
Q8IUR0	TRAPPC5	11
Q8IV01	SYT12	23
Q8IV13	CCNJL	16
Q8IVV2	LOXHD1	104
Q8IVW1	ARL17A	10
Q8IW03	SIAH3	5
Q8IW36	ZNF695	27
Q8IW93	ARHGEF19	41
Q8IWB9	TEX2	54
Q8IWF6	DENND6A	29
Q8IWP9	CCDC28A	16
Q8IWR0	ZC3H7A	49
Q8IWY8	ZSCAN29	40
Q8IX06	REXO1L1P	34
Q8IX18	DHX40	39
Q8IX29	FBXO16	19
Q8IXS8	HYCC2	23
Q8IXT1	DDIAS	49
Q8IXY8	PPIL6	17
Q8IXZ3	SP8	11
Q8IY42	PGCKA1	8
Q8IY67	RAVER1	20
Q8IYD9	LAS2	20
Q8IYJ1	CPNE9	28
Q8IYK8	REM2	18
Q8IYL2	TRMT44	34
Q8IYN2	TCEAL8	6
Q8IYS0	GRAMD1C	37
Q8IYS4	DNAAF8	25
Q8IYT1	GARIN4	22
Q8IYU4	UBQLNL	20
Q8IYW2	CFAP46	130
Q8IYX0	ZNF679	24
Q8IZ26	ZNF34	32
Q8IZ57	NRSN1	11
Q8IZ83	ALDH16A1	23
Q8IZA3	H1-8	19
Q8IZJ0	IFNL2	10
Q8IZJ4	RGL4	17
Q8IZM9	SLC38A6	17
Q8IZS5	OFCC1	11
Q8IZS6	DYNLT2	10
Q8IZS7	CLECL1	9
Q8IZT9	FAM9C	9
Q8IZU8	DSEL	48
Q8IZV2	CMTM8	2
Q8N0T1	RBIS	8
Q8N0U2	TMEM61	6
Q8N0Y7	PGAM4	13
Q8N109	KIR2DL5A	15
Q8N111	CEND1	7
Q8N112	LSMEM2	5
Q8N118	CYP4X1	26
Q8N143	BCL6B	24
Q8N1A0	KRT222	17
Q8N1D0	SLC67A1-AS	10
Q8N1G4	LRRC47	27
Q8N1S5	SLC39A11	10
Q8N1T3	MYO1H	52
Q8N292	GAPT	2
Q8N2G8	GHDC	24
Q8N2H3	PYROXD2	26
Q8N323	NXPE1	25
Q8N365	CIART	16
Q8N393	ZNF786	30
Q8N3J9	ZNF664	16
Q8N3X1	FNBP4	28
Q8N3X6	LCORL	27
Q8N436	CPXM2	38
Q8N442	GUF1	35
Q8N461	FBXL16	20
Q8N475	FSTL5	46
Q8N4G2	ARL14	10
Q8N4P2	IFT70B	40
Q8N4Q0	PTGR3	19
Q8N4T4	ARHGEF39	19
Q8N4Z0	RAB42	12
Q8N531	FBXL6	24
Q8N5C7	DTWD1	15
Q8N5H3	FAM89B	7
Q8N5I3	KCNRG	15
Q8N5I9	NOPCHAP1	12
Q8N5L8	RPP25L	9
Q8N5M4	TTC9C	5
Q8N5R6	CCDC33	48
Q8N5S1	SLC25A41	16
Q8N628	OR2C3	4
Q8N690	DEFB119	5
Q8N6D5	ANKRD29	17
Q8N6Q1	TMCO5A	16
Q8N6S5	ARL6IP6	7
Q8N6V9	TEX9	21
Q8N6Y1	PCDH20	32
Q8N729	NPW	11
Q8N7A1	KLHDC1	25
Q8N7B1	HORMAD2	19
Q8N7B9	EFCAB3	26
Q8N7K0	ZNF433	40
Q8N7M2	ZNF283	36
Q8N7P1	PLD5	28
Q8N7R0	NANOGP1	6
Q8N7R7	CCNYL1	17
Q8N806	UBR7	22
Q8N819	PPM1N	23
Q8N823	ZNF611	46
Q8N831	TSPYL6	19
Q8N859	ZNF713	25
Q8N883	ZNF614	35
Q8N8A2	ANKRD44	47
Q8N8A6	DDX51	33
Q8N8D1	PDCD7	17
Q8N8F6	YIPF7	0
Q8N8G2	VGLL2	10
Q8N8J6	ZNF615	42
Q8N8K9	KIAA1958	27
Q8N8L2	ZNF491	26
Q8N8Q1	CYB561D1	3
Q8N8Q9	NIPA2	11
Q8N8R7	ARL14EP	13
Q8N8U2	CDYL2	19
Q8N8Y5	ZFP41	12
Q8N8Z8	ZNF441	40
Q8N954	GPATCH11	15
Q8N988	ZNF557	25
Q8N9H8	EXD3	43
Q8N9L1	ZIC4	10
Q8N9S9	SNX31	25
Q8N9W4	GOLGA6L2	33
Q8NA19	L3MBTL4	29
Q8NAA4	ATG16L2	27
Q8NAF0	ZNF579	23
Q8NAT2	TDRD5	48
Q8NB37	GATD1	9
Q8NBF6	AVL9	30
Q8NBH2	KY	29
Q8NBI3	DRAXIN	9
Q8NBR0	TP53I13	14
Q8NBV4	PLPP7	14
Q8NBX0	SCCPDH	20
Q8NC44	RETREG2	11
Q8NC96	NECAP1	12
Q8NCA5	FAM98A	22
Q8NCA9	ZNF784	16
Q8NCF0	CLEC18C	22
Q8NCK3	ZNF485	25
Q8NCN2	ZBTB34	25
Q8NCQ7	PROCA1	15
Q8NCR3	MFI	15
Q8NCV1	ADAD2	23
Q8NCY6	MSANTD4	13
Q8ND07	BBOF1	32
Q8ND71	GIMAP8	41
Q8ND82	ZNF280C	39
Q8NDA2	HMCN2	216
Q8NDH2	LRTM3	372
Q8NDV2	GPR26	8
Q8NDX9	LY6G5B	6
Q8NE28	STKLD1	28
Q8NEB7	ACRBP	28
Q8NEC7	GSTCD	24
Q8NEF3	CCDC112	23
Q8NEF9	SRFBP1	25
Q8NEG4	SACK1F	30
Q8NEM2	SHCBP1	35
Q8NEN0	ARMC2	44
Q8NEP9	ZNF555	34
Q8NET1	DEFB108B	5
Q8NEX9	SDR9C7	20
Q8NEY3	SPATA4	14
Q8NF86	PRSS33	17
Q8NFI3	ENGASE	41
Q8NFJ8	BHLHE22	12
Q8NFK1	GJC3	14
Q8NG04	SLC26A10P	22
Q8NG48	LINS1	38
Q8NG68	TTL	19
Q8NGA0	OR7G1	5
Q8NGA4	GPR32P1	10
Q8NGC0	OR5AU1	9
Q8NGC8	OR11H7	5
Q8NGD0	OR4M1	11
Q8NGE3	OR10P1	9
Q8NGH7	OR52L1	8
Q8NGI2	OR52N4	10
Q8NGK2	OR52B4	9
Q8NGM9	OR8D4	7
Q8NGN3	OR10G4	4
Q8NGR2	OR1L6	10
Q8NGR6	OR1B1	7
Q8NGS2	OR1J2	4
Q8NGS8	OR13C5	11
Q8NGV6	OR5H6	8
Q8NGW6	OR6K6	6
Q8NGX3	OR10T2	9
Q8NGY0	OR10X1	9
Q8NGY3	OR6K3	10
Q8NH10	OR8U1	8
Q8NH19	OR10AG1	6
Q8NH43	OR4L1	7
Q8NH48	OR5B3	5
Q8NH59	OR51Q1	10
Q8NH69	OR5W2	8
Q8NH85	OR8U3	10
Q8NH87	OR9G1	8
Q8NH92	OR1S1	5
Q8NH94	OR1L1	11
Q8NHC8	OR2T6	8
Q8NHM4	PRSS3P2	8
Q8NHP7	EXD1	26
Q8NHQ8	RASSF8	26
Q8NHR7	TERB2	10
Q8NHS0	DNAJB8	10
Q8NHY6	ZFP28	52
Q8NI29	FBXO27	17
Q8NI32	LYPD6B	9
Q8NI99	ANGPTL6	24
Q8TAA3	PSMA8	13
Q8TAE6	PPP1R14C	5
Q8TAG6	VXN	9
Q8TAL6	FIBIN	11
Q8TAQ5	ZNF420	41
Q8TAQ9	SUN3	18
Q8TAV4	STOML3	14
Q8TB03	CXorf38	20
Q8TB52	FBXO30	31
Q8TB96	ITFG1	18
Q8TBB5	KLHDC4	22
Q8TBF5	PIGX	9
Q8TBF8	FAM81A	22
Q8TBH0	ARRDC2	19
Q8TBJ5	FEZF2	26
Q8TBP0	TBC1D16	35
Q8TBP6	SLC25A40	14
Q8TBQ9	TMEM167A	4
Q8TBZ0	CCDC110	51
Q8TBZ5	ZNF502	38
Q8TC21	ZNF596	26
Q8TC56	GARIN3	24
Q8TC90	CCER1	13
Q8TCB6	OR51E1	12
Q8TCC3	MRPL30	8
Q8TCD6	PHOSPHO2	9
Q8TCV5	WFDC5	10
Q8TCW7	ZPLD1	15
Q8TCW9	PROKR1	14
Q8TD20	SLC2A12	17
Q8TD86	CALML6	10
Q8TD94	KLF14	8
Q8TDE3	RNASE8	6
Q8TDM0	BCAS4	12
Q8TDN4	CABLES1	18
Q8TDN6	BRIX1	18
Q8TDU9	RXFP4	11
Q8TDV2	GPR148	10
Q8TDV5	GPR119	8
Q8TDW4	ST7L	23
Q8TDY8	IGDCC4	45
Q8TE69	EOLA1	9
Q8TET4	GANC	43
Q8TF21	ANKRD24	54
Q8TF39	ZNF483	45
Q8TF45	ZNF418	39
Q8TF64	GIPC3	16
Q8TF68	ZNF384	20
Q8WUH1	CHURC1	7
Q8WUN7	UBTD2	10
Q8WUT4	LRRN4	27
Q8WUX2	CHAC2	9
Q8WUZ0	BCL7C	7
Q8WV07	LTO1	11
Q8WV37	ZNF480	31
Q8WV48	CCDC107	10
Q8WV60	PTCD2	20
Q8WV83	SLC35F5	14
Q8WVD5	RNF141	9
Q8WVE0	EEF1AKMT1	10
Q8WVF2	UCMA	8
Q8WVH0	CPLX3	9
Q8WVI0	UQCC5	2
Q8WW14	SPMIP5	13
Q8WWG1	NRG4	6
Q8WWY7	WFDC12	7
Q8WX77	IGFBPL1	13
Q8WXA2	PATE1	9
Q8WXB4	ZNF606	43
Q8WXD9	CASKIN1	62
Q8WXE0	CASKIN2	42
Q8WXF0	SRSF12	12
Q8WXQ8	CPA5	21
Q8WY22	BRI3BP	8
Q8WYK1	CNTNAP5	44
Q8WYN3	CSRNP3	14
Q8WYQ4	C22orf15	9
Q8WYQ9	ZCCHC14	28
Q8WZ64	ARAP2	87
Q8WZ79	DNASE2B	18
Q8WZ84	OR8D1	2
Q8WZ92	OR5P2	7
Q8WZ94	OR5P3	5
Q8WZA6	OR1E3	9
Q902F8	ERVK-8	28
Q902F9	HERVK_113	26
Q92610	ZNF592	63
Q92617	NPIPB3	55
Q92664	GTF3A	16
Q92665	MRPS31	22
Q92771	DDX12P	48
Q92828	CORO2A	23
Q92914	FGF11	11
Q92928	RAB1C	14
Q93073	SECISBP2L	40
Q93075	TATDN2	38
Q969I3	GLYATL1	10
Q969Q4	ARL11	10
Q969T3	SNX21	14
Q969W8	ZNF566	21
Q96A00	PPP1R14A	4
Q96A04	TSACC	5
Q96A05	ATP6V1E2	16
Q96A23	CPNE4	28
Q96A25	TMEM106A	9
Q96A28	SLAMF9	8
Q96A35	MRPL24	14
Q96A46	SLC25A28	13
Q96A47	ISL2	18
Q96A73	KIAA1191	18
Q96A98	PTH2	7
Q96A99	PTX4	21
Q96AB3	ISOC2	8
Q96AC6	KIFC2	41
Q96BH3	ELSPBP1	13
Q96BN6	FAM149B1	31
Q96BQ3	TRIM43	20
Q96BU1	S100PBP	17
Q96BV0	ZNF775	29
Q96C28	ZNF707	22
Q96CG8	CTHRC1	11
Q96CH1	GPR146	9
Q96CW6	SLC7A6OS	11
Q96CX3	ZNF501	17
Q96CX6	LRRC58	17
Q96DC8	ECHDC3	18
Q96DD7	SHISA4	6
Q96DT0	LGALS12	18
Q96DU9	PABPC5	23
Q96DX4	RSPRY1	24
Q96DY2	DRC10	28
Q96DY7	MTBP	42
Q96EF9	ZHX1-C8orf76	19
Q96EK7	FAM120B	51
Q96EN9	REX1BD	12
Q96ER3	SAAL1	24
Q96EX2	RNFT2	21
Q96F05	C11orf24	12
Q96FC7	PHYHIPL	19
Q96FV2	SCRN2	13
Q96G75	RMND5B	20
Q96GC5	MRPL48	10
Q96GE9	DMAC1	1
Q96GK7	FAHD2A	14
Q96GX2	ATXN7L3B	5
Q96GY0	ZC2HC1A	22
Q96H78	SLC25A44	15
Q96HE9	PRR11	18
Q96HJ9	FMC1	6
Q96HL8	SH3YL1	18
Q96HQ0	ZNF419	29
Q96HQ2	XTBD1	6
Q96I13	ABHD8	12
Q96I27	ZNF625	17
Q96I82	KAZALD1	8
Q96ID5	IGSF21	23
Q96IG2	FBXL20	24
Q96IK0	TMEM101	8
Q96IQ7	VSIG2	9
Q96IX9	ANKRD36BP1	6
Q96J77	TPD52L3	6
Q96J86	CYYR1	3
Q96J88	EPSTI1	19
Q96JA4	MS4A14	29
Q96JC4	ZNF479	31
Q96JK4	HHIPL1	34
Q96JT2	SLC45A3	8
Q96K49	TMEM87B	24
Q96KC2	ARL5B	11
Q96KE9	BTBD6	24
Q96KJ9	COX4I2	9
Q96KN1	LRATD2	15
Q96KR1	ZFR	42
Q96KR4	LMLN	28
Q96KS9	FAM167A	10
Q96KX0	LYZL4	8
Q96KX2	CAPZA3	21
Q96L14	CEP170P1	15
Q96L15	ART5	11
Q96L94	SNX22	9
Q96LB0	MRGPRX3	9
Q96LL3	FIMP1	5
Q96LU7	MYRFL	33
Q96LW2	RSKR	16
Q96LW9	ZSCAN31	21
Q96LY2	CCDC74B	23
Q96M83	CCDC7	84
Q96M89	CCDC138	39
Q96M95	CCDC42	20
Q96MA1	DMRTB1	9
Q96MB7	HARBI1	15
Q96ME1	FBXL18	38
Q96ME7	ZNF512	24
Q96MI6	PPM1M	20
Q96MM6	HSPA12B	39
Q96MT1	RNF145	23
Q96MU6	ZNF778	42
Q96MX6	DNAAF10	19
Q96N03	VSTM2L	9
Q96N06	SPATA33	9
Q96N28	PRELID3A	9
Q96ND0	MIMS1	14
Q96NG5	ZNF558	23
Q96NJ5	KLHL32	25
Q96NL0	RUNDC3B	22
Q96NL1	TMEM74	14
Q96NU0	CNTNAP3B	56
Q96NU7	AMDHD1	20
Q96NX9	DACH2	20
Q96P50	ACAP3	43
Q96P69	GPR78	11
Q96PB8	LRRC3B	13
Q96PE5	OPALIN	6
Q96PE6	ZIM3	27
Q96PL1	SCGB3A2	6
Q96PL2	TECTB	14
Q96PQ7	KLHL5	39
Q96PU9	CIMAP1A	17
Q96Q07	BTBD9	30
Q96QR1	SCGB3A1	3
Q96QU6	ACCS	28
Q96QZ0	PANX3	14
Q96R48	OR2A5	11
Q96RA2	OR7D2	4
Q96RK1	CITED4	5
Q96RV3	PCNX1	97
Q96S79	RASL10B	9
Q96S90	LYSMD1	14
Q96SC8	DMRTA2	13
Q96SE0	ABHD1	11
Q96SE7	ZNF347	45
Q96SK3	ZNF607	42
Q96SM3	CPXM1	28
Q96SR6	ZNF382	34
Q99218	AMELY	1
Q99457	NAP1L3	19
Q99525	H4C7	4
Q99618	CDCA3	14
Q99666	RGPD5	87
Q99727	TIMP4	9
Q99742	NPAS1	22
Q99766	DMAC2L	12
Q99805	TM9SF2	19
Q99811	PRRX2	8
Q99819	ARHGDIG	11
Q99865	SPIN2A	15
Q99954	SMR3A	3
Q9BPV8	P2RY13	14
Q9BPW4	APOL4	18
Q9BPX5	ARPC5L	9
Q9BPY3	SIRAL1	15
Q9BPZ2	SPIN2B	15
Q9BQ08	RETNLB	2
Q9BQ61	TRIR	5
Q9BQC6	MRPL57	4
Q9BQI4	CCDC3	10
Q9BQI7	PSD2	36
Q9BQQ7	RTP3	11
Q9BQR3	PRSS27	14
Q9BQY9	DBNDD2	4
Q9BR84	ZNF559	33
Q9BRJ6	CHLSN	9
Q9BRP1	PDCD2L	16
Q9BRP4	PAAF1	16
Q9BRQ0	PYGO2	11
Q9BRQ4	CFAP300	19
Q9BRR8	GPATCH1	40
Q9BRT6	LLPH	3
Q9BRY0	SLC39A3	7
Q9BS31	ZNF649	26
Q9BSF8	BTBD10	22
Q9BSG0	PRADC1	8
Q9BSG5	RTBDN	7
Q9BSH3	NICN1	14
Q9BSH5	HDHD3	12
Q9BSN7	TMEM204	6
Q9BT73	PSMG3	6
Q9BT76	UPK3B	4
Q9BTE0	NAT9	9
Q9BTE1	DCTN5	7
Q9BTM1	H2AJ	5
Q9BTP6	ZBED2	10
Q9BTT6	LRRC1	26
Q9BTV6	DPH7	18
Q9BU23	LMF2	22
Q9BU70	TRMO	19
Q9BUG6	ZSCAN5A	25
Q9BUK0	CHCHD7	7
Q9BUN1	MENT	19
Q9BUT9	MCRIP2	5
Q9BUY7	EFCAB11	10
Q9BV19	C1orf50	11
Q9BV99	LRRC61	11
Q9BW30	TPPP3	11
Q9BW72	HIGD2A	3
Q9BWG4	SSBP4	10
Q9BWM5	ZNF416	27
Q9BWU0	SLC4A1AP	37
Q9BWW9	APOL5	23
Q9BX26	SYCP2	76
Q9BX82	ZNF471	39
Q9BX93	PLA2G12B	9
Q9BXG8	SPZ1	21
Q9BXK1	KLF16	9
Q9BXL5	HEMGN	20
Q9BXT2	CACNG6	11
Q9BXT5	TEX15	120
Q9BY21	GPR87	15
Q9BYC2	OXCT2	22
Q9BYC9	MRPL20	8
Q9BYD1	MRPL13	13
Q9BYD2	MRPL9	16
Q9BYD3	MRPL4	13
Q9BYD6	MRPL1	16
Q9BYQ8	KRTAP4-9	1
Q9BYQ9	KRTAP4-8	1
Q9BZ76	CNTNAP3	57
Q9BZD7	PRRG3	11
Q9BZE1	MRPL37	29
Q9BZI1	IRX2	15
Q9BZJ6	GPR63	12
Q9C002	COXFA4L3	5
Q9C009	FOXQ1	13
Q9C075	KRT23	27
Q9C099	LRRCC1	51
Q9C0B6	BRINP2	26
Q9C0D7	ZC3H12C	43
Q9C0H5	ARHGAP39	61
Q9C0H6	KLHL4	42
Q9GZK4	OR2H1	7
Q9GZK6	OR2J1	6
Q9GZM6	OR8D2	4
Q9GZP1	NRSN2	9
Q9GZP4	PITHD1	16
Q9GZP7	VN1R1	14
Q9GZT6	CCDC90B	18
Q9GZY4	COA1	9
Q9GZZ0	HOXD1	8
Q9H009	NACA2	7
Q9H091	ZMYND15	27
Q9H094	NBPF3	29
Q9H0C3	TMEM117	15
Q9H0I9	TKTL2	24
Q9H0K4	RSPH6A	26
Q9H0K6	PUS7L	46
Q9H0U9	TSPYL1	22
Q9H0V1	TMEM168	27
Q9H0X4	FAM234A	19
Q9H158	PCDHAC1	42
Q9H175	CSRNP2	14
Q9H1A7	POLR2J3	7
Q9H1C0	LPAR5	14
Q9H1E5	TMX4	14
Q9H1K6	TLNRD1	14
Q9H1U4	MEGF9	16
Q9H1Z8	ECRG4	8
Q9H1Z9	TSPAN10	14
Q9H205	OR2AG1	7
Q9H207	OR10A5	9
Q9H208	OR10A2	7
Q9H209	OR10A4	4
Q9H210	OR2D2	9
Q9H213	MAGEH1	10
Q9H2A3	NEUROG2	9
Q9H2C8	OR51V1	11
Q9H2F9	CCDC68	18
Q9H2W6	MRPL46	15
Q9H2X8	IFI27L2	1
Q9H2Y7	ZNF106	93
Q9H2Y9	SLCO5A1	23
Q9H330	TMEM245	25
Q9H336	CRISPLD1	26
Q9H339	OR51B5	9
Q9H340	OR51B6	13
Q9H341	OR51M1	7
Q9H342	OR51J1	4
Q9H347	UBQLN3	22
Q9H3C7	GGNBP2	30
Q9H3E2	SNX25	51
Q9H3G5	CPVL	23
Q9H3Z7	ABHD16B	22
Q9H426	RIMS4	13
Q9H446	RWDD1	8
Q9H4A4	RNPEP	32
Q9H4B8	DPEP3	20
Q9H4G1	CST9L	7
Q9H4I8	SERHL2	13
Q9H4K1	RIBC2	22
Q9H4S2	GSX1	10
Q9H501	ESF1	38
Q9H568	ACTL8	17
Q9H5L6	THAP9	55
Q9H609	ZNF576	9
Q9H665	IGFLR1	14
Q9H6A9	PCNX3	81
Q9H6D8	FNDC4	11
Q9H6F2	TMEM38A	11
Q9H6K4	OPA3	9
Q9H6X4	TMEM134	6
Q9H6X5	C19orf44	29
Q9H6Y2	WDR55	20
Q9H756	LRRC19	14
Q9H7C9	AAMDC	10
Q9H7R0	ZNF442	35
Q9H7R5	ZNF665	40
Q9H7T0	CATSPERB	47
Q9H7U1	CCSER2	37
Q9H7X7	IFT22	10
Q9H898	ZMAT4	12
Q9H8J5	MANSC1	15
Q9H8Y1	VRTN	34
Q9H920	RNF121	16
Q9H930	SP140L	40
Q9H967	WDR76	31
Q9H9H5	MAP6D1	11
Q9H9J4	USP42	54
Q9H9Y2	RPF1	15
Q9H9Y4	GPN2	14
Q9HA64	FN3KRP	14
Q9HA92	RSAD1	23
Q9HAT1	LMAN1L	18
Q9HAY2	MAGEF1	22
Q9HB09	BCL2L12	14
Q9HB40	SCPEP1	17
Q9HBA9	FOLH1B	29
Q9HBJ7	USP29	41
Q9HBQ8	GOLGA2P5	6
Q9HBR0	SLC38A10	54
Q9HBU1	BARX1	13
Q9HBV1	POPDC3	10
Q9HC38	GLOD4	20
Q9HC44	GPBP1L1	25
Q9HC56	PCDH9	55
Q9HCC6	HES4	11
Q9HCG1	ZNF160	46
Q9HCI6	KIAA1586	35
Q9HCJ6	VAT1L	21
Q9HCL0	PCDH18	42
Q9HCN2	TP53AIP1	5
Q9HCN8	SDF2L1	11
Q9HCT0	FGF22	12
Q9HD33	MRPL47	16
Q9HD64	XAGE1A	4
Q9HDB9	ERVK-5	35
Q9N2J8		12
Q9NP92	MRPS30	17
Q9NPA3	MID1IP1	11
Q9NPB8	GPCPD1	36
Q9NPH6	OBP2B	9
Q9NPI7	KRCC1	12
Q9NQ03	SCRT2	14
Q9NQ60	EQTN	13
Q9NQA3	WASH6P	15
Q9NQE7	PRSS16	22
Q9NQN1	OR2S2	9
Q9NQS1	AVEN	20
Q9NQT6	FSCN3	22
Q9NQX6	ZNF331	25
Q9NR64	KLHL1	38
Q9NR77	PXMP2	11
Q9NRG7	SDR39U1	11
Q9NRH1	YAE1	13
Q9NRJ1	C8orf17	7
Q9NRJ5	PAPOLB	34
Q9NRM2	ZNF277	22
Q9NRN5	OLFML3	19
Q9NRU3	CNNM1	45
Q9NRV9	HEBP1	11
Q9NRX3	COXFA4L2	6
Q9NRY5	FAM114A2	31
Q9NS25	SPANXB1	6
Q9NS26	SPANXA1	5
Q9NS28	RGS18	14
Q9NS66	GPR173	17
Q9NS93	TM7SF3	14
Q9NS98	SEMA3G	40
Q9NSD7	RXFP3	12
Q9NSI2	SLX9	12
Q9NTI7	INKA2	17
Q9NTK1	DEPP1	12
Q9NTU4	CATSPERZ	12
Q9NTU7	CBLN4	9
Q9NTZ6	RBM12	27
Q9NU02	ANKEF1	41
Q9NUA8	ZBTB40	66
Q9NUG6	PDRG1	8
Q9NUP1	BLOC1S4	7
Q9NUQ6	SPATS2L	32
Q9NUQ8	ABCF3	34
Q9NUV9	GIMAP4	17
Q9NUZ1	ACOXL	33
Q9NV39	PRR34	6
Q9NV66	TYW1	33
Q9NV72	ZNF701	26
Q9NVF9	ETNK2	22
Q9NVG8	TBC1D13	25
Q9NVK5	FGFR1OP2	15
Q9NVP4	DZANK1	43
Q9NVQ4	FAIM	10
Q9NVR7	TBCCD1	26
Q9NVS2	MRPS18A	13
Q9NVU7	SDAD1	36
Q9NVZ3	NECAP2	13
Q9NW68	BSDC1	17
Q9NW81	DMAC2	13
Q9NWA0	MED9	5
Q9NWC5	TMEM45A	7
Q9NWM3	CUEDC1	10
Q9NWV4	CZIB	8
Q9NWW0	HCFC1R1	8
Q9NX20	MRPL16	11
Q9NX38	ABITRAM	10
Q9NX45	SOHLH2	23
Q9NXF7	DCAF16	8
Q9NXH3	PPP1R14D	5
Q9NXK6	PAQR5	8
Q9NXL2	ARHGEF38	36
Q9NXL6	SIDT1	20
Q9NY57	STK32B	17
Q9NYF5	FAM13B	37
Q9NYJ1	COA4	6
Q9NYL4	FKBP11	8
Q9NYN1	RASL12	15
Q9NYS0	NKIRAS1	12
Q9NYS7	WSB2	14
Q9NYV9	TAS2R13	10
Q9NYW1	TAS2R9	10
Q9NYW2	TAS2R8	10
Q9NYW3	TAS2R7	10
Q9NYW6	TAS2R3	10
Q9NYW7	TAS2R1	9
Q9NZ32	ACTR10	22
Q9NZL6	RGL1	34
Q9NZQ0	DNAJC27	13
Q9NZQ9	TMOD4	16
Q9NZR1	TMOD2	20
Q9NZT2	OGFR	25
Q9NZW5	PALS2	33
Q9P015	MRPL15	17
Q9P031	CCDC59	9
Q9P0J6	MRPL36	5
Q9P0M4	IL17C	9
Q9P0M9	MRPL27	8
Q9P104	DOK5	17
Q9P1U1	ACTR3B	20
Q9P1Y6	PHRF1	60
Q9P203	BTBD7	44
Q9P227	ARHGAP23	80
Q9P242	NYAP2	34
Q9P260	RELCH	55
Q9P265	DIP2B	73
Q9P266	JCAD	67
Q9P291	ARMCX1	24
Q9P299	COPZ2	8
Q9P2C4	TMEM181	18
Q9P2G3	KLHL14	31
Q9P2J8	ZNF624	54
Q9P2J9	PDP2	25
Q9P2N2	ARHGAP28	35
Q9P2N5	RBM27	38
Q9P2P1	NYNRIN	82
Q9P2V4	LRIT1	29
Q9QC07	ERVK-18	39
Q9UBG7	RBPJL	22
Q9UBI9	HECA	24
Q9UBK7	RABL2A	13
Q9UBL0	ARPP21	20
Q9UBU6	FAM8A1	19
Q9UDV7	ZNF282	32
Q9UH62	ARMCX3	19
Q9UH90	FBXO40	39
Q9UHA3	RSL24D1	4
Q9UHP9	SMPX	5
Q9UHR6	ZNHIT2	20
Q9UHV5	RAPGEFL1	32
Q9UI15	TAGLN3	14
Q9UIE0	ZNF230	23
Q9UIM3	FKBPL	19
Q9UJ04	TSPYL4	21
Q9UJ42	GPR160	10
Q9UJ99	CDH22	28
Q9UJJ7	RPUSD1	14
Q9UJK0	TSR3	14
Q9UJT0	TUBE1	19
Q9UJU3	ZNF112	53
Q9UJW7	ZNF229	50
Q9UK08	GNG8	4
Q9UK11	ZNF223	26
Q9UK13	ZNF221	34
Q9UK85	DKKL1	11
Q9UKH3	ERVK-9	28
Q9UKJ0	PILRB	9
Q9UKJ3	GPATCH8	57
Q9UKL2	OR52A1	7
Q9UKR3	KLK13	12
Q9UKR8	TSPAN16	8
Q9UKT6	FBXL21P	19
Q9UKY3	CES1P1	8
Q9UKZ1	CNOT11	22
Q9UL36	ZNF236	63
Q9UL58	ZNF215	23
Q9ULE3	DENND2A	53
Q9ULJ7	ANKRD50	64
Q9ULK2	ATXN7L1	32
Q9ULK6	RNF150	9
Q9ULL1	PLEKHG1	67
Q9ULR5	PAIP2B	8
Q9ULS5	TMCC3	27
Q9ULS6	KCNS2	19
Q9ULZ0	TP53TG3	6
Q9UN30	SCML1	15
Q9UN67	PCDHB10	31
Q9UN70	PCDHGC3	40
Q9UN71	PCDHGB4	24
Q9UN75	PCDHA12	38
Q9UNL2	SSR3	5
Q9UNX4	WDR3	48
Q9UPC5	GPR34	15
Q9UPV7	PHF24	19
Q9UPW0	FOXJ3	15
Q9UPX0	IGSF9B	49
Q9UQ72	PSG11	16
Q9UQG0	ERVK-11	46
Q9Y2A4	ZNF443	41
Q9Y2G4	ANKRD6	39
Q9Y2K3	MYH15	99
Q9Y2L6	FRMD4B	51
Q9Y2L8	ZKSCAN5	48
Q9Y2Q9	MRPS28	11
Q9Y2R5	MRPS17	5
Q9Y2R9	MRPS7	13
Q9Y2T4	PPP2R2C	19
Q9Y2T5	GPR52	9
Q9Y2U2	KCNK7	6
Q9Y330	ZBTB12	26
Q9Y334	VWA7	32
Q9Y3B1	PRELID3B	13
Q9Y3B6	EMC9	9
Q9Y3D3	MRPS16	10
Q9Y3D5	MRPS18C	6
Q9Y3D9	MRPS23	12
Q9Y3E1	HDGFL3	9
Q9Y3X0	CCDC9	23
Q9Y426	C2CD2	25
Q9Y471	CMAHP	21
Q9Y4F5	CEP170B	84
Q9Y4I5	TESMIN	19
Q9Y4K1	CRYBG1	93
Q9Y543	HES2	11
Q9Y573	IPP	29
Q9Y585	OR1A2	7
Q9Y5B6	PAXBP1	42
Q9Y5E2	PCDHB7	31
Q9Y5E4	PCDHB5	28
Q9Y5E5	PCDHB4	27
Q9Y5E6	PCDHB3	28
Q9Y5E7	PCDHB2	27
Q9Y5E8	PCDHB15	29
Q9Y5F0	PCDHB13	31
Q9Y5F3	PCDHB1	32
Q9Y5F6	PCDHGC5	33
Q9Y5F8	PCDHGB7	34
Q9Y5F9	PCDHGB6	35
Q9Y5G0	PCDHGB5	31
Q9Y5G1	PCDHGB3	35
Q9Y5G2	PCDHGB2	30
Q9Y5G3	PCDHGB1	32
Q9Y5G4	PCDHGA9	34
Q9Y5G5	PCDHGA8	29
Q9Y5G6	PCDHGA7	29
Q9Y5G7	PCDHGA6	36
Q9Y5G8	PCDHGA5	36
Q9Y5H0	PCDHGA3	37
Q9Y5H1	PCDHGA2	38
Q9Y5H2	PCDHGA11	29
Q9Y5H3	PCDHGA10	32
Q9Y5H4	PCDHGA1	26
Q9Y5H6	PCDHA8	41
Q9Y5H7	PCDHA5	45
Q9Y5I0	PCDHA13	35
Q9Y5I1	PCDHA11	42
Q9Y5I4	PCDHAC2	46
Q9Y5J9	TIMM8B	7
Q9Y5M8	SRPRB	16
Q9Y5P1	OR51B2	9
Q9Y5Y3	GPR45	12
Q9Y5Z6	B3GALT1	15
Q9Y644	RFNG	13
Q9Y651	SOX21	9
Q9Y661	HS3ST4	19
Q9Y689	ARL5A	9
Q9Y6G3	MRPL42	4
Q9Y6I0	ERVK-6	5
Q9Y6I8	PXMP4	11
Q9Y6Q3	ZFP37	34
Q9YNA8	ERVK-19	26
U3KPV4	A3GALT2	12
W6CW81	PYDC5	7
A0A075B6H7	IGKV3-7	5
A0A075B6H8	IGKV1D-42	6
A0A075B6H9	IGLV4-69	5
A0A075B6I0	IGLV8-61	4
A0A075B6I1	IGLV4-60	5
A0A075B6I3	IGLV11-55	4
A0A075B6I4	IGLV10-54	1
A0A075B6I6	IGLV1-50	4
A0A075B6I7	IGLV5-48	5
A0A075B6I9	IGLV7-46	4
A0A075B6J1	IGLV5-37	3
A0A075B6J2	IGLV2-33	3
A0A075B6J6	IGLV3-22	3
A0A075B6K0	IGLV3-16	3
A0A075B6K2	IGLV3-12	4
A0A075B6K4	IGLV3-10	4
A0A075B6K5	IGLV3-9	5
A0A075B6K6	IGLV4-3	6
A0A075B6L2	TRGV11	6
A0A075B6L6	TRBV7-3	5
A0A075B6N2	TRBV20-1	4
A0A075B6N3	TRBV24-1	5
A0A075B6N4	TRBV25-1	6
A0A075B6P5	IGKV2-28	3
A0A075B6Q5	IGHV3-64	6
A0A075B6R0	TRGV2	7
A0A075B6R2	IGHV4-4	4
A0A075B6R9	IGKV2D-24	4
A0A075B6S2	IGKV2D-29	5
A0A075B6S4	IGKV1D-17	4
A0A075B6S5	IGKV1-27	5
A0A075B6S6	IGKV2D-30	4
A0A075B6S9	IGKV1-37	5
A0A075B6T6	TRAV12-2	7
A0A075B6T7	TRAV6	7
A0A075B6T8	TRAV9-1	3
A0A075B6U4	TRAV7	5
A0A075B6V5	TRAV36DV7	5
A0A075B6W5	TRAV23DV6	7
A0A075B6X5	TRAV18	7
A0A075B734	AQP7B	12
A0A075B767	PPIAL4H	8
A0A087WSX0	IGLV5-45	2
A0A087WSY4	IGHV4-30-2	4
A0A087WSY6	IGKV3D-15	3
A0A087WSZ0	IGKV1D-8	4
A0A087WSZ9	TRAV30	7
A0A087WT02	TRAV9-2	4
A0A087WT03	TRAV26-1	7
A0A087WUV0	ZNF892	30
A0A087WV62	TRBV16	6
A0A087WVF3	TBC1D3D	26
A0A087WW87	IGKV2-40	3
A0A087WXM9	MEIKIN	15
A0A087X0K7	TRBV17	7
A0A087X0M5	TRBV18	8
A0A087X179	TBC1D3E	27
A0A096LNW5	NOTCH2NLR	11
A0A096LP55	UQCRHL	6
A0A0A0MRZ7	IGKV2D-26	5
A0A0A0MRZ8	IGKV3D-11	4
A0A0A0MRZ9	IGLV5-52	6
A0A0A0MS00	IGLV3-32	0
A0A0A0MS01	TRGV10	7
A0A0A0MS02	TRGV1	6
A0A0A0MS03	TRBV5-3	3
A0A0A0MS04	TRBV6-7	6
A0A0A0MS05	TRBV5-7	2
A0A0A0MS06	TRBV23-1	7
A0A0A0MS14	IGHV1-45	5
A0A0A0MS15	IGHV3-49	7
A0A0A0MT36	IGKV6D-21	4
A0A0A6YYC5	TRAV14DV4	7
A0A0A6YYD4	TRBV13	3
A0A0A6YYG2	TRBV6-6	7
A0A0A6YYG3	TRBV6-8	7
A0A0A6YYJ7	TRAV8-3	7
A0A0A6YYK1	TRAV8-1	4
A0A0A6YYK4	TRBV7-1	5
A0A0A6YYK6	TRAV16	6
A0A0A6YYK7	TRAV19	9
A0A0A6YYL3	POTEB	24
A0A0B4J1U3	IGLV1-36	2
A0A0B4J1U4	TRGV5	9
A0A0B4J1U6	TRBV9	3
A0A0B4J1U7	IGHV6-1	4
A0A0B4J1V0	IGHV3-15	7
A0A0B4J1V1	IGHV3-21	4
A0A0B4J1V2	IGHV2-26	6
A0A0B4J1V6	IGHV3-73	7
A0A0B4J1V7	IGHV7-81	3
A0A0B4J1X5	IGHV3-74	7
A0A0B4J1X8	IGHV3-43	6
A0A0B4J1Y8	IGLV9-49	5
A0A0B4J1Y9	IGHV3-72	5
A0A0B4J1Z2	IGKV1D-43	4
A0A0B4J234	TRAV2	5
A0A0B4J235	TRAV13-2	4
A0A0B4J237	TRAV8-2	7
A0A0B4J238	TRAV1-2	4
A0A0B4J240	TRAV10	6
A0A0B4J241	TRAV13-1	4
A0A0B4J244	TRAV3	8
A0A0B4J245	TRAV12-1	5
A0A0B4J248	TRAV1-1	4
A0A0B4J249	TRAV5	6
A0A0B4J262	TRAV8-6	6
A0A0B4J263	TRAV39	6
A0A0B4J264	TRAV38-1	4
A0A0B4J265	TRAV26-2	5
A0A0B4J266	TRAV41	4
A0A0B4J268	TRAV4	5
A0A0B4J271	TRAV12-3	5
A0A0B4J272	TRAV24	4
A0A0B4J273	TRAV34	4
A0A0B4J274	TRAV20	4
A0A0B4J275	TRAV17	7
A0A0B4J276	TRAV25	3
A0A0B4J277	TRAV22	4
A0A0B4J279	TRAV21	4
A0A0B4J280	TRAV40	4
A0A0B4J2D9	IGKV1D-13	4
A0A0B4J2E0	TRBV12-4	8
A0A0B4J2H0	IGHV1-69D	6
A0A0C4DH24	IGKV6-21	4
A0A0C4DH25	IGKV3D-20	5
A0A0C4DH26	IGKV6D-41	5
A0A0C4DH27	TRGV8	7
A0A0C4DH28	TRGV4	6
A0A0C4DH29	IGHV1-3	6
A0A0C4DH30	IGHV3-16	7
A0A0C4DH31	IGHV1-18	5
A0A0C4DH32	IGHV3-20	6
A0A0C4DH33	IGHV1-24	6
A0A0C4DH34	IGHV4-28	4
A0A0C4DH35	IGHV3-35	7
A0A0C4DH36	IGHV3-38	6
A0A0C4DH38	IGHV5-51	6
A0A0C4DH39	IGHV1-58	6
A0A0C4DH41	IGHV4-61	4
A0A0C4DH42	IGHV3-66	6
A0A0C4DH43	IGHV2-70D	6
A0A0C4DH55	IGKV3D-7	3
A0A0C4DH59	TRBV5-4	2
A0A0C4DH67	IGKV1-8	4
A0A0C4DH68	IGKV2-24	4
A0A0C4DH69	IGKV1-9	4
A0A0C4DH72	IGKV1-6	4
A0A0C4DH73	IGKV1-12	4
A0A0G2JMI3	IGHV1-69-2	6
A0A0G2JS06	IGLV5-39	3
A0A0J9YVY3	IGHV7-4-1	6
A0A0J9YX35	IGHV3-64D	6
A0A0J9YX75	TRBV6-9	7
A0A0J9YXV3	GREP1	24
A0A0J9YXX1	IGHV5-10-1	6
A0A0J9YXY3	TRBV6-2	6
A0A0K0K1A3	TRBV10-1	7
A0A0K0K1B3	TRBV30	4
A0A0K0K1C0	TRBV11-1	5
A0A0K0K1C4	TRBV27	7
A0A0K0K1D8	TRBV6-1	6
A0A0K0K1E9	TRBV7-7	4
A0A0K0K1G6	TRBV10-3	7
A0A0K0K1G8	TRBV10-2	8
A0A0U1RQF7	DPEP2NB	5
A0A0U1RRN3	MISFA	3
A0A1B0GTK4	FAM237A	8
A0A1B0GUS4	UBE2L5	8
A0A1B0GUW7	TZMP1	2
A0A1B0GVD1	FAM237B	7
A0A1B0GVH4	PRSS51	11
A0A1B0GWG4	SERTM2	5
A0A1B0GX31	TRBV7-6	6
A0A1B0GX49	TRBV6-4	5
A0A1B0GX51	TRBV7-8	5
A0A1B0GX56	TRDV1	7
A0A1B0GX68	TRBV2	6
A0A1B0GX78	TRBV12-5	8
A0A1B0GX95	TRBV7-4	6
A0A1B0GXF2	TRBV7-2	6
A0A1W2PPD8	KDM4F	23
A0A1W2PPM1	CPHXL	9
A0A1W2PQ27	SSU72L1	10
A0A1W2PQ64	SSU72L5	10
A0A1W2PQC6	SSU72L4	10
A0A1W2PQD8	SSU72L2	10
A0A1W2PQJ5	SSU72L3	10
A0A1W2PR19	GSTT4	13
A0A1W2PR75	SSU72L6	12
A0A1W2PR82	PERCC1	13
A0A286YEU6	OR1R1	3
A0A2R8Y4L6	OR5D3	10
A0A2R8Y619	H2BK1	8
A0A2R8YED5	OR5BS1	5
A0A2Z4LIS9	FOXO3B	13
A0A3B3IS91	POLGARF	9
A0A3B3IT45	OR51C1	12
A0A3B3IU63	H2AL3	5
A0A3G1DIU6	MT-RNR2	3
A0A455ZAR2	LINC-PINT	6
A0A539	TRBV4-2	5
A0A576	TRBV3-1	6
A0A577	TRBV4-1	5
A0A578	TRBV5-1	5
A0A584	TRBV11-2	5
A0A589	TRBV4-3	5
A0A590UK83	SMIM45	2
A0A597	TRBV5-5	4
A0A599	TRBV5-6	2
A0A5A2	TRBV5-8	3
A0A5A6	TRBV11-3	4
A0A5B0	TRBV14	8
A0A5B6	TRBV28	6
A0A5B7	TRBV29-1	3
A0A6I8PU40	TUG1	5
A0A7L8Y648	AQP5-AS1	3
A0A804HLA8	GNG5B	4
A0AUZ9	KANSL1L	50
A0JD32	TRAV38-2DV8	4
A0JD36	TRDV2	6
A0JD37	TRDV3	5
A0PJE2	DHRS12	20
A0PJX2	TLDC2	11
A0PJX4	SHISA3	7
A0ZSE6	CDC50CP	9
A1A4F0	SLC66A1LP	5
A1A4V9	CFAP119	21
A1A580	KRTAP23-1	1
A1IGU5	ARHGEF37	34
A1L168	C20orf202	7
A1L1A6	IGSF23	5
A1L3X4	MT1DP	2
A1L453	PRSS38	10
A2A368	MAGEB16	15
A2A3L6	TTC24	29
A2A3N6	PIPSL	31
A2CJ06	DYTN	31
A2NJV5	IGKV2-29	5
A2RRD8	ZNF320	32
A2RRH5	WDR27	33
A2RRL7	TMEM213	2
A2RTY3	HEATR9	32
A2RU48	SMCO3	12
A2RU54	HMX2	13
A2RUR9	CCDC144A	80
A2RUU4	CLPSL1	8
A3KFT3	OR2M5	8
A4D0V7	CPED1	46
A4D1S0	KLRG2	17
A4D1U4	DENND11	24
A4D2H0	CTAGE15	40
A4FU49	SH3D21	31
A4QPH2	PI4KAP2	29
A5PL33	KRABD3	43
A5PLK6	RGSL1	52
A5PLL1	ANKRD34B	30
A5PLN7	FAM149A	36
A6H8M9	CDHR4	19
A6NC42	DPPA5	8
A6NC78	GOLGA8IP	27
A6NC86	PINLYP	5
A6NCC3	GOLGA8O	30
A6NCI4	VWA3A	62
A6NCL1	GMNC	14
A6NCM1	DRC11L	42
A6NCN2	KRT87P	18
A6NCV1	OR6C74	8
A6NCW7	USP17L4	23
A6NDD5	SYNDIG1L	6
A6NDH6	OR5H15	10
A6NDI0	TRIM49B	20
A6NDL8	OR6C68	9
A6NDN3	GOLGA6B	27
A6NDR6	MEIS3P1	12
A6NDS4	TBC1D3B	26
A6NDX5	ZNF840P	47
A6NDY0	PABPN1L	11
A6NE52	WDR97	74
A6NEC2	NPEPPSL1	24
A6NEL2	SOWAHB	36
A6NER0	TBC1D3F	26
A6NES4	MROH2A	85
A6NET4	OR5K3	9
A6NF34	ANTXRL	29
A6NF89	OR6C6	10
A6NFC5	TMEM235	1
A6NFC9	OR2W5	8
A6NFH5	FABP12	8
A6NFI3	ZNF316	38
A6NFQ7	DPRX	10
A6NG13	MGAT4D	24
A6NGD5	ZSCAN5C	21
A6NGJ6	TRIM64	17
A6NGN9	IGLON5	13
A6NH52	TVP23A	10
A6NH57	ARL5C	7
A6NHA9	OR4C46	3
A6NHG9	OR5H14	10
A6NHJ4	ZNF860	40
A6NHM9	MOXD2P	13
A6NHN0	OTOL1	18
A6NHS7	MANSC4	12
A6NHT5	HMX3	17
A6NI72	NCF1B	24
A6NI87	CBY3	12
A6NIE9	PRSS29P	15
A6NIJ9	OR6C70	8
A6NIR3	AGAP5	25
A6NIZ1	RAP1BL	10
A6NJG6	ARGFX	10
A6NJL1	ZSCAN5B	29
A6NJT0	UNCX	14
A6NJV1	CIMIP2C	9
A6NJW4	LRRC3C	4
A6NJW9	CD8B2	8
A6NJY4	TMEM238L	1
A6NJZ3	OR6C65	8
A6NJZ7	RIMBP3C	72
A6NK02	TRIM75	27
A6NK53	ZNF233	43
A6NK59	ASB14	24
A6NK75	ZNF98	30
A6NK97	SLC22A20P	20
A6NKD2	TSPY2	10
A6NKD9	CCDC85C	17
A6NKG5	RTL1	62
A6NKK0	OR5H1	10
A6NKQ9	CGB1	10
A6NKT7	RGPD3	88
A6NL08	OR6C75	7
A6NL26	OR5B21	4
A6NL82	CFAP144	7
A6NLP5	TTC36	9
A6NLU0	RFPL4A	14
A6NM03	OR2AG2	9
A6NM11	LRRC37A2	53
A6NM28	ZFP92	22
A6NM43	CCT8L1P	21
A6NM76	OR6C76	7
A6NMS3	OR5K4	11
A6NMS7	LRRC37A	52
A6NMT0	DBX1	15
A6NMU1	OR52A4P	5
A6NMX2	EIF4E1B	15
A6NMZ2	SNTN	8
A6NMZ5	OR4C45	4
A6NN14	ZNF729	59
A6NN92	GJE1	9
A6NNA2	SRRM3	25
A6NNA5	DRGX	11
A6NNF4	ZNF726	36
A6NNM3	RIMBP3B	72
A6NNP5	CCDC169	13
A6NP11	ZNF716	33
A6NP61	ZAR1L	19
A6PVL3	KNCN	7
A6PVS8	LRRIQ3	27
A6QL64	ANKRD36	109
A7E2U8	CFAP96	20
A8K0R7	ZNF839	32
A8K0S8	MEIS3P2	12
A8K5M9	C15orf62	9
A8MPS7	YDJC	13
A8MPX8	PP2D1	31
A8MQT2	GOLGA8B	25
A8MT70	ZBBX	47
A8MTB9	CEACAM18	15
A8MTI9	PRSS47P	15
A8MTL9	HMSD	11
A8MTY7	KRTAP9-7	2
A8MUH7	PDZK1P1	22
A8MUM7	LGALS16	7
A8MUV8	ZNF727	27
A8MV23	SERPINE3	14
A8MVA2	KRTAP9-6	1
A8MVS5	HIDE1	6
A8MVU1	NCF1C	22
A8MVW0	FAM171A2	28
A8MVZ5	BTNL10P	15
A8MWA4	ZNF705EP	17
A8MWD9	SNRPGP15	5
A8MWK0	FADS2B	20
A8MX76	CAPN14	35
A8MXE2	B3GALT9	20
A8MXU0	DEFB108A	5
A8MXY4	ZNF99	43
A8MXZ3	KRTAP9-1	5
A8MYV0	DCDC2C	21
A8MYZ6	FOXO6	15
A8MZ26	EFCAB9	11
B1AJZ9	FHAD1	84
B1AKI9	ISM1	21
B1ANS9	WDR64	54
B1APH4	ZNF487	12
B2CW77	KLLN	14
B2RN74	OR11H12	7
B2RNN3	C1QTNF9B	18
B2RXH4	BTBD18	30
B3SHH9	TMEM114	5
B4DH59	NBPF26	71
B4DU55	ZNF879	32
B5ME19	EIF3CL	41
B7ZAP0	RABGAP1L	16
B7ZC32	KIF28P	55
B9A064	IGLL5	11
B9A6J9	TBC1D3L	26
C0HLZ6	HOXB-AS3	4
C0HM01	SEPTIN14P20	5
C0HM83		4
C0HMA1	MIR155HG	1
C0HMD6	PIDD1	9
C0HME5	MT-ND4	7
C9J069	AJM1	51
C9J1S8	TRIM49D1	18
C9J2P7	USP17L15	27
C9J798	RASA4B	46
C9JCN9	HSBP1L1	4
C9JDP6	CLDN25	5
C9JH25	PRRT4	22
C9JJH3	USP17L10	24
C9JLJ4	USP17L13	24
C9JLR9	ZFTA	26
C9JPN9	USP17L12	26
C9JQL5		4
C9JSJ3	MEIOSIN	27
C9JUS6	ADM5	8
C9JVI0	USP17L11	24
C9JXX5	FREY1	5
D6R901	USP17L21	24
D6R9N7	USP17L18	23
D6RA61	USP17L22	26
D6RBQ6	USP17L17	24
D6RCP7	USP17L19	26
D6RIA3	C4orf54	84
D6RJB6	USP17L20	24
E2RYF6	MUC22	6
E2RYF7	HCG22	13
E7ETH6	ZNF587B	24
E9PB15	PTGES3L	10
E9PQ53	NDUFC2-KCTD14	7
F5GYI3	UBAP1L	12
F7VJQ1	PRNP	3
G3V0H7	SLCO1B7	25
G5E9R7	KRTAP4-16	1
H3BQB6	STMND1	11
H3BSY2	GOLGA8M	28
I3L273	GFY	22
I3L3R5	CCER2	16
L0R6Q1	SLC35A4	5
L0R819	ASDURF	6
O00110	OVOL3	9
O00321	ETV2	8
O00398	P2RY10	15
O00458	IFRD1	20
O00479	HMGN4	4
O14498	ISLR	13
O14562	UBFD1	9
O14581	OR7A17	3
O14598	VCY	3
O14604	TMSB4Y	2
O14709	ZNF197	49
O14715	RGPD8	87
O14753	OVOL1	14
O14921	RGS13	8
O14990	PPP1R2C	9
O15050	TRANK1	152
O15255	RTL8C	6
O15442	MPPED1	14
O15480	MAGEB3	22
O15482	TEX28	21
O43246	SLC7A4	12
O43325	LYRM1	8
O43361	ZNF749	47
O43423	ANP32CP	8
O43869	OR2T1	11
O60268	KIAA0513	20
O60287	URB1	109
O60290	ZNF862	53
O60309	LRRC37A3	48
O60320	ENTREP2	11
O60397	COX7A2P2	6
O60403	OR10H2	8
O60404	OR10H3	6
O60431	OR1I1	6
O60518	RANBP6	55
O60575	SPINK4	3
O60637	TSPAN3	9
O60739	EIF1B	5
O60809	PRAMEF10	30
O60810	PRAMEF4	28
O75290	ZNF780A	39
O75333	TBX10	19
O75373	ZNF737	34
O75391	SPAG7	11
O75467	ZNF324	31
O75474	FRAT2	9
O75949	NALF2	16
O76000	OR2B3	6
O76087	GAGE7	2
O76100	OR7A10	2
O94819	KBTBD11	27
O95006	OR2F2	8
O95013	OR4F21	5
O95156	NXPH2	12
O95157	NXPH3	9
O95158	NXPH4	12
O95170	FBXW10B	43
O95221	OR5F1	6
O95424	DEXI	0
O95502	NPTXR	20
O95521	PRAMEF1	34
O95522	PRAMEF12	26
O95744	PMS2P2	19
O95857	TSPAN13	7
O95969	SCGB1D2	3
O96001	PPP1R17	7
P01737	TRAV8-4	6
P03979	TRGV3	7
P03986	TRGC2	12
P09131	SLC10A3	12
P0C025	NUDT17	16
P0C091	FREM3	92
P0C263	SBK2	13
P0C5J1	FAM86B2	15
P0C5Y4	KRTAP1-4	0
P0C604	OR4A8	6
P0C617	OR5AL1	6
P0C623	OR4Q2	5
P0C628	OR5AC1	9
P0C629	OR10J4	9
P0C646	OR52Z1	9
P0C6A0	ZGLP1	11
P0C6S8	LINGO3	25
P0C7A2	FAM153B	11
P0C7H9	USP17L7	26
P0C7I0	USP17L8	23
P0C7I6	CCDC159	17
P0C7N1	OR8U8	9
P0C7N5	OR8U9	8
P0C7P4	UQCRFS1P1	14
P0C7Q2	ARMS2	6
P0C7Q6	SLC35G6	3
P0C7T2	OR2T7	10
P0C7T3	OR56A5	10
P0C7T4	HMSD	1
P0C7U1	ASAH2B	7
P0C7V7	SEC11B	8
P0C7X1	TBC1D3H	26
P0C860	MSL3B	21
P0C881	RSPH10B	41
P0CB38	PABPC4L	22
P0CF51	TRGC1	11
P0CG01	GKN3P	9
P0CG12	DERPC	23
P0CG22	DHRS4L1	14
P0CG34	TMSB15A	2
P0CG35	TMSB15B	2
P0CG36	CFC1B	9
P0CG40	SP9	17
P0CI26	TRIM49C	18
P0CJ72	MTRNR2L5	1
P0CJ79	ZNF888	45
P0CK97	SLC35E2A	16
P0CL82	GAGE12I	2
P0CW01	TSPY10	11
P0CW20	LIMS4	4
P0DJD0	RGPD1	84
P0DJD1	RGPD2	84
P0DKB5	TPBGL	21
P0DM35	MT1HL1	3
P0DMU2	OR8G3	5
P0DMU9	CT45A10	9
P0DN37	PPIAL4G	8
P0DN80	OR5H8	8
P0DN81	OR13C7	9
P0DN82	OR12D1	7
P0DOX2		21
P0DOX7		9
P0DOX8		10
P0DP01	IGHV1-8	6
P0DP02	IGHV3-30-3	7
P0DP03	IGHV3-30-5	7
P0DP04	IGHV3-43D	6
P0DP06	IGHV4-30-4	4
P0DP07	IGHV4-31	4
P0DP08	IGHV4-38-2	4
P0DP09	IGKV1-13	4
P0DP72	VSIG10L2	25
P0DP73	DEFB130B	4
P0DP74	DEFB130A	4
P0DPA2	VSIG8	13
P0DPB5	POLR1D	8
P0DPF3	NBPF9	46
P0DPF4	TRAV35	4
P0DPF7	TRBV6-3	6
P0DPQ6	DDIT3	2
P0DQD5	NPY4R2	7
P0DSN7	IGKV1D-37	5
P0DTE1	IGHV3-38-3	7
P0DTE2	IGHV8-51-1	7
P0DTL5	TMEM276	2
P0DTL6	ZFTRAF1	18
P0DTW1	GAGE1	2
P0DTW3	IGHV1-38-4	2
P0DUH7	HRURF	2
P0DV77	TPRX2	13
P0DW85	H2BN1	8
P0DX53	GOLGA8G	27
P0DXC1	SRSP	6
P0DY26	DEFB109D	5
P0DY57	RASAL2-AS1	4
P10075	GLI4	18
P11465	PSG2	18
P11844	CRYGA	9
P12525	MYCLP1	13
P15421	GYPE	2
P16415	ZNF823	34
P16562	CRISP2	10
P17017	ZNF14	38
P20962	PTMS	3
P29377	S100G	4
P31275	HOXC12	7
P33552	CKS2	4
P35410	MAS1L	10
P35542	SAA4	7
P42696	RBM34	26
P43359	MAGEA5P	3
P43362	MAGEA9	12
P43366	MAGEB1	19
P47881	OR3A1	7
P47884	OR1D4	6
P47944	MT4	3
P48741	HSPA7	20
P51523	ZNF84	44
P51786	ZNF157	28
P51861	CDR1	5
P52740	ZNF132	39
P52743	ZNF137P	10
P52943	CRIP2	6
P55822	SH3BGR	10
P56749	CLDN12	7
P57060	RWDD2B	15
P57723	PCBP4	13
P58170	OR1D5	7
P58180	OR4D2	9
P58181	OR10A3	6
P58417	NXPH1	15
P58511	SMIM11	2
P59536	TAS2R41	11
P59539	TAS2R45	10
P59541	TAS2R30	10
P59544	TAS2R50	9
P59551	TAS2R60	15
P59861	DEFB131A	5
P59922	OR2B8	2
P60673	PFN3	6
P60985	KRTDAP	3
P61129	ZC3H6	38
P61236	YPEL3	8
P61570	ERVK-25	23
P62502	LCN6	7
P62683	ERVK-21	26
P62685	ERVK-8	26
P63119	ERVK-21	5
P63120	ERVK-19	5
P63121	HERVK_113	5
P63122	ERVK-8	4
P63124	HERV-K104	4
P63125	ERVK-25	5
P63127	ERVK-9	4
P63129	ERVK-24	5
P63131	ERVK-7	5
P63302	SELENOW	4
P82664	MRPS10	12
P82909	KGD4	5
P84157	MXRA7	7
P86790	CCZ1B	31
Q008S8	ECT2L	53
Q02325	PLGLB1	6
Q03924	ZNF117	27
Q03938	ZNF90	34
Q05BV3	EML5	103
Q06250	WT1-AS	6
Q075Z2	BSPH1	5
Q08AF3	SLFN5	40
Q08AI6	SLC38A11	8
Q08AN1	ZNF616	45
Q09MP3	RAD51AP2	65
Q0P651	ABHD18	23
Q0P6D2	DIPK1C	18
Q0VAA5	PLCXD2	15
Q0VAF6	SYCN	4
Q0VDE8	ADIG	3
Q0VGE8	ZNF816	39
Q0Z7S8	FABP9	8
Q107X0	KLKP1	4
Q13046	PSG7	21
Q13066	GAGE2B	2
Q13069	GAGE5	2
Q13072	BAGE	3
Q13296	SCGB2A2	4
Q13536	MIR9-1HG	9
Q14146	URB2	66
Q14390	GGTLC2	6
Q14507	EDDM3A	8
Q14549	GBX1	12
Q14586	ZNF267	49
Q14588	ZNF234	43
Q14761	PTPRCAP	5
Q147U1	ZNF846	32
Q14DG7	TMEM132B	48
Q15032	R3HDM1	29
Q15270	NKX1-1	7
Q15434	RBMS2	10
Q15486	GUSBP1	6
Q15615	OR4D1	7
Q15619	OR1C1	3
Q15620	OR8B8	3
Q15622	OR7A5	5
Q16048	PMCHL1	4
Q16517	NNAT	4
Q16557	PSG3	22
Q16559	TAL2	4
Q16589	CCNG2	14
Q16609	LPAL2	8
Q16626	MEA1	5
Q17R55	FAM187B	18
Q17RC7	EXOC3L4	33
Q17RG1	KCTD19	51
Q1ED39	KNOP1	23
Q1KMD3	HNRNPUL2	34
Q1W4C9	SPINK13	2
Q1X8D7	LRRC36	35
Q1XH10	SKIDA1	37
Q1ZYL8	IZUMO4	11
Q2M218	ZNF630	43
Q2M296	MTHFSD	19
Q2M2W7	C17orf58	22
Q2M329	CFAP184	24
Q2M3V2	SOWAHA	26
Q2M3W8	ZNF181	30
Q2M5E4	RGS21	8
Q2QD12	RPEL1	6
Q2TAA2	IAH1	11
Q2TAA8	TSNAXIP1	43
Q2TAL5	SMTNL2	18
Q2TBF2	WSCD2	31
Q2TV78	MST1L	38
Q2VPJ9	LRRC75B	10
Q2VY69	ZNF284	31
Q2WGJ8	CATSPERQ	14
Q2WGN9	GAB4	23
Q309B1	TRIM16L	18
Q30KP9	DEFB135	6
Q30KQ1	DEFB133	4
Q30KQ4	DEFB116	5
Q30KQ5	DEFB115	6
Q30KQ8	DEFB112	7
Q30KR1	DEFB109B	4
Q32P51	HNRNPA1L2	15
Q3B7J2	GFOD2	16
Q3B7T3	BEAN1	6
Q3BBV2	NBPF8	40
Q3C1V8	BSX	7
Q3KNT7	NSUN5P1	9
Q3KNW1	SNAI3	15
Q3KP31	ZNF791	35
Q3KQV9	UAP1L1	28
Q3LI73	KRTAP19-4	4
Q3LI81	KRTAP27-1	5
Q3LI83	KRTAP24-1	9
Q3MIS6	ZNF528	36
Q3MIX3	ADCK5	34
Q3SXZ3	ZNF718	23
Q3ZCQ2	ANXA2R	9
Q3ZCT8	KBTBD12	30
Q3ZCW2	LGALSL	10
Q400G9	AMZ1	23
Q494X3	ZNF404	28
Q495B1	ANKDD1A	29
Q496H8	NRN1L	7
Q499Z3	SLFNL1	14
Q499Z4	ZNF672	24
Q49A92	C8orf34	31
Q49AA0	ZFP69	34
Q49AR2	C5orf22	15
Q4G0I0	UQCC4	10
Q4G0S7	CCDC152	16
Q4G0Z9	MCMDC2	38
Q4KMZ1	IQCC	24
Q4KMZ8	NKAIN1	5
Q4VC39	HIGD2B	1
Q4VXA5	KHDC1	8
Q4W5P6	SMIM43	3
Q502W7	CCDC38	29
Q504U0	C4orf46	3
Q50LG9	LRRC24	24
Q52LA3	LIN52	8
Q52LD8	RFTN2	25
Q52M58	LINC02914	7
Q52M93	ZNF585B	47
Q53EQ6	TIGD5	32
Q53FE4	C4orf17	20
Q53RY4	KRTCAP3	4
Q53S08	RAB6D	11
Q53S58	TMEM177	10
Q53S99	SLC19A4P	4
Q53SF7	COBLL1	60
Q58A44	PCOTH	4
Q58FF3	HSP90B2P	18
Q58FF6	HSP90AB4P	25
Q58FG0	HSP90AA5P	19
Q58FG1	HSP90AA4P	20
Q5BJE1	CCDC178	52
Q5BKY9	FAM133B	8
Q5BLP8	NICOL1	6
Q5CZA5	ZNF805	27
Q5EBL2	ZNF628	31
Q5EBM4	ZNF542P	11
Q5FYA8	ARSH	26
Q5GH70	XKR9	13
Q5GH73	XKR6	18
Q5GH77	XKR3	20
Q5H913	ARL13A	15
Q5H9K5	ZMAT1	28
Q5H9M0	PWWP3B	34
Q5H9R4	ARMCX4	105
Q5HY98	ZNF766	23
Q5HYK9	ZNF667	37
Q5HYR2	DMRTC1	5
Q5I0G3	MDH1B	27
Q5I0X7	TTC32	5
Q5JNZ3	ZNF311	34
Q5JPF3	ANKRD36C	100
Q5JPI3	C3orf38	16
Q5JQF8	PABPC1L2A	10
Q5JQS5	OR2B11	4
Q5JQS6	GCSAML	7
Q5JRC9	FAM47A	41
Q5JRS4	OR10J3	10
Q5JRV8	TMEM255A	10
Q5JS37	NHLRC3	13
Q5JS54	PSMG4	7
Q5JSJ4	INTS6L	49
Q5JTD7	LRRC73	7
Q5JU67	CFAP157	33
Q5JUK9	PAGE3	4
Q5JV73	FRMPD3	85
Q5JVG2	ZNF484	47
Q5JVG8	ZNF506	26
Q5JX69	FAM209B	12
Q5MCW4	ZNF569	41
Q5PT55	SLC10A5	17
Q5R387	PLA2G2C	7
Q5SNV9	C1orf167	66
Q5SRH9	TTC39A	30
Q5SV17	TMEM240	6
Q5SV97	PERM1	25
Q5SVQ8	ZBTB41	43
Q5SWX8	ODR4	24
Q5SXM1	ZNF678	33
Q5SY68	S100A7L2	8
Q5SYE7	NHSL1	58
Q5SZD1	C6orf141	15
Q5SZD4	GLYATL3	15
Q5SZI1	LDLRAD2	7
Q5T035	FAM120A2P	6
Q5T0B9	ZNF362	19
Q5T1A1	DCST2	30
Q5T1J5	CHCHD2P9	4
Q5T1S8	NCMAP	3
Q5T292	TMEM273	7
Q5T3I0	GPATCH4	27
Q5T4T1	TMEM170B	3
Q5T5D7	ZNF684	19
Q5T5J6	SWT1	46
Q5T5S1	CCDC183	32
Q5T681	C10orf62	9
Q5T764	IFIT1B	32
Q5T7M9	DIPK1A	22
Q5T9S5	CCDC18	80
Q5TAG4	NBPF12	68
Q5TC63	GRTP1	17
Q5TEA3	DNAAF9	54
Q5TF21	MTCL3	59
Q5TFE4	NT5DC1	22
Q5TFG8	ZC2HC1B	12
Q5TG30	ARHGAP40	31
Q5TGI4	SAMD5	8
Q5TGS1	HES3	10
Q5TGY1	TMCO4	26
Q5THK1	PRR14L	114
Q5TI25	NBPF14	128
Q5TIE3	VWA5B1	59
Q5TYX0	PRAMEF5	27
Q5TZ20	OR2G6	9
Q5TZJ5	SPATA31A1	58
Q5U3C3	TMEM164	11
Q5UAW9	GPR157	12
Q5VIY5	ZNF468	32
Q5VSG8	MANEAL	14
Q5VT79	ANXA8L1	19
Q5VTL8	PRPF38B	17
Q5VTM2	AGAP9	26
Q5VTU8	ATP5F1EP2	3
Q5VU69	CFAP141	6
Q5VUD6	DIPK1B	18
Q5VUJ5	AGAP7P	25
Q5VUJ6	LRCH2	37
Q5VUY0	AADACL3	18
Q5VV52	ZNF691	14
Q5VVC0	SPO16	10
Q5VVM6	CCDC30	42
Q5VW22	AGAP6	26
Q5VWI1	TCERG1L	20
Q5VWK0	NBPF6	27
Q5VX52	SPATA1	19
Q5VXM1	CDCP2	18
Q5VXU3	CHIC1	10
Q5VYM1	SPATA31G1	44
Q5VYV0	FOXB2	10
Q5VYV7	SLX4IP	22
Q5VZ03	NXNL2	9
Q5VZ19	TDRD10	21
Q5VZ46	KIAA1614	57
Q5VZ66	JAKMIP3	45
Q5VZ72	IZUMO3	12
Q5VZI3	TMEM268	8
Q5VZR4	SLC71A3P	5
Q5W0A0	ERICH6B	33
Q5W0B7	TMEM236	13
Q5W0V3	FHIP2A	37
Q5W186	CST9	4
Q5W5W9	RESP18	7
Q5XG99	LYSMD4	13
Q5XKK7	FAM219B	9
Q5XKR9	VCF2	4
Q5XUX1	FBXW9	24
Q63HM2	PCNX4	43
Q63HM9	PLCXD3	12
Q63ZE4	SLC22A10	19
Q64ET8	FRG2	12
Q658K8	EEF1DP3	4
Q658L1	SAXO2	23
Q658N2	WSCD1	32
Q68CR1	SEL1L3	49
Q68DI1	ZNF776	28
Q68DY9	ZNF772	21
Q69YL0	NCBP2AS2	6
Q69YU3	ANKRD34A	23
Q6AHZ1	ZNF518A	72
Q6AI08	HEATR6	50
Q6AI12	ANKRD40	15
Q6AW86	ZNF324B	30
Q6B0B8	TIGD3	28
Q6BEB4	SP5	14
Q6DD87	ZNF787	14
Q6DHV5	CC2D2B	65
Q6DKI1	RPL7L1	14
Q6EBC2	IL31	8
Q6EEV4	POLR2M	7
Q6EKJ0	GTF2IRD2B	45
Q6GPI1	CTRB2	10
Q6ICC9	RTL6	12
Q6ICG6	KIAA0930	23
Q6ICH7	ASPHD2	17
Q6IE38	SPINK14	1
Q6IEE8	SLFN12L	29
Q6IEU7	OR5M10	6
Q6IEV9	OR4C11	7
Q6IEY1	OR4F3	5
Q6IEZ7	OR2T5	9
Q6IF00	OR2T2	9
Q6IF36	OR8G2P	4
Q6IF42	OR2A2	8
Q6IF63	OR52W1	6
Q6IF82	OR4A47	5
Q6IF99	OR10K2	5
Q6IFG1	OR52E8	11
Q6IFH4	OR6B2	8
Q6IFN5	OR7E24	9
Q6IN97	FRMPD2B	17
Q6IPT2	GARIN5A	11
Q6IPX1	TBC1D3C	26
Q6IPX3	TCEAL6	13
Q6IQ21	ZNF770	31
Q6IS14	EIF5AL1	8
Q6JVE6	LCN10	10
Q6JVE9	LCN8	7
Q6L8G5	KRTAP5-10	6
Q6MZZ7	CAPN13	33
Q6NSI8	SANBR	35
Q6NSJ2	PHLDB3	29
Q6NSW5	DENND10P1	19
Q6NT04	TIGD7	30
Q6NT52	CGB2	10
Q6NT89	TRNP1	10
Q6NV75	GPR153	21
Q6NVV3	NIPAL1	10
Q6NVV9	ADAM5	22
Q6NW29	RWDD4	6
Q6NX49	ZNF544	42
Q6NXP2	GARIN1A	6
Q6NXT1	ANKRD54	13
Q6NZ63	STEAP1B	10
Q6P093	AADACL2	22
Q6P161	MRPL54	5
Q6P280	ZNF529	30
Q6P3V2	ZNF585A	46
Q6P474	PDXDC2P	20
Q6P5X7	TMEM71	10
Q6P6B1	ERICH5	23
Q6P6B7	ANKRD16	21
Q6P995	FAM171B	38
Q6P9A1	ZNF530	34
Q6P9A3	ZNF549	30
Q6P9G0	CYB5D1	8
Q6PCB5	RSBN1L	36
Q6PDA7	SPAG11A	8
Q6PEW0	PRSS54	16
Q6PEX7	TEX38	9
Q6PF15	KLHL35	30
Q6PG37	ZNF790	28
Q6PH81	C16orf87	7
Q6PI47	KCTD18	16
Q6PI97	HOATZ	11
Q6PID6	TTC33	14
Q6PII5	HAGHL	16
Q6PJE2	POMZP3	11
Q6PK04	CCDC137	13
Q6PK81	ZNF773	28
Q6PP77	XKRX	18
Q6Q6R5	CRIP3	8
Q6S545	POTEH	24
Q6S5H5	POTEG	21
Q6S8J7	POTEA	23
Q6T423	SLC22A25	16
Q6TFL3	CCDC171	87
Q6U949	IGF2-AS	8
Q6UE05	TMEM270	7
Q6UQ28	PLET1	9
Q6URK8	SPMIP8	14
Q6UW01	CBLN3	7
Q6UW02	CYP20A1	27
Q6UW10	SFTA2	4
Q6UW49	SPESP1	14
Q6UWE3	CLPSL2	5
Q6UWF7	NXPE4	26
Q6UWI4	SHISA2	12
Q6UWJ8	CD164L2	8
Q6UWN0	LYPD4	14
Q6UWN8	SPINK6	1
Q6UWP8	SBSN	32
Q6UWQ5	LYZL1	3
Q6UWS5	PET117	3
Q6UWU2	GLB1L	31
Q6UWV7	SHISAL2A	3
Q6UWX4	HHIPL2	32
Q6UWY5	OLFML1	22
Q6UX52	C17orf99	13
Q6UX68	XKR5	25
Q6UX72	B3GNT9	19
Q6UX82	LYPD8	8
Q6UXB1	IGFL3	5
Q6UXB3	LYPD2	3
Q6UXD7	SLC49A3	13
Q6UXF7	CLEC18B	21
Q6UXN7	TOMM20L	7
Q6UXT6	OR9H1	2
Q6UXV1	IZUMO2	11
Q6UXY8	TMC5	38
Q6UY01	LRRC31	25
Q6UY18	LINGO4	20
Q6UY27	PATE2	7
Q6V702	CFAP299	11
Q6V9R5	ZNF562	25
Q6XE38	SCGB1D4	2
Q6Y2X3	DNAJC14	31
Q6ZMB5	TMEM184A	15
Q6ZMV5	PPP4R3C	38
Q6ZMW2	ZNF782	29
Q6ZMW3	EML6	110
Q6ZMY6	WDR88	30
Q6ZMY9	ZNF517	23
Q6ZN01	MAMSTR	11
Q6ZN06	ZNF813	40
Q6ZN19	ZNF841	51
Q6ZN32	ETV3L	15
Q6ZN68	DPY19L2P2	16
Q6ZN79	ZNF705A	16
Q6ZN84	CCDC81	38
Q6ZNA1	ZNF836	59
Q6ZNA5	FRRS1	26
Q6ZNC4	ZNF704	16
Q6ZNF0	ACP7	19
Q6ZNG1	ZNF600	42
Q6ZNG2	DBX2	12
Q6ZNG9	KRABD2	22
Q6ZNI0	GCNT7	23
Q6ZNM6	SPMIP10	7
Q6ZNR0	TMEM91	6
Q6ZP01	RBM44	60
Q6ZPB5	SDIM1	6
Q6ZQQ6	WDR87	143
Q6ZQV5	ZNF788P	2
Q6ZR52	ZNF493	38
Q6ZR62	RTL4	8
Q6ZRF7	ZNF818P	8
Q6ZRR5	TLCD5	5
Q6ZRS4	ITPRID1	48
Q6ZS11	RINL	27
Q6ZS30	NBEAL1	124
Q6ZS82	RGS9BP	12
Q6ZS86	GK5	24
Q6ZSI9	CAPN12	31
Q6ZSS3	ZNF621	19
Q6ZT07	TBC1D9	63
Q6ZTA4	TRIM67	37
Q6ZU67	BEND4	26
Q6ZU69	SPATA31F1	51
Q6ZUJ4	C3orf62	13
Q6ZUK4	TMEM26	17
Q6ZUS6	CCDC149	25
Q6ZUT6	CCDC9B	24
Q6ZUV0	ACOT7L	12
Q6ZUX3	TOGARAM2	57
Q6ZV50	RFX8	31
Q6ZV89	SH2D5	21
Q6ZVC0	NYAP1	39
Q6ZVF9	GPRIN3	38
Q6ZVL6	KIAA1549L	61
Q6ZVT6	CFAP20DC	29
Q6ZVZ8	ASB18	24
Q6ZWB6	KCTD8	18
Q6ZWE6	PLEKHM3	37
Q719I0	AHSA2P	18
Q71RC9	SMIM5	2
Q75NE6	MIR17HG	4
Q75VX8	GAREM2	40
Q765I0	UTS2B	5
Q76G19	PDZD4	35
Q76KD6	SPATC1	16
Q76KX8	ZNF534	33
Q7L0X2	ERICH6	31
Q7L211	ABHD13	17
Q7L311	ARMCX2	21
Q7L4S7	ARMCX6	13
Q7L945	ZNF627	22
Q7L985	LINGO2	24
Q7RTS6	OTOP2	14
Q7RTT3	SSX9P	11
Q7RTT4	SSX8P	11
Q7RTT5	SSX7	10
Q7RTT6	SSX6P	9
Q7RTU0	TCF24	11
Q7RTV5	PRXL2C	10
Q7RTX9	SLC16A14	12
Q7RTY3	PRSS45P	11
Q7Z2Q7	LRRC70	31
Q7Z2Y8	GVINP1	115
Q7Z304	MAMDC2	32
Q7Z309	PABIR2	10
Q7Z388	DPY19L4	27
Q7Z3E2	CCDC186	51
Q7Z3J3	RGPD4	88
Q7Z3V5	ZNF571	38
Q7Z422	SZRD1	8
Q7Z4H9	FAM220A	8
Q7Z4L0	COX8C	2
Q7Z4L9	PPP1R42	16
Q7Z4R8	C6orf120	4
Q7Z4S9	SH2D6	16
Q7Z4W2	LYZL2	3
Q7Z4Y8	ATP5MGL	4
Q7Z572	SPATA21	20
Q7Z5A4	PRSS42P	12
Q7Z5A8	TAFA3	4
Q7Z5A9	TAFA1	4
Q7Z5J8	ANKAR	69
Q7Z5L0	VMO1	9
Q7Z5L3	C1QL2	13
Q7Z5L4	SPATA19	8
Q7Z5S9	TMEM144	6
Q7Z5Y7	KCTD20	19
Q7Z6K4	NRARP	3
Q7Z6M2	FBXO33	20
Q7Z6W1	TMCO2	7
Q7Z6W7	DNAJB7	10
Q7Z713	ANKRD37	7
Q7Z736	PLEKHH3	37
Q7Z7B8	DEFB128	5
Q7Z7J9	CAMK2N1	4
Q7Z7K2	ZNF467	20
Q86SI9	IRX2-DT	7
Q86SM5	MRGPRG	9
Q86T20	SMIM29	3
Q86T29	ZNF605	35
Q86T75	NBPF11	38
Q86TA1	MOB3B	9
Q86TE4	LUZP2	18
Q86UF2	CTAGE6	40
Q86V35	CABP7	11
Q86V59	PNMA8A	17
Q86V71	ZNF429	36
Q86V87	FHIP2B	32
Q86V88	MDP1	11
Q86VE3	SATL1	29
Q86VG3	IFTAP	7
Q86VQ1	GLCCI1	23
Q86VR8	FJX1	19
Q86VS3	IQCH	42
Q86VU5	COMTD1	13
Q86VY9	TMEM200A	22
Q86VZ2	WDR5B	14
Q86W25	NLRP13	52
Q86WR6	CHCT1	9
Q86WR7	PROSER2	20
Q86WT1	IFT70A	35
Q86WZ6	ZNF227	51
Q86XA9	HEATR5A	94
Q86XD8	ZFAND4	35
Q86XG9	NBPF5P	18
Q86XN6	ZNF761	48
Q86XS5	ANGPTL5	16
Q86XU0	ZNF677	35
Q86XZ4	SPATS2	28
Q86YB7	ECHDC2	14
Q86YG4	NT5DC4	18
Q86YN1	DOLPP1	8
Q86YQ2	BPIFA4P	3
Q86YR6	POTED	29
Q8IUA0	WFDC8	15
Q8IUB2	WFDC3	15
Q8IUB3	WFDC10B	3
Q8IUB5	WFDC13	4
Q8IUF1	ZNG1B	17
Q8IUH2	CREG2	12
Q8IUL8	CILP2	60
Q8IUS5	EPHX4	20
Q8IV03	LURAP1L	8
Q8IV33	KIAA0825	72
Q8IV35	CFAP337	52
Q8IV38	ANKMY2	23
Q8IV42	PSTK	19
Q8IV50	LYSMD2	10
Q8IVA1	PCP2	7
Q8IVC4	ZNF584	24
Q8IVF6	ANKRD18A	54
Q8IVN3	MUSTN1	3
Q8IVN8	SBSPON	13
Q8IVU1	IGDCC3	28
Q8IVU9	CABCOCO1	11
Q8IVV8	NKAIN4	3
Q8IVY1	C1orf210	3
Q8IW50	FAM219A	8
Q8IW92	GLB1L2	24
Q8IWB4	SPATA31A7	57
Q8IX94	CTAGE4	40
Q8IXE1	OR4N5	7
Q8IXF9	AQP12A	9
Q8IXM7	CIMAP1C	14
Q8IXQ4	GPALPP1	15
Q8IXT2	DMRTC2	15
Q8IXT5	RBM12B	71
Q8IXX5	TMEM183A	14
Q8IY51	TIGD4	29
Q8IY85	EFCAB13	56
Q8IYA7	MKX	22
Q8IYB9	ZNF595	38
Q8IYK2	TEKTL1	33
Q8IYL3	C1orf174	7
Q8IYM0	FAM186B	57
Q8IYN0	ZNF100	33
Q8IYP2	PRSS58	11
Q8IYS2	KIAA2013	20
Q8IYS8	BOD1L2	11
Q8IZ02	LRRC34	22
Q8IZ13	ZBED8	28
Q8IZ16	SPACDR	10
Q8IZ40	RCOR2	25
Q8IZ81	ELMOD2	15
Q8IZD0	SAMD14	20
Q8IZM8	ZNF654	48
Q8IZN7	DEFB107A	3
Q8IZP2	ST13P4	11
Q8IZP6	RNF113B	18
Q8IZP7	HS6ST3	25
Q8IZU2	WDR17	63
Q8IZY5	BLID	6
Q8N0U6	LINC00518	5
Q8N0U7	C1orf87	28
Q8N0V4	LGI2	30
Q8N0Y3	OR4N4	10
Q8N0Y5	OR8I2	4
Q8N0Z2	ABRA	22
Q8N0Z9	VSIG10	12
Q8N127	OR5AS1	6
Q8N129	CNPY4	11
Q8N141	ZFP82	30
Q8N146	OR8H3	6
Q8N148	OR6V1	10
Q8N162	OR8H2	6
Q8N184	ZNF567	41
Q8N1A6	C4orf33	9
Q8N1D5	CFAP107	13
Q8N1E2	LYG1	8
Q8N1L4	CYP4Z2P	18
Q8N1N0	CLEC4F	32
Q8N1W2	ZNF710	22
Q8N228	SCML4	20
Q8N283	ANKRD35	54
Q8N2E2	VWDE	65
Q8N2I2	ZNF619	30
Q8N2X6	EXOC3-AS1	8
Q8N328	PGBD3	24
Q8N336	ELMOD1	15
Q8N349	OR2L13	9
Q8N3F9	GPR137C	10
Q8N3H0	TAFA2	7
Q8N3R3	TCAIM	22
Q8N3S3	PHTF2	27
Q8N3T6	TMEM132C	55
Q8N3Z0	PRSS35	17
Q8N3Z3	GTPBP8	17
Q8N434	SVOPL	19
Q8N456	LRRC18	14
Q8N468	SLC60A1	14
Q8N4B4	FBXO39	22
Q8N4E4	PDCL2	15
Q8N4F7	RNF175	17
Q8N4H0	SPATA6L	22
Q8N4S0	CCDC82	23
Q8N4V2	SVOP	17
Q8N567	ZCCHC9	17
Q8N584	TTC39C	30
Q8N587	ZNF561	27
Q8N5J4	SPIC	10
Q8N5N7	MRPL50	9
Q8N5T2	TBC1D19	23
Q8N5U1	MS4A15	4
Q8N5W9	RFLNB	6
Q8N5X7	EIF4E3	10
Q8N660	NBPF15	27
Q8N687	DEFB125	4
Q8N688	DEFB123	4
Q8N699	MYCT1	7
Q8N6M5	ALLC	26
Q8N6M8	IQCF1	10
Q8N6M9	ZFAND2A	10
Q8N6N3	C1orf52	9
Q8N6N6	NATD1	7
Q8N6N7	ACBD7	6
Q8N6Y2	LRRC17	22
Q8N782	ZNF525	32
Q8N7C4	TMEM217	12
Q8N7C7	RNF148	14
Q8N7F7	UBL4B	10
Q8N7G0	POU5F2	18
Q8N7M0	DYNLT5	11
Q8N7P3	CLDN22	5
Q8N7Q3	ZNF676	33
Q8N7S2	DNAJC5G	9
Q8N7X1	RBMXL3	61
Q8N7X2	STPG3	23
Q8N7Z5	ANKRD31	97
Q8N801	STPG4	15
Q8N808	SLC35G3	5
Q8N815	CNTD1	13
Q8N878	FRMD1	33
Q8N8F7	LSMEM1	6
Q8N8M0	NAT16	16
Q8N8R5	C2orf69	22
Q8N8U3	RTL3	7
Q8N8Z6	DCBLD1	34
Q8N944	AMER3	33
Q8N957	ANKFN1	45
Q8N961	ABTB2	46
Q8N972	ZNF709	37
Q8N998	CCDC89	24
Q8N9B8	RASGEF1A	23
Q8N9C0	IGSF22	45
Q8N9F8	ZNF454	27
Q8N9K5	ZNF565	38
Q8N9N7	LRRC57	14
Q8N9T8	KRI1	26
Q8N9U0	TC2N	28
Q8N9V2	TRIML1	20
Q8N9V7	TOPAZ1	92
Q8N9W8	GARIN2	19
Q8N9Y4	FAM181A	15
Q8N9Z0	ZNF610	27
Q8N9Z9	LMNTD1	19
Q8NA23	WDR31	17
Q8NA47	CCDC63	28
Q8NA69	SAXO5	28
Q8NA92	THAP8	10
Q8NAA5	LRRC75A	18
Q8NAB2	KBTBD3	36
Q8NB42	ZNF527	41
Q8NB46	ANKRD52	37
Q8NB50	ZFP62	47
Q8NBE8	KLHL23	30
Q8NBP5	SLC67A2	16
Q8NC74	RBBP8NL	31
Q8NCI6	GLB1L3	39
Q8NCL8	TMEM116	7
Q8NCL9	APCDD1L	20
Q8NCN5	PDPR	46
Q8NCQ5	FBXO15	23
Q8NCR9	CLRN3	4
Q8NCT3	MATCAP2	29
Q8NCX0	CCDC150	56
Q8ND61	C3orf20	34
Q8NDB6	FAM156A	4
Q8NDW4	ZNF248	33
Q8NDX6	ZNF740	13
Q8NDY3	ADPRHL1	16
Q8NDY6	BHLHE23	9
Q8NDZ0	BEND2	27
Q8NDZ6	TMEM161B	21
Q8NE00	SLC38A12	16
Q8NE18	NSUN7	40
Q8NE22	SETD9	16
Q8NE65	ZNF738	23
Q8NEA5	C19orf18	10
Q8NEG5	ZSWIM2	41
Q8NEG7	DENND6B	28
Q8NEK5	ZNF548	30
Q8NEM1	ZNF680	27
Q8NEP7	KLHDC9	20
Q8NES8	DEFB124	3
Q8NEW7	TMIE	4
Q8NFI4	ST13P5	14
Q8NFQ5	BPIFB6	23
Q8NFQ6	BPIFC	21
Q8NFR7	CCDC148	27
Q8NFU4	FDCSP	2
Q8NFV5	SPDYE1	17
Q8NFZ6	VN1R2	13
Q8NG35	DEFB105A	2
Q8NG41	NPB	5
Q8NG75	OR5T1	4
Q8NG76	OR2T33	10
Q8NG77	OR2T12	10
Q8NG78	OR8G5	9
Q8NG80	OR2L5	9
Q8NG81	OR2M7	5
Q8NG83	OR2M3	8
Q8NG84	OR2AK2	10
Q8NG85	OR2L3	7
Q8NG92	OR13H1	8
Q8NG94	OR11H1	7
Q8NG95	OR7G3	5
Q8NG97	OR2Z1	7
Q8NG99	OR7G2	8
Q8NGA1	OR1M1	9
Q8NGA2	OR7A2P	4
Q8NGA5	OR10H4	6
Q8NGA6	OR10H5	11
Q8NGA8	OR4F17	6
Q8NGB2	OR4C5	6
Q8NGB4	OR4S1	6
Q8NGB6	OR4M2	7
Q8NGB8	OR4F15	6
Q8NGB9	OR4F6	8
Q8NGC1	OR11G2	9
Q8NGC2	OR4E2	7
Q8NGC3	OR10G2	8
Q8NGC5	OR6J1	10
Q8NGC6	OR4K17	4
Q8NGC7	OR11H6	7
Q8NGC9	OR11H4	7
Q8NGD1	OR4N2	9
Q8NGD2	OR4K2	2
Q8NGD3	OR4K5	6
Q8NGD4	OR4K1	5
Q8NGD5	OR4K14	6
Q8NGE0	OR10AD1	5
Q8NGE1	OR6C4	7
Q8NGE2	OR2AP1	9
Q8NGE5	OR10A7	8
Q8NGE7	OR9K2	12
Q8NGE8	OR4D9	5
Q8NGE9	OR9Q2	9
Q8NGF0	OR52B6	8
Q8NGF1	OR52R1	12
Q8NGF3	OR51D1	9
Q8NGF4	OR5AP2	8
Q8NGF6	OR10W1	3
Q8NGF7	OR5B17	6
Q8NGF8	OR4B1	4
Q8NGF9	OR4X2	6
Q8NGG0	OR8J3	8
Q8NGG1	OR8J2	7
Q8NGG2	OR5T2	6
Q8NGG3	OR5T3	4
Q8NGG4	OR8H1	8
Q8NGG5	OR8K1	9
Q8NGG6	OR8B12	3
Q8NGG7	OR8A1	4
Q8NGG8	OR8B3	5
Q8NGH3	OR2D3	8
Q8NGH5	OR56A1	9
Q8NGH6	OR52L2P	11
Q8NGH8	OR56A4	11
Q8NGH9	OR52E4	9
Q8NGI0	OR52N2	9
Q8NGI1	OR56B2	11
Q8NGI3	OR56B1	10
Q8NGI4	OR4D11	6
Q8NGI6	OR4D10	7
Q8NGI7	OR10V1	2
Q8NGI9	OR5A2	9
Q8NGJ0	OR5A1	4
Q8NGJ1	OR4D6	8
Q8NGJ2	OR52H1	8
Q8NGJ3	OR52E1	6
Q8NGJ4	OR52E2	10
Q8NGJ5	OR51L1	8
Q8NGJ6	OR51A4	10
Q8NGJ7	OR51A2	9
Q8NGJ8	OR51S1	3
Q8NGJ9	OR51T1	8
Q8NGK0	OR51G2	12
Q8NGK1	OR51G1	9
Q8NGK3	OR52K2	9
Q8NGK4	OR52K1	8
Q8NGK5	OR52M1	10
Q8NGK6	OR52I1	6
Q8NGK9	OR5D16	5
Q8NGL0	OR5L2	8
Q8NGL1	OR5D18	7
Q8NGL2	OR5L1	8
Q8NGL3	OR5D14	9
Q8NGL4	OR5D13	7
Q8NGL6	OR4A15	8
Q8NGL7	OR4P4	5
Q8NGL9	OR4C16	7
Q8NGM1	OR4C15	5
Q8NGM8	OR6M1	11
Q8NGN0	OR4D5	7
Q8NGN1	OR6T1	11
Q8NGN2	OR10S1	9
Q8NGN4	OR10G9	8
Q8NGN5	OR10G8	8
Q8NGN6	OR10G7	7
Q8NGN7	OR10D4P	6
Q8NGN8	OR4A4P	5
Q8NGP0	OR4C13	7
Q8NGP2	OR8J1	9
Q8NGP3	OR5M9	6
Q8NGP4	OR5M3	11
Q8NGP6	OR5M8	7
Q8NGP8	OR5M1	6
Q8NGP9	OR5AR1	3
Q8NGQ1	OR9G4	8
Q8NGQ2	OR6Q1	7
Q8NGQ3	OR1S2	3
Q8NGQ4	OR10Q1	5
Q8NGQ5	OR9Q1	7
Q8NGQ6	OR9I1	8
Q8NGR1	OR13A1	5
Q8NGR3	OR1K1	6
Q8NGR4	OR5C1	9
Q8NGR5	OR1L4	7
Q8NGR8	OR1L8	10
Q8NGR9	OR1N2	4
Q8NGS0	OR1N1	4
Q8NGS1	OR1J4	3
Q8NGS3	OR1J1	6
Q8NGS4	OR13F1	7
Q8NGS5	OR13C4	10
Q8NGS6	OR13C3	10
Q8NGS7	OR13C8	6
Q8NGS9	OR13C2	9
Q8NGT0	OR13C9	9
Q8NGT1	OR2K2	5
Q8NGT2	OR13J1	8
Q8NGT5	OR9A2	7
Q8NGT7	OR2A12	11
Q8NGT9	OR2A1	10
Q8NGU1	OR9A1P	10
Q8NGU2	OR9A4	6
Q8NGU4	OR2I1	11
Q8NGU9	GPR150	18
Q8NGV0	OR2Y1	5
Q8NGV5	OR13D1	3
Q8NGV7	OR5H2	5
Q8NGW1	OR6B3	9
Q8NGX0	OR11L1	7
Q8NGX1	OR2T34	7
Q8NGX2	OR2T35	9
Q8NGX5	OR10K1	9
Q8NGX6	OR10R2	7
Q8NGX8	OR6Y1	9
Q8NGX9	OR6P1	6
Q8NGY1	OR10Z1	8
Q8NGY2	OR6K2	6
Q8NGY5	OR6N1	7
Q8NGY6	OR6N2	10
Q8NGY7	OR10J6P	7
Q8NGY9	OR2L8	6
Q8NGZ0	OR2AJ1	10
Q8NGZ2	OR14K1	7
Q8NGZ3	OR13G1	5
Q8NGZ4	OR2G3	4
Q8NGZ5	OR2G2	9
Q8NGZ6	OR6F1	5
Q8NGZ9	OR2T10	9
Q8NH00	OR2T4	9
Q8NH01	OR2T11	8
Q8NH02	OR2T29	9
Q8NH03	OR2T3	6
Q8NH04	OR2T27	12
Q8NH05	OR4Q3	5
Q8NH06	OR1P1	10
Q8NH07	OR11H2	6
Q8NH08	OR10AC1	11
Q8NH09	OR8S1	13
Q8NH16	OR2L2	8
Q8NH18	OR5J2	10
Q8NH37	OR4C3	5
Q8NH40	OR6S1	10
Q8NH41	OR4K15	10
Q8NH42	OR4K13	5
Q8NH49	OR4X1	9
Q8NH50	OR8K5	7
Q8NH51	OR8K3	8
Q8NH53	OR52N1	5
Q8NH54	OR56A3	9
Q8NH55	OR52E5	10
Q8NH56	OR52N5	10
Q8NH57	OR52P1	8
Q8NH60	OR52J3	7
Q8NH61	OR51F2	9
Q8NH63	OR51H1	11
Q8NH64	OR51A7	12
Q8NH67	OR52I2	7
Q8NH70	OR4A16	6
Q8NH72	OR4C6	8
Q8NH73	OR4S2	6
Q8NH74	OR10A6	6
Q8NH76	OR56B4	9
Q8NH79	OR6X1	5
Q8NH80	OR10D3	8
Q8NH81	OR10G6	8
Q8NH83	OR4A5	5
Q8NH89	OR5AK3P	4
Q8NH90	OR5AK2	5
Q8NH93	OR1L3	10
Q8NH95	OR13C6P	4
Q8NHA4	OR2AE1	9
Q8NHA6	OR2W6P	3
Q8NHA8	OR1F12P	4
Q8NHB1	OR2V1	6
Q8NHB7	OR5K1	10
Q8NHB8	OR5K2	10
Q8NHC5	OR14A16	5
Q8NHC6	OR14L1	5
Q8NHC7	OR14C36	8
Q8NHR9	PFN4	6
Q8NHS4	CLHC1	36
Q8NHU0	CT45A3	9
Q8NHV5	MOSMO	2
Q8NHW5	RPLP0P6	14
Q8NHW6	OTOS	1
Q8NHY5	HUS1B	13
Q8TA94	ZNF563	27
Q8TAA1	RNASE11	14
Q8TAF7	ZNF461	33
Q8TAI1	TYMSOS	7
Q8TAU0	NKX2-3	12
Q8TAV0	FAM76A	17
Q8TAV5	KCNJ5-AS1	6
Q8TAW3	ZNF671	29
Q8TB22	SPATA20	45
Q8TB69	ZNF519	31
Q8TBR7	TLCD3A	13
Q8TC17	GRAPL	8
Q8TC99	FNDC8	15
Q8TCB0	IFI44	26
Q8TCN5	ZNF507	45
Q8TCP9	ZBED8L	27
Q8TD55	PLEKHO2	21
Q8TDU5	VN1R17P	7
Q8TE96	DQX1	33
Q8TEE9	SAP25	7
Q8TEQ0	SNX29	41
Q8TF08	COX7B2	4
Q8TF20	ZNF721	56
Q8TF27	AGAP11	23
Q8TF32	ZNF431	35
Q8TF44	C2CD4C	21
Q8TF61	FBXO41	41
Q8WTP9	XAGE3	6
Q8WTR8	NTN5	24
Q8WTU2	SSC4D	25
Q8WU76	SCFD2	29
Q8WUD4	CCDC12	9
Q8WUH6	TMEM263	6
Q8WUJ1	CYB5D2	13
Q8WUR7	C15orf40	5
Q8WUS8	SDR42E1	17
Q8WUT9	SLC25A43	12
Q8WUY8	NAT14	8
Q8WUY9	DEPDC1B	32
Q8WV15	TMEM255B	5
Q8WVC6	DCAKD	13
Q8WVE6	TMEM171	9
Q8WVI7	PPP1R1C	6
Q8WVL7	ANKRD49	9
Q8WW18	C17orf50	10
Q8WW27	APOBEC4	10
Q8WW32	HMGB4	8
Q8WW33	GTSF1	10
Q8WW36	ZCCHC13	7
Q8WW52	FAM151A	22
Q8WW62	TMED6	7
Q8WWA1	TMEM40	7
Q8WWU7	ITLN2	18
Q8WWX0	ASB5	10
Q8WX39	LCN9	8
Q8WXF5	CRYGN	8
Q8WXJ9	ASB17	17
Q8WXT5	FOXD4L4	21
Q8WZ33	MAFIP	5
Q8WZ71	TMEM158	7
Q8WZA0	LZIC	10
Q92576	PHF3	94
Q92670	ZNF75CP	23
Q93083	MT1L	3
Q969E1	LEAP2	4
Q969M1	TOMM40L	13
Q969M2	GJA10	21
Q969Q0	RPL36AL	4
Q969W3	VCF1	5
Q969Y0	NXPE3	26
Q96AM1	MRGPRF	9
Q96AQ9	FAM131C	10
Q96B33	CLDN23	9
Q96B45	BORCS7	6
Q96BJ8	ELMO3	33
Q96BM0	IFI27L1	2
Q96BQ1	FAM3D	14
Q96BQ5	CCDC127	14
Q96C34	RUNDC1	31
Q96C57	CUSTOS	14
Q96C90	PPP1R14B	5
Q96CD0	FBXL8	19
Q96CS4	ZNF689	25
Q96CT2	KLHL29	32
Q96DC7	TMCO6	13
Q96DD0	LRRC39	18
Q96DL1	NXPE2	26
Q96DS6	MS4A6E	2
Q96E16	SMIM19	3
Q96E66	LRRC51	8
Q96EH5	RPL39L	1
Q96EI5	TCEAL4	14
Q96EK2	PHF21B	21
Q96EL2	MRPS24	10
Q96ES6	SLC33A2	10
Q96ET8	TVP23C	17
Q96EZ4	MYEOV	17
Q96F63	CCDC97	15
Q96FB5	METTL25B	25
Q96FV0	LRRC46	16
Q96G27	WBP1	4
Q96GE5	ZNF799	38
Q96GT9	XAGE2	7
Q96GU1	PAGE5	8
Q96H12	MSANTD3	11
Q96H40	ZNF486	28
Q96H79	ZC3HAV1L	14
Q96HA4	C1orf159	14
Q96HP4	OXNAD1	22
Q96HV5	TMEM41A	9
Q96IC2	REXO5	34
Q96IM9	DYDC2	10
Q96JF6	ZNF594	53
Q96JM4	LRRIQ1	81
Q96JQ2	CLMN	45
Q96K17	BTF3L4	5
Q96K37	SLC35E1	15
Q96K62	ZBTB45	19
Q96K75	ZNF514	25
Q96KC9	CABS1	18
Q96KD3	GARIN1B	16
Q96KJ4	MSLNL	23
Q96KT7	SLC35G5	5
Q96KV6	BTN2A3P	21
Q96KW9	SPACA7	7
Q96L11	SOFU1	5
Q96LK8	SPATA32	17
Q96LP2	FAM81B	27
Q96LR4	TAFA4	8
Q96LT6	C1orf74	9
Q96LU5	IMMP1L	8
Q96LW1	ZNF354B	37
Q96M20	CNBD2	34
Q96M34	TEX55	28
Q96M43	NBPF4	26
Q96M53	TBATA	15
Q96M69	LRGUK	34
Q96M93	ADAD1	31
Q96MC5	BMERB1	11
Q96MC6	SLC71A1	10
Q96MF6	COQ10A	18
Q96MK2	RIPOR3	41
Q96MN5	TCEANC2	15
Q96MR9	ZNF560	40
Q96MS3	GLT1D1	17
Q96MY1	NOL4L	15
Q96N20	ZNF75A	14
Q96N22	ZNF681	32
Q96N38	ZNF714	35
Q96N46	TTC14	41
Q96NA8	TSNARE1	31
Q96ND8	ZNF583	36
Q96NG8	ZNF582	26
Q96NI8	ZNF570	34
Q96NJ3	ZNF285	30
Q96NJ6	ZFP3	31
Q96NK8	NEUROD6	17
Q96NS5	ASB16	20
Q96NT1	NAP1L5	4
Q96P64	AGAP4	27
Q96P67	GPR82	14
Q96P88	GNRHR2	10
Q96PG2	MS4A10	14
Q96PI1	SPRR4	8
Q96PT3	DUX5	13
Q96PT4	DUX3	14
Q96PX6	CCDC85A	34
Q96QA6	YPEL2	8
Q96QD5	DEPDC7	26
Q96QE4	LRRC37B	38
Q96QH8	SPACA5	7
Q96QK8	SMIM14	2
Q96QS1	TSPAN32	11
Q96R05	RBP7	5
Q96R08	OR5B12	3
Q96R09	OR5B2	5
Q96R27	OR2M4	8
Q96R28	OR2M2	9
Q96R30	OR2V2	7
Q96R45	OR2A7	7
Q96R47	OR2A14	9
Q96R54	OR14A2	6
Q96R67	OR4C12	6
Q96R69	OR4F4	6
Q96R72	OR4K3	6
Q96R84	OR1F2P	10
Q96RB7	OR5M11	6
Q96RC9	OR8B4	3
Q96RD0	OR8B2	8
Q96RD1	OR6C1	11
Q96RD2	OR52B2	10
Q96RD3	OR52E6	9
Q96RM1	SPRR2F	6
Q96RT6	CTAGE1	41
Q96S19	METTL26	14
Q96S86	HAPLN3	21
Q96S95	CAMK2N2	5
Q96SF2	CCT8L2	23
Q96SL8	FIZ1	15
Q96T25	ZIC5	12
Q96T75	DSCR8	4
Q96T92	INSM2	25
Q96TA0	PCDHB18P	26
Q99445	GML	9
Q99463	NPY6RP	7
Q99470	SDF2	8
Q99603	TRGV9	5
Q99676	ZNF184	41
Q99679	GPR21	9
Q99680	GPR22	10
Q9BPX7	C7orf25	20
Q9BQ13	KCTD14	15
Q9BQ48	MRPL34	5
Q9BQ75	CMSS1	11
Q9BQD1	PMCHL2	1
Q9BQE6	LBHD1	7
Q9BQI9	NRIP2	15
Q9BQP9	BPIFA3	13
Q9BQS6	HSPB9	7
Q9BQY6	WFDC6	5
Q9BR09	NEURL2	12
Q9BR10	SPATA25	9
Q9BR77	CCDC77	23
Q9BRH9	ZNF251	42
Q9BRP7	FDXACB1	26
Q9BRU2	TCEAL7	6
Q9BSC4	NOL10	33
Q9BSJ1	TRIM51	19
Q9BSK0	MARVELD1	9
Q9BSY4	CHCHD5	7
Q9BTV7	CABLES2	18
Q9BTY7	HGH1	23
Q9BUA6	MYL10	13
Q9BUJ0	ABHD14A	12
Q9BV87	CNPPD1	10
Q9BV97	ZNF747	19
Q9BVM2	DPCD	12
Q9BVV8	FAM174C	2
Q9BWD3	RTL8A	8
Q9BWT6	MND1	10
Q9BWV2	SPATA9	15
Q9BX51	GGTLC1	9
Q9BX69	CARD6	55
Q9BX73	TM2D2	4
Q9BXE9	VN1R3	12
Q9BXM9	FSD1L	30
Q9BXN6	SPANXD	5
Q9BXU3	TEX13A	19
Q9BXU8	FTHL17	8
Q9BXW7	HDHD5	20
Q9BXX2	ANKRD30B	71
Q9BXX3	ANKRD30A	67
Q9BXY0	MAK16	14
Q9BXY5	CAPS2	27
Q9BY19	MS4A8	0
Q9BY31	ZNF717	50
Q9BY60	GABARAPL3	3
Q9BY71	LRRC3	12
Q9BYD9	ACTRT3	18
Q9BYE4	SPRR2G	5
Q9BYG7	MRO	14
Q9BYJ0	FGFBP2	12
Q9BYN8	MRPS26	12
Q9BYT5	KRTAP2-2	3
Q9BYU5	KRTAP2-1	3
Q9BZE3	BARHL1	15
Q9BZK3	NACA4P	6
Q9BZW5	TM6SF1	10
Q9C010	PKIB	4
Q9C0B7	TANGO6	56
Q9C0B9	ZCCHC2	44
Q9C0D4	ZNF518B	54
Q9C0I3	CCSER1	47
Q9C0I9	LRRC27	28
Q9C0K3	ACTR3C	10
Q9GIP4	SLC7A5P2	6
Q9GZK3	OR2B2	9
Q9GZK7	OR11A1	9
Q9GZM3	POLR2J2	7
Q9GZN6	SLC6A16	18
Q9GZN8	ADISSP	9
Q9GZP8	IMUP	5
Q9GZU3	TMEM39B	21
Q9GZW5	SCAND2P	17
Q9H098	FAM107B	8
Q9H0M5	ZNF700	42
Q9H0R4	HDHD2	13
Q9H106	SIRPD	6
Q9H114	CSTL1	6
Q9H1C7	CYSTM1	2
Q9H1H1	GTSF1L	6
Q9H1M0	NUP62CL	4
Q9H1M3	DEFB129	7
Q9H1Q7	PCED1A	16
Q9H1Z4	WDR13	23
Q9H2C5	OR52A5	7
Q9H2I8	LRMDA	7
Q9H2T7	RANBP17	53
Q9H2Z4	NKX2-4	11
Q9H321	VCX3B	2
Q9H322	VCX2	2
Q9H343	OR51I1	8
Q9H344	OR51I2	8
Q9H346	OR52D1	9
Q9H3H9	TCEAL2	15
Q9H3V2	MS4A5	3
Q9H3W5	LRRN3	32
Q9H3Y0	R3HDML	13
Q9H3Y8	PPDPF	4
Q9H425	C1orf198	20
Q9H496	TOR1AIP2	4
Q9H4I0	RAD21L1	20
Q9H5J0	ZBTB3	17
Q9H628	RERGL	11
Q9H6A0	DENND2D	19
Q9H6B1	ZNF385D	18
Q9H6Y5	MAGIX	19
Q9H720	CWH43	26
Q9H7J1	PPP1R3E	16
Q9H7L2	KIR3DX1	20
Q9H7X2	C1orf115	4
Q9H7Y0	DIPK2B	17
Q9H819	DNAJC18	16
Q9H841	NIPAL2	9
Q9H853	TUBA4B	10
Q9H857	NT5DC2	28
Q9H8G1	ZNF430	36
Q9H8G2	CAAP1	11
Q9H8M1	COQ10B	18
Q9H8S5	CCNP	11
Q9H8U3	ZFAND3	12
Q9H939	PSTPIP2	20
Q9H963	ZNF702P	9
Q9H972	C14orf93	25
Q9H9L3	ISG20L2	21
Q9H9S3	SEC61A2	16
Q9H9S4	CAB39L	20
Q9HA90	EFCC1	34
Q9HAH1	ZNF556	24
Q9HB31	SEBOX	8
Q9HBF5	ST20	5
Q9HBJ0	PLAC1	4
Q9HBL6	LRTM1	8
Q9HBL7	PLGRKT	9
Q9HBT7	ZNF287	40
Q9HC57	WFDC1	8
Q9HCE3	ZNF532	72
Q9HCJ3	RAVER2	22
Q9HCJ5	ZSWIM6	44
Q9HCK1	ZDBF2	95
Q9HCL3	ZFP14	29
Q9HCM7	FBRSL1	42
Q9HCS5	EPB41L4A	38
Q9HCZ1	ZNF334	41
Q9HD45	TM9SF3	19
Q9HDB8	ERVK-5	9
Q9NNX9	VCX3A	2
Q9NNZ3	DNAJC4	11
Q9NNZ6	PRM3	5
Q9NPD7	NRN1	4
Q9NQ35	NRIP3	12
Q9NQF3	SERHL	8
Q9NRC9	OTOR	6
Q9NRD0	FBXO8	15
Q9NRP2	CMC2	5
Q9NRR1	CYTL1	8
Q9NS67	GPR27	14
Q9NS85	CA10	12
Q9NSJ1	ZNF355P	21
Q9NSY2	STARD5	10
Q9NU23	LYRM2	5
Q9NUG4	CCM2L	28
Q9NVA4	TMEM184C	13
Q9NVE4	CCDC87	48
Q9NVM1	EVA1B	3
Q9NVM6	DNAJC17	15
Q9NVR0	KLHL11	32
Q9NW07	ZNF358	18
Q9NW61	PLEKHJ1	9
Q9NW82	WDR70	31
Q9NX00	TMEM160	8
Q9NX05	FAM120C	42
Q9NX31	OSER1	17
Q9NX36	DNAJC28	24
Q9NX77	ERVK13-1	26
Q9NXD2	MTMR10	44
Q9NXH8	TOR4A	25
Q9NXJ0	MS4A12	2
Q9NXN4	GDAP2	25
Q9NXP7	GIN1	23
Q9NXS3	KLHL28	27
Q9NXT0	ZNF586	26
Q9NXU5	ARL15	10
Q9NXZ1	SAGE1	31
Q9NY43	BARHL2	11
Q9NY87	SPANXC	5
Q9NYF3	FAM53C	14
Q9NYL9	TMOD3	19
Q9NYT0	PLEK2	20
Q9NYT6	ZNF226	50
Q9NZH4	PTTG3P	11
Q9NZP0	OR6C3	7
Q9NZP2	OR6C2	8
Q9NZP5	OR5AC2	7
Q9P016	THYN1	16
Q9P1A2	PPP4R1L	18
Q9P1F3	ABRACL	3
Q9P1P4	TAAR3P	11
Q9P1P5	TAAR2	12
Q9P1V8	SAMD15	39
Q9P1Z9	CCDC180	96
Q9P215	POGK	25
Q9P255	ZNF492	28
Q9P281	BAHCC1	100
Q9P2B7	CFAP97	27
Q9P2D6	FAM135A	63
Q9P2F5	STOX2	43
Q9P2S6	ANKMY1	48
Q9P2Z0	THAP10	13
Q9UC06	ZNF70	24
Q9UD57	NKX1-2	12
Q9UDX4	SEC14L3	21
Q9UF02	CACNG5	10
Q9UF47	DNAJC5B	7
Q9UFN0	NIPSNAP3A	14
Q9UG63	ABCF2	32
Q9UGF5	OR14J1	8
Q9UGF6	OR5V1	5
Q9UGF7	OR12D3	4
Q9UGV2	NDRG3	15
Q9UH36	SRRD	12
Q9UIG5	PSORS1C1	6
Q9UII5	ZNF107	44
Q9UJ72	ANXA10	17
Q9UJG1	MOSPD1	9
Q9UJH8	METRN	10
Q9UJN7	ZNF391	24
Q9UJV8	PURG	14
Q9UK10	ZNF225	46
Q9UK12	ZNF222	26
Q9UK28	TMEM59L	11
Q9UKI3	VPREB3	2
Q9UKQ9	KLK9	12
Q9UKY7	CDV3	10
Q9UL59	ZNF214	32
Q9ULD9	ZNF608	51
Q9ULL0	KIAA1210	86
Q9ULM0	PLEKHH1	63
Q9UMS5	PHTF1	34
Q9UND3	NPIPA1	15
Q9UNX3	RPL26L1	6
Q9UPR6	ZFR2	31
Q9UQ74	PSG8	23
Q9XRX5	ANKRD13C-DT	7
Q9Y236	OSGIN2	18
Q9Y291	MRPS33	5
Q9Y2B9	PKIG	4
Q9Y2E4	DIP2C	68
Q9Y2G7	ZFP30	27
Q9Y2H5	PLEKHA6	48
Q9Y2H8	ZNF510	36
Q9Y2Q1	ZNF257	28
Q9Y2S6	TMA7	2
Q9Y312	AAR2	18
Q9Y343	SNX24	10
Q9Y3B9	RRP15	16
Q9Y3C1	NOP16	10
Q9Y3N9	OR2W1	5
Q9Y3T6	R3HCC1	20
Q9Y485	DMXL1	131
Q9Y4A0	JRKL	25
Q9Y4A9	OR10H1	10
Q9Y4E6	WDR7	65
Q9Y519	TMEM184B	12
Q9Y534	CSDC2	7
Q9Y536	PPIAL4A	9
Q9Y581	INSL6	12
Q9Y5P0	OR51B4	9
Q9Y5P2	CSAG2	6
Q9Y5V0	ZNF706	3
Q9Y614	ACTL7B	19
Q9Y693	LHFPL6	6
Q9Y6F7	CDY2A	28
Q9Y6S9	RPS6KL1	26
Q9Y6U7	RNF215	17
Q9Y6X4	FAM169A	24
Q9Y6Z4	KIF25-AS1	11
A0A024R1R8	TMA7B	3
A0A075B6S0	TRGJ1	1
A0A075B6Y3	TRAJ3	2
A0A075B6Y9	TRAJ42	1
A0A075B706	TRDJ1	0
A0A075B759	PPIAL4E	9
A0A087WTH1	TMEM265	2
A0A087WUL8	NBPF19	154
A0A087WWS6	IFNA13	12
A0A087WXS9	TBC1D3I	26
A0A087X1G2	TBC1D3K	26
A0A096LNP1	DEFB131B	5
A0A096LP49	CCDC187	49
A0A096LPK9	OR4N4C	10
A0A0A0MT70	TRBJ2-6	1
A0A0A0MT76	IGLJ1	2
A0A0A0MT78	TRBJ2-7	1
A0A0A0MT89	IGKJ1	1
A0A0A0MTA7	TRBJ2-1	1
A0A0B4J200	TRBJ2-3	1
A0A0B4J2A2	PPIAL4C	8
A0A0C4DH62	IGHJ1	1
A0A0D9SF12	CCDC163	5
A0A0G2JMD5	PRAMEF33	30
A0A0J9YWL9	TEX13C	42
A0A0J9YWX3	TRBJ1-6	1
A0A0J9YX06	TRBJ1-2	1
A0A0J9YX57	MAGEB6B	20
A0A0J9YY54	TEX13D	34
A0A0U1RQE8	GLYATL1B	11
A0A0U1RQI7	KLF18	11
A0A0U1RQS6	TMEM275	3
A0A0U1RR11	CENPVL1	15
A0A0U1RRI6	CENPVL3	15
A0A0U1RRK4	LBHD2	6
A0A0U1RRL7	MMP24OS	4
A0A0X1KG70	OR4M2B	6
A0A183	LCE6A	3
A0A1B0GTD5	SPMIP11	7
A0A1B0GTH6	CSNK2A2IP	39
A0A1B0GTI8	TMEM272	6
A0A1B0GTL2	C20orf204	11
A0A1B0GTR0	EDDM13	11
A0A1B0GTR3	CXorf51A	3
A0A1B0GTR4	SPRR5	4
A0A1B0GTS1	HSFX4	13
A0A1B0GTU1	ZC3H11B	43
A0A1B0GTY4	TEX50	6
A0A1B0GTZ2	CCDC196	15
A0A1B0GUA7	TEX51	9
A0A1B0GUI7	BRD3OS	4
A0A1B0GUJ8	PNMA8C	11
A0A1B0GUV7	TEX48	8
A0A1B0GUW6	SPEM3	49
A0A1B0GUX0	SPMIP1	9
A0A1B0GUY1	MARCOL	9
A0A1B0GV03	GOLGA6L7	32
A0A1B0GVB3	C7orf78	10
A0A1B0GVG4	CCDC194	13
A0A1B0GVH7	IQCM	26
A0A1B0GVK7	FAM240A	3
A0A1B0GVN3	C2orf92	14
A0A1B0GVQ3	CCDC200	8
A0A1B0GVR7	FAM240C	5
A0A1B0GVS7	MDFIC2	7
A0A1B0GVT2	SMIM36	3
A0A1B0GVV1	SMIM35	2
A0A1B0GVX0	LITAFD	3
A0A1B0GVY4	SMIM31	1
A0A1B0GVZ6	MBD3L2B	6
A0A1B0GW64	SMIM33	4
A0A1B0GWB2	PRRT1B	7
A0A1B0GWH4	HSFX3	13
A0A1B0GWH6	LASP1NB	1
A0A1B0GWK0	PVALEF	7
A0A1W2PP81	TAF11L5	9
A0A1W2PPE2	TAF11L4	9
A0A1W2PPF3	DUXB	17
A0A1W2PPG7	GNG14	6
A0A1W2PPH5	TAF11L13	9
A0A1W2PPK0	CPHXL2	10
A0A1W2PPL8	TAF11L14	10
A0A1W2PPW3	TAF11L12	9
A0A1W2PQ09	TAF11L11	10
A0A1W2PQ72	MSANTD7	17
A0A1W2PQ73	ERFL	10
A0A1W2PQL4	ZNF722	22
A0A1W2PQU2	KANTR	2
A0A1W2PR48	TLE7	14
A0A1W2PR64	TAF11L9	9
A0A1W2PR95	IGBP1C	21
A0A1W2PRP0	FOXL3	11
A0A1W2PRV1	TAF11L3	9
A0A1W2PS18	PMIS2	2
A0A286YEV6	SCYGR4	4
A0A286YEX9	SCYGR10	4
A0A286YEY9	SCYGR1	4
A0A286YF01	SCYGR7	3
A0A286YF46	SCYGR5	4
A0A286YF58	TMEM271	6
A0A286YF60	SCYGR3	3
A0A286YF77	SCYGR6	3
A0A286YFB4	SCYGR2	4
A0A286YFG1	SCYGR8	3
A0A2R8Y4L2	HNRNPA1L3	18
A0A2R8Y4Y8	OOSP4B	9
A0A2R8Y7Y5	CIST1	4
A0A2R8YCJ5	SMIM41	3
A0A2R8YFL7	OOSP4A	5
A0A2R8YFM6	OOSP3	2
A0A3B3IRV3	MCTS2	10
A0A3B3IT33	TRIM51G	20
A0A3B3IU46	RAMACL	7
A0A3G1DJK2	MT-RNR2	2
A0A3G1DJN1	MT-RNR2	1
A0A3G1DJQ2	MT-RNR2	2
A0A494BZU4	TMEM217B	9
A0A494C071	PWWP4	102
A0A494C086	SPDYE21	17
A0A494C0Z2	SPDYE13	15
A0A494C103	SPADH	7
A0A494C191	SPDYE9	15
A0A494C1I1	SMIM48	4
A0A494C1R9	TSPY9	11
A0A5F9ZHS7	NFILZ	11
A0A7I2V3R4	RNF228	14
A0A8V8TMC4	CCNYL1B	16
A0A8V8TNH8	FAM90A11	22
A0A8V8TPE2	FAM90A3	22
A0PG75	PLSCR5	10
A0PJX8	TMEM82	14
A0PJZ0	ANKRD20A5P	9
A1A4G5	LNP1	10
A1L157	TSPAN11	8
A1L162	ERICH2	8
A1L170	C1orf226	10
A1L429	GAGE12B	2
A1L443	NUTM2F	32
A2A2Z9	ANKRD18B	54
A2RU37	LINC02872	8
A2RU67	FAM234B	24
A2RUQ5	TMEM132E-DT	11
A2RUT3	TMEM89	6
A3QJZ6	PRAMEF22	25
A3QJZ7	PRAMEF27	28
A4D1E1	ZNF804B	62
A4D1F6	LRRD1	40
A4D1Z8	GRIFIN	8
A4D263	SPMIP7	24
A4FU28	CTAGE9	41
A4QPB2	LRP5L	13
A5YM69	ARHGEF35	18
A6NC05	C5orf63	9
A6NC57	ANKRD62	51
A6NC62	RBAKDN	4
A6NC97	ARB2BP	16
A6NCF5	KLHL33	20
A6NCF6	MAGEA13P	21
A6NCI5	LINC00862	3
A6NCI8	C2orf78	27
A6NCJ1	TEKTIP1	10
A6NCK2	TRIM43B	19
A6NCL2	LRCOL1	8
A6NCL7	ANKRD33B	22
A6NCN8	TEX52	13
A6NCQ9	RNF222	12
A6ND91	ASPDH	14
A6NDE8	GAGE12H	2
A6NDK9	GOLGA6C	28
A6NDL7	METTL21EP	6
A6NDX4		5
A6NDY2	FAM90A10	22
A6NDZ8	MBD3L4	7
A6NE01	FAM186A	90
A6NE02	BTBD17	21
A6NE82	MBD3L3	7
A6NEE1	PLEKHD1	25
A6NEF3	GOLGA6L4	26
A6NEH6	TMEM247	9
A6NEH8	ZNF503-AS2	7
A6NEK1	ARRDC5	19
A6NEN9	CXorf65	8
A6NEQ2	FAM181B	13
A6NEV1	PRR23A	10
A6NEY8	PRORSD1P	10
A6NF01	POM121B	11
A6NFA0	SPATA31F3	15
A6NFE2	SMCO2	16
A6NFF2	NAP1L6P	4
A6NFN9	ANKUB1	29
A6NFT4	CFAP73	13
A6NFU0	FAM187A	23
A6NFU8	PGPEP1L	12
A6NFY4	NEMP2	22
A6NFZ4	FAM24A	5
A6NGA9	TMEM202	11
A6NGB0	TMEM191C	14
A6NGB7	TMEM221	6
A6NGE4	DCAF8L1	25
A6NGG3	LINC03041	5
A6NGH7	CCDC160	11
A6NGH8	ANKRD61	24
A6NGK3	GAGE10	3
A6NGN4	PRAMEF25	28
A6NGR9	MROH6	37
A6NGS2	ERICH4	8
A6NGU7	LINC01546	4
A6NGW2	STRCP1	58
A6NGY1	FRG2C	10
A6NGZ8	SMIM9	2
A6NH11	GLTPD2	18
A6NH13	DNAJC9-AS1	9
A6NH21	SERINC4	13
A6NHG4	DDTL	8
A6NHN6	NPIPB15	21
A6NHP3	SPDYE2B	18
A6NHY2	ANKDD1B	29
A6NHZ5	LRRC14B	25
A6NI03	TRIM64B	19
A6NI47	POTEM	22
A6NI56	CCDC154	39
A6NI86	GOLGA6L10	26
A6NIE6	RRN3P2	19
A6NIJ5	FAM90A20	23
A6NIK2	LRRC10B	23
A6NIN4	RNF227	11
A6NIV6	LRRIQ4	22
A6NIY4	SPDYE5	17
A6NJ08	MBD3L5	7
A6NJ64	NPIPB2	22
A6NJ69	IGIP	4
A6NJ88	SAGE2P	16
A6NJG2	SOWAHD	20
A6NJJ6	C19orf67	12
A6NJQ4	FAM90A8	22
A6NJR5		16
A6NJU9	NPIPB13	58
A6NJY1	SLC9B1P1	8
A6NK44	GLOD5	10
A6NKC0	FAM90A7	24
A6NKC9	SH2D7	20
A6NKF7	TMEM278	6
A6NKH3	RPL37AP8	6
A6NKL6	TMEM200C	30
A6NKN8	PCP4L1	4
A6NKP2	SDR42E2	21
A6NKU9	SPDYE3	31
A6NKW6	SHISAL2B	6
A6NKX4	SLC22A31	17
A6NLC5	C3orf70	10
A6NLC8	TAF11L2	10
A6NLE4	SMIM23	8
A6NLI5	TRIM64C	21
A6NLU5	VSTM2B	12
A6NLX4	TMEM210	3
A6NM36	LRRC30	15
A6NM45	CLDN24	5
A6NM62	LRRC53	76
A6NMA1	TRPC5OS	2
A6NMD0	IFITM10	5
A6NMD2	GOLGA8J	31
A6NMK7	CPSF4L	10
A6NMK8	INSYN2B	25
A6NN73	GOLGA8CP	24
A6NN90	C2orf81	25
A6NNC1		36
A6NNJ1	FAM90A9	22
A6NNL0	NUTM2B	36
A6NNL5	C15orf61	10
A6NNT2	C16orf96	40
A6NNV3	SPDYE16	17
A6PVY3	FAM177B	9
A7E2S9	ANKRD30BL	12
A8K010	LINC00473	8
A8MQ11	PMS2P5	9
A8MQ14	ZNF850	60
A8MQB3	LINC02693	11
A8MRT5	NPIPB5	60
A8MSI8	LYRM9	6
A8MT19	RHPN2P1	32
A8MT33	SYCE1L	15
A8MT65	ZNF891	36
A8MTL0	IQCF5	9
A8MTT3	CEBPZOS	5
A8MTW9		5
A8MTY0	ZNF724	38
A8MUL3	ADARB2-AS1	3
A8MUN3		4
A8MUP6	GSG1L2	9
A8MUU1	FABP5P3	5
A8MUX0	KRTAP16-1	8
A8MUZ8	ZNF705G	17
A8MV57	MPTX1	5
A8MVJ9		16
A8MVX0	ARHGEF33	42
A8MWA6	FAM90A22	21
A8MWL6		4
A8MWL7	TMEM14DP	3
A8MWV9	SMIM34	9
A8MX19	FAM90A12	22
A8MX34	KRTAP29-1	4
A8MXJ8	FAM90A5	22
A8MXQ7	IQANK1	34
A8MXT2	MAGEB17	15
A8MXV6	CDRT15L2	12
A8MXZ1	FAM90A23	22
A8MYA2	CXorf49	25
A8MYB1	TMCO5B	22
A8MYZ0	MINDY4B	26
A8MZ36	EVPLL	19
A8MZ97	C2orf74	9
A8MZA4	GOLGA6L6	35
A8MZH6	OOSP1	1
B0FP48	UPK3BL1	11
B1AH88	TSPO	6
B1AK76	SNURFL	8
B1AL46	NUTM2E	35
B1ANH7	IBA57-DT	4
B1ANY3	FAM220BP	6
B1ATL7	PRR32	10
B2RBV5	MRFAP1L2	9
B2RD01	CENPBD1P	11
B2RV13	CFAP97D1	7
B2RXF0	TMEM229A	11
B3GLJ2	PATE3	6
B3KS81	SRRM5	24
B4DX44	ZNF736	24
B4DXR9	ZNF732	30
B4DYI2	SPATA31C2	55
B4DZS4	TCP11X1	23
B4E2M5	ANKRD66	13
B5MCY1	TDRD15	106
B5MD39	GGTLC3	8
B6SEH8	ERVV-1	22
B6SEH9	ERVV-2	24
B7Z1M9	C2CD4D	17
B7Z368	LINC02881	5
B7Z6K7	ZNF814	55
B7ZW38	HNRNPCL3	18
C0HLS1	SCRIB	7
C0HMG9		3
C9J202	ALG1L2	10
C9J3V5	TEX22	8
C9J7I0	UMAD1	4
C9JBD0	KRABD1	5
C9JG80	NPIPB4	58
C9JI98	TMEM238	5
C9JJ37	BTBD19	15
C9JL84	HHLA1	27
C9JN71	ZNF878	28
C9JQI7	TMEM232	36
C9JTQ0	ANKRD63	14
C9JVW0	INAFM1	3
D3DTV9	PRAC2	6
D6RBM5	USP17L23	9
D6REC4	CFAP99	35
D6RF30	GOLGA8K	33
D6RGX4	FAM90A26	21
E5RG02	PRSS46P	7
E5RHQ5	NPIPB11	65
E5RIL1	UPK3BL2	11
E5RJ46	LINC02906	5
E5RJM6	ANKRD65	27
E5RQL4	FTCDNL1	8
E7ERA6	RNF223	13
E7EW31	PROB1	50
E9PGG2	ANHX	14
E9PI22	PRR23D1	4
E9PJ23	NPIPB6	22
E9PJI5	NPIPA7	15
E9PKD4	NPIPA5	15
E9PQR5	NPIPB8	22
F2Z333	FNDC10	8
F5H284	PPIAL4D	9
F5H4A9	C3orf80	11
F5H4B4	FAM227A	27
F8VTS6	RFPL4AL1	14
F8W0I5	NPIPB12	48
F8W1W9	NPIPB9	22
F8WBI6	GOLGA8N	30
F8WCM5	INS-IGF2	5
G3V211	LINC01619	5
H0UI37	TSTD3	6
H0Y7S4	PRAMEF26	28
H0YKK7	GOLGA6L19	29
H0YM25	GOLGA6L22	40
H3BPF8	GOLGA8S	26
H3BPM6	MKRN2OS	9
H3BQJ8	LY6L	8
H3BQL2	GOLGA8T	31
H3BQW9	FAM229A	6
H3BR10	SMLR1	4
H3BTG2	TEX46	4
H3BU77	CCDC179	4
H3BUK9	POTEB2	24
H3BV12	GOLGA8Q	30
H7BZ55	CROCC2	105
H7C241	CLDN34	6
H7C350	CCDC188	12
I1YAP6	TRIM77	18
I3L0S3	PYCARD-AS1	7
I3L1E1	C19orf84	4
I3L3L1	ARL17B	11
I6L899	GOLGA8R	31
K7EIQ3	ZNF561-AS1	7
M0QZC1	RNF225	9
O00193	SMAP	5
O14603	PRY	6
O14609	XKRY	8
O14683	TP53I11	6
O15172	PSPHP1	4
O15428	PIN1P1	7
O43261	DLEU1	5
O43304	SEC14L5	32
O60688	YPEL1	8
O60813	PRAMEF11	26
O75071	EFCAB14	27
O75200	NPIPB7	18
O75264	SMIM24	6
O76042	ERC2-IT1	5
O95177	GAS8-AS1	3
O95397	PLEKHA8P1	20
O95473	SYNGR4	4
O95561	C1orf105	10
O95567	C22orf31	13
O95626	ANP32D	8
O95873	C6orf47	12
O96002	CXorf1	3
P02728		1
P02729		1
P09565	GIG44	7
P0C221	CCDC175	49
P0C2L3	FAM163B	6
P0C2S0	CTXN2	5
P0C2W7	CT47B1	7
P0C2Y1	NBPF7P	20
P0C671	BNIP5	27
P0C672	TSPAN19	10
P0C6C1	ANKRD34C	35
P0C6P0	NBEAP1	5
P0C7L1	SPINK8	5
P0C7M6	IQCF3	7
P0C7M8	CLEC2L	12
P0C7N4	TMEM191B	14
P0C7N8	OR9G9	8
P0C7P2	RFPL3S	6
P0C7T7	FRMD6-AS1	21
P0C7T8	TMEM253	2
P0C7V0	AHI1-DT	14
P0C7V4	FAM90A15	23
P0C7V6	SUPT20HL2	31
P0C7V8	DCAF8L2	23
P0C7V9	METTL15P1	13
P0C7W0	PRR29	3
P0C7W8	FAM90A13	23
P0C7W9	FAM90A14	23
P0C7X0	FAM90A24	23
P0C7X3	CCNYL3	17
P0C7X4	FTH1P19	9
P0C851	PIRT	7
P0C853	BAALC-AS2	3
P0C854	CECR9	13
P0C864	DANCR	11
P0C866	LINC00869	10
P0C874	SPATA31D3	38
P0CAT3	TLX1NB	3
P0CB33	ZNF735	24
P0CB48	UBTFL6	18
P0CE71	OCM2	7
P0CF75	EBLN1	17
P0CF97	ZBED11	32
P0CG00	ZSCAN5DP	24
P0CG23	ZNF853	13
P0CG24	ZNF883	23
P0CG31	ZNF286B	29
P0CG32	ZCCHC18	20
P0CG33	GOLGA6D	28
P0CG41	CTAGE8	41
P0CH99	ZNF705D	15
P0CI00	ZNF705B	16
P0CI01	SPDYE6	18
P0CJ68	MTRNR2L1	1
P0CJ69	MTRNR2L2	1
P0CJ70	MTRNR2L3	1
P0CJ71	MTRNR2L4	1
P0CJ73	MTRNR2L6	1
P0CJ74	MTRNR2L7	2
P0CJ75	MTRNR2L8	1
P0CJ76	MTRNR2L9	1
P0CJ77	MTRNR2L10	2
P0CJ78	ZNF865	33
P0CJ85	DUX4L2	14
P0CJ86	DUX4L3	14
P0CJ87	DUX4L4	15
P0CJ88	DUX4L5	14
P0CJ89	DUX4L6	14
P0CJ90	DUX4L7	14
P0CJ92	GOLGA8H	30
P0CK96	SLC35E2B	17
P0CL80	GAGE12F	2
P0CL81	GAGE12G	2
P0CL83	STAG3L1	14
P0CL84	STAG3L2	9
P0CL85	STAG3L3	9
P0CV98	TSPY3	11
P0CV99	TSPY4	11
P0CW00	TSPY8	11
P0CW19	LIMS3	4
P0CW21	SPART-AS1	4
P0CW24	PNMA6A	22
P0CW27	CCDC166	22
P0DI80	ERLN	1
P0DJ93	SMIM13	2
P0DJG4	SPMAP2L	28
P0DJH9	RD3L	12
P0DJR0	GIMD1	9
P0DKV0	SPATA31C1	59
P0DKX0	ZNF728	36
P0DKX4	SMIM18	3
P0DL12	SMIM17	5
P0DMB1	PRR23D2	4
P0DMB2	C8orf88	4
P0DMP1	MTRNR2L12	1
P0DMQ5	INAFM2	4
P0DMR1	HNRNPCL4	18
P0DMR2	SCGB1C2	5
P0DMR3	ATXN8OS	13
P0DMT0	MRLN	3
P0DMU7	CT45A6	9
P0DMU8	CT45A5	9
P0DMV0	CT45A7	9
P0DN25	C1GALT1C1L	15
P0DN26	PPIAL4F	9
P0DO92	CDIPTOSP	5
P0DO97	CCDC192	17
P0DOY5	IGHD1-1	0
P0DP75	MED14OS	7
P0DPA3	SNHG28	11
P0DPD5	ZNF723	29
P0DPE3	TMDD1	15
P0DPF2	NBPF20	230
P0DPF6	CDRT15P3	5
P0DPH9	CXorf51B	3
P0DPI3	CENPVL2	15
P0DPI4	TRBD1	0
P0DPQ3	PRR20G	5
P0DPR3	TRDD1	0
P0DQW0	ZC3H11C	43
P0DSN6	TAS2R33	12
P0DSO1	FAM246C	12
P0DSO2	SCYGR9	3
P0DSO3	GAGE4	2
P0DTA3	SPDYE11	15
P0DTE0	TAS2R36	10
P0DTF9	PTTG1IP2	7
P0DTL4	LY6S	7
P0DUD1	SPDYE8	15
P0DUD2	SPDYE17	15
P0DUD3	SPDYE14	15
P0DUD4	SPDYE15	15
P0DUQ1	PRAMEF15	27
P0DUX0	SPDYE10	15
P0DUX1	SPDYE12	16
P0DV73	FAM90A16	22
P0DV74	FAM90A17	22
P0DV75	FAM90A18	21
P0DV76	FAM90A19	21
P0DV79	SPDYE18	17
P0DW11	TAF11L6	9
P0DW12	TAF11L7	9
P0DW13	TAF11L8	9
P0DW14	TAF11L10	9
P0DX00	GOLGA6L24	38
P0DX01	GOLGA6L25	38
P0DX02	GOLGA6L26	34
P0DX04	TMSB15C	2
P0DX52	GOLGA8F	26
P0DY27	DEFB109C	4
P22103		0
P49223	SPINT3	4
P56555	DSCR4	6
P58505	C21orf58	8
P58512	LINC01547	9
P58550	FXYD6P3	5
P59036	LINC00310	2
P59037	LINC00313	4
P59052	B3GALT5-AS1	4
P59091	LINC00315	9
P59095	STARD6	14
P60606	CTXN1	5
P61568	ERVK11-1	10
P61571	ERVK-21	4
P61572	ERVK-19	4
P61573	ERVK-9	4
P61574	HERVK_113	4
P61575	ERVK-8	4
P61576	HERV-K104	6
P61578	ERVK-16	4
P61579	ERVK-25	4
P61580	ERVK-10	4
P61581	ERVK-24	4
P61582	ERVK-7	4
P61583	ERVK-5	4
P86434	ADORA2A-AS1	8
P86478	PRR20E	2
P86481	PRR20B	2
P86496	PRR20A	2
Q05C16	LRRC63	24
Q08AI8	MAB21L4	29
Q08E93	FAM27E3	6
Q0D2K2	KLHL30	24
Q0D2K5	EGFEM1P	10
Q0IIN9	ZNF252P-AS1	12
Q0P5P2	C17orf67	4
Q0P641	C2orf80	9
Q0P670	SPEM2	20
Q0P6H9	TMEM62	27
Q0VAA2	LRRC74A	29
Q0VDI3	TMEM267	11
Q0VF49	KIAA2012	63
Q0VG73	RDUR	5
Q12766	HMGXB3	55
Q13070	GAGE6	2
Q13278	RIG	5
Q13670	PMS2P11	12
Q14236	DIAPH2-AS1	10
Q147U7	SMCO1	11
Q15053	KIAA0040	2
Q15195	PLGLA	6
Q15527	SURF2	9
Q156A1	ATXN8	0
Q15846	CLUL1	23
Q15940	ZNF726P1	9
Q16473	TNXA	15
Q17RA5	EPCIP-AS1	4
Q17RM4	CCDC142	25
Q17RP2	TIGD6	26
Q17RQ9	NKPD1	33
Q1A5X6	IQCJ	9
Q1A5X7	WHAMMP3	10
Q1AE95	TMEM183BP	14
Q1T7F1		4
Q1W209	ESRG	7
Q2M238	RRN3P1	10
Q2M243	CCDC27	37
Q2M2E5	LINC03122	10
Q2M3A8	MRGPRG-AS1	6
Q2TAM9	TUSC1	10
Q30KQ7	DEFB113	1
Q32M84	BTBD16	31
Q32M92	C15orf32	8
Q3B7S5	SMIM21	6
Q3C1V0	MS4A18	4
Q3C1V1	C11orf91	7
Q3KRA6	C2orf76	8
Q3LHN0	KRTAP25-1	3
Q3LHN1	KRTAP21-3	1
Q3LI54	KRTAP19-8	2
Q3LI58	KRTAP21-1	0
Q3LI60	KRTAP20-3	4
Q3LI61	KRTAP20-2	4
Q3LI62	KRTAP20-4	3
Q3LI63	KRTAP20-1	3
Q3LI68	KRTAP22-2	0
Q3MIP1	ITPRIPL2	33
Q3MIV0	KRTAP22-1	3
Q3MJ40	CCDC144BP	40
Q3SXM0	DCAF4L1	16
Q3SY05	LINC00303	9
Q3SYA9	POM121L1P	21
Q3Y452	TDRG1	6
Q3ZCU0	GVQW3	16
Q3ZCV2	CIMAP2	29
Q3ZLR7	SUPT20HL1	30
Q494R0	FBXL19-AS1	3
Q495Y7	SPDYE7P	9
Q495Y8	SPDYE2	18
Q495Z4	ASB16-AS1	9
Q49A33	ZNF876P	12
Q49AG3	ZBED5	36
Q49AM3	TTC31	27
Q49AS3	LRRC37A5P	4
Q4AC99	ACCSL	29
Q4G0G2	H1-10-AS1	7
Q4G0G5	SCGB2B2	5
Q4G0N0	GGTA1	3
Q4G0N7	FAM229B	4
Q4QY38	DEFB134	2
Q4UJ75	ANKRD20A4P	51
Q4V321	GAGE13	2
Q4V326	GAGE2E	1
Q4V348	ZNF658B	54
Q4VC31	MIX23	8
Q4VX62	LINC02901	10
Q4W4Y0	DORIP1	19
Q4W5G0	TIGD2	24
Q502X0	MORN2	4
Q52LC2	ATP6AP1L	6
Q537H7	SPATA45	6
Q538Z0	LUZP6	3
Q53LP3	SOWAHC	30
Q53RE8	ANKRD39	9
Q53SZ7	PRR30	16
Q569G3	C5orf47	7
Q569K6	CCDC157	41
Q56UQ5		5
Q587I9	SFT2D3	8
Q59GN2	RPL39P5	1
Q5BKU9	OXLD1	8
Q5BKY1	LRRC10	16
Q5BKY6		3
Q5CZ79	ANKRD20A8P	52
Q5DJT8	CT45A2	9
Q5EBN2	TRIM61	13
Q5FWF7	FBXO48	9
Q5GAN3	RNASE13	8
Q5GAN4	RNASE12	7
Q5H8A3	NMS	7
Q5H943	CT83	4
Q5H9B9	BMP2KL	15
Q5H9E4	SLC25A53	15
Q5H9J9	TCP11X2	23
Q5H9L2	TCEAL5	13
Q5HY64	FAM47C	51
Q5HYC2	BRD10	87
Q5HYW3	RTL5	23
Q5JNZ5	RPS26P11	5
Q5JQD4	PYY3	1
Q5JRK9	PAGE2B	4
Q5JSQ8	KHDC1L	6
Q5JSS6	MEIG1	6
Q5JTB6	PLAC9	6
Q5JTN6	WDR38	14
Q5JTZ5	C9orf152	14
Q5JUQ0	FAM78A	12
Q5JUR7	TEX30	11
Q5JVX7	C1orf141	22
Q5JWF8	ACTL10	11
Q5JXB2	UBE2NL	12
Q5JXM2	METTL24	14
Q5JXX7	TMEM31	6
Q5JYT7	KIAA1755	61
Q5K130	CLLU1-AS1	4
Q5K131	CLLU1	2
Q5MJ07	SPANXN5	6
Q5MJ08	SPANXN4	6
Q5MNV8	FBXO47	27
Q5NE16	CTSL3P	11
Q5QFB9	PAPPA-AS1	6
Q5QJ38	TCHHL1	44
Q5R3I4	TTC38	24
Q5SQ80	ANKRD20A2P	51
Q5SQH8	C6orf136	11
Q5SQS7	SH2D4B	18
Q5SQS8	C10orf120	15
Q5SR53	PIK3CD-AS1	8
Q5SRD1	TIMM23B	7
Q5SVJ3	SPMIP3	8
Q5SVZ6	ZMYM1	51
Q5SWH9	TMEM69	7
Q5SWL7	PRAMEF14	32
Q5SWL8	PRAMEF19	26
Q5SY13	COL5A1-AS1	3
Q5SZB4	C9orf50	28
Q5T036	FAM120AOS	15
Q5T089	MORN1	19
Q5T0U0	CCDC122	17
Q5T0Z8	C6orf132	60
Q5T2N8	ATAD3C	25
Q5T2Q4	CCNYL2	16
Q5T4H9	MIR1915HG	4
Q5T4I8	C6orf52	6
Q5T5F5	ADAMTSL4-AS1	5
Q5T5M9	CCNJ	13
Q5T5N4	C6orf118	26
Q5T6C5	ATXN7L2	33
Q5T6M2	LINC00242	8
Q5T6R2	TPTE2P1	4
Q5T6X4	FAM162B	11
Q5T742	ZNF22-AS1	8
Q5T750	KPLCE	11
Q5T8I3	EEIG2	22
Q5T8R8	DOCK8-AS1	16
Q5T953	IER5L	7
Q5T9Z0	TEDDM1	8
Q5TAA0	TTC22	27
Q5TBE3	C9orf153	5
Q5TBK1	N4BP2L1	14
Q5TC04	ATP1A1-AS1	3
Q5TC84	OGFRL1	20
Q5TF58	IFFO2	19
Q5TG53	SERTAD4-AS1	9
Q5TGI0	FAXC	20
Q5TGJ6	HDGFL1	9
Q5TGL8	PXDC1	14
Q5TGP6	MROH9	29
Q5TYW2	ANKRD20A1	51
Q5U4N7	GDF5-AS1	13
Q5U4P2	ASPHD1	16
Q5U5X8	FAM222A	16
Q5U649	C12orf60	15
Q5VSP4	LCN1P1	7
Q5VSR9	SPANXN1	5
Q5VT03	NUTM2D	31
Q5VT28	FAM27B	5
Q5VT98	PRAMEF20	27
Q5VTA0	PRAMEF17	32
Q5VTL7	FNDC7	30
Q5VU36	SPATA31A5	57
Q5VU92	DCAF12L1	26
Q5VUR7	ANKRD20A3P	51
Q5VUY2	AADACL4	21
Q5VV16	FOXD4L5	20
Q5VVB8	TMEM244	1
Q5VVH2	FKBP1C	3
Q5VVP1	SPATA31A6	59
Q5VW00	DCAF12L2	23
Q5VWM3	PRAMEF18	28
Q5VWM4	PRAMEF8	25
Q5VWM6	PRAMEF13	33
Q5VXD3	SAMD13	8
Q5VXH5	PRAMEF7	25
Q5VYP0	SPATA31A3	56
Q5VYY1	ANKRD22	11
Q5VZ18	SHE	25
Q5VZQ5	TEX36	11
Q5VZR2	NUTM2G	32
Q5W064	LIPJ	10
Q5W0N0	C9orf57	10
Q5W150		8
Q5W188	CST9LP1	7
Q5YKI7	GGNBP1	8
Q629K1	TRIQK	3
Q63HN1	SPATA31F2P	22
Q658T7	FAM90A2P	23
Q68CR7	LRRC66	30
Q68D20	PMS2CL	9
Q68DL7	C18orf63	44
Q69YW2	STUM	3
Q69YZ2	TMEM200B	17
Q6B9Z1	IGFL4	6
Q6DCA0	AMMECR1L	15
Q6GV28	TMEM225	12
Q6ICI0	LHFPL7	5
Q6IE37	OVOS1	47
Q6IPW1	C11orf71	6
Q6JVE5	LCN12	6
Q6L9T8	FAM72D	7
Q6MZM9	PRR27	4
Q6MZN7	HCP5	1
Q6NSI1	ANKRD26P1	17
Q6NSI3	FAM53A	21
Q6NT46	GAGE2A	2
Q6NUI1	CCDC144NL	11
Q6NUN7	JHY	34
Q6NV74	CRACDL	39
Q6NVV0	MKRN9P	0
Q6NVV1	RPL13AP3	4
Q6NXN4	DPY19L2P1	16
Q6NXP0	EFCAB12	33
Q6NXP6	NOXRED1	16
Q6P047	C8orf74	14
Q6P0A1	FAM180B	5
Q6P1M9	ARMCX5	25
Q6P1R3	MSANTD2	22
Q6P1X6	C8orf82	13
Q6P2C0	WDR93	29
Q6P2I7	EBLN2	13
Q6P2S7	TTC41P	64
Q6P387	C16orf46	21
Q6P3W6	NBPF10	156
Q6P3X3	TTC27	40
Q6P3X8	PGBD2	26
Q6P575	GUSBP11	9
Q6P5R6	RPL22L1	4
Q6PDB4	ZNF880	33
Q6PEV8	FAM199X	10
Q6PGQ1	DRICH1	11
Q6PIV7	SLC25A34	11
Q6PIY5	ARMH1	27
Q6PK57	DNM1P34	5
Q6Q795		4
Q6QAJ8	TMEM220	6
Q6T311	ARL9	10
Q6UDR6	SPINT4	4
Q6UWF9	FAM180A	9
Q6UWH6	TEX261	3
Q6UWW0	LCN15	9
Q6UXB0	FAM131A	14
Q6UXD1	HRCT1	6
Q6UXP3	TMEM14EP	5
Q6UXP7	FAM151B	11
Q6UXQ8	UNQ6190/PRO20217	4
Q6UXR4	SERPINA13P	13
Q6UXR6	UNQ6494/PRO21346	8
Q6UXS0	CLEC19A	3
Q6UXU0	UNQ9165/PRO28630	6
Q6UXU6	TMEM92	7
Q6UY13	UNQ5830/PRO19650/PRO19816	6
Q6UYE1	DLEU7	12
Q6WQI6	HEPN1	4
Q6WRX3	ZYG11A	39
Q6X4T0	C12orf54	8
Q6XLA1	CASC2	6
Q6XXX2	LINC00114	8
Q6ZMN8	CCNI2	18
Q6ZMS4	ZNF852	32
Q6ZMT9	DTHD1	42
Q6ZMU1	C3P1	13
Q6ZMV8	ZNF730	26
Q6ZN03	LINC00322	11
Q6ZN08	ZNF66	38
Q6ZN92		6
Q6ZNB5	XNDC1N	9
Q6ZNQ3	LRRC69	14
Q6ZP68	ATP11AUN	11
Q6ZQN5	FOXI2	9
Q6ZQQ2	SPATA31D1	79
Q6ZQT0		13
Q6ZQY2	LRRC74B	17
Q6ZRC1	C4orf50	71
Q6ZRK6	CCDC73	68
Q6ZRP0	PRR23C	6
Q6ZRR7	LRRC9	76
Q6ZRT6	PRR23B	12
Q6ZRV3	LINC00696	5
Q6ZS02	DNM1P46	10
Q6ZS62	COLCA1	4
Q6ZSC3	RBM43	26
Q6ZSJ8	C1orf122	7
Q6ZSR3		7
Q6ZSR9		12
Q6ZST2	COL25A1-DT	10
Q6ZST4	LCNL1	8
Q6ZSU1	CYP2G1P	8
Q6ZT52	FAM43B	18
Q6ZT77	ZNF826P	10
Q6ZTB9	ZNF833P	11
Q6ZTK2	APOLTP	151
Q6ZTZ1	MSANTD1	15
Q6ZU45	CLEC20A	18
Q6ZUA9	MROH5	72
Q6ZUB0	SPATA31D4	37
Q6ZUF6	LINC00336	13
Q6ZUL3	LINC03042	12
Q6ZUS5	CCDC121	17
Q6ZUU3	FOXL2NB	12
Q6ZV70	LANCL3	16
Q6ZV77	LINC02908	7
Q6ZV80	LINC02898	7
Q6ZVK1	TMEM179	7
Q6ZVN7	SEM1	4
Q6ZVS7	CFAP144P1	7
Q6ZVW7	IL17REL	26
Q6ZW13	C16orf86	11
Q6ZWI9	RFPL4B	10
Q71RG6	FP248	5
Q75LS8	FKBP9P1	5
Q75MW2	ZNF767P	8
Q7Z2F6	KRABD5	7
Q7Z2R9	SSBP3-AS1	7
Q7Z2V1	C16orf82	9
Q7Z2X7	PAGE2	4
Q7Z3B0	SMIM15	2
Q7Z4B0	LINC00305	5
Q7Z5D8	NANOGNB	9
Q7Z5U6	WDR53	12
Q7Z6I8	C5orf24	10
Q7Z7L8	C11orf96	5
Q86SG4	HMGN2P46	8
Q86SH4	PRNT	2
Q86SY8	KTN1-AS1	2
Q86T23	CROCCP2	7
Q86TI4	WDR86	17
Q86TZ1	TTC6	34
Q86U02	LINC00596	5
Q86U17	SERPINA11	18
Q86UD1	OAF	11
Q86UD7	TBC1D26	12
Q86UF4	CCDC190	14
Q86UP9	LHFPL3	8
Q86UV7	TRIM73	16
Q86V85	GPR180	14
Q86WZ0	HEATR4	57
Q86X40	LRRC28	25
Q86X53	ERICH1	18
Q86X59	LINC02875	12
Q86X60	FAM72B	3
Q86XI8	ZSWIM9	32
Q86Y27	BAGE5	3
Q86Y28	BAGE4	2
Q86Y29	BAGE3	6
Q86Y30	BAGE2	6
Q8IU53	CASC2	3
Q8IUI4	SNX29P2	12
Q8IV32	CCDC71	24
Q8IV56	PRR15	4
Q8IVB5	LIX1L	16
Q8IVE0	CROCCP3	15
Q8IVF1	NUTM2A	36
Q8IVJ8	APRG1	8
Q8IVK1	GLYCAM1	0
Q8IWA6	CCDC60	24
Q8IWD5	MFSD6L	20
Q8IWF7	UBE2DNL	3
Q8IWF9	CCDC83	23
Q8IWN6	FAM223A	8
Q8IX95	CTAGE3P	11
Q8IXL9	IQCF2	4
Q8IXQ8	PDZD9	14
Q8IXR5	FAM178B	28
Q8IXR9	C12orf56	35
Q8IXS0	FAM217A	26
Q8IY45	AMN1	14
Q8IYA2	CCDC144CP	72
Q8IYD2	KLHDC8A	19
Q8IYN6	UBALD2	3
Q8IYQ7	THNSL1	36
Q8IYW4	ENTHD1	21
Q8IZ63	PRR22	10
Q8IZJ6	TDH	12
Q8IZQ5	SELENOH	7
Q8MH63	SLC7A5P1	6
Q8N0U4	FAM185A	22
Q8N0V1	ZNF295-AS1	7
Q8N0W5	IQCK	15
Q8N0W7	FMR1NB	4
Q8N123	CPXCR1	15
Q8N1P7	CRYBG2	79
Q8N1V8	LINC01561	3
Q8N1Y9		7
Q8N239	KLHL34	40
Q8N2C3	DEPDC4	15
Q8N2G6	ZCCHC24	10
Q8N2R8	FAM43A	21
Q8N2U0	TMEM256	3
Q8N309	LRRC43	17
Q8N319	LINC03040	11
Q8N326	RPP38-DT	6
Q8N398	VWA5B2	45
Q8N412	STPG2	25
Q8N431	RASGEF1C	21
Q8N446	ZNF843	16
Q8N485	LIX1	8
Q8N4B5	PRR18	16
Q8N4C9	C17orf78	15
Q8N4K4	RPRML	4
Q8N4L4	SPEM1	7
Q8N4P6	LRRC71	30
Q8N4W6	DNAJC22	12
Q8N535	LINC00471	6
Q8N5N4	C3orf22	5
Q8N5Q1	GARIN5B	45
Q8N5S3	CIMIP6	17
Q8N5U0	C11orf42	14
Q8N5W8	FAM24B	4
Q8N614	TMEM156	14
Q8N6C7	MIR7-3HG	4
Q8N6G2	TEX26	15
Q8N6L7	TMEM252	2
Q8N6N2	TTC9B	7
Q8N6Q8	METTL25	32
Q8N6V4	C10orf53	7
Q8N755	SLC66A3	9
Q8N769	SLIRP-OT1	3
Q8N7L0	FAM216B	8
Q8N7N1	FAM86B1	15
Q8N7Q2	CELF2-AS1	9
Q8N7R1	POM121L12	13
Q8N7S6	ARIH2OS	11
Q8N7U9	LINC00469	8
Q8N7X8	SIGLECL1	6
Q8N7Y1	KIRREL3-AS3	7
Q8N7Z2	GOLGA6L1	33
Q8N813	PRR23E	4
Q8N816	KRT10-AS1	2
Q8N888	BCORP1	9
Q8N8A8	FAM169BP	10
Q8N8C0	ZNF781	18
Q8N8D7	NKAIN3	5
Q8N8E1	MAPKAPK5-AS1	8
Q8N8H1	ZNF321P	12
Q8N8I0	SAMD12	13
Q8N8I6	LINC00482	15
Q8N8J7	FAM241A	7
Q8N8L6	ARL10	12
Q8N8Z3	DIP2C-AS1	6
Q8N910	PAK6-AS1	10
Q8N945	PRELID2	12
Q8N967	LRTM2	14
Q8N9B4	ANKRD42	27
Q8N9M1	C19orf47	22
Q8N9R0	LINC00304	7
Q8N9R6	CDRT4	5
Q8N9T2	NKAPP1	6
Q8N9U9	SPANXA2-OT1	14
Q8N9V3	WDSUB1	21
Q8N9W7		5
Q8N9X5	LINC02912	7
Q8N9Z2	CCDC71L	13
Q8NA03	FSIP1	28
Q8NA57	ZC3H11D	20
Q8NA66	CNBD1	17
Q8NA70	FAM47B	36
Q8NA75	DCAF4L2	13
Q8NAA6	LINC02694	12
Q8NAJ2	LINC02913	10
Q8NAP1	CASTOR3P	5
Q8NAV2	C8orf58	18
Q8NBB2	ST20-AS1	6
Q8NBC4	C20orf203	10
Q8NBP0	TTC13	42
Q8NBT3	TMEM145	14
Q8NBZ9	NEXN-AS1	8
Q8NC38	ZNF436-AS1	7
Q8NC54	KCT2	7
Q8NCJ5	SPRYD3	18
Q8NCQ2	CSNK1G2-AS1	10
Q8NCQ3	LINC00301	4
Q8NCS4	TMEM35B	5
Q8NCU4	CCDC191	44
Q8ND24	RNF214	32
Q8ND94	LRRN4CL	10
Q8NDY4	MDS2	9
Q8NDY8	TMEM52	2
Q8NEA4	FBXO36	10
Q8NEE0	KLHL30-AS1	4
Q8NEE8	TTC16	50
Q8NEG2	C7orf57	18
Q8NEL0	CCDC54	19
Q8NEQ5	C1orf162	7
Q8NET4	RTL9	51
Q8NEX5	WFDC9	4
Q8NEX6	WFDC11	3
Q8NF67	ANKRD20A12P	19
Q8NFP0	PXT1	10
Q8NH21	OR4F5	6
Q8NHX4	SPATA3	9
Q8NI28	RNF32-DT	10
Q8TAC1	RFESD	10
Q8TAD7	OCC1	3
Q8TAF5	FLVCR1-DT	3
Q8TAL5	C9orf43	26
Q8TAT8		4
Q8TB05	UBALD1	3
Q8TBR4	STAG3L4	7
Q8TBR5	CIRBP-AS1	8
Q8TBZ9	TEX47	13
Q8TCA0	LRRC20	11
Q8TCZ7	LINC00308	3
Q8TD33	SCGB1C1	5
Q8TD35	LKAAEAR1	8
Q8TD47	RPS4Y2	16
Q8TD90	MAGEE2	28
Q8TDY3	ACTRT2	19
Q8TE82	SH3TC1	57
Q8TEF2	C10orf105	5
Q8WTQ4	C16orf78	11
Q8WTZ4	CA5BP1	10
Q8WU43	C2orf15	8
Q8WUB2	FAM216A	14
Q8WUY1	THEM6	14
Q8WVF5	KCTD4	15
Q8WW59	SPRYD4	15
Q8WWF6	DNAJB3	6
Q8WWF8	CAPSL	10
Q8WWM1	XAGE5	3
Q8WWR9	PPDPFL	3
Q8WXS4	TMEM37	7
Q8WZB0	ERCC6L2-AS1	8
Q92527	ANKRD7	13
Q92623	TTC9	11
Q92628	KIAA0232	44
Q969E4	TCEAL3	13
Q969H9	DIRC1	4
Q96A19	CCDC102A	24
Q96A22	C11orf52	7
Q96AQ1	CCDC74A	23
Q96AQ2	TMEM125	7
Q96AT1	KIAA1143	9
Q96B54	ZNF428	5
Q96B70	LENG9	23
Q96BX8	MOB3A	12
Q96CN7	ISOC1	13
Q96CP2	FLYWCH2	8
Q96D70	R3HDM4	11
Q96DE9	EOLA2	9
Q96DM1	PGBD4	27
Q96E39	RBMXL1	27
Q96EE4	CCDC126	8
Q96EK9	KTI12	18
Q96EX1	SMIM12	5
Q96F83	CLBA1	14
Q96FA7	ZBED10P	15
Q96FF7	MISP3	13
Q96FQ7	LINC00526	5
Q96GI7	FAM89A	8
Q96H35	RBM18	10
Q96HG1	SMIM10	6
Q96HH4	TMEM169	13
Q96HM7	PCED1B	20
Q96HZ7	URB1-DT	3
Q96I45	TMEM141	6
Q96IR2	ZNF845	58
Q96IW2	SHD	15
Q96K31	C8orf76	24
Q96KF2	PRAC1	4
Q96KF7	SMIM8	3
Q96KT0	FAM167A-AS1	4
Q96KW2	POM121L2	30
Q96L03	SPATA17	22
Q96LI9	CXorf58	21
Q96LM9	C20orf173	3
Q96LP6	C12orf42	22
Q96LQ0	PPP1R36	28
Q96LR7	CIMIP5	13
Q96LS8	C2orf48	10
Q96LZ2	MAGEB10	19
Q96M19	LINC00477	8
Q96M60	FAM227B	25
Q96MC4	CEP295NL	33
Q96MC9	IKBKE-AS1	18
Q96MD7	C9orf85	7
Q96MP5	ZSWIM3	37
Q96MR7	OBSCN-AS1	10
Q96MU5	CD300LD-AS1	12
Q96MW1	CCDC43	11
Q96MW7	TIGD1	34
Q96MZ0	GDAP1L1	17
Q96MZ4	FAM218A	12
Q96N35	LINC00052	4
Q96N53	PRDM10-DT	8
Q96NR7	WWC2-AS2	9
Q96NS1	YPEL4	8
Q96NS8	CLUHP3	4
Q96PG1	MS4A4E	1
Q96PP4	TSGA13	16
Q96PQ5	PPP1R2P1	8
Q96PS1	FANCD2OS	9
Q96PY0	PSMG3-AS1	12
Q96QU4	FRG2B	11
Q99440	LINC01587	4
Q9BQ49	SMIM7	5
Q9BQM9	C20orf144	11
Q9BR11	ZSWIM1	25
Q9BR26	OCSTAMP	23
Q9BS92	NIPSNAP3B	12
Q9BTX7	TTPAL	17
Q9BU68	PRR15L	2
Q9BVG4	PBDC1	12
Q9BVR0	HERC2P3	45
Q9BVW6	SMIM2	4
Q9BWJ2	RHPN1-AS1	1
Q9BXJ2	C1QTNF7	14
Q9BXQ6	TMEM121B	16
Q9BXU2	TEX13B	15
Q9BY89	KIAA1671	108
Q9BYL1	SAMD10	9
Q9BYS8	LRRC2	20
Q9BZ19	ANKRD60	20
Q9BZ68	FRMD8P1	20
Q9BZ81	MAGEB5	16
Q9BZ97	TTTY13	0
Q9BZA5	TXLNGY	7
Q9BZE7	C22orf23	11
Q9BZP3	LINC00470	4
Q9C073	FAM117A	26
Q9GZL8	BPESC1	3
Q9GZU0	C6orf62	13
Q9GZY1	PBOV1	4
Q9H0H9	CYP4F30P	6
Q9H0P7	AGPAT4-IT1	4
Q9H0Q0	CYRIA	18
Q9H0W7	THAP2	11
Q9H1C3	GLT8D2	14
Q9H1F0	WFDC10A	5
Q9H1X3	DNAJC25	15
Q9H246	C1orf21	10
Q9H2J1	ARRDC1-AS1	9
Q9H489	TSPY26P	18
Q9H4G8	DPH3P1	2
Q9H4R4	NCOR1P1	5
Q9H560	ANKRD19P	12
Q9H579	MROH8	25
Q9H606	PRORY	8
Q9H607	OCEL1	14
Q9H6K5	PRR36	27
Q9H6N6	MYH16	68
Q9H7B7	PKD1L1-AS1	8
Q9H7F4	TMEM185B	18
Q9H7M6	ZSWIM4	50
Q9H8W2	LINC00472	9
Q9H8W3	FAM204A	9
Q9H8X3	LINC00574	6
Q9H9A6	LRRC40	38
Q9H9R9	DBNDD1	4
Q9HAH7	FBRS	15
Q9HAU6	TPT1P8	7
Q9HBI5	CEP15	10
Q9HBX3	SND1-IT1	6
Q9HC47	CTAGE1	0
Q9HD87	C6orf50	7
Q9NPU4	C14orf132	1
Q9NQ32	C11orf16	22
Q9NQ39	RPS10P5	9
Q9NQR7	CCDC177	29
Q9NRI6	PYY2	0
Q9NRJ2	GSN-AS1	5
Q9NRP4	SDHAF3	7
Q9NSQ0	RRP7BP	6
Q9NU53	GINM1	20
Q9NUB4	C20orf141	3
Q9NUC0	SERTAD4	16
Q9NUD7	C20orf96	18
Q9NUJ7	PLCXD1	18
Q9NUR3	TMEM74B	12
Q9NVV2	C19orf73	8
Q9NWW7	C2orf42	30
Q9NZF1	PLAC8	1
Q9NZY2	FAM30A	7
Q9P1G2	RBM12B-AS1	4
Q9P217	ZSWIM5	46
Q9P298	HIGD1B	5
Q9P2W6	C11orf21	4
Q9P2X7	DELEC1	5
Q9P2X8	LINC00474	4
Q9UBP8	KAAG1	8
Q9UEU5	GAGE2D	2
Q9UFV1	TBC1D29P	7
Q9UH64	CDKN2A-AS1	6
Q9UHA2	SS18L2	6
Q9UHL3	FAM153A	7
Q9UHQ7	TCEAL9	6
Q9UIY3	RWDD2A	13
Q9UJC5	SH3BGRL2	5
Q9UJQ7	SCP2D1	4
Q9UK00	C3orf18	4
Q9ULE4	FAM184B	68
Q9ULG3	CFAP92	18
Q9ULI1	NWD2	91
Q9ULN7	PNMA8B	21
Q9UNZ5	C19orf53	6
Q9Y3P4	RHBDD3	7
Q9Y442	YWHAH-AS1	8
Q9Y4M8	LINC00588	10
Q9Y546	LRRC42	24
Q9Y5L5	LENEP	3
Q9Y5M1	FAM215A	7
Q9Y675	SNURF	4
Q9Y6J3	SMAD5-AS1	2
Q9Y6R6	ZNF780B	46
S4R3P1	MTRNR2L13	1
S4R3Y5	MTRNR2L11	1
X6R8D5	CIMIP3	5
X6R8R1	SYT15B	24
A0A075B700	TRAJ31	1
A0A087WV53	SPEGNB	11
A0A087WWA1	P3R3URF	5
A0A096LPI5	CCDC28A-AS1	6
A0A0A0MT87	TRBJ2-4	1
A0A0A0MT94	TRBJ2-2	1
A0A0A0MTA4	TRBJ2-5	1
A0A0B4J1W7	NPIPA9	16
A0A0C4DGP1	SMIM10L3	5
A0A0J9YWP8	TRBJ1-3	1
A0A0J9YX94	PNMA6F	20
A0A0J9YXA8	TRBJ1-1	1
A0A0J9YXG5	TRBJ1-4	1
A0A0J9YXM7	TRBJ1-5	1
A0A0J9YXQ4	PNMA6E	22
A0A0U1RQG5	CT47C1	10
A0A0U1RR37	C1orf232	9
A0A0U1RRA0	ZNF593OS	3
A0A1B0GTC6	C3orf85	4
A0A1B0GTH9	ZNF475	4
A0A1B0GTI1	CCDC201	6
A0A1B0GTJ6	SAXO3	21
A0A1B0GTK5	FAM236D	3
A0A1B0GTU2	CTXND1	3
A0A1B0GU29	SMIM28	2
A0A1B0GU33	TEX53	3
A0A1B0GU71	CFAP97D2	2
A0A1B0GUA5	SMIM32	3
A0A1B0GUA6	CCDC195	9
A0A1B0GUA9	C13orf46	13
A0A1B0GUC4	MYOCOS	4
A0A1B0GUQ0	FAM236A	3
A0A1B0GUS0	C19orf85	6
A0A1B0GUT2	C10orf143	8
A0A1B0GUU1	C17orf113	29
A0A1B0GUV1	C17orf114	2
A0A1B0GV22	FAM236B	3
A0A1B0GV90	CTXND2	3
A0A1B0GV96	CHD9NB	4
A0A1B0GVG6	TEX54	8
A0A1B0GVH6	C13orf42	13
A0A1B0GVM5	ETDC	3
A0A1B0GVM6	C11orf97	8
A0A1B0GVZ2	FAM240B	4
A0A1B0GVZ9	TMEM269	7
A0A1B0GW35	EXOC1L	9
A0A1B0GW54	SMIM39	3
A0A1B0GWI6	CXorf49C	22
A0A1W2PP97	THSD8	5
A0A1W2PPE3	C1orf202	7
A0A286YF18	SMIM44	3
A0A286YFK9	SMIM38	2
A0A2R8Y2Y2	C8orf90	8
A0A3B3IT52	MSANTD5	5
A0A3G1DJL1	MT-RNR2	1
A0A3G1DJL7	MT-RNR2	1
A0A411D538	SCPPPQ1	1
A0A494C0N9	FAM246B	11
A0A494C0Y3	FAM246A	11
A0A5F9ZH02	SMIM42	1
A0A8I5KY20	CCDC92B	17
A1L4L8	PLAC8L1	8
A1L4Q6		11
A2JGV3	TRGC1	3
A4D0Y5	LINC03043	5
A4D1N5		7
A4D250	BLACE	7
A4QN01	LINC01553	7
A6NCS6	C2orf72	13
A6NDN8		3
A6NEL3	FAM86C2P	10
A6NF36	CCDC182	4
A6NFE3	EFCAB10	6
A6NGY3	C5orf52	8
A6NHR8	FAM47DP	24
A6NHS1		3
A6NIU2	LINC01549	2
A6NJI1	C11orf86	5
A6NJI9	LRRC72	16
A6NKX1	FAM223B	9
A6NL46		14
A6NM66	LINC01548	5
A6NML5	TMEM212	3
A6NNH2	FAM90A27P	25
A6NNX1	RIIAD1	4
A8K554	ZNF815P	6
A8MT66		5
A8MTZ7	C12orf71	11
A8MU10		4
A8MU93	C17orf100	6
A8MUA0		14
A8MUI8		13
A8MUU9		18
A8MV24	SPMAP1	7
A8MV72		10
A8MVM7		32
A8MWE9	EFCAB8	7
A8MWP4		10
A8MX80		13
A8MY62	LACTBL1	23
A8MYJ7	TTC34	30
A8MYZ5	IQCF6	6
A8MZ25		11
A8MZF0	PRR33	14
A8MZG2	C16orf90	8
B1AMM8	LINC00587	3
B3EWG5	FAM25C	7
B3EWG6	FAM25G	7
B5MCN3	SEC14L6	21
B9A014	C21orf140	11
C0HMD7	InSet4-G	7
C9J302	C4orf51	11
C9J3I9	C5orf58	5
C9J6K1	C19orf81	9
C9JC47	FAM157A	25
C9JFL3	PHGR1	0
D0EPY3	SMIM47	1
E9PIF3	NPIPA2	18
F2Z398	LMO7DN	3
F2Z3F1	C5orf67	4
F8WFD2	NPIPA3	15
H0Y354	FAM72C	7
H3BMG3	SMKR1	2
H3BNL1	CIMIP7	8
H3BNL8	ARMH2	9
J3KSC0	LINC01387	7
O15225	INE1	0
O15544	LINC01565	4
O60384	ZNF861P	6
O60756	BCE1	6
P01358		0
P01858		0
P0C5K6	VENTXP1	2
P0C5K7	CT62	4
P0C7U9	FAM87A	13
P0C841	FAM66E	2
P0C875	FAM228B	19
P0C879		6
P0C880		6
P0CE67	LINC02877	7
P0CG42	FAM157B	25
P0CG43	FAM157C	25
P0CH98	FAM106C	3
P0CZ25	DNAH10OS	7
P0DH78	RNF224	10
P0DKL9	ARL14EPL	10
P0DM63	NPIPA8	15
P0DMQ9	C8orf89	10
P0DMU3		6
P0DMV1	CT45A8	9
P0DMV2	CT45A9	9
P0DMW3	SMIM10L1	4
P0DMW4	SMIM10L2A	4
P0DMW5	SMIM10L2B	4
P0DP71	FAM236C	3
P0DPP9	ETDB	3
P0DQW1	SMIM46	2
P0DV60	LCE7A	2
P0DXC3	NPIPA6	16
P13985	HRES1	11
P58513	LINC00158	6
P59020	DSCR9	9
P59022	DSCR10	2
Q05BU3	FAM86JP	2
Q0P140	HSD52	3
Q0VDD5	MIR22HG	4
Q0VFX4		11
Q13166	CATR1	5
Q14602	ID2B	3
Q14695	KIAA0087	8
Q1RN00	NECTIN3-AS1	4
Q2M2D7	TBC1D28	11
Q3B7I2	CNPY1	4
Q3C1V9		33
Q3ZM63	ETDA	3
Q495D7	LINC01559	7
Q499Y3		11
Q4KMX7	FAM106A	5
Q52M75	LINC01554	2
Q53H64	ANKRD40CL	6
Q5JQF7	LINC01556	4
Q5PR19		13
Q5STR5	SMIM40	4
Q5SY85	FAM201A	9
Q5T0J3	C1orf220	7
Q5T3Y7	POPDC1-AS1	5
Q5T7N8	FAM27D1	11
Q5T7P6	TMEM78	5
Q5T7R7	C1orf185	8
Q5T870	PRR9	6
Q5TEZ4	LINC01590	3
Q5TEZ5	C6orf163	23
Q5VSD8		4
Q5VT33	LINC01545	3
Q5VT40	FAM78B	12
Q5VUE5	C1orf53	7
Q5VVS0	C1orf140	8
Q6AWC8		9
Q6IC83	C22orf42	3
Q6NUR6	RNF216P1	2
Q6P435		9
Q6UWF5	UNQ5815/PRO19632	2
Q6UXP9	UNQ9370/PRO34162	5
Q6UXQ4	C2orf66	5
Q6UXR8	UNQ6493/PRO21345	2
Q6UXV3	UNQ6126/PRO20091	6
Q6W349	LINC00575	2
Q6XCG6	PP632	1
Q6ZMV7	LEKR1	7
Q6ZPA2		7
Q6ZQT7		4
Q6ZQY7		8
Q6ZR03		7
Q6ZR54		8
Q6ZR85	C17orf107	10
Q6ZRG5		7
Q6ZRM9		7
Q6ZRN7		12
Q6ZRP5		8
Q6ZRU5		7
Q6ZRX8		12
Q6ZS46		12
Q6ZS49		8
Q6ZS52		11
Q6ZS92		6
Q6ZSA8		8
Q6ZSB3	LINC00299	8
Q6ZSK4	NTM-AS1	5
Q6ZSN1		10
Q6ZSR6		6
Q6ZSV7		3
Q6ZTC4		6
Q6ZTI0		4
Q6ZTR6	ZNF516-DT	6
Q6ZTY9	LINC02902	9
Q6ZUG5		33
Q6ZUT4		8
Q6ZV60	LINC00173	8
Q6ZVH6		5
Q6ZVL8		8
Q6ZVQ6		3
Q6ZVU0		8
Q6ZWC4		10
Q71F78	LCA10	12
Q86TA4		6
Q86TU6	LINC00523	5
Q86U37	LINC01551	10
Q86UQ5	GTSCR1	4
Q8IXQ3	C9orf40	9
Q8IYB0		12
Q8IZM0		5
Q8N1I8	CACTIN-AS1	14
Q8N1L1	LINC00528	6
Q8N1X5		5
Q8N2A0	LINC00269	7
Q8N2B8		10
Q8N2C9	UMODL1-AS1	6
Q8N377		3
Q8N3U1		6
Q8N4M7	C10orf126	8
Q8N616	LINC00311	2
Q8N6K4		9
Q8N6U2	LINC00612	8
Q8N7H1	LINC01465	8
Q8N7P7		33
Q8N812	C12orf76	5
Q8N814		4
Q8N8G6	LINC02915	10
Q8N8J0	PI4KAP1	13
Q8N8P6		6
Q8N8V8	TMEM105	3
Q8N976		5
Q8N9G6		13
Q8N9L7		7
Q8N9P0		11
Q8N9P6	C9orf163	11
Q8N9X3	LINC01356	6
Q8NA96		7
Q8NA97	FER1L6-AS1	8
Q8NAE3	LINC01555	2
Q8NAQ8		7
Q8NBF4		7
Q8NBR9	NDUFV1-DT	6
Q8NFD4		10
Q8TB33	LINC01560	2
Q8TCH9		3
Q8TEV8	SMCR5	3
Q8WU49	C7orf33	10
Q8WWF1	C1orf54	4
Q8WXQ3	LINC01599	10
Q8WY50	PLAC4	0
Q8WZ26	PP6455	8
Q8WZ69	C11orf40	12
Q8WZA8	GCRG224	2
Q96BT1	C3orf49	13
Q96CB5	C8orf44	8
Q96FK6	WDR89	18
Q96IR3		2
Q96IT6	ARHGAP5-AS1	3
Q96KT6	LINC00208	3
Q96KX1	C4orf36	8
Q96LM1	LINC00615	8
Q96M15	IGF2BP2-AS1	8
Q96M42	LINC00479	5
Q96M66		13
Q96M78	FER1L6-AS2	7
Q96M85		6
Q96MF0		5
Q96MF4	CCDC140	9
Q96MH7	C5orf34	38
Q96MT0		6
Q96MT4	LINC01600	7
Q96N68	C18orf15	4
Q96NJ1		6
Q96PS6	GAFA1	4
Q96T59	CDRT15	10
Q9BR46	SCP2D1-AS1	7
Q9BRP9		7
Q9BTD1	SHANK2-AS3	7
Q9BTK2		3
Q9BXW3	SNHG12	2
Q9BZ98	TTTY12	6
Q9BZA0	TTTY10	3
Q9BZK8	OCR1	5
Q9BZS9	PNAS-138	3
Q9H0A3	TMEM191A	8
Q9H1L0	MIR1-1HG	7
Q9H2U6	LINC00597	5
Q9H354	PRO1933	6
Q9H379	PRO3102	5
Q9H478	KCNQ1DN	3
Q9H521		6
Q9H693	C16orf95	6
Q9H7T3	C10orf95	10
Q9H8Q6	HEXA-AS1	7
Q9H8V8		7
Q9HAA7		8
Q9NRI7	PPY2P	1
Q9NZ38	IDI2-AS1	9
Q9P1C3	PRO2829	3
Q9P1D8	PRO2289	3
Q9P1J3	DHRS4-AS1	5
Q9UF83		29
Q9UFV3		9
Q9UHT4	PRO1854	3
Q9UHU1	PRO1716	3
Q9UI25	PRO0461	3
Q9UI54	PRO0628	3
Q9UI72	PRO0255	3
Q9Y3F1		1
Q9Y6C7	LINC00312	4
